{
  "nodes": {
    "11371.10": {
      "votes": {
        "4": 6,
        "3": 1,
        "1": 3,
        "0": 6
      },
      "initial_weight": 0.46875,
      "final_weight": 0.46875
    },
    "11371.166": {
      "votes": {},
      "initial_weight": 0.5,
      "final_weight": 0.5
    },
    "11371.70": {
      "votes": {
        "0": 1
      },
      "initial_weight": 0.0,
      "final_weight": 0.0
    },
    "11371.1": {
      "votes": {
        "0": 7,
        "4": 6
      },
      "initial_weight": 0.46153846153846156,
      "final_weight": 0.029245467327262298
    },
    "11371.25": {
      "votes": {
        "4": 4
      },
      "initial_weight": 1.0,
      "final_weight": 1.0
    },
    "11371.38": {
      "votes": {
        "4": 1,
        "1": 1
      },
      "initial_weight": 0.625,
      "final_weight": 0.7
    },
    "11371.127": {
      "votes": {},
      "initial_weight": 0.5,
      "final_weight": 0.5
    },
    "11371.124": {
      "votes": {
        "2": 2,
        "0": 2,
        "4": 2,
        "3": 1
      },
      "initial_weight": 0.5357142857142857,
      "final_weight": 0.7678571428571428
    },
    "11371.42": {
      "votes": {
        "4": 4
      },
      "initial_weight": 1.0,
      "final_weight": 1.0
    },
    "11371.46": {
      "votes": {
        "4": 2
      },
      "initial_weight": 1.0,
      "final_weight": 1.0
    },
    "11371.119": {
      "votes": {
        "0": 2
      },
      "initial_weight": 0.0,
      "final_weight": 0.13793103448275862
    },
    "11371.157": {
      "votes": {
        "4": 1
      },
      "initial_weight": 1.0,
      "final_weight": 1.0
    },
    "11371.41": {
      "votes": {
        "4": 2
      },
      "initial_weight": 1.0,
      "final_weight": 1.0
    },
    "11371.9": {
      "votes": {
        "3": 1,
        "4": 2
      },
      "initial_weight": 0.9166666666666666,
      "final_weight": 0.9166666666666666
    },
    "11371.49": {
      "votes": {},
      "initial_weight": 0.5,
      "final_weight": 0.6
    },
    "11371.44": {
      "votes": {},
      "initial_weight": 0.5,
      "final_weight": 0.5
    },
    "11371.97": {
      "votes": {},
      "initial_weight": 0.5,
      "final_weight": 0.5
    },
    "11371.17": {
      "votes": {
        "4": 3,
        "0": 1
      },
      "initial_weight": 0.75,
      "final_weight": 0.6
    },
    "11371.128": {
      "votes": {},
      "initial_weight": 0.5,
      "final_weight": 0.5
    },
    "11371.134": {
      "votes": {},
      "initial_weight": 0.5,
      "final_weight": 0.5
    },
    "11371.125": {
      "votes": {
        "4": 1
      },
      "initial_weight": 1.0,
      "final_weight": 1.0
    },
    "11371.35": {
      "votes": {},
      "initial_weight": 0.5,
      "final_weight": 0.9143835616438356
    },
    "11371.182": {
      "votes": {},
      "initial_weight": 0.5,
      "final_weight": 0.5
    },
    "11371.37": {
      "votes": {},
      "initial_weight": 0.5,
      "final_weight": 0.5
    },
    "11371.155": {
      "votes": {},
      "initial_weight": 0.5,
      "final_weight": 0.5
    },
    "11371.123": {
      "votes": {},
      "initial_weight": 0.5,
      "final_weight": 0.5
    },
    "11371.24": {
      "votes": {},
      "initial_weight": 0.5,
      "final_weight": 0.5
    },
    "11371.126": {
      "votes": {},
      "initial_weight": 0.5,
      "final_weight": 0.8333600434658547
    },
    "11371.153": {
      "votes": {},
      "initial_weight": 0.5,
      "final_weight": 0.4
    },
    "11371.54": {
      "votes": {},
      "initial_weight": 0.5,
      "final_weight": 0.5
    },
    "11371.163": {
      "votes": {},
      "initial_weight": 0.5,
      "final_weight": 0.5
    },
    "11371.69": {
      "votes": {},
      "initial_weight": 0.5,
      "final_weight": 0.5
    },
    "11371.158": {
      "votes": {},
      "initial_weight": 0.5,
      "final_weight": 0.5
    },
    "11371.13": {
      "votes": {
        "4": 3,
        "3": 1
      },
      "initial_weight": 0.9375,
      "final_weight": 0.9375
    },
    "11371.47": {
      "votes": {
        "4": 3
      },
      "initial_weight": 1.0,
      "final_weight": 1.0
    },
    "11371.168": {
      "votes": {
        "4": 2
      },
      "initial_weight": 1.0,
      "final_weight": 1.0
    },
    "11371.136": {
      "votes": {
        "4": 3,
        "3": 1,
        "1": 1,
        "0": 1
      },
      "initial_weight": 0.6666666666666666,
      "final_weight": 0.5333333333333333
    },
    "11371.81": {
      "votes": {},
      "initial_weight": 0.5,
      "final_weight": 0.5
    },
    "11371.11": {
      "votes": {
        "4": 12,
        "3": 1,
        "1": 2,
        "2": 1,
        "0": 6
      },
      "initial_weight": 0.625,
      "final_weight": 0.03523467335787189
    },
    "11371.21": {
      "votes": {
        "4": 3,
        "3": 1,
        "0": 1
      },
      "initial_weight": 0.75,
      "final_weight": 0.75
    },
    "11371.170": {
      "votes": {
        "4": 3
      },
      "initial_weight": 1.0,
      "final_weight": 1.0
    },
    "11371.45": {
      "votes": {
        "4": 1
      },
      "initial_weight": 1.0,
      "final_weight": 1.0
    },
    "11371.161": {
      "votes": {},
      "initial_weight": 0.5,
      "final_weight": 0.5
    },
    "11371.53": {
      "votes": {},
      "initial_weight": 0.5,
      "final_weight": 0.5
    },
    "11371.129": {
      "votes": {
        "0": 1,
        "3": 1
      },
      "initial_weight": 0.375,
      "final_weight": 0.375
    },
    "11371.71": {
      "votes": {},
      "initial_weight": 0.5,
      "final_weight": 0.5
    },
    "11371.162": {
      "votes": {},
      "initial_weight": 0.5,
      "final_weight": 0.4
    },
    "11371.52": {
      "votes": {
        "4": 3,
        "0": 1
      },
      "initial_weight": 0.75,
      "final_weight": 0.95
    },
    "11371.55": {
      "votes": {},
      "initial_weight": 0.5,
      "final_weight": 0.5
    },
    "11371.14": {
      "votes": {
        "4": 9,
        "3": 1,
        "1": 1,
        "0": 1
      },
      "initial_weight": 0.8333333333333334,
      "final_weight": 0.9717282020019967
    },
    "11371.36": {
      "votes": {
        "0": 9,
        "4": 5,
        "1": 2,
        "2": 1
      },
      "initial_weight": 0.35294117647058826,
      "final_weight": 0.35455478949684616
    },
    "11371.48": {
      "votes": {},
      "initial_weight": 0.5,
      "final_weight": 0.5
    },
    "11371.159": {
      "votes": {
        "4": 1
      },
      "initial_weight": 1.0,
      "final_weight": 1.0
    },
    "11371.160": {
      "votes": {
        "0": 1
      },
      "initial_weight": 0.0,
      "final_weight": 0.0
    },
    "11371.137": {
      "votes": {},
      "initial_weight": 0.5,
      "final_weight": 0.5
    },
    "11371.30": {
      "votes": {
        "0": 1,
        "4": 10,
        "3": 3,
        "2": 1,
        "1": 1
      },
      "initial_weight": 0.8125,
      "final_weight": 0.9302973977695167
    },
    "11371.58": {
      "votes": {
        "4": 2
      },
      "initial_weight": 1.0,
      "final_weight": 0.8
    },
    "11371.64": {
      "votes": {
        "4": 3
      },
      "initial_weight": 1.0,
      "final_weight": 1.0
    },
    "11371.115": {
      "votes": {},
      "initial_weight": 0.5,
      "final_weight": 0.5
    },
    "11371.18": {
      "votes": {},
      "initial_weight": 0.5,
      "final_weight": 0.4
    },
    "11371.56": {
      "votes": {},
      "initial_weight": 0.5,
      "final_weight": 0.5
    },
    "11371.154": {
      "votes": {},
      "initial_weight": 0.5,
      "final_weight": 0.6
    },
    "11371.19": {
      "votes": {
        "4": 3
      },
      "initial_weight": 1.0,
      "final_weight": 1.0
    },
    "11371.12": {
      "votes": {
        "3": 1,
        "0": 3
      },
      "initial_weight": 0.1875,
      "final_weight": 0.1875
    },
    "11371.135": {
      "votes": {},
      "initial_weight": 0.5,