{
  "nodes": {
    "1203.1224": {
      "votes": {
        "2": 1,
        "1": 2
      },
      "initial_weight": 0.3333333333333333,
      "final_weight": 0.19035532994923857
    },
    "1203.1232": {
      "votes": {
        "3": 2,
        "1": 1
      },
      "initial_weight": 0.5833333333333334,
      "final_weight": 0.5833333333333334
    },
    "1203.1353": {
      "votes": {
        "4": 2
      },
      "initial_weight": 1.0,
      "final_weight": 1.0
    },
    "1203.1228": {
      "votes": {
        "2": 1
      },
      "initial_weight": 0.5,
      "final_weight": 0.5
    },
    "1203.1235": {
      "votes": {
        "2": 1
      },
      "initial_weight": 0.5,
      "final_weight": 0.5
    },
    "1203.1468": {
      "votes": {
        "4": 1
      },
      "initial_weight": 1.0,
      "final_weight": 1.0
    },
    "1203.1223": {
      "votes": {
        "0": 2,
        "1": 3
      },
      "initial_weight": 0.15,
      "final_weight": 0.11472376152268451
    },
    "1203.1231": {
      "votes": {
        "4": 3,
        "2": 2
      },
      "initial_weight": 0.8,
      "final_weight": 0.8615384615384616
    },
    "1203.1225": {
      "votes": {
        "2": 1,
        "3": 1
      },
      "initial_weight": 0.625,
      "final_weight": 0.7
    },
    "1203.1467": {
      "votes": {
        "4": 1
      },
      "initial_weight": 1.0,
      "final_weight": 1.0
    },
    "1203.1229": {
      "votes": {
        "2": 1
      },
      "initial_weight": 0.5,
      "final_weight": 0.5
    },
    "1203.1264": {
      "votes": {
        "4": 1,
        "2": 2
      },
      "initial_weight": 0.6666666666666666,
      "final_weight": 0.6666666666666666
    },
    "1203.1230": {
      "votes": {
        "2": 1
      },
      "initial_weight": 0.5,
      "final_weight": 0.5
    },
    "1203.347": {
      "votes": {
        "4": 2,
        "2": 1
      },
      "initial_weight": 0.8333333333333334,
      "final_weight": 0.8666666666666667
    }
  },
  "edges": {
    "1203.1224": {
      "successor_id": "1203.1223",
      "relation": 1.0
    },
    "1203.1225": {
      "successor_id": "1203.1223",
      "relation": 1.0
    },
    "1203.1231": {
      "successor_id": "1203.1223",
      "relation": -1.0
    },
    "1203.1232": {
      "successor_id": "1203.1223",
      "relation": -1.0
    },
    "1203.347": {
      "successor_id": "1203.1224",
      "relation": -1.0
    },
    "1203.1353": {
      "successor_id": "1203.1224",
      "relation": -1.0
    },
    "1203.1467": {
      "successor_id": "1203.1224",
      "relation": 1.0
    },
    "1203.1228": {
      "successor_id": "1203.1225",
      "relation": -1.0
    },
    "1203.1229": {
      "successor_id": "1203.1225",
      "relation": 1.0
    },
    "1203.1230": {
      "successor_id": "1203.1225",
      "relation": 1.0
    },
    "1203.1264": {
      "successor_id": "1203.1231",
      "relation": 1.0
    },
    "1203.1235": {
      "successor_id": "1203.347",
      "relation": 1.0
    },
    "1203.1468": {
      "successor_id": "1203.1353",
      "relation": 1.0
    }
  }
}