{
  "nodes": {
    "1203.740": {
      "votes": {
        "2": 1,
        "1": 1
      },
      "initial_weight": 0.375,
      "final_weight": 0.1875
    },
    "1203.540": {
      "votes": {
        "3": 1,
        "1": 1,
        "4": 1,
        "2": 1
      },
      "initial_weight": 0.625,
      "final_weight": 0.5066369456876003
    },
    "1203.1084": {
      "votes": {
        "2": 1
      },
      "initial_weight": 0.5,
      "final_weight": 0.5
    },
    "1203.268": {
      "votes": {
        "2": 4,
        "4": 1,
        "3": 2
      },
      "initial_weight": 0.6428571428571429,
      "final_weight": 0.6428571428571429
    },
    "1203.937": {
      "votes": {},
      "initial_weight": 0.5,
      "final_weight": 0.5
    },
    "1203.516": {
      "votes": {
        "3": 5,
        "1": 1,
        "2": 3
      },
      "initial_weight": 0.6111111111111112,
      "final_weight": 0.7997525365008662
    },
    "1203.1455": {
      "votes": {
        "3": 1
      },
      "initial_weight": 0.75,
      "final_weight": 0.75
    },
    "1203.862": {
      "votes": {
        "2": 3
      },
      "initial_weight": 0.5,
      "final_weight": 0.5
    },
    "1203.1114": {
      "votes": {
        "2": 3,
        "1": 2,
        "0": 1
      },
      "initial_weight": 0.3333333333333333,
      "final_weight": 0.4666666666666667
    },
    "1203.416": {
      "votes": {
        "2": 2,
        "4": 2,
        "0": 1
      },
      "initial_weight": 0.6,
      "final_weight": 0.2760383386581469
    },
    "1203.267": {
      "votes": {},
      "initial_weight": 0.5,
      "final_weight": 0.15558299249280305
    },
    "1203.485": {
      "votes": {
        "1": 1,
        "2": 2,
        "4": 3
      },
      "initial_weight": 0.7083333333333334,
      "final_weight": 0.7083333333333334
    },
    "1203.374": {
      "votes": {
        "3": 3,
        "4": 2,
        "2": 1
      },
      "initial_weight": 0.7916666666666666,
      "final_weight": 0.3958333333333333
    },
    "1203.1443": {
      "votes": {
        "4": 2,
        "3": 1
      },
      "initial_weight": 0.9166666666666666,
      "final_weight": 0.9501208427857598
    },
    "1203.736": {
      "votes": {
        "2": 1,
        "3": 1
      },
      "initial_weight": 0.625,
      "final_weight": 0.625
    },
    "1203.689": {
      "votes": {
        "2": 3,
        "3": 2,
        "4": 2,
        "0": 1,
        "1": 2
      },
      "initial_weight": 0.55,
      "final_weight": 0.55
    },
    "1203.1459": {
      "votes": {},
      "initial_weight": 0.5,
      "final_weight": 0.5
    },
    "1203.1350": {
      "votes": {},
      "initial_weight": 0.5,
      "final_weight": 0.5
    },
    "1203.984": {
      "votes": {
        "2": 1
      },
      "initial_weight": 0.5,
      "final_weight": 0.5
    },
    "1203.386": {
      "votes": {
        "2": 1
      },
      "initial_weight": 0.5,
      "final_weight": 0.5
    },
    "1203.373": {
      "votes": {
        "3": 1,
        "2": 1,
        "4": 3
      },
      "initial_weight": 0.85,
      "final_weight": 0.85
    },
    "1203.1601": {
      "votes": {},
      "initial_weight": 0.5,
      "final_weight": 0.5
    },
    "1203.379": {
      "votes": {
        "3": 1,
        "4": 1
      },
      "initial_weight": 0.875,
      "final_weight": 0.875
    },
    "1203.218": {
      "votes": {
        "1": 1,
        "3": 1,
        "2": 6
      },
      "initial_weight": 0.5,
      "final_weight": 0.16693619907141738
    },
    "1203.1602": {
      "votes": {},
      "initial_weight": 0.5,
      "final_weight": 0.5
    },
    "1203.511": {
      "votes": {
        "0": 1,
        "2": 2,
        "4": 1
      },
      "initial_weight": 0.5,
      "final_weight": 0.25
    },
    "1203.385": {
      "votes": {
        "0": 1,
        "4": 2,
        "3": 1,
        "2": 1
      },
      "initial_weight": 0.65,
      "final_weight": 0.72
    },
    "1203.1456": {
      "votes": {
        "4": 1
      },
      "initial_weight": 1.0,
      "final_weight": 1.0
    },
    "1203.1082": {
      "votes": {
        "2": 1
      },
      "initial_weight": 0.5,
      "final_weight": 0.5
    },
    "1203.1083": {
      "votes": {
        "2": 1,
        "3": 2
      },
      "initial_weight": 0.6666666666666666,
      "final_weight": 0.6666666666666666
    },
    "1203.945": {
      "votes": {
        "4": 2,
        "1": 1,
        "2": 2,
        "3": 1
      },
      "initial_weight": 0.6666666666666666,
      "final_weight": 0.6775416357190694
    },
    "1203.1444": {
      "votes": {},
      "initial_weight": 0.5,
      "final_weight": 0.5689655172413793
    },
    "1203.1493": {
      "votes": {},
      "initial_weight": 0.5,
      "final_weight": 0.5
    },
    "1203.1156": {
      "votes": {
        "3": 1,
        "2": 1,
        "4": 2
      },
      "initial_weight": 0.8125,
      "final_weight": 0.8125
    },
    "1203.997": {
      "votes": {},
      "initial_weight": 0.5,
      "final_weight": 0.5
    },
    "1203.1479": {
      "votes": {},
      "initial_weight": 0.5,
      "final_weight": 0.5
    },
    "1203.554": {
      "votes": {
        "3": 1,
        "2": 1
      },
      "initial_weight": 0.625,
      "final_weight": 0.625
    },
    "1203.700": {
      "votes": {
        "3": 6,
        "2": 3,
        "4": 2
      },
      "initial_weight": 0.7272727272727273,
      "final_weight": 0.7818181818181819
    },
    "1203.885": {
      "votes": {},
      "initial_weight": 0.5,
      "final_weight": 0.5
    },
    "1203.219": {
      "votes": {
        "4": 1,
        "2": 1,
        "3": 1
      },
      "initial_weight": 0.75,
      "final_weight": 0.75
    },
    "1203.980": {
      "votes": {
        "4": 1,
        "3": 1
      },
      "initial_weight": 0.875,
      "final_weight": 0.875
    },
    "1203.1451": {
      "votes": {
        "3": 1
      },
      "initial_weight": 0.75,
      "final_weight": 0.75
    },
    "1203.1306": {
      "votes": {
        "1": 1
      },
      "initial_weight": 0.25,
      "final_weight": 0.25
    },
    "1203.1622": {
      "votes": {},
      "initial_weight": 0.5,
      "final_weight": 0.5
    },
    "1203.217": {
      "votes": {
        "2": 1
      },
      "initial_weight": 0.5,
      "final_weight": 0.47058823529411764
    },
    "1203.1452": {
      "votes": {
        "3": 1
      },
      "initial_weight": 0.75,
      "final_weight": 0.6
    },
    "1203.1279": {
      "votes": {
        "2": 1
      },
      "initial_weight": 0.5,
      "final_weight": 0.5
    },
    "1203.189": {
      "votes": {
        "3": 8,
        "2": 9,
        "0": 2,
        "1": 1,
        "4": 7
      },
      "initial_weight": 0.6574074074074074,
      "final_weight": 0.9733985775572811
    },
    "1203.738": {
      "votes": {},
      "initial_weight": 0.5,
      "final_weight": 0.1836441893830703
    },
    "1203.741": {
      "votes": {
        "3": 2,
        "2": 5,
        "4": 1
      },
      "initial_weight": 0.625,
      "final_weight": 0.6112469437652812
    },
    "1203.824": {
      "votes": {
        "0": 1,
        "2": 2,
        "3": 1
      },
      "initial_weight": 0.4375,
      "final_weight": 0.8133311643192178
    },
    "1203.407": {
      "votes": {
        "4": 4
      },
      "initial_weight": 1.0,
      "final_weight": 1.0
    },
    "1203.1374": {
      "votes": {},
      "initial_weight": 0.5,
      "final_weight": 0.5
    },
    "1203.550": {
      "votes": {
        "3": 4,
        "1": 3,
        "2": 3,
        "-2": 1,
        "4": 3
      },
      "initial_weight": 0.6346153846153846,
      "final_weight": 0.6346153846153846
    },
    "1203.1103": {
      "votes": {
        "4": 1,
        "0": 1,
        "2": 2,
        "1": 1
      },
      "initial_weight": 0.45,
      "final_weight": 0.45
    },
    "1203.690": {
      "votes": {},
      "initial_weight": 0.5,
      "final_weight": 0.5
    },
    "1203.1621": {
      "votes": {},