{
  "nodes": {
    "1203.1364": {
      "votes": {},
      "initial_weight": 0.5,
      "final_weight": 0.5
    },
    "1203.1427": {
      "votes": {},
      "initial_weight": 0.5,
      "final_weight": 0.5
    },
    "1203.353": {
      "votes": {
        "4": 2,
        "3": 1,
        "2": 2,
        "1": 2
      },
      "initial_weight": 0.6071428571428571,
      "final_weight": 0.6857142857142857
    },
    "1203.388": {
      "votes": {
        "0": 1,
        "2": 1,
        "1": 1
      },
      "initial_weight": 0.25,
      "final_weight": 0.25
    },
    "1203.351": {
      "votes": {
        "1": 1,
        "3": 9,
        "4": 5,
        "2": 1
      },
      "initial_weight": 0.78125,
      "final_weight": 0.8774159423604757
    },
    "1203.1073": {
      "votes": {
        "2": 2
      },
      "initial_weight": 0.5,
      "final_weight": 0.5
    },
    "1203.349": {
      "votes": {
        "0": 4,
        "2": 1,
        "1": 7,
        "3": 1,
        "4": 1
      },
      "initial_weight": 0.2857142857142857,
      "final_weight": 0.19584329437241937
    },
    "1203.352": {
      "votes": {
        "1": 1,
        "3": 1,
        "4": 2,
        "2": 1
      },
      "initial_weight": 0.7,
      "final_weight": 0.7
    },
    "1203.370": {
      "votes": {
        "2": 1,
        "1": 1
      },
      "initial_weight": 0.375,
      "final_weight": 0.5
    },
    "1203.354": {
      "votes": {
        "-2": 1,
        "2": 1
      },
      "initial_weight": 0.5,
      "final_weight": 0.5
    },
    "1203.677": {
      "votes": {
        "2": 3
      },
      "initial_weight": 0.5,
      "final_weight": 0.5
    },
    "1203.1375": {
      "votes": {},
      "initial_weight": 0.5,
      "final_weight": 0.5
    },
    "1203.350": {
      "votes": {
        "2": 3,
        "1": 1,
        "3": 3,
        "4": 1
      },
      "initial_weight": 0.625,
      "final_weight": 0.7
    },
    "1203.1377": {
      "votes": {
        "1": 1
      },
      "initial_weight": 0.25,
      "final_weight": 0.25
    }
  },
  "edges": {
    "1203.350": {
      "successor_id": "1203.349",
      "relation": 1.0
    },
    "1203.351": {
      "successor_id": "1203.349",
      "relation": -1.0
    },
    "1203.388": {
      "successor_id": "1203.349",
      "relation": -1.0
    },
    "1203.1377": {
      "successor_id": "1203.349",
      "relation": 1.0
    },
    "1203.1427": {
      "successor_id": "1203.349",
      "relation": -1.0
    },
    "1203.354": {
      "successor_id": "1203.350",
      "relation": 1.0
    },
    "1203.370": {
      "successor_id": "1203.350",
      "relation": 1.0
    },
    "1203.1073": {
      "successor_id": "1203.350",
      "relation": -1.0
    },
    "1203.352": {
      "successor_id": "1203.351",
      "relation": 1.0
    },
    "1203.353": {
      "successor_id": "1203.351",
      "relation": 1.0
    },
    "1203.677": {
      "successor_id": "1203.351",
      "relation": -1.0
    },
    "1203.1364": {
      "successor_id": "1203.370",
      "relation": 1.0
    },
    "1203.1375": {
      "successor_id": "1203.353",
      "relation": 1.0
    }
  }
}