{
  "nodes": {
    "1257.2347": {
      "votes": {},
      "initial_weight": 0.5,
      "final_weight": 0.9310344827586207
    },
    "1257.875": {
      "votes": {},
      "initial_weight": 0.5,
      "final_weight": 0.5
    },
    "1257.871": {
      "votes": {},
      "initial_weight": 0.5,
      "final_weight": 0.5
    },
    "1257.872": {
      "votes": {},
      "initial_weight": 0.5,
      "final_weight": 0.5
    },
    "1257.870": {
      "votes": {},
      "initial_weight": 0.5,
      "final_weight": 0.5
    },
    "1257.874": {
      "votes": {},
      "initial_weight": 0.5,
      "final_weight": 0.5
    },
    "1257.2342": {
      "votes": {},
      "initial_weight": 0.5,
      "final_weight": 0.4
    },
    "1257.869": {
      "votes": {
        "0": 1,
        "1": 1,
        "3": 2
      },
      "initial_weight": 0.4375,
      "final_weight": 0.7273430700687604
    },
    "1257.2345": {
      "votes": {},
      "initial_weight": 0.5,
      "final_weight": 0.5
    },
    "1257.2340": {
      "votes": {},
      "initial_weight": 0.5,
      "final_weight": 0.5
    },
    "1257.873": {
      "votes": {},
      "initial_weight": 0.5,
      "final_weight": 0.5
    },
    "1257.2353": {
      "votes": {},
      "initial_weight": 0.5,
      "final_weight": 0.5
    }
  },
  "edges": {
    "1257.871": {
      "successor_id": "1257.869",
      "relation": 1.0
    },
    "1257.874": {
      "successor_id": "1257.869",
      "relation": 1.0
    },
    "1257.2342": {
      "successor_id": "1257.869",
      "relation": -1.0
    },
    "1257.2345": {
      "successor_id": "1257.869",
      "relation": -1.0
    },
    "1257.2347": {
      "successor_id": "1257.869",
      "relation": 1.0
    },
    "1257.2340": {
      "successor_id": "1257.2342",
      "relation": -1.0
    },
    "1257.875": {
      "successor_id": "1257.2347",
      "relation": 1.0
    },
    "1257.872": {
      "successor_id": "1257.2347",
      "relation": 1.0
    },
    "1257.873": {
      "successor_id": "1257.2347",
      "relation": 1.0
    },
    "1257.870": {
      "successor_id": "1257.2347",
      "relation": 1.0
    },
    "1257.2353": {
      "successor_id": "1257.2347",
      "relation": 1.0
    }
  }
}