{
  "nodes": {
    "1257.795": {
      "votes": {},
      "initial_weight": 0.5,
      "final_weight": 0.5
    },
    "1257.647": {
      "votes": {
        "2": 2
      },
      "initial_weight": 0.5,
      "final_weight": 0.5
    },
    "1257.645": {
      "votes": {
        "3": 2,
        "2": 2
      },
      "initial_weight": 0.625,
      "final_weight": 0.625
    },
    "1257.636": {
      "votes": {
        "2": 2
      },
      "initial_weight": 0.5,
      "final_weight": 0.5
    },
    "1257.649": {
      "votes": {
        "2": 2,
        "3": 1
      },
      "initial_weight": 0.5833333333333334,
      "final_weight": 0.5833333333333334
    },
    "1257.643": {
      "votes": {
        "3": 2,
        "2": 2
      },
      "initial_weight": 0.625,
      "final_weight": 0.625
    },
    "1257.561": {
      "votes": {
        "3": 1
      },
      "initial_weight": 0.75,
      "final_weight": 0.75
    },
    "1257.641": {
      "votes": {
        "2": 3
      },
      "initial_weight": 0.5,
      "final_weight": 0.5
    },
    "1257.644": {
      "votes": {
        "2": 1
      },
      "initial_weight": 0.5,
      "final_weight": 0.5
    },
    "1257.646": {
      "votes": {
        "3": 1,
        "2": 3
      },
      "initial_weight": 0.5625,
      "final_weight": 0.5625
    },
    "1257.648": {
      "votes": {
        "2": 1,
        "1": 1
      },
      "initial_weight": 0.375,
      "final_weight": 0.375
    },
    "1257.560": {
      "votes": {
        "2": 2
      },
      "initial_weight": 0.5,
      "final_weight": 0.5
    },
    "1257.634": {
      "votes": {
        "2": 1,
        "4": 1
      },
      "initial_weight": 0.75,
      "final_weight": 0.75
    },
    "1257.559": {
      "votes": {
        "1": 1,
        "2": 1
      },
      "initial_weight": 0.375,
      "final_weight": 0.6
    },
    "1257.635": {
      "votes": {
        "4": 1,
        "2": 1
      },
      "initial_weight": 0.75,
      "final_weight": 0.75
    },
    "1257.610": {
      "votes": {
        "4": 1,
        "3": 1
      },
      "initial_weight": 0.875,
      "final_weight": 0.9949110313996431
    },
    "1257.642": {
      "votes": {
        "3": 1,
        "2": 2
      },
      "initial_weight": 0.5833333333333334,
      "final_weight": 0.5833333333333334
    },
    "1257.637": {
      "votes": {
        "3": 1,
        "2": 1
      },
      "initial_weight": 0.625,
      "final_weight": 0.625
    },
    "1257.633": {
      "votes": {
        "3": 1,
        "2": 1
      },
      "initial_weight": 0.625,
      "final_weight": 0.9524752475247524
    },
    "1257.558": {
      "votes": {
        "1": 3,
        "4": 2,
        "0": 3,
        "2": 1
      },
      "initial_weight": 0.3611111111111111,
      "final_weight": 0.8272150313011919
    }
  },
  "edges": {
    "1257.559": {
      "successor_id": "1257.558",
      "relation": 1.0
    },
    "1257.560": {
      "successor_id": "1257.558",
      "relation": 1.0
    },
    "1257.610": {
      "successor_id": "1257.558",
      "relation": 1.0
    },
    "1257.633": {
      "successor_id": "1257.558",
      "relation": -1.0
    },
    "1257.795": {
      "successor_id": "1257.558",
      "relation": 1.0
    },
    "1257.561": {
      "successor_id": "1257.559",
      "relation": 1.0
    },
    "1257.641": {
      "successor_id": "1257.610",
      "relation": 1.0
    },
    "1257.642": {
      "successor_id": "1257.610",
      "relation": 1.0
    },
    "1257.643": {
      "successor_id": "1257.610",
      "relation": 1.0
    },
    "1257.644": {
      "successor_id": "1257.610",
      "relation": 1.0
    },
    "1257.645": {
      "successor_id": "1257.610",
      "relation": 1.0
    },
    "1257.646": {
      "successor_id": "1257.610",
      "relation": 1.0
    },
    "1257.647": {
      "successor_id": "1257.610",
      "relation": 1.0
    },
    "1257.648": {
      "successor_id": "1257.610",
      "relation": 1.0
    },
    "1257.649": {
      "successor_id": "1257.610",
      "relation": 1.0
    },
    "1257.634": {
      "successor_id": "1257.633",
      "relation": 1.0
    },
    "1257.635": {
      "successor_id": "1257.633",
      "relation": 1.0
    },
    "1257.636": {
      "successor_id": "1257.633",
      "relation": 1.0
    },
    "1257.637": {
      "successor_id": "1257.633",
      "relation": 1.0
    }
  }
}