{
  "nodes": {
    "1257.749": {
      "votes": {},
      "initial_weight": 0.5,
      "final_weight": 0.5
    },
    "1257.729": {
      "votes": {
        "4": 3,
        "1": 3,
        "3": 1
      },
      "initial_weight": 0.6428571428571429,
      "final_weight": 0.7142857142857143
    }
  },
  "edges": {
    "1257.749": {
      "successor_id": "1257.729",
      "relation": 1.0
    }
  }
}