{
  "nodes": {
    "1257.254": {
      "votes": {
        "0": 1,
        "2": 1,
        "1": 1
      },
      "initial_weight": 0.25,
      "final_weight": 0.25
    },
    "1257.222": {
      "votes": {
        "2": 1
      },
      "initial_weight": 0.5,
      "final_weight": 0.9834711123252702
    },
    "1257.256": {
      "votes": {
        "0": 1,
        "2": 1,
        "1": 2
      },
      "initial_weight": 0.25,
      "final_weight": 0.25
    },
    "1257.218": {
      "votes": {
        "4": 2,
        "3": 4,
        "2": 1,
        "1": 2
      },
      "initial_weight": 0.6666666666666666,
      "final_weight": 0.9752186379187482
    },
    "1257.257": {
      "votes": {
        "1": 1,
        "2": 1,
        "0": 1
      },
      "initial_weight": 0.25,
      "final_weight": 0.25
    },
    "1257.242": {
      "votes": {
        "3": 1,
        "0": 1,
        "2": 2
      },
      "initial_weight": 0.4375,
      "final_weight": 0.4375
    },
    "1257.323": {
      "votes": {
        "2": 1
      },
      "initial_weight": 0.5,
      "final_weight": 0.5
    },
    "1257.250": {
      "votes": {
        "1": 2,
        "0": 1
      },
      "initial_weight": 0.16666666666666666,
      "final_weight": 0.16666666666666666
    },
    "1257.255": {
      "votes": {
        "3": 1,
        "2": 1
      },
      "initial_weight": 0.625,
      "final_weight": 0.625
    },
    "1257.240": {
      "votes": {
        "2": 1,
        "1": 1,
        "4": 3,
        "3": 1
      },
      "initial_weight": 0.75,
      "final_weight": 0.75
    },
    "1257.843": {
      "votes": {},
      "initial_weight": 0.5,
      "final_weight": 0.5
    },
    "1257.15": {
      "votes": {
        "2": 1
      },
      "initial_weight": 0.5,
      "final_weight": 0.6951219512195123
    },
    "1257.245": {
      "votes": {
        "1": 1,
        "2": 2
      },
      "initial_weight": 0.4166666666666667,
      "final_weight": 0.4166666666666667
    },
    "1257.249": {
      "votes": {
        "2": 2,
        "0": 1
      },
      "initial_weight": 0.3333333333333333,
      "final_weight": 0.3333333333333333
    },
    "1257.244": {
      "votes": {
        "2": 1,
        "4": 1
      },
      "initial_weight": 0.75,
      "final_weight": 0.75
    },
    "1257.248": {
      "votes": {
        "0": 1,
        "1": 1,
        "2": 1
      },
      "initial_weight": 0.25,
      "final_weight": 0.25
    },
    "1257.237": {
      "votes": {
        "2": 1
      },
      "initial_weight": 0.5,
      "final_weight": 0.5
    },
    "1257.844": {
      "votes": {},
      "initial_weight": 0.5,
      "final_weight": 0.5
    },
    "1257.258": {
      "votes": {
        "2": 1,
        "4": 1
      },
      "initial_weight": 0.75,
      "final_weight": 0.8
    },
    "1257.241": {
      "votes": {
        "2": 2,
        "4": 1,
        "0": 2,
        "1": 1
      },
      "initial_weight": 0.375,
      "final_weight": 0.375
    },
    "1257.221": {
      "votes": {
        "2": 1
      },
      "initial_weight": 0.5,
      "final_weight": 0.5
    },
    "1257.252": {
      "votes": {
        "2": 2,
        "3": 1,
        "1": 2
      },
      "initial_weight": 0.45,
      "final_weight": 0.45
    },
    "1257.691": {
      "votes": {},
      "initial_weight": 0.5,
      "final_weight": 0.5
    },
    "1257.596": {
      "votes": {
        "2": 1
      },
      "initial_weight": 0.5,
      "final_weight": 0.5
    },
    "1257.253": {
      "votes": {
        "3": 1,
        "4": 1
      },
      "initial_weight": 0.875,
      "final_weight": 0.875
    },
    "1257.246": {
      "votes": {
        "2": 2,
        "4": 1
      },
      "initial_weight": 0.6666666666666666,
      "final_weight": 0.6666666666666666
    },
    "1257.243": {
      "votes": {
        "2": 2,
        "0": 1,
        "3": 2
      },
      "initial_weight": 0.5,
      "final_weight": 0.5
    },
    "1257.247": {
      "votes": {
        "1": 3,
        "2": 1
      },
      "initial_weight": 0.3125,
      "final_weight": 0.3125
    },
    "1257.1944": {
      "votes": {},
      "initial_weight": 0.5,
      "final_weight": 0.5
    },
    "1257.595": {
      "votes": {
        "2": 1
      },
      "initial_weight": 0.5,
      "final_weight": 0.4
    },
    "1257.680": {
      "votes": {
        "3": 2
      },
      "initial_weight": 0.75,
      "final_weight": 0.75
    }
  },
  "edges": {
    "1257.15": {
      "successor_id": "1257.218",
      "relation": 1.0
    },
    "1257.221": {
      "successor_id": "1257.218",
      "relation": 1.0
    },
    "1257.222": {
      "successor_id": "1257.218",
      "relation": 1.0
    },
    "1257.595": {
      "successor_id": "1257.218",
      "relation": -1.0
    },
    "1257.596": {
      "successor_id": "1257.218",
      "relation": -1.0
    },
    "1257.680": {
      "successor_id": "1257.218",
      "relation": 1.0
    },
    "1257.691": {
      "successor_id": "1257.218",
      "relation": 1.0
    },
    "1257.843": {
      "successor_id": "1257.218",
      "relation": 1.0
    },
    "1257.844": {
      "successor_id": "1257.218",
      "relation": 1.0
    },
    "1257.258": {
      "successor_id": "1257.15",
      "relation": 1.0
    },
    "1257.237": {
      "successor_id": "1257.222",
      "relation": 1.0
    },
    "1257.240": {
      "successor_id": "1257.222",
      "relation": 1.0
    },
    "1257.241": {
      "successor_id": "1257.222",
      "relation": 1.0
    },
    "1257.242": {
      "successor_id": "1257.222",
      "relation": 1.0
    },
    "1257.243": {
      "successor_id": "1257.222",
      "relation": 1.0
    },
    "1257.244": {
      "successor_id": "1257.222",
      "relation": 1.0
    },
    "1257.245": {
      "successor_id": "1257.222",
      "relation": 1.0
    },
    "1257.246": {
      "successor_id": "1257.222",
      "relation": 1.0
    },
    "1257.247": {
      "successor_id": "1257.222",
      "relation": 1.0
    },
    "1257.248": {
      "successor_id": "1257.222",
      "relation": 1.0
    },
    "1257.249": {
      "successor_id": "1257.222",
      "relation": 1.0
    },
    "1257.250": {
      "successor_id": "1257.222",
      "relation": 1.0
    },
    "1257.252": {
      "successor_id": "1257.222",
      "relation": 1.0
    },
    "1257.253": {
      "successor_id": "1257.222",
      "relation": 1.0
    },
    "1257.254": {
      "successor_id": "1257.222",
      "relation": -1.0
    },
    "1257.255": {
      "successor_id": "1257.222",
      "relation": -1.0
    },
    "1257.256": {
      "successor_id": "1257.222",
      "relation": -1.0
    },
    "1257.257": {
      "successor_id": "1257.222",
      "relation": -1.0
    },
    "1257.1944": {
      "successor_id": "1257.595",
      "relation": -1.0
    },
    "1257.323": {
      "successor_id": "1257.258",
      "relation": 1.0
    }
  }
}