{
  "nodes": {
    "1260.75": {
      "votes": {
        "3": 2
      },
      "initial_weight": 0.75,
      "final_weight": 0.91
    },
    "1260.112": {
      "votes": {
        "3": 1,
        "2": 1
      },
      "initial_weight": 0.625,
      "final_weight": 0.625
    },
    "1260.178": {
      "votes": {
        "1": 1,
        "4": 3,
        "2": 1
      },
      "initial_weight": 0.75,
      "final_weight": 0.75
    },
    "1260.84": {
      "votes": {},
      "initial_weight": 0.5,
      "final_weight": 0.5
    },
    "1260.195": {
      "votes": {
        "4": 2,
        "2": 1
      },
      "initial_weight": 0.8333333333333334,
      "final_weight": 0.9056047197640118
    },
    "1260.170": {
      "votes": {
        "3": 1
      },
      "initial_weight": 0.75,
      "final_weight": 0.48
    },
    "1260.120": {
      "votes": {},
      "initial_weight": 0.5,
      "final_weight": 0.503448275862069
    },
    "1260.72": {
      "votes": {
        "3": 2
      },
      "initial_weight": 0.75,
      "final_weight": 0.75
    },
    "1260.17": {
      "votes": {
        "3": 2
      },
      "initial_weight": 0.75,
      "final_weight": 0.9230769230769231
    },
    "1260.196": {
      "votes": {
        "4": 1,
        "3": 1
      },
      "initial_weight": 0.875,
      "final_weight": 0.875
    },
    "1260.79": {
      "votes": {
        "4": 1,
        "2": 2
      },
      "initial_weight": 0.6666666666666666,
      "final_weight": 0.6666666666666666
    },
    "1260.80": {
      "votes": {
        "4": 2,
        "2": 1
      },
      "initial_weight": 0.8333333333333334,
      "final_weight": 0.8333333333333334
    },
    "1260.177": {
      "votes": {
        "4": 1,
        "3": 1,
        "1": 2,
        "2": 1
      },
      "initial_weight": 0.55,
      "final_weight": 0.55
    },
    "1260.108": {
      "votes": {
        "1": 1
      },
      "initial_weight": 0.25,
      "final_weight": 0.25
    },
    "1260.194": {
      "votes": {
        "4": 2,
        "3": 1
      },
      "initial_weight": 0.9166666666666666,
      "final_weight": 0.9166666666666666
    },
    "1260.634": {
      "votes": {},
      "initial_weight": 0.5,
      "final_weight": 0.5
    },
    "1260.202": {
      "votes": {
        "3": 1
      },
      "initial_weight": 0.75,
      "final_weight": 0.75
    },
    "1260.76": {
      "votes": {
        "4": 2,
        "3": 1
      },
      "initial_weight": 0.9166666666666666,
      "final_weight": 0.9166666666666666
    },
    "1260.181": {
      "votes": {
        "4": 3,
        "1": 1
      },
      "initial_weight": 0.8125,
      "final_weight": 0.8125
    },
    "1260.183": {
      "votes": {
        "3": 2,
        "2": 1,
        "4": 1
      },
      "initial_weight": 0.75,
      "final_weight": 0.75
    },
    "1260.71": {
      "votes": {
        "2": 1,
        "3": 1
      },
      "initial_weight": 0.625,
      "final_weight": 0.8536585365853658
    },
    "1260.85": {
      "votes": {},
      "initial_weight": 0.5,
      "final_weight": 0.5
    },
    "1260.747": {
      "votes": {},
      "initial_weight": 0.5,
      "final_weight": 0.5
    },
    "1260.182": {
      "votes": {
        "4": 2,
        "3": 1
      },
      "initial_weight": 0.9166666666666666,
      "final_weight": 0.9166666666666666
    },
    "1260.74": {
      "votes": {
        "3": 2
      },
      "initial_weight": 0.75,
      "final_weight": 0.75
    },
    "1260.73": {
      "votes": {
        "2": 2
      },
      "initial_weight": 0.5,
      "final_weight": 0.3988958032936177
    },
    "1260.65": {
      "votes": {
        "0": 2,
        "4": 3,
        "3": 2,
        "2": 3,
        "1": 1
      },
      "initial_weight": 0.5681818181818182,
      "final_weight": 0.8949406063966376
    },
    "1260.19": {
      "votes": {
        "4": 1,
        "2": 1
      },
      "initial_weight": 0.75,
      "final_weight": 0.75
    },
    "1260.70": {
      "votes": {
        "2": 2
      },
      "initial_weight": 0.5,
      "final_weight": 0.9651894117453286
    },
    "1260.154": {
      "votes": {
        "4": 1,
        "2": 1
      },
      "initial_weight": 0.75,
      "final_weight": 0.9827653065621096
    },
    "1260.116": {
      "votes": {
        "3": 4
      },
      "initial_weight": 0.75,
      "final_weight": 0.75
    },
    "1260.180": {
      "votes": {
        "2": 1,
        "3": 2,
        "4": 1
      },
      "initial_weight": 0.75,
      "final_weight": 0.75
    },
    "1260.117": {
      "votes": {
        "3": 1
      },
      "initial_weight": 0.75,
      "final_weight": 0.75
    },
    "1260.110": {
      "votes": {
        "3": 1,
        "2": 1
      },
      "initial_weight": 0.625,
      "final_weight": 0.625
    },
    "1260.265": {
      "votes": {},
      "initial_weight": 0.5,
      "final_weight": 0.5
    },
    "1260.78": {
      "votes": {
        "2": 2,
        "4": 1
      },
      "initial_weight": 0.6666666666666666,
      "final_weight": 0.6666666666666666
    },
    "1260.83": {
      "votes": {
        "3": 1,
        "4": 2
      },
      "initial_weight": 0.9166666666666666,
      "final_weight": 0.9166666666666666
    },
    "1260.155": {
      "votes": {
        "2": 1,
        "4": 1,
        "0": 1
      },
      "initial_weight": 0.5,
      "final_weight": 0.5
    },
    "1260.66": {
      "votes": {
        "4": 1,
        "2": 1
      },
      "initial_weight": 0.75,
      "final_weight": 0.9631366709944761
    },
    "1260.90": {
      "votes": {
        "3": 2,
        "0": 1,
        "4": 1
      },
      "initial_weight": 0.625,
      "final_weight": 0.76
    },
    "1260.205": {
      "votes": {
        "3": 1,
        "4": 1
      },
      "initial_weight": 0.875,
      "final_weight": 0.7111508452535761
    },
    "1260.109": {
      "votes": {
        "3": 1,
        "1": 1
      },
      "initial_weight": 0.5,
      "final_weight": 0.8048780487804879
    },
    "1260.77": {
      "votes": {
        "4": 1,
        "2": 1
      },
      "initial_weight": 0.75,
      "final_weight": 0.91
    },
    "1260.113": {
      "votes": {
        "3": 1,
        "4": 1,
        "2": 1
      },
      "initial_weight": 0.75,
      "final_weight": 0.9578664307287713
    },
    "1260.67": {
      "votes": {
        "3": 1,
        "4": 2
      },
      "initial_weight": 0.9166666666666666,
      "final_weight": 0.9878722640832436
    },
    "1260.179": {
      "votes": {
        "1": 1,
        "4": 1,
        "2": 2
      },
      "initial_weight": 0.5625,
      "final_weight": 0.5625
    },
    "1260.87": {
      "votes": {
        "4": 1,
        "2": 1
      },
      "initial_weight": 0.75,
      "final_weight": 0.75
    },
    "1260.18": {
      "votes": {
        "4": 1,
        "2": 1
      },
      "initial_weight": 0.75,
      "final_weight": 0.75
    },
    "1260.122": {
      "votes": {
        "2": 2,
        "3": 1
      },
      "initial_weight": 0.5833333333333334,
      "final_weight": 0.5833333333333334
    }
  },
  "edges": {
    "1260.66": {
      "successor_id": "1260.65",
      "relation": 1.0
    },
    "1260.71": {
      "successor_id": "1260.65",
      "relation": -1.0
    },
    "1260.70": {
      "successor_id": "1260.65",
      "relation": 1.0
    },
    "1260.73": {
      "successor_id": "1260.65",
      "relation": 1.0
    },
    "1260.75": {
      "successor_id": "1260.65",
      "relation": 1.0
    },
    "1260.77": {
      "successor_id": "1260.65",
      "relation": 1.0
    },
    "1260.108": {
      "successor_id": "1260.65",
      "relation": -1.0
    },
    "1260.109": {
      "successor_id": "1260.65",
      "relation": -1.0
    },
    "1260.113": {
      "successor_id": "1260.65",
      "relation": -1.0
    },
    "1260.154": {
      "successor_id": "1260.65",
      "relation": 1.0
    },
    "1260.76": {
      "successor_id": "1260.66",
      "relation": 1.0
    },
    "1260.747": {
      "successor_id": "1260.65",