{
  "nodes": {
    "1260.233": {
      "votes": {
        "3": 2
      },
      "initial_weight": 0.75,
      "final_weight": 0.75
    },
    "1260.226": {
      "votes": {
        "2": 2,
        "0": 2,
        "1": 2
      },
      "initial_weight": 0.25,
      "final_weight": 0.3706659202832518
    },
    "1260.713": {
      "votes": {},
      "initial_weight": 0.5,
      "final_weight": 0.5
    },
    "1260.238": {
      "votes": {
        "4": 1
      },
      "initial_weight": 1.0,
      "final_weight": 1.0
    },
    "1260.232": {
      "votes": {
        "3": 1,
        "2": 1
      },
      "initial_weight": 0.625,
      "final_weight": 0.625
    },
    "1260.236": {
      "votes": {
        "0": 2,
        "2": 1,
        "3": 2
      },
      "initial_weight": 0.4,
      "final_weight": 0.32
    },
    "1260.237": {
      "votes": {
        "2": 1,
        "0": 1,
        "3": 2
      },
      "initial_weight": 0.5,
      "final_weight": 0.75
    },
    "1260.239": {
      "votes": {
        "2": 1,
        "3": 1,
        "4": 2
      },
      "initial_weight": 0.8125,
      "final_weight": 0.8125
    },
    "1260.234": {
      "votes": {
        "4": 1,
        "2": 2,
        "3": 1
      },
      "initial_weight": 0.6875,
      "final_weight": 0.9371234480495065
    },
    "1260.235": {
      "votes": {
        "2": 2,
        "4": 2
      },
      "initial_weight": 0.75,
      "final_weight": 0.75
    }
  },
  "edges": {
    "1260.232": {
      "successor_id": "1260.226",
      "relation": 1.0
    },
    "1260.233": {
      "successor_id": "1260.226",
      "relation": 1.0
    },
    "1260.234": {
      "successor_id": "1260.226",
      "relation": -1.0
    },
    "1260.235": {
      "successor_id": "1260.234",
      "relation": 1.0
    },
    "1260.236": {
      "successor_id": "1260.234",
      "relation": -1.0
    },
    "1260.239": {
      "successor_id": "1260.234",
      "relation": 1.0
    },
    "1260.237": {
      "successor_id": "1260.234",
      "relation": 1.0
    },
    "1260.713": {
      "successor_id": "1260.236",
      "relation": -1.0
    },
    "1260.238": {
      "successor_id": "1260.237",
      "relation": 1.0
    }
  }
}