{
  "nodes": {
    "13517.79": {
      "votes": {
        "2": 1
      },
      "initial_weight": 0.5,
      "final_weight": 0.1951219512195122
    },
    "13517.109": {
      "votes": {},
      "initial_weight": 0.5,
      "final_weight": 0.5
    },
    "13517.101": {
      "votes": {},
      "initial_weight": 0.5,
      "final_weight": 0.569260913741289
    },
    "13517.127": {
      "votes": {
        "4": 1
      },
      "initial_weight": 1.0,
      "final_weight": 1.0
    },
    "13517.120": {
      "votes": {},
      "initial_weight": 0.5,
      "final_weight": 0.5
    },
    "13517.16": {
      "votes": {},
      "initial_weight": 0.5,
      "final_weight": 0.9009931623402742
    },
    "13517.29": {
      "votes": {
        "3": 2
      },
      "initial_weight": 0.75,
      "final_weight": 0.75
    },
    "13517.4": {
      "votes": {
        "3": 1,
        "4": 8
      },
      "initial_weight": 0.9722222222222222,
      "final_weight": 0.3689967260228595
    },
    "13517.56": {
      "votes": {
        "4": 1,
        "1": 1,
        "3": 1
      },
      "initial_weight": 0.6666666666666666,
      "final_weight": 0.6666666666666666
    },
    "13517.99": {
      "votes": {
        "2": 1
      },
      "initial_weight": 0.5,
      "final_weight": 0.5
    },
    "13517.31": {
      "votes": {
        "3": 1,
        "1": 1
      },
      "initial_weight": 0.5,
      "final_weight": 0.5
    },
    "13517.117": {
      "votes": {
        "3": 1
      },
      "initial_weight": 0.75,
      "final_weight": 0.9019335846729183
    },
    "13517.100": {
      "votes": {
        "3": 1
      },
      "initial_weight": 0.75,
      "final_weight": 0.75
    },
    "13517.13": {
      "votes": {
        "3": 1,
        "1": 1
      },
      "initial_weight": 0.5,
      "final_weight": 0.4
    },
    "13517.10": {
      "votes": {
        "2": 1
      },
      "initial_weight": 0.5,
      "final_weight": 0.43130602547317454
    },
    "13517.84": {
      "votes": {
        "1": 1
      },
      "initial_weight": 0.25,
      "final_weight": 0.25
    },
    "13517.133": {
      "votes": {},
      "initial_weight": 0.5,
      "final_weight": 0.5
    },
    "13517.123": {
      "votes": {
        "3": 1
      },
      "initial_weight": 0.75,
      "final_weight": 0.7647058823529411
    },
    "13517.126": {
      "votes": {
        "3": 1
      },
      "initial_weight": 0.75,
      "final_weight": 0.48
    },
    "13517.11": {
      "votes": {
        "4": 1,
        "2": 1,
        "3": 1
      },
      "initial_weight": 0.75,
      "final_weight": 0.668955845773464
    },
    "13517.128": {
      "votes": {
        "3": 1
      },
      "initial_weight": 0.75,
      "final_weight": 0.75
    },
    "13517.26": {
      "votes": {
        "2": 1,
        "4": 2,
        "3": 1
      },
      "initial_weight": 0.8125,
      "final_weight": 0.8125
    },
    "13517.97": {
      "votes": {},
      "initial_weight": 0.5,
      "final_weight": 0.5
    },
    "13517.28": {
      "votes": {
        "1": 2,
        "3": 1
      },
      "initial_weight": 0.4166666666666667,
      "final_weight": 0.36529680365296807
    },
    "13517.129": {
      "votes": {
        "3": 1
      },
      "initial_weight": 0.75,
      "final_weight": 0.75
    },
    "13517.121": {
      "votes": {
        "3": 1
      },
      "initial_weight": 0.75,
      "final_weight": 0.8
    },
    "13517.30": {
      "votes": {
        "1": 1,
        "2": 1
      },
      "initial_weight": 0.375,
      "final_weight": 0.375
    },
    "13517.122": {
      "votes": {
        "4": 1
      },
      "initial_weight": 1.0,
      "final_weight": 1.0
    },
    "13517.124": {
      "votes": {},
      "initial_weight": 0.5,
      "final_weight": 0.4
    },
    "13517.12": {
      "votes": {
        "2": 1,
        "1": 3
      },
      "initial_weight": 0.3125,
      "final_weight": 0.2
    },
    "13517.25": {
      "votes": {
        "3": 1,
        "1": 1,
        "4": 2
      },
      "initial_weight": 0.75,
      "final_weight": 0.75
    },
    "13517.46": {
      "votes": {
        "4": 2,
        "1": 1,
        "2": 1
      },
      "initial_weight": 0.6875,
      "final_weight": 0.4759615384615385
    },
    "13517.98": {
      "votes": {
        "2": 1
      },
      "initial_weight": 0.5,
      "final_weight": 0.4215763136368852
    },
    "13517.85": {
      "votes": {
        "4": 1
      },
      "initial_weight": 1.0,
      "final_weight": 1.0
    },
    "13517.32": {
      "votes": {
        "4": 1
      },
      "initial_weight": 1.0,
      "final_weight": 1.0
    }
  },
  "edges": {
    "13517.16": {
      "successor_id": "13517.101",
      "relation": 1.0
    },
    "13517.10": {
      "successor_id": "13517.98",
      "relation": -1.0
    },
    "13517.11": {
      "successor_id": "13517.4",
      "relation": 1.0
    },
    "13517.12": {
      "successor_id": "13517.4",
      "relation": -1.0
    },
    "13517.13": {
      "successor_id": "13517.4",
      "relation": 1.0
    },
    "13517.29": {
      "successor_id": "13517.4",
      "relation": -1.0
    },
    "13517.46": {
      "successor_id": "13517.4",
      "relation": -1.0
    },
    "13517.97": {
      "successor_id": "13517.4",
      "relation": -1.0
    },
    "13517.98": {
      "successor_id": "13517.4",
      "relation": -1.0
    },
    "13517.26": {
      "successor_id": "13517.16",
      "relation": 1.0
    },
    "13517.121": {
      "successor_id": "13517.16",
      "relation": 1.0
    },
    "13517.124": {
      "successor_id": "13517.16",
      "relation": 1.0
    },
    "13517.28": {
      "successor_id": "13517.10",
      "relation": 1.0
    },
    "13517.79": {
      "successor_id": "13517.10",
      "relation": -1.0
    },
    "13517.101": {
      "successor_id": "13517.10",
      "relation": -1.0
    },
    "13517.32": {
      "successor_id": "13517.11",
      "relation": -1.0
    },
    "13517.99": {
      "successor_id": "13517.11",
      "relation": -1.0
    },
    "13517.100": {
      "successor_id": "13517.11",
      "relation": -1.0
    },
    "13517.117": {
      "successor_id": "13517.11",
      "relation": 1.0
    },
    "13517.122": {
      "successor_id": "13517.11",
      "relation": 1.0
    },
    "13517.25": {
      "successor_id": "13517.12",
      "relation": -1.0
    },
    "13517.31": {
      "successor_id": "13517.13",
      "relation": -1.0
    },
    "13517.56": {
      "successor_id": "13517.46",
      "relation": -1.0
    },
    "13517.133": {
      "successor_id": "13517.121",
      "relation": 1.0
    },
    "13517.120": {
      "successor_id": "13517.124",
      "relation": -1.0
    },
    "13517.30": {
      "successor_id": "13517.28",
      "relation": -1.0
    },
    "13517.84": {
      "successor_id": "13517.79",
      "relation": -1.0
    },
    "13517.85": {
      "successor_id": "13517.79",
      "relation": -1.0
    },
    "13517.109": {
      "successor_id": "13517.101",
      "relation": -1.0
    },
    "13517.123": {
      "successor_id": "13517.117",
      "relation": 1.0
    },
    "13517.126": {
      "successor_id": "13517.117",
      "relation": 1.0
    },
    "13517.127": {
      "successor_id": "13517.123",
      "relation": 1.0
    },
    "13517.129": {
      "successor_id": "13517.123",
      "relation": -1.0
    },
    "13517.128": {
      "successor_id": "13517.126",
      "relation": -1.0
    }
  }
}