{
  "nodes": {
    "14121.42": {
      "votes": {
        "4": 2,
        "2": 1,
        "0": 3
      },
      "initial_weight": 0.4166666666666667,
      "final_weight": 0.23892721679658335
    },
    "14121.64": {
      "votes": {
        "2": 1,
        "0": 2,
        "4": 1
      },
      "initial_weight": 0.375,
      "final_weight": 0.375
    },
    "14121.146": {
      "votes": {
        "4": 1,
        "0": 1
      },
      "initial_weight": 0.5,
      "final_weight": 0.5
    },
    "14121.50": {
      "votes": {
        "4": 1
      },
      "initial_weight": 1.0,
      "final_weight": 1.0
    },
    "14121.15": {
      "votes": {
        "4": 2,
        "3": 2,
        "0": 2
      },
      "initial_weight": 0.5833333333333334,
      "final_weight": 0.5833333333333334
    },
    "14121.493": {
      "votes": {
        "4": 1
      },
      "initial_weight": 1.0,
      "final_weight": 1.0
    },
    "14121.13": {
      "votes": {
        "3": 2,
        "1": 1,
        "0": 2,
        "4": 9
      },
      "initial_weight": 0.7678571428571429,
      "final_weight": 0.9077380016281498
    },
    "14121.80": {
      "votes": {
        "4": 1
      },
      "initial_weight": 1.0,
      "final_weight": 1.0
    },
    "14121.491": {
      "votes": {
        "4": 1
      },
      "initial_weight": 1.0,
      "final_weight": 1.0
    },
    "14121.20": {
      "votes": {
        "4": 2,
        "3": 3,
        "0": 2
      },
      "initial_weight": 0.6071428571428571,
      "final_weight": 0.30357142857142855
    },
    "14121.90": {
      "votes": {
        "0": 1
      },
      "initial_weight": 0.0,
      "final_weight": 0.0
    },
    "14121.48": {
      "votes": {
        "0": 3,
        "3": 1,
        "4": 1
      },
      "initial_weight": 0.35,
      "final_weight": 0.175
    },
    "14121.78": {
      "votes": {
        "0": 4
      },
      "initial_weight": 0.0,
      "final_weight": 0.0
    },
    "14121.58": {
      "votes": {
        "4": 2,
        "0": 1,
        "3": 1
      },
      "initial_weight": 0.6875,
      "final_weight": 0.6875
    },
    "14121.14": {
      "votes": {
        "0": 2,
        "3": 2,
        "4": 2
      },
      "initial_weight": 0.5833333333333334,
      "final_weight": 0.2916666666666667
    }
  },
  "edges": {
    "14121.14": {
      "successor_id": "14121.13",
      "relation": -1.0
    },
    "14121.15": {
      "successor_id": "14121.13",
      "relation": 1.0
    },
    "14121.20": {
      "successor_id": "14121.13",
      "relation": 1.0
    },
    "14121.42": {
      "successor_id": "14121.13",
      "relation": -1.0
    },
    "14121.64": {
      "successor_id": "14121.13",
      "relation": 1.0
    },
    "14121.78": {
      "successor_id": "14121.13",
      "relation": -1.0
    },
    "14121.146": {
      "successor_id": "14121.13",
      "relation": 1.0
    },
    "14121.491": {
      "successor_id": "14121.14",
      "relation": -1.0
    },
    "14121.80": {
      "successor_id": "14121.20",
      "relation": -1.0
    },
    "14121.48": {
      "successor_id": "14121.42",
      "relation": -1.0
    },
    "14121.58": {
      "successor_id": "14121.42",
      "relation": -1.0
    },
    "14121.493": {
      "successor_id": "14121.491",
      "relation": 1.0
    },
    "14121.90": {
      "successor_id": "14121.80",
      "relation": -1.0
    },
    "14121.50": {
      "successor_id": "14121.48",
      "relation": -1.0
    }
  }
}