{
  "nodes": {
    "14121.123": {
      "votes": {
        "0": 2,
        "4": 1
      },
      "initial_weight": 0.3333333333333333,
      "final_weight": 0.16666666666666666
    },
    "14121.463": {
      "votes": {
        "4": 1
      },
      "initial_weight": 1.0,
      "final_weight": 1.0
    },
    "14121.74": {
      "votes": {
        "0": 1,
        "3": 1,
        "4": 2
      },
      "initial_weight": 0.6875,
      "final_weight": 0.61875
    },
    "14121.134": {
      "votes": {
        "4": 5,
        "0": 1
      },
      "initial_weight": 0.8333333333333334,
      "final_weight": 0.8333333333333334
    },
    "14121.111": {
      "votes": {
        "0": 1
      },
      "initial_weight": 0.0,
      "final_weight": 0.0
    },
    "14121.3": {
      "votes": {
        "0": 8,
        "4": 4,
        "3": 1,
        "2": 1
      },
      "initial_weight": 0.375,
      "final_weight": 0.4810605105067228
    },
    "14121.174": {
      "votes": {
        "4": 1,
        "0": 1,
        "2": 1
      },
      "initial_weight": 0.5,
      "final_weight": 0.5
    },
    "14121.143": {
      "votes": {
        "4": 1
      },
      "initial_weight": 1.0,
      "final_weight": 1.0
    }
  },
  "edges": {
    "14121.123": {
      "successor_id": "14121.3",
      "relation": -1.0
    },
    "14121.74": {
      "successor_id": "14121.3",
      "relation": 1.0
    },
    "14121.463": {
      "successor_id": "14121.123",
      "relation": -1.0
    },
    "14121.111": {
      "successor_id": "14121.74",
      "relation": -1.0
    },
    "14121.134": {
      "successor_id": "14121.74",
      "relation": -1.0
    },
    "14121.174": {
      "successor_id": "14121.74",
      "relation": 1.0
    },
    "14121.143": {
      "successor_id": "14121.111",
      "relation": -1.0
    }
  }
}