{
  "nodes": {
    "15765.9": {
      "votes": {},
      "initial_weight": 0.5,
      "final_weight": 0.5
    },
    "15765.54": {
      "votes": {
        "0": 1
      },
      "initial_weight": 0.0,
      "final_weight": 0.0
    },
    "15765.24": {
      "votes": {
        "4": 2,
        "0": 1,
        "3": 2
      },
      "initial_weight": 0.7,
      "final_weight": 0.7
    },
    "15765.2": {
      "votes": {
        "3": 2,
        "4": 2,
        "1": 1
      },
      "initial_weight": 0.75,
      "final_weight": 0.8
    },
    "15765.20": {
      "votes": {
        "1": 1,
        "0": 1,
        "3": 1
      },
      "initial_weight": 0.3333333333333333,
      "final_weight": 0.22532984551815127
    },
    "15765.99": {
      "votes": {
        "3": 1
      },
      "initial_weight": 0.75,
      "final_weight": 0.75
    },
    "15765.7": {
      "votes": {
        "2": 1,
        "3": 1,
        "4": 2,
        "0": 1
      },
      "initial_weight": 0.65,
      "final_weight": 0.65
    },
    "15765.13": {
      "votes": {},
      "initial_weight": 0.5,
      "final_weight": 0.4880838894184938
    },
    "15765.56": {
      "votes": {},
      "initial_weight": 0.5,
      "final_weight": 0.5
    },
    "15765.5": {
      "votes": {
        "4": 1
      },
      "initial_weight": 1.0,
      "final_weight": 0.812743823146944
    },
    "15765.11": {
      "votes": {
        "3": 1,
        "4": 2,
        "1": 1
      },
      "initial_weight": 0.75,
      "final_weight": 0.75
    },
    "15765.29": {
      "votes": {
        "3": 2,
        "4": 1
      },
      "initial_weight": 0.8333333333333334,
      "final_weight": 0.9423242291928042
    },
    "15765.3": {
      "votes": {
        "4": 1,
        "3": 2,
        "1": 1,
        "0": 1
      },
      "initial_weight": 0.55,
      "final_weight": 0.8163933793953931
    },
    "15765.4": {
      "votes": {
        "1": 1,
        "3": 2,
        "4": 1
      },
      "initial_weight": 0.6875,
      "final_weight": 0.8118096261046491
    },
    "15765.27": {
      "votes": {},
      "initial_weight": 0.5,
      "final_weight": 0.4
    },
    "15765.30": {
      "votes": {
        "1": 1
      },
      "initial_weight": 0.25,
      "final_weight": 0.25
    },
    "15765.25": {
      "votes": {
        "3": 1,
        "4": 1
      },
      "initial_weight": 0.875,
      "final_weight": 0.875
    },
    "15765.55": {
      "votes": {
        "1": 1
      },
      "initial_weight": 0.25,
      "final_weight": 0.4
    },
    "15765.16": {
      "votes": {
        "1": 1,
        "2": 2
      },
      "initial_weight": 0.4166666666666667,
      "final_weight": 0.4166666666666667
    },
    "15765.1": {
      "votes": {
        "4": 3,
        "0": 2,
        "2": 1,
        "1": 1
      },
      "initial_weight": 0.5357142857142857,
      "final_weight": 0.6629337645597086
    },
    "15765.17": {
      "votes": {
        "1": 1,
        "0": 1,
        "2": 2
      },
      "initial_weight": 0.3125,
      "final_weight": 0.15625
    },
    "15765.15": {
      "votes": {
        "1": 2,
        "4": 1,
        "2": 1
      },
      "initial_weight": 0.5,
      "final_weight": 0.5
    },
    "15765.32": {
      "votes": {
        "1": 1
      },
      "initial_weight": 0.25,
      "final_weight": 0.25
    },
    "15765.18": {
      "votes": {
        "4": 1
      },
      "initial_weight": 1.0,
      "final_weight": 1.0
    },
    "15765.19": {
      "votes": {
        "3": 1
      },
      "initial_weight": 0.75,
      "final_weight": 0.48
    },
    "15765.14": {
      "votes": {},
      "initial_weight": 0.5,
      "final_weight": 0.5
    },
    "15765.37": {
      "votes": {},
      "initial_weight": 0.5,
      "final_weight": 0.5961964558968694
    },
    "15765.6": {
      "votes": {
        "2": 3,
        "1": 1
      },
      "initial_weight": 0.4375,
      "final_weight": 0.17073170731707316
    },
    "15765.31": {
      "votes": {
        "4": 1
      },
      "initial_weight": 1.0,
      "final_weight": 0.8746698496454373
    },
    "15765.50": {
      "votes": {},
      "initial_weight": 0.5,
      "final_weight": 0.5
    },
    "15765.10": {
      "votes": {},
      "initial_weight": 0.5,
      "final_weight": 0.5
    },
    "15765.12": {
      "votes": {
        "2": 1,
        "0": 1,
        "4": 1
      },
      "initial_weight": 0.5,
      "final_weight": 0.5
    },
    "15765.33": {
      "votes": {},
      "initial_weight": 0.5,
      "final_weight": 0.5
    },
    "15765.23": {
      "votes": {
        "2": 1,
        "4": 3
      },
      "initial_weight": 0.875,
      "final_weight": 0.875
    },
    "15765.53": {
      "votes": {},
      "initial_weight": 0.5,
      "final_weight": 0.5
    },
    "15765.22": {
      "votes": {
        "4": 1
      },
      "initial_weight": 1.0,
      "final_weight": 1.0
    },
    "15765.57": {
      "votes": {
        "4": 2
      },
      "initial_weight": 1.0,
      "final_weight": 1.0
    },
    "15765.34": {
      "votes": {
        "3": 1
      },
      "initial_weight": 0.75,
      "final_weight": 0.75
    },
    "15765.8": {
      "votes": {},
      "initial_weight": 0.5,
      "final_weight": 0.12853470437017994
    },
    "15765.58": {
      "votes": {},
      "initial_weight": 0.5,
      "final_weight": 0.5
    },
    "15765.97": {
      "votes": {
        "1": 1
      },
      "initial_weight": 0.25,
      "final_weight": 0.16
    }
  },
  "edges": {
    "15765.2": {
      "successor_id": "15765.1",
      "relation": 1.0
    },
    "15765.3": {
      "successor_id": "15765.1",
      "relation": -1.0
    },
    "15765.4": {
      "successor_id": "15765.1",
      "relation": 1.0
    },
    "15765.6": {
      "successor_id": "15765.1",
      "relation": -1.0
    },
    "15765.7": {
      "successor_id": "15765.1",
      "relation": 1.0
    },
    "15765.8": {
      "successor_id": "15765.31",
      "relation": -1.0
    },
    "15765.20": {
      "successor_id": "15765.1",
      "relation": -1.0
    },
    "15765.23": {
      "successor_id": "15765.1",
      "relation": -1.0
    },
    "15765.55": {
      "successor_id": "15765.1",
      "relation": -1.0
    },
    "15765.57": {
      "successor_id": "15765.1",
      "relation": 1.0
    },
    "15765.97": {
      "successor_id": "15765.1",
      "relation": -1.0
    },
    "15765.10": {
      "successor_id": "15765.2",
      "relation": 1.0
    },
    "15765.12": {
      "successor_id": "15765.3",
      "relation": 1.0
    },
    "15765.16": {
      "successor_id": "15765.3",
      "relation": -1.0
    },
    "15765.25": {
      "successor_id": "15765.3",
      "relation": -1.0
    },
    "15765.27": {
      "successor_id": "15765.3",
      "relation": 1.0
    },
    "15765.14": {
      "successor_id": "15765.3",
      "relation": 1.0
    },
    "15765.37": {
      "successor_id": "15765.3",
      "relation": 1.0
    },
    "15765.50": {
      "successor_id": "15765.3",
      "relation": 1.0
    },
    "15765.56": {
      "successor_id": "15765.3",
      "relation": -1.0
    },
    "15765.9": {
      "successor_id": "15765.3",
      "relation": 1.0
    },
    "15765.5": {
      "successor_id": "15765.4",
      "relation": 1.0
    },
    "15765.11": {
      "successor_id": "15765.6",
      "relation": -1.0
    },
    "15765.15": {
      "successor_id": "15765.6",
      "relation": -1.0
    },
    "15765.54": {
      "successor_id": "15765.6",
      "relation": 1.0
    },
    "15765.18": {
      "successor_id": "15765.8",
      "relation": -1.0
    },
    "15765.24": {
      "successor_id": "15765.8",
      "relation": -1.0
    },
    "15765.29": {
      "successor_id": "15765.20",
      "relation": -1.0
    },
    "15765.30": {
      "successor_id": "15765.20",
      "relation": 1.0
    },
    "15765.58": {
      "successor_id": "15765.55",
      "relation": 1.0
    },
    "15765.99": {
      "successor_id": "15765.97",
      "relation": -1.0
    },