{
  "nodes": {
    "16326.33": {
      "votes": {
        "0": 2,
        "4": 1
      },
      "initial_weight": 0.3333333333333333,
      "final_weight": 0.11812948422188829
    },
    "16326.12": {
      "votes": {
        "4": 3,
        "3": 2
      },
      "initial_weight": 0.9,
      "final_weight": 0.9
    },
    "16326.221": {
      "votes": {},
      "initial_weight": 0.5,
      "final_weight": 0.5
    },
    "16326.69": {
      "votes": {},
      "initial_weight": 0.5,
      "final_weight": 0.5
    },
    "16326.105": {
      "votes": {},
      "initial_weight": 0.5,
      "final_weight": 0.5
    },
    "16326.43": {
      "votes": {
        "2": 1,
        "4": 1
      },
      "initial_weight": 0.75,
      "final_weight": 0.75
    },
    "16326.94": {
      "votes": {},
      "initial_weight": 0.5,
      "final_weight": 0.5
    },
    "16326.11": {
      "votes": {
        "2": 2,
        "1": 1,
        "4": 1
      },
      "initial_weight": 0.5625,
      "final_weight": 0.5743243243243243
    },
    "16326.49": {
      "votes": {
        "2": 1
      },
      "initial_weight": 0.5,
      "final_weight": 0.5
    },
    "16326.23": {
      "votes": {},
      "initial_weight": 0.5,
      "final_weight": 0.5
    },
    "16326.18": {
      "votes": {},
      "initial_weight": 0.5,
      "final_weight": 0.5294117647058824
    },
    "16326.16": {
      "votes": {
        "4": 25,
        "0": 1
      },
      "initial_weight": 0.9615384615384616,
      "final_weight": 0.8289124668435013
    },
    "16326.37": {
      "votes": {
        "4": 1
      },
      "initial_weight": 1.0,
      "final_weight": 0.8
    },
    "16326.207": {
      "votes": {},
      "initial_weight": 0.5,
      "final_weight": 0.5
    },
    "16326.19": {
      "votes": {
        "3": 1,
        "4": 1
      },
      "initial_weight": 0.875,
      "final_weight": 0.9
    },
    "16326.98": {
      "votes": {},
      "initial_weight": 0.5,
      "final_weight": 0.4
    },
    "16326.68": {
      "votes": {},
      "initial_weight": 0.5,
      "final_weight": 0.5
    },
    "16326.5": {
      "votes": {
        "3": 2,
        "2": 1,
        "0": 5,
        "1": 3,
        "4": 3
      },
      "initial_weight": 0.4107142857142857,
      "final_weight": 0.028528382851015444
    },
    "16326.189": {
      "votes": {},
      "initial_weight": 0.5,
      "final_weight": 0.5
    },
    "16326.108": {
      "votes": {},
      "initial_weight": 0.5,
      "final_weight": 0.5
    },
    "16326.95": {
      "votes": {},
      "initial_weight": 0.5,
      "final_weight": 0.5
    },
    "16326.13": {
      "votes": {
        "3": 1,
        "4": 2,
        "2": 1
      },
      "initial_weight": 0.8125,
      "final_weight": 0.8369602838979285
    },
    "16326.46": {
      "votes": {
        "2": 1,
        "0": 1,
        "4": 2
      },
      "initial_weight": 0.625,
      "final_weight": 0.625
    },
    "16326.27": {
      "votes": {
        "0": 1,
        "3": 1
      },
      "initial_weight": 0.375,
      "final_weight": 0.22865853658536583
    },
    "16326.93": {
      "votes": {
        "4": 2
      },
      "initial_weight": 1.0,
      "final_weight": 1.0
    },
    "16326.38": {
      "votes": {
        "3": 1,
        "0": 1,
        "2": 1
      },
      "initial_weight": 0.4166666666666667,
      "final_weight": 0.34972677595628415
    },
    "16326.10": {
      "votes": {
        "2": 1
      },
      "initial_weight": 0.5,
      "final_weight": 0.5
    },
    "16326.17": {
      "votes": {
        "0": 1,
        "4": 1
      },
      "initial_weight": 0.5,
      "final_weight": 0.10509427391672055
    },
    "16326.32": {
      "votes": {
        "3": 1
      },
      "initial_weight": 0.75,
      "final_weight": 0.8
    },
    "16326.96": {
      "votes": {},
      "initial_weight": 0.5,
      "final_weight": 0.5
    },
    "16326.4": {
      "votes": {
        "2": 2,
        "3": 1
      },
      "initial_weight": 0.5833333333333334,
      "final_weight": 0.6666666666666667
    },
    "16326.201": {
      "votes": {},
      "initial_weight": 0.5,
      "final_weight": 0.5
    },
    "16326.41": {
      "votes": {
        "4": 2,
        "1": 1
      },
      "initial_weight": 0.75,
      "final_weight": 0.5858108108108108
    },
    "16326.57": {
      "votes": {
        "3": 1
      },
      "initial_weight": 0.75,
      "final_weight": 0.75
    },
    "16326.15": {
      "votes": {
        "4": 1,
        "2": 2
      },
      "initial_weight": 0.6666666666666666,
      "final_weight": 0.3405230464886251
    },
    "16326.74": {
      "votes": {},
      "initial_weight": 0.5,
      "final_weight": 0.5
    },
    "16326.53": {
      "votes": {
        "4": 1
      },
      "initial_weight": 1.0,
      "final_weight": 1.0
    },
    "16326.70": {
      "votes": {},
      "initial_weight": 0.5,
      "final_weight": 0.5
    },
    "16326.56": {
      "votes": {
        "3": 1
      },
      "initial_weight": 0.75,
      "final_weight": 0.75
    },
    "16326.40": {
      "votes": {
        "4": 1,
        "3": 1
      },
      "initial_weight": 0.875,
      "final_weight": 0.875
    },
    "16326.92": {
      "votes": {},
      "initial_weight": 0.5,
      "final_weight": 0.5
    },
    "16326.82": {
      "votes": {},
      "initial_weight": 0.5,
      "final_weight": 0.5
    },
    "16326.39": {
      "votes": {
        "4": 1,
        "3": 1
      },
      "initial_weight": 0.875,
      "final_weight": 0.4375
    },
    "16326.9": {
      "votes": {
        "3": 1
      },
      "initial_weight": 0.75,
      "final_weight": 0.75
    },
    "16326.2": {
      "votes": {
        "0": 1,
        "4": 10
      },
      "initial_weight": 0.9090909090909091,
      "final_weight": 0.954434454599938
    },
    "16326.84": {
      "votes": {},
      "initial_weight": 0.5,
      "final_weight": 0.5
    },
    "16326.87": {
      "votes": {
        "4": 2
      },
      "initial_weight": 1.0,
      "final_weight": 1.0
    },
    "16326.55": {
      "votes": {
        "4": 1
      },
      "initial_weight": 1.0,
      "final_weight": 1.0
    },
    "16326.3": {
      "votes": {
        "4": 1,
        "1": 1,
        "3": 3
      },
      "initial_weight": 0.7,
      "final_weight": 0.5033707865168539
    },
    "16326.83": {
      "votes": {
        "4": 4
      },
      "initial_weight": 1.0,
      "final_weight": 1.0
    },
    "16326.88": {
      "votes": {
        "4": 3
      },
      "initial_weight": 1.0,
      "final_weight": 1.0
    },
    "16326.20": {
      "votes": {
        "4": 1
      },
      "initial_weight": 1.0,
      "final_weight": 1.0
    },
    "16326.14": {
      "votes": {
        "2": 1
      },
      "initial_weight": 0.5,
      "final_weight": 0.4945379243629669
    },
    "16326.52": {
      "votes": {
        "4": 1
      },
      "initial_weight": 1.0,
      "final_weight": 1.0
    },
    "16326.99": {
      "votes": {},
      "initial_weight": 0.5,
      "final_weight": 0.5
    },
    "16326.89": {
      "votes": {},
      "initial_weight": 0.5,
      "final_weight": 0.5
    },
    "16326.47": {
      "votes": {
        "4": 1,
        "2": 1
      },
      "initial_weight": 0.75,
      "final_weight": 0.75
    },
    "16326.50": {
      "votes": {
        "4": 2
      },
      "initial_weight": 1.0,
      "final_weight": 1.0
    },
    "16326.58": {
      "votes": {
        "0": 1
      },
      "initial_weight": 0.0,
      "final_weight": 0.0
    },
    "16326.97": {
      "votes": {},
      "initial_weight": 0.5,
      "final_weight": 0.5
    },
    "16326.67": {
      "votes": {
        "0": 1
      },
      "initial_weight": 0.0,
      "final_weight": 0.0
    },
    "16326.7": {
      "votes": {
        "2": 1,
        "0": 1
      },
      "initial_weight": 0.25,
      "final_weight": 0.15243902439024387
    },
    "16326.48": {
      "votes": {
        "0": 1,
        "4": 2,
        "2": 1,
        "3": 1
      },