{
  "nodes": {
    "16962.28": {
      "votes": {
        "3": 1
      },
      "initial_weight": 0.75,
      "final_weight": 0.8
    },
    "16962.29": {
      "votes": {},
      "initial_weight": 0.5,
      "final_weight": 0.5
    },
    "16962.6": {
      "votes": {
        "4": 1,
        "3": 2
      },
      "initial_weight": 0.8333333333333334,
      "final_weight": 0.8983739837398375
    }
  },
  "edges": {
    "16962.28": {
      "successor_id": "16962.6",
      "relation": 1.0
    },
    "16962.29": {
      "successor_id": "16962.28",
      "relation": 1.0
    }
  }
}