{
  "nodes": {
    "17682.31": {
      "votes": {},
      "initial_weight": 0.5,
      "final_weight": 0.6
    },
    "17682.21": {
      "votes": {},
      "initial_weight": 0.5,
      "final_weight": 0.5
    },
    "17682.27": {
      "votes": {
        "2": 1,
        "3": 1
      },
      "initial_weight": 0.625,
      "final_weight": 0.625
    },
    "17682.1": {
      "votes": {
        "2": 1,
        "4": 1,
        "0": 1,
        "1": 1
      },
      "initial_weight": 0.4375,
      "final_weight": 0.10298316835882526
    },
    "17682.12": {
      "votes": {
        "0": 1,
        "1": 2,
        "3": 1
      },
      "initial_weight": 0.3125,
      "final_weight": 0.16020506247997435
    },
    "17682.13": {
      "votes": {
        "3": 1,
        "2": 1
      },
      "initial_weight": 0.625,
      "final_weight": 0.625
    },
    "17682.34": {
      "votes": {},
      "initial_weight": 0.5,
      "final_weight": 0.5
    },
    "17682.30": {
      "votes": {},
      "initial_weight": 0.5,
      "final_weight": 0.5
    },
    "17682.9": {
      "votes": {
        "3": 1,
        "2": 2
      },
      "initial_weight": 0.5833333333333334,
      "final_weight": 0.5833333333333334
    },
    "17682.20": {
      "votes": {
        "1": 1,
        "0": 2
      },
      "initial_weight": 0.08333333333333333,
      "final_weight": 0.08333333333333333
    },
    "17682.10": {
      "votes": {
        "4": 3,
        "3": 1
      },
      "initial_weight": 0.9375,
      "final_weight": 0.9375
    },
    "17682.14": {
      "votes": {
        "4": 1,
        "2": 1,
        "0": 1
      },
      "initial_weight": 0.5,
      "final_weight": 0.5
    },
    "17682.32": {
      "votes": {},
      "initial_weight": 0.5,
      "final_weight": 0.5
    },
    "17682.33": {
      "votes": {},
      "initial_weight": 0.5,
      "final_weight": 0.5
    },
    "17682.76": {
      "votes": {},
      "initial_weight": 0.5,
      "final_weight": 0.4
    },
    "17682.35": {
      "votes": {},
      "initial_weight": 0.5,
      "final_weight": 0.5
    }
  },
  "edges": {
    "17682.9": {
      "successor_id": "17682.1",
      "relation": -1.0
    },
    "17682.10": {
      "successor_id": "17682.1",
      "relation": -1.0
    },
    "17682.12": {
      "successor_id": "17682.1",
      "relation": 1.0
    },
    "17682.20": {
      "successor_id": "17682.1",
      "relation": 1.0
    },
    "17682.27": {
      "successor_id": "17682.1",
      "relation": -1.0
    },
    "17682.33": {
      "successor_id": "17682.1",
      "relation": 1.0
    },
    "17682.76": {
      "successor_id": "17682.1",
      "relation": -1.0
    },
    "17682.13": {
      "successor_id": "17682.12",
      "relation": 1.0
    },
    "17682.14": {
      "successor_id": "17682.12",
      "relation": -1.0
    },
    "17682.21": {
      "successor_id": "17682.12",
      "relation": -1.0
    },
    "17682.31": {
      "successor_id": "17682.12",
      "relation": -1.0
    },
    "17682.34": {
      "successor_id": "17682.33",
      "relation": 1.0
    },
    "17682.35": {
      "successor_id": "17682.33",
      "relation": -1.0
    },
    "17682.30": {
      "successor_id": "17682.76",
      "relation": -1.0
    },
    "17682.32": {
      "successor_id": "17682.31",
      "relation": 1.0
    }
  }
}