{
  "nodes": {
    "17682.25": {
      "votes": {
        "4": 1,
        "3": 1
      },
      "initial_weight": 0.875,
      "final_weight": 0.875
    },
    "17682.2": {
      "votes": {
        "4": 5,
        "2": 1
      },
      "initial_weight": 0.9166666666666666,
      "final_weight": 0.9741300957683955
    },
    "17682.11": {
      "votes": {
        "1": 2,
        "0": 1
      },
      "initial_weight": 0.16666666666666666,
      "final_weight": 0.05128205128205128
    },
    "17682.23": {
      "votes": {
        "2": 2,
        "4": 1
      },
      "initial_weight": 0.6666666666666666,
      "final_weight": 0.6666666666666666
    },
    "17682.28": {
      "votes": {
        "4": 1
      },
      "initial_weight": 1.0,
      "final_weight": 1.0
    },
    "17682.22": {
      "votes": {},
      "initial_weight": 0.5,
      "final_weight": 0.5
    }
  },
  "edges": {
    "17682.11": {
      "successor_id": "17682.2",
      "relation": -1.0
    },
    "17682.23": {
      "successor_id": "17682.2",
      "relation": 1.0
    },
    "17682.25": {
      "successor_id": "17682.2",
      "relation": 1.0
    },
    "17682.22": {
      "successor_id": "17682.11",
      "relation": -1.0
    },
    "17682.28": {
      "successor_id": "17682.11",
      "relation": -1.0
    }
  }
}