{
  "nodes": {
    "17750.71": {
      "votes": {
        "1": 1
      },
      "initial_weight": 0.25,
      "final_weight": 0.25
    },
    "17750.139": {
      "votes": {},
      "initial_weight": 0.5,
      "final_weight": 0.5
    },
    "17750.21": {
      "votes": {
        "3": 1,
        "4": 1
      },
      "initial_weight": 0.875,
      "final_weight": 0.875
    },
    "17750.39": {
      "votes": {
        "4": 4,
        "0": 1,
        "1": 1
      },
      "initial_weight": 0.7083333333333334,
      "final_weight": 0.7666666666666667
    },
    "17750.160": {
      "votes": {},
      "initial_weight": 0.5,
      "final_weight": 0.5
    },
    "17750.14": {
      "votes": {
        "4": 4,
        "3": 1,
        "1": 2
      },
      "initial_weight": 0.75,
      "final_weight": 0.8080614203454894
    },
    "17750.5": {
      "votes": {
        "1": 1,
        "0": 1,
        "4": 4,
        "3": 1
      },
      "initial_weight": 0.7142857142857143,
      "final_weight": 0.3477260098900347
    },
    "17750.70": {
      "votes": {},
      "initial_weight": 0.5,
      "final_weight": 0.5
    },
    "17750.156": {
      "votes": {},
      "initial_weight": 0.5,
      "final_weight": 0.5
    },
    "17750.152": {
      "votes": {},
      "initial_weight": 0.5,
      "final_weight": 0.5
    },
    "17750.2": {
      "votes": {
        "4": 3,
        "2": 1
      },
      "initial_weight": 0.875,
      "final_weight": 0.875
    },
    "17750.141": {
      "votes": {},
      "initial_weight": 0.5,
      "final_weight": 0.5
    },
    "17750.41": {
      "votes": {
        "3": 1
      },
      "initial_weight": 0.75,
      "final_weight": 0.75
    },
    "17750.158": {
      "votes": {},
      "initial_weight": 0.5,
      "final_weight": 0.5
    },
    "17750.24": {
      "votes": {
        "3": 1
      },
      "initial_weight": 0.75,
      "final_weight": 0.75
    },
    "17750.75": {
      "votes": {
        "4": 1,
        "1": 1
      },
      "initial_weight": 0.625,
      "final_weight": 0.6767241379310345
    },
    "17750.34": {
      "votes": {},
      "initial_weight": 0.5,
      "final_weight": 0.5
    },
    "17750.137": {
      "votes": {},
      "initial_weight": 0.5,
      "final_weight": 0.4
    },
    "17750.42": {
      "votes": {},
      "initial_weight": 0.5,
      "final_weight": 0.4
    },
    "17750.17": {
      "votes": {
        "3": 3,
        "4": 1,
        "0": 2
      },
      "initial_weight": 0.5416666666666666,
      "final_weight": 0.4333333333333333
    },
    "17750.168": {
      "votes": {},
      "initial_weight": 0.5,
      "final_weight": 0.5
    },
    "17750.69": {
      "votes": {
        "4": 1
      },
      "initial_weight": 1.0,
      "final_weight": 1.0
    },
    "17750.76": {
      "votes": {},
      "initial_weight": 0.5,
      "final_weight": 0.5
    },
    "17750.77": {
      "votes": {},
      "initial_weight": 0.5,
      "final_weight": 0.4
    },
    "17750.143": {
      "votes": {},
      "initial_weight": 0.5,
      "final_weight": 0.5
    },
    "17750.8": {
      "votes": {
        "2": 1,
        "4": 2,
        "0": 1
      },
      "initial_weight": 0.625,
      "final_weight": 0.7822931785195937
    },
    "17750.154": {
      "votes": {},
      "initial_weight": 0.5,
      "final_weight": 0.5
    },
    "17750.162": {
      "votes": {},
      "initial_weight": 0.5,
      "final_weight": 0.5
    },
    "17750.29": {
      "votes": {},
      "initial_weight": 0.5,
      "final_weight": 0.5
    },
    "17750.164": {
      "votes": {},
      "initial_weight": 0.5,
      "final_weight": 0.5
    },
    "17750.37": {
      "votes": {
        "2": 1
      },
      "initial_weight": 0.5,
      "final_weight": 0.75
    },
    "17750.36": {
      "votes": {},
      "initial_weight": 0.5,
      "final_weight": 0.5
    },
    "17750.20": {
      "votes": {
        "1": 1,
        "0": 1
      },
      "initial_weight": 0.125,
      "final_weight": 0.30000000000000004
    },
    "17750.166": {
      "votes": {},
      "initial_weight": 0.5,
      "final_weight": 0.5
    },
    "17750.1": {
      "votes": {
        "2": 1,
        "1": 1,
        "0": 3,
        "3": 2
      },
      "initial_weight": 0.32142857142857145,
      "final_weight": 0.5913563075296336
    },
    "17750.4": {
      "votes": {
        "1": 1,
        "3": 2,
        "4": 2,
        "0": 2,
        "2": 1
      },
      "initial_weight": 0.53125,
      "final_weight": 0.3008849557522124
    }
  },
  "edges": {
    "17750.2": {
      "successor_id": "17750.1",
      "relation": 1.0
    },
    "17750.4": {
      "successor_id": "17750.1",
      "relation": -1.0
    },
    "17750.5": {
      "successor_id": "17750.1",
      "relation": 1.0
    },
    "17750.8": {
      "successor_id": "17750.1",
      "relation": 1.0
    },
    "17750.14": {
      "successor_id": "17750.1",
      "relation": -1.0
    },
    "17750.17": {
      "successor_id": "17750.1",
      "relation": 1.0
    },
    "17750.39": {
      "successor_id": "17750.1",
      "relation": -1.0
    },
    "17750.71": {
      "successor_id": "17750.1",
      "relation": -1.0
    },
    "17750.152": {
      "successor_id": "17750.1",
      "relation": 1.0
    },
    "17750.21": {
      "successor_id": "17750.4",
      "relation": -1.0
    },
    "17750.24": {
      "successor_id": "17750.5",
      "relation": 1.0
    },
    "17750.36": {
      "successor_id": "17750.5",
      "relation": -1.0
    },
    "17750.42": {
      "successor_id": "17750.5",
      "relation": 1.0
    },
    "17750.75": {
      "successor_id": "17750.5",
      "relation": -1.0
    },
    "17750.76": {
      "successor_id": "17750.5",
      "relation": -1.0
    },
    "17750.164": {
      "successor_id": "17750.5",
      "relation": -1.0
    },
    "17750.37": {
      "successor_id": "17750.8",
      "relation": -1.0
    },
    "17750.69": {
      "successor_id": "17750.8",
      "relation": 1.0
    },
    "17750.137": {
      "successor_id": "17750.8",
      "relation": -1.0
    },
    "17750.141": {
      "successor_id": "17750.8",
      "relation": 1.0
    },
    "17750.143": {
      "successor_id": "17750.8",
      "relation": 1.0
    },
    "17750.20": {
      "successor_id": "17750.14",
      "relation": 1.0
    },
    "17750.41": {
      "successor_id": "17750.14",
      "relation": 1.0
    },
    "17750.166": {
      "successor_id": "17750.14",
      "relation": -1.0
    },
    "17750.160": {
      "successor_id": "17750.17",
      "relation": -1.0
    },
    "17750.158": {
      "successor_id": "17750.39",
      "relation": 1.0
    },
    "17750.154": {
      "successor_id": "17750.152",
      "relation": 1.0
    },
    "17750.156": {
      "successor_id": "17750.152",
      "relation": -1.0
    },
    "17750.34": {
      "successor_id": "17750.42",
      "relation": -1.0
    },
    "17750.77": {
      "successor_id": "17750.75",
      "relation": 1.0
    },
    "17750.70": {
      "successor_id": "17750.37",
      "relation": 1.0
    },
    "17750.162": {
      "successor_id": "17750.37",
      "relation": 1.0
    },
    "17750.139": {
      "successor_id": "17750.137",
      "relation": -1.0
    },
    "17750.29": {
      "successor_id": "17750.20",
      "relation": 1.0
    },
    "17750.168": {
      "successor_id": "17750.77",
      "relation": -1.0
    }
  }
}