{
  "nodes": {
    "18047.23": {
      "votes": {
        "3": 2,
        "4": 2,
        "0": 1
      },
      "initial_weight": 0.7,
      "final_weight": 0.7
    },
    "18047.40": {
      "votes": {
        "1": 2,
        "4": 1
      },
      "initial_weight": 0.5,
      "final_weight": 0.5
    },
    "18047.62": {
      "votes": {},
      "initial_weight": 0.5,
      "final_weight": 0.5
    },
    "18047.15": {
      "votes": {
        "2": 1,
        "1": 1,
        "0": 1,
        "4": 1
      },
      "initial_weight": 0.4375,
      "final_weight": 0.4102794000056714
    },
    "18047.24": {
      "votes": {
        "0": 1,
        "2": 1
      },
      "initial_weight": 0.25,
      "final_weight": 0.25
    },
    "18047.36": {
      "votes": {
        "2": 1,
        "1": 1,
        "3": 1,
        "4": 1
      },
      "initial_weight": 0.625,
      "final_weight": 0.5625
    },
    "18047.21": {
      "votes": {
        "2": 1,
        "1": 1,
        "0": 1,
        "3": 1
      },
      "initial_weight": 0.375,
      "final_weight": 0.36923076923076925
    },
    "18047.46": {
      "votes": {
        "3": 2,
        "4": 1
      },
      "initial_weight": 0.8333333333333334,
      "final_weight": 0.8333333333333334
    },
    "18047.55": {
      "votes": {},
      "initial_weight": 0.5,
      "final_weight": 0.5
    },
    "18047.1": {
      "votes": {
        "0": 1,
        "1": 1,
        "2": 1,
        "3": 1
      },
      "initial_weight": 0.375,
      "final_weight": 0.13257907970388116
    },
    "18047.39": {
      "votes": {
        "2": 2,
        "1": 1
      },
      "initial_weight": 0.4166666666666667,
      "final_weight": 0.33333333333333337
    },
    "18047.38": {
      "votes": {
        "3": 1,
        "4": 1
      },
      "initial_weight": 0.875,
      "final_weight": 0.875
    },
    "18047.37": {
      "votes": {
        "3": 2,
        "1": 1,
        "0": 1
      },
      "initial_weight": 0.4375,
      "final_weight": 0.11165263624280014
    },
    "18047.27": {
      "votes": {
        "4": 1,
        "1": 1,
        "3": 1
      },
      "initial_weight": 0.6666666666666666,
      "final_weight": 0.6666666666666666
    },
    "18047.47": {
      "votes": {
        "2": 2
      },
      "initial_weight": 0.5,
      "final_weight": 0.5
    },
    "18047.54": {
      "votes": {
        "3": 1
      },
      "initial_weight": 0.75,
      "final_weight": 0.75
    },
    "18047.45": {
      "votes": {
        "2": 1,
        "0": 1,
        "3": 1
      },
      "initial_weight": 0.4166666666666667,
      "final_weight": 0.2666666666666667
    },
    "18047.22": {
      "votes": {
        "3": 1,
        "0": 1
      },
      "initial_weight": 0.375,
      "final_weight": 0.375
    },
    "18047.16": {
      "votes": {
        "2": 1,
        "3": 3,
        "1": 1
      },
      "initial_weight": 0.6,
      "final_weight": 0.6
    }
  },
  "edges": {
    "18047.15": {
      "successor_id": "18047.1",
      "relation": 1.0
    },
    "18047.16": {
      "successor_id": "18047.1",
      "relation": -1.0
    },
    "18047.23": {
      "successor_id": "18047.1",
      "relation": -1.0
    },
    "18047.27": {
      "successor_id": "18047.1",
      "relation": -1.0
    },
    "18047.36": {
      "successor_id": "18047.1",
      "relation": -1.0
    },
    "18047.45": {
      "successor_id": "18047.1",
      "relation": 1.0
    },
    "18047.62": {
      "successor_id": "18047.1",
      "relation": 1.0
    },
    "18047.21": {
      "successor_id": "18047.15",
      "relation": -1.0
    },
    "18047.37": {
      "successor_id": "18047.15",
      "relation": 1.0
    },
    "18047.40": {
      "successor_id": "18047.23",
      "relation": -1.0
    },
    "18047.47": {
      "successor_id": "18047.23",
      "relation": 1.0
    },
    "18047.39": {
      "successor_id": "18047.36",
      "relation": -1.0
    },
    "18047.54": {
      "successor_id": "18047.45",
      "relation": -1.0
    },
    "18047.22": {
      "successor_id": "18047.21",
      "relation": -1.0
    },
    "18047.24": {
      "successor_id": "18047.21",
      "relation": 1.0
    },
    "18047.38": {
      "successor_id": "18047.37",
      "relation": -1.0
    },
    "18047.46": {
      "successor_id": "18047.37",
      "relation": -1.0
    },
    "18047.55": {
      "successor_id": "18047.39",
      "relation": -1.0
    }
  }
}