{
  "nodes": {
    "18047.51": {
      "votes": {
        "1": 1,
        "4": 1
      },
      "initial_weight": 0.625,
      "final_weight": 0.625
    },
    "18047.61": {
      "votes": {
        "2": 1
      },
      "initial_weight": 0.5,
      "final_weight": 0.5
    },
    "18047.48": {
      "votes": {
        "3": 1,
        "2": 1
      },
      "initial_weight": 0.625,
      "final_weight": 0.625
    },
    "18047.34": {
      "votes": {
        "3": 3,
        "4": 1
      },
      "initial_weight": 0.8125,
      "final_weight": 0.8125
    },
    "18047.49": {
      "votes": {
        "3": 2,
        "1": 1,
        "2": 1
      },
      "initial_weight": 0.5625,
      "final_weight": 0.45
    },
    "18047.32": {
      "votes": {
        "4": 3,
        "2": 1
      },
      "initial_weight": 0.875,
      "final_weight": 0.869359513197181
    },
    "18047.33": {
      "votes": {
        "0": 1,
        "3": 2
      },
      "initial_weight": 0.5,
      "final_weight": 0.23195129022905187
    },
    "18047.41": {
      "votes": {
        "2": 1,
        "1": 1,
        "3": 1
      },
      "initial_weight": 0.5,
      "final_weight": 0.5
    }
  },
  "edges": {
    "18047.33": {
      "successor_id": "18047.32",
      "relation": 1.0
    },
    "18047.34": {
      "successor_id": "18047.32",
      "relation": 1.0
    },
    "18047.41": {
      "successor_id": "18047.32",
      "relation": -1.0
    },
    "18047.48": {
      "successor_id": "18047.32",
      "relation": -1.0
    },
    "18047.49": {
      "successor_id": "18047.33",
      "relation": -1.0
    },
    "18047.51": {
      "successor_id": "18047.33",
      "relation": -1.0
    },
    "18047.61": {
      "successor_id": "18047.49",
      "relation": -1.0
    }
  }
}