{
  "nodes": {
    "18081.43": {
      "votes": {
        "1": 1,
        "4": 7
      },
      "initial_weight": 0.90625,
      "final_weight": 0.9435294117647058
    },
    "18081.44": {
      "votes": {
        "1": 1,
        "4": 3
      },
      "initial_weight": 0.8125,
      "final_weight": 0.8125
    }
  },
  "edges": {
    "18081.44": {
      "successor_id": "18081.43",
      "relation": 1.0
    }
  }
}