{
  "nodes": {
    "18081.15": {
      "votes": {
        "4": 1,
        "3": 1
      },
      "initial_weight": 0.875,
      "final_weight": 0.875
    },
    "18081.38": {
      "votes": {
        "4": 1,
        "3": 1
      },
      "initial_weight": 0.875,
      "final_weight": 0.875
    },
    "18081.4": {
      "votes": {
        "4": 7,
        "2": 1,
        "3": 1
      },
      "initial_weight": 0.9166666666666666,
      "final_weight": 0.9956284153005465
    },
    "18081.21": {
      "votes": {
        "3": 2
      },
      "initial_weight": 0.75,
      "final_weight": 0.75
    },
    "18081.16": {
      "votes": {
        "3": 2
      },
      "initial_weight": 0.75,
      "final_weight": 0.75
    },
    "18081.72": {
      "votes": {
        "4": 2
      },
      "initial_weight": 1.0,
      "final_weight": 1.0
    }
  },
  "edges": {
    "18081.15": {
      "successor_id": "18081.4",
      "relation": 1.0
    },
    "18081.16": {
      "successor_id": "18081.4",
      "relation": 1.0
    },
    "18081.21": {
      "successor_id": "18081.4",
      "relation": 1.0
    },
    "18081.38": {
      "successor_id": "18081.4",
      "relation": 1.0
    },
    "18081.72": {
      "successor_id": "18081.4",
      "relation": 1.0
    }
  }
}