{
  "nodes": {
    "18081.23": {
      "votes": {
        "1": 1,
        "2": 1,
        "4": 1
      },
      "initial_weight": 0.5833333333333334,
      "final_weight": 0.5833333333333334
    },
    "18081.26": {
      "votes": {
        "3": 3,
        "1": 1
      },
      "initial_weight": 0.625,
      "final_weight": 0.8702702702702703
    },
    "18081.64": {
      "votes": {
        "2": 1
      },
      "initial_weight": 0.5,
      "final_weight": 0.5
    },
    "18081.67": {
      "votes": {
        "0": 1
      },
      "initial_weight": 0.0,
      "final_weight": 0.0
    },
    "18081.24": {
      "votes": {
        "1": 1,
        "3": 2
      },
      "initial_weight": 0.5833333333333334,
      "final_weight": 0.6666666666666667
    },
    "18081.28": {
      "votes": {
        "4": 1
      },
      "initial_weight": 1.0,
      "final_weight": 1.0
    },
    "18081.27": {
      "votes": {
        "3": 1,
        "4": 1
      },
      "initial_weight": 0.875,
      "final_weight": 0.875
    },
    "18081.29": {
      "votes": {},
      "initial_weight": 0.5,
      "final_weight": 0.5
    },
    "18081.56": {
      "votes": {},
      "initial_weight": 0.5,
      "final_weight": 0.5
    },
    "18081.55": {
      "votes": {
        "3": 2,
        "0": 1
      },
      "initial_weight": 0.5,
      "final_weight": 0.6
    },
    "18081.6": {
      "votes": {
        "4": 3,
        "2": 2
      },
      "initial_weight": 0.8,
      "final_weight": 0.9228539363204122
    },
    "18081.71": {
      "votes": {
        "3": 1,
        "0": 1
      },
      "initial_weight": 0.375,
      "final_weight": 0.375
    },
    "18081.25": {
      "votes": {
        "1": 1,
        "4": 1,
        "3": 1
      },
      "initial_weight": 0.6666666666666666,
      "final_weight": 0.6666666666666666
    }
  },
  "edges": {
    "18081.23": {
      "successor_id": "18081.6",
      "relation": -1.0
    },
    "18081.24": {
      "successor_id": "18081.6",
      "relation": 1.0
    },
    "18081.25": {
      "successor_id": "18081.6",
      "relation": -1.0
    },
    "18081.26": {
      "successor_id": "18081.6",
      "relation": 1.0
    },
    "18081.55": {
      "successor_id": "18081.6",
      "relation": 1.0
    },
    "18081.71": {
      "successor_id": "18081.6",
      "relation": 1.0
    },
    "18081.64": {
      "successor_id": "18081.24",
      "relation": 1.0
    },
    "18081.67": {
      "successor_id": "18081.25",
      "relation": -1.0
    },
    "18081.27": {
      "successor_id": "18081.26",
      "relation": 1.0
    },
    "18081.28": {
      "successor_id": "18081.26",
      "relation": 1.0
    },
    "18081.29": {
      "successor_id": "18081.26",
      "relation": -1.0
    },
    "18081.56": {
      "successor_id": "18081.55",
      "relation": 1.0
    }
  }
}