{
  "nodes": {
    "18081.42": {
      "votes": {
        "4": 3
      },
      "initial_weight": 1.0,
      "final_weight": 1.0
    },
    "18081.45": {
      "votes": {
        "3": 2,
        "4": 1
      },
      "initial_weight": 0.8333333333333334,
      "final_weight": 0.8333333333333334
    },
    "18081.41": {
      "votes": {
        "4": 3,
        "2": 1,
        "3": 1
      },
      "initial_weight": 0.85,
      "final_weight": 0.3910543130990417
    },
    "18081.59": {
      "votes": {
        "3": 1,
        "4": 2
      },
      "initial_weight": 0.9166666666666666,
      "final_weight": 0.9166666666666666
    }
  },
  "edges": {
    "18081.42": {
      "successor_id": "18081.41",
      "relation": -1.0
    },
    "18081.45": {
      "successor_id": "18081.41",
      "relation": 1.0
    },
    "18081.59": {
      "successor_id": "18081.41",
      "relation": -1.0
    }
  }
}