{
  "nodes": {
    "24431.4604": {
      "votes": {
        "4": 7,
        "3": 3,
        "1": 1,
        "2": 1,
        "0": 2
      },
      "initial_weight": 0.7142857142857143,
      "final_weight": 0.7142857142857143
    },
    "24431.996": {
      "votes": {
        "4": 97,
        "3": 26,
        "1": 34,
        "2": 22,
        "0": 84
      },
      "initial_weight": 0.5171102661596958,
      "final_weight": 0.8237317019011614
    },
    "24431.5624": {
      "votes": {
        "0": 1,
        "4": 2,
        "1": 1
      },
      "initial_weight": 0.5625,
      "final_weight": 0.5625
    },
    "24431.2226": {
      "votes": {},
      "initial_weight": 0.5,
      "final_weight": 0.5
    },
    "24431.4967": {
      "votes": {},
      "initial_weight": 0.5,
      "final_weight": 0.5
    },
    "24431.2342": {
      "votes": {
        "0": 1,
        "2": 1,
        "4": 1
      },
      "initial_weight": 0.5,
      "final_weight": 0.5
    },
    "24431.1460": {
      "votes": {
        "0": 1,
        "4": 2
      },
      "initial_weight": 0.6666666666666666,
      "final_weight": 0.5333333333333333
    },
    "24431.5698": {
      "votes": {},
      "initial_weight": 0.5,
      "final_weight": 0.5
    },
    "24431.1174": {
      "votes": {
        "2": 1
      },
      "initial_weight": 0.5,
      "final_weight": 0.5
    },
    "24431.4318": {
      "votes": {},
      "initial_weight": 0.5,
      "final_weight": 0.5
    },
    "24431.2188": {
      "votes": {},
      "initial_weight": 0.5,
      "final_weight": 0.5
    },
    "24431.1046": {
      "votes": {},
      "initial_weight": 0.5,
      "final_weight": 0.5
    },
    "24431.2078": {
      "votes": {
        "0": 4,
        "2": 2,
        "1": 2,
        "3": 1,
        "4": 1
      },
      "initial_weight": 0.325,
      "final_weight": 0.325
    },
    "24431.4660": {
      "votes": {
        "4": 2
      },
      "initial_weight": 1.0,
      "final_weight": 1.0
    },
    "24431.2063": {
      "votes": {
        "4": 4,
        "2": 1
      },
      "initial_weight": 0.9,
      "final_weight": 0.9
    },
    "24431.1696": {
      "votes": {
        "4": 4,
        "2": 1,
        "1": 2
      },
      "initial_weight": 0.7142857142857143,
      "final_weight": 0.7142857142857143
    },
    "24431.1166": {
      "votes": {
        "0": 1,
        "1": 1,
        "4": 2
      },
      "initial_weight": 0.5625,
      "final_weight": 0.5625
    },
    "24431.1305": {
      "votes": {
        "0": 7,
        "2": 1,
        "1": 4,
        "3": 6,
        "4": 11
      },
      "initial_weight": 0.5862068965517241,
      "final_weight": 0.18037135278514588
    },
    "24431.2479": {
      "votes": {},
      "initial_weight": 0.5,
      "final_weight": 0.5
    },
    "24431.2077": {
      "votes": {},
      "initial_weight": 0.5,
      "final_weight": 0.5
    },
    "24431.1111": {
      "votes": {
        "0": 8,
        "4": 26,
        "1": 6,
        "2": 5,
        "3": 4
      },
      "initial_weight": 0.673469387755102,
      "final_weight": 0.23991607299555578
    },
    "24431.4654": {
      "votes": {
        "3": 1,
        "4": 3,
        "0": 6,
        "1": 1
      },
      "initial_weight": 0.36363636363636365,
      "final_weight": 0.7516629711751663
    },
    "24431.4602": {
      "votes": {
        "3": 1
      },
      "initial_weight": 0.75,
      "final_weight": 0.75
    },
    "24431.1120": {
      "votes": {
        "2": 1,
        "1": 1,
        "3": 1,
        "4": 1
      },
      "initial_weight": 0.625,
      "final_weight": 0.625
    },
    "24431.5566": {
      "votes": {
        "3": 1,
        "0": 1
      },
      "initial_weight": 0.375,
      "final_weight": 0.375
    },
    "24431.1815": {
      "votes": {
        "4": 17,
        "0": 4,
        "3": 4,
        "2": 2,
        "1": 4
      },
      "initial_weight": 0.7096774193548387,
      "final_weight": 0.9202547417970373
    },
    "24431.2184": {
      "votes": {
        "4": 1
      },
      "initial_weight": 1.0,
      "final_weight": 1.0
    },
    "24431.5243": {
      "votes": {},
      "initial_weight": 0.5,
      "final_weight": 0.5
    },
    "24431.1879": {
      "votes": {},
      "initial_weight": 0.5,
      "final_weight": 0.5
    },
    "24431.2222": {
      "votes": {
        "4": 1
      },
      "initial_weight": 1.0,
      "final_weight": 1.0
    },
    "24431.2109": {
      "votes": {
        "1": 1,
        "2": 2,
        "0": 4,
        "3": 4,
        "4": 6
      },
      "initial_weight": 0.6029411764705882,
      "final_weight": 0.8680244545078164
    },
    "24431.2537": {
      "votes": {
        "4": 1,
        "2": 1,
        "0": 3
      },
      "initial_weight": 0.3,
      "final_weight": 0.3
    },
    "24431.1266": {
      "votes": {},
      "initial_weight": 0.5,
      "final_weight": 0.5
    },
    "24431.2224": {
      "votes": {},
      "initial_weight": 0.5,
      "final_weight": 0.5
    },
    "24431.1073": {
      "votes": {
        "2": 6,
        "1": 7,
        "0": 19,
        "4": 5,
        "3": 3
      },
      "initial_weight": 0.3,
      "final_weight": 0.06720829732065683
    },
    "24431.4658": {
      "votes": {},
      "initial_weight": 0.5,
      "final_weight": 0.5
    },
    "24431.4961": {
      "votes": {},
      "initial_weight": 0.5,
      "final_weight": 0.5
    },
    "24431.1442": {
      "votes": {},
      "initial_weight": 0.5,
      "final_weight": 0.5
    },
    "24431.4971": {
      "votes": {
        "0": 4,
        "4": 2
      },
      "initial_weight": 0.3333333333333333,
      "final_weight": 0.667314544253691
    },
    "24431.1118": {
      "votes": {
        "4": 6,
        "3": 2,
        "1": 1
      },
      "initial_weight": 0.8611111111111112,
      "final_weight": 0.8611111111111112
    },
    "24431.1043": {
      "votes": {
        "2": 1,
        "4": 3,
        "0": 1
      },
      "initial_weight": 0.7,
      "final_weight": 0.29647058823529415
    },
    "24431.2223": {
      "votes": {
        "3": 1,
        "4": 2,
        "2": 2
      },
      "initial_weight": 0.75,
      "final_weight": 0.75
    },
    "24431.1965": {
      "votes": {
        "4": 2
      },
      "initial_weight": 1.0,
      "final_weight": 1.0
    },
    "24431.1047": {
      "votes": {
        "4": 2,
        "0": 1,
        "2": 1
      },
      "initial_weight": 0.625,
      "final_weight": 0.625
    },
    "24431.1143": {
      "votes": {},
      "initial_weight": 0.5,
      "final_weight": 0.5019455252918288
    },
    "24431.1227": {
      "votes": {
        "3": 1,
        "4": 5
      },
      "initial_weight": 0.9583333333333334,
      "final_weight": 0.29487179487179493
    },
    "24431.4316": {
      "votes": {},
      "initial_weight": 0.5,
      "final_weight": 0.5
    },
    "24431.5001": {
      "votes": {
        "3": 1,
        "1": 1,
        "4": 2,
        "0": 2,
        "2": 1
      },
      "initial_weight": 0.5,
      "final_weight": 0.4
    },
    "24431.1461": {
      "votes": {
        "4": 3
      },
      "initial_weight": 1.0,
      "final_weight": 1.0
    },
    "24431.1243": {
      "votes": {
        "2": 2,
        "4": 2
      },
      "initial_weight": 0.75,
      "final_weight": 0.5839100346020761
    },
    "24431.1183": {
      "votes": {
        "4": 4,
        "0": 1,
        "3": 5
      },
      "initial_weight": 0.775,
      "final_weight": 0.62
    },
    "24431.2225": {
      "votes": {
        "4": 1
      },
      "initial_weight": 1.0,
      "final_weight": 1.0
    },
    "24431.1020": {
      "votes": {
        "3": 7,
        "1": 5,
        "4": 8,
        "0": 8,
        "2": 3
      },
      "initial_weight": 0.5161290322580645,
      "final_weight": 0.09206764384122279
    },
    "24431.1065": {
      "votes": {
        "3": 1,
        "4": 5,
        "2": 2
      },
      "initial_weight": 0.84375,
      "final_weight": 0.675
    },