{
  "nodes": {
    "24431.103": {
      "votes": {},
      "initial_weight": 0.5,
      "final_weight": 0.5
    },
    "24431.112": {
      "votes": {},
      "initial_weight": 0.5,
      "final_weight": 0.29137931034482756
    },
    "24431.170": {
      "votes": {
        "1": 1,
        "0": 1,
        "2": 2
      },
      "initial_weight": 0.3125,
      "final_weight": 0.3125
    },
    "24431.161": {
      "votes": {
        "-2": 1,
        "3": 2,
        "1": 4,
        "2": 1,
        "0": 2
      },
      "initial_weight": 0.3333333333333333,
      "final_weight": 0.2749362593969517
    },
    "24431.104": {
      "votes": {
        "2": 2,
        "3": 1,
        "4": 4,
        "1": 2
      },
      "initial_weight": 0.6944444444444444,
      "final_weight": 0.6944444444444444
    },
    "24431.333": {
      "votes": {
        "0": 3,
        "4": 1,
        "3": 2,
        "1": 2
      },
      "initial_weight": 0.375,
      "final_weight": 0.9041778459179762
    },
    "24431.384": {
      "votes": {
        "3": 1
      },
      "initial_weight": 0.75,
      "final_weight": 0.75
    },
    "24431.167": {
      "votes": {
        "2": 1
      },
      "initial_weight": 0.5,
      "final_weight": 0.5
    },
    "24431.1402": {
      "votes": {
        "3": 2,
        "0": 6,
        "4": 2
      },
      "initial_weight": 0.35,
      "final_weight": 0.18396846254927723
    },
    "24431.966": {
      "votes": {
        "1": 2
      },
      "initial_weight": 0.25,
      "final_weight": 0.25
    },
    "24431.153": {
      "votes": {
        "2": 1
      },
      "initial_weight": 0.5,
      "final_weight": 0.5
    },
    "24431.154": {
      "votes": {
        "3": 1
      },
      "initial_weight": 0.75,
      "final_weight": 0.75
    },
    "24431.334": {
      "votes": {
        "4": 1
      },
      "initial_weight": 1.0,
      "final_weight": 1.0
    },
    "24431.113": {
      "votes": {},
      "initial_weight": 0.5,
      "final_weight": 0.5
    },
    "24431.7": {
      "votes": {
        "4": 10,
        "3": 9,
        "1": 20,
        "2": 9,
        "0": 53
      },
      "initial_weight": 0.2599009900990099,
      "final_weight": 0.23991863968480853
    },
    "24431.173": {
      "votes": {
        "0": 1,
        "2": 3
      },
      "initial_weight": 0.375,
      "final_weight": 0.3232758620689655
    },
    "24431.157": {
      "votes": {
        "0": 3,
        "-2": 1,
        "3": 4,
        "2": 2,
        "1": 3
      },
      "initial_weight": 0.3958333333333333,
      "final_weight": 0.567593037164325
    },
    "24431.94": {
      "votes": {
        "3": 1,
        "4": 2,
        "0": 1,
        "2": 1
      },
      "initial_weight": 0.65,
      "final_weight": 0.65
    },
    "24431.159": {
      "votes": {
        "2": 1
      },
      "initial_weight": 0.5,
      "final_weight": 0.5
    },
    "24431.98": {
      "votes": {
        "4": 3,
        "3": 2,
        "1": 1,
        "2": 1
      },
      "initial_weight": 0.75,
      "final_weight": 0.8
    },
    "24431.158": {
      "votes": {
        "2": 1,
        "0": 2,
        "4": 3,
        "3": 1
      },
      "initial_weight": 0.6071428571428571,
      "final_weight": 0.6302521008403361
    },
    "24431.625": {
      "votes": {
        "2": 1
      },
      "initial_weight": 0.5,
      "final_weight": 0.7423875521665206
    },
    "24431.2373": {
      "votes": {},
      "initial_weight": 0.5,
      "final_weight": 0.5
    },
    "24431.943": {
      "votes": {},
      "initial_weight": 0.5,
      "final_weight": 0.5
    },
    "24431.97": {
      "votes": {},
      "initial_weight": 0.5,
      "final_weight": 0.5
    },
    "24431.151": {
      "votes": {
        "2": 1
      },
      "initial_weight": 0.5,
      "final_weight": 0.36764705882352944
    },
    "24431.1818": {
      "votes": {
        "4": 2
      },
      "initial_weight": 1.0,
      "final_weight": 1.0
    },
    "24431.176": {
      "votes": {},
      "initial_weight": 0.5,
      "final_weight": 0.5
    },
    "24431.339": {
      "votes": {},
      "initial_weight": 0.5,
      "final_weight": 0.5
    },
    "24431.485": {
      "votes": {
        "0": 1,
        "4": 5,
        "3": 2,
        "-2": 1,
        "2": 1,
        "1": 1
      },
      "initial_weight": 0.725,
      "final_weight": 0.802247191011236
    },
    "24431.1819": {
      "votes": {
        "4": 1
      },
      "initial_weight": 1.0,
      "final_weight": 1.0
    },
    "24431.93": {
      "votes": {
        "2": 1,
        "1": 3,
        "0": 3,
        "4": 5,
        "-2": 1,
        "3": 2
      },
      "initial_weight": 0.5535714285714286,
      "final_weight": 0.3891539040923927
    },
    "24431.164": {
      "votes": {
        "0": 1
      },
      "initial_weight": 0.0,
      "final_weight": 0.0
    },
    "24431.152": {
      "votes": {
        "2": 1,
        "1": 1
      },
      "initial_weight": 0.375,
      "final_weight": 0.375
    },
    "24431.162": {
      "votes": {
        "2": 1
      },
      "initial_weight": 0.5,
      "final_weight": 0.5
    },
    "24431.51": {
      "votes": {
        "3": 3,
        "0": 1,
        "4": 1
      },
      "initial_weight": 0.65,
      "final_weight": 0.72
    },
    "24431.156": {
      "votes": {},
      "initial_weight": 0.5,
      "final_weight": 0.5
    },
    "24431.163": {
      "votes": {
        "1": 1
      },
      "initial_weight": 0.25,
      "final_weight": 0.25
    },
    "24431.155": {
      "votes": {
        "2": 1
      },
      "initial_weight": 0.5,
      "final_weight": 0.6
    },
    "24431.1814": {
      "votes": {
        "4": 3,
        "0": 1
      },
      "initial_weight": 0.75,
      "final_weight": 0.95
    },
    "24431.291": {
      "votes": {
        "2": 1
      },
      "initial_weight": 0.5,
      "final_weight": 0.5
    },
    "24431.96": {
      "votes": {},
      "initial_weight": 0.5,
      "final_weight": 0.5
    },
    "24431.175": {
      "votes": {},
      "initial_weight": 0.5,
      "final_weight": 0.4
    },
    "24431.344": {
      "votes": {
        "3": 1
      },
      "initial_weight": 0.75,
      "final_weight": 0.75
    },
    "24431.169": {
      "votes": {
        "2": 6,
        "1": 2,
        "0": 2,
        "3": 1
      },
      "initial_weight": 0.38636363636363635,
      "final_weight": 0.5009466354330456
    },
    "24431.160": {
      "votes": {
        "3": 1
      },
      "initial_weight": 0.75,
      "final_weight": 0.75
    },
    "24431.165": {
      "votes": {
        "1": 2,
        "3": 2,
        "2": 1,
        "-2": 1,
        "4": 1
      },
      "initial_weight": 0.5833333333333334,
      "final_weight": 0.6449704142011835
    },
    "24431.649": {
      "votes": {
        "4": 2,
        "1": 1,
        "0": 1
      },
      "initial_weight": 0.5625,
      "final_weight": 0.5625
    },
    "24431.172": {
      "votes": {
        "3": 2,
        "2": 2,
        "0": 3,
        "1": 2,
        "-2": 1,
        "4": 1
      },
      "initial_weight": 0.4,
      "final_weight": 0.45677135023297283
    },
    "24431.335": {
      "votes": {},
      "initial_weight": 0.5,
      "final_weight": 0.6
    },
    "24431.938": {
      "votes": {},
      "initial_weight": 0.5,
      "final_weight": 0.8461538461538461
    },
    "24431.95": {
      "votes": {
        "4": 9,
        "-2": 1,
        "3": 1,
        "0": 1,
        "2": 2,
        "1": 2
      },
      "initial_weight": 0.75,
      "final_weight": 0.7854221241969965
    },
    "24431.650": {
      "votes": {
        "3": 2,
        "4": 5,
        "0": 1
      },
      "initial_weight": 0.8125,
      "final_weight": 0.8125
    },
    "24431.168": {
      "votes": {
        "3": 1
      },
      "initial_weight": 0.75,
      "final_weight": 0.75
    },
    "24431.573": {
      "votes": {
        "2": 3,
        "1": 2,
        "0": 2,
        "4": 2,
        "-2": 1,
        "3": 4
      },