{
  "nodes": {
    "24431.242": {
      "votes": {},
      "initial_weight": 0.5,
      "final_weight": 0.5
    },
    "24431.409": {
      "votes": {
        "4": 1
      },
      "initial_weight": 1.0,
      "final_weight": 1.0
    },
    "24431.482": {
      "votes": {
        "4": 1
      },
      "initial_weight": 1.0,
      "final_weight": 1.0
    },
    "24431.4291": {
      "votes": {},
      "initial_weight": 0.5,
      "final_weight": 0.6
    },
    "24431.860": {
      "votes": {
        "4": 4
      },
      "initial_weight": 1.0,
      "final_weight": 1.0
    },
    "24431.869": {
      "votes": {
        "4": 2,
        "2": 1
      },
      "initial_weight": 0.8333333333333334,
      "final_weight": 0.8333333333333334
    },
    "24431.673": {
      "votes": {
        "1": 1,
        "4": 5,
        "2": 3
      },
      "initial_weight": 0.75,
      "final_weight": 0.75
    },
    "24431.385": {
      "votes": {},
      "initial_weight": 0.5,
      "final_weight": 0.5
    },
    "24431.419": {
      "votes": {
        "4": 1
      },
      "initial_weight": 1.0,
      "final_weight": 1.0
    },
    "24431.480": {
      "votes": {
        "4": 1
      },
      "initial_weight": 1.0,
      "final_weight": 1.0
    },
    "24431.456": {
      "votes": {},
      "initial_weight": 0.5,
      "final_weight": 0.5
    },
    "24431.33": {
      "votes": {
        "2": 1
      },
      "initial_weight": 0.5,
      "final_weight": 0.5
    },
    "24431.224": {
      "votes": {
        "2": 1,
        "3": 1
      },
      "initial_weight": 0.625,
      "final_weight": 0.625
    },
    "24431.2524": {
      "votes": {
        "2": 2,
        "3": 1,
        "-2": 1,
        "4": 1
      },
      "initial_weight": 0.6875,
      "final_weight": 0.9059253851798919
    },
    "24431.220": {
      "votes": {
        "3": 5,
        "2": 4,
        "0": 2,
        "1": 1,
        "-2": 1,
        "4": 8
      },
      "initial_weight": 0.7,
      "final_weight": 0.9261538461538461
    },
    "24431.222": {
      "votes": {
        "3": 1
      },
      "initial_weight": 0.75,
      "final_weight": 0.75
    },
    "24431.239": {
      "votes": {
        "3": 1,
        "4": 1,
        "1": 1
      },
      "initial_weight": 0.6666666666666666,
      "final_weight": 0.41778018598538574
    },
    "24431.721": {
      "votes": {},
      "initial_weight": 0.5,
      "final_weight": 0.5
    },
    "24431.521": {
      "votes": {
        "0": 1
      },
      "initial_weight": 0.0,
      "final_weight": 0.5
    },
    "24431.246": {
      "votes": {},
      "initial_weight": 0.5,
      "final_weight": 0.5
    },
    "24431.865": {
      "votes": {
        "3": 1,
        "2": 1,
        "4": 1
      },
      "initial_weight": 0.75,
      "final_weight": 0.75
    },
    "24431.864": {
      "votes": {
        "4": 1,
        "1": 1
      },
      "initial_weight": 0.625,
      "final_weight": 0.625
    },
    "24431.218": {
      "votes": {
        "3": 1
      },
      "initial_weight": 0.75,
      "final_weight": 0.75
    },
    "24431.1605": {
      "votes": {
        "-2": 1,
        "4": 2,
        "1": 2,
        "0": 14
      },
      "initial_weight": 0.1388888888888889,
      "final_weight": 0.06944444444444445
    },
    "24431.316": {
      "votes": {
        "2": 1,
        "3": 1,
        "0": 1,
        "1": 1
      },
      "initial_weight": 0.375,
      "final_weight": 0.375
    },
    "24431.407": {
      "votes": {
        "0": 1,
        "2": 2,
        "1": 2,
        "3": 1,
        "4": 3
      },
      "initial_weight": 0.5833333333333334,
      "final_weight": 0.9166666666666667
    },
    "24431.4299": {
      "votes": {},
      "initial_weight": 0.5,
      "final_weight": 0.5
    },
    "24431.858": {
      "votes": {
        "4": 1
      },
      "initial_weight": 1.0,
      "final_weight": 1.0
    },
    "24431.245": {
      "votes": {
        "4": 1,
        "0": 1
      },
      "initial_weight": 0.5,
      "final_weight": 0.75
    },
    "24431.2513": {
      "votes": {},
      "initial_weight": 0.5,
      "final_weight": 0.5
    },
    "24431.1801": {
      "votes": {
        "3": 1
      },
      "initial_weight": 0.75,
      "final_weight": 0.75
    },
    "24431.863": {
      "votes": {
        "4": 1,
        "2": 1
      },
      "initial_weight": 0.75,
      "final_weight": 0.75
    },
    "24431.108": {
      "votes": {
        "0": 2,
        "2": 1,
        "1": 1,
        "-2": 1,
        "4": 1
      },
      "initial_weight": 0.35,
      "final_weight": 0.3068493150684931
    },
    "24431.2144": {
      "votes": {
        "4": 1
      },
      "initial_weight": 1.0,
      "final_weight": 1.0
    },
    "24431.216": {
      "votes": {
        "2": 1,
        "1": 1,
        "4": 3,
        "3": 1
      },
      "initial_weight": 0.75,
      "final_weight": 0.9587628865979382
    },
    "24431.854": {
      "votes": {
        "4": 5,
        "3": 2
      },
      "initial_weight": 0.9285714285714286,
      "final_weight": 0.9963216041892842
    },
    "24431.219": {
      "votes": {},
      "initial_weight": 0.5,
      "final_weight": 0.5
    },
    "24431.345": {
      "votes": {},
      "initial_weight": 0.5,
      "final_weight": 0.5
    },
    "24431.4302": {
      "votes": {},
      "initial_weight": 0.5,
      "final_weight": 0.5
    },
    "24431.2132": {
      "votes": {
        "3": 1
      },
      "initial_weight": 0.75,
      "final_weight": 0.75
    },
    "24431.418": {
      "votes": {
        "4": 1
      },
      "initial_weight": 1.0,
      "final_weight": 1.0
    },
    "24431.477": {
      "votes": {
        "4": 1
      },
      "initial_weight": 1.0,
      "final_weight": 1.0
    },
    "24431.453": {
      "votes": {
        "4": 1,
        "0": 1,
        "1": 1
      },
      "initial_weight": 0.4166666666666667,
      "final_weight": 0.4166666666666667
    },
    "24431.260": {
      "votes": {
        "4": 2,
        "2": 2,
        "1": 1
      },
      "initial_weight": 0.65,
      "final_weight": 0.8789189189189189
    },
    "24431.411": {
      "votes": {
        "4": 1
      },
      "initial_weight": 1.0,
      "final_weight": 1.0
    },
    "24431.422": {
      "votes": {
        "4": 1
      },
      "initial_weight": 1.0,
      "final_weight": 1.0
    },
    "24431.217": {
      "votes": {
        "4": 1
      },
      "initial_weight": 1.0,
      "final_weight": 1.0
    },
    "24431.2369": {
      "votes": {},
      "initial_weight": 0.5,
      "final_weight": 0.4
    },
    "24431.862": {
      "votes": {
        "3": 1,
        "4": 2
      },
      "initial_weight": 0.9166666666666666,
      "final_weight": 0.9166666666666666
    },
    "24431.5": {
      "votes": {
        "3": 17,
        "1": 18,
        "4": 18,
        "0": 58,
        "2": 15
      },
      "initial_weight": 0.3392857142857143,
      "final_weight": 0.9251809777501242
    },
    "24431.32": {
      "votes": {
        "4": 1,
        "3": 1
      },
      "initial_weight": 0.875,
      "final_weight": 0.875
    },
    "24431.479": {
      "votes": {
        "4": 1
      },
      "initial_weight": 1.0,
      "final_weight": 1.0
    },
    "24431.853": {
      "votes": {},
      "initial_weight": 0.5,
      "final_weight": 0.771839026293943
    },
    "24431.317": {
      "votes": {
        "0": 3,
        "4": 1,
        "3": 2,
        "2": 2
      },
      "initial_weight": 0.4375,
      "final_weight": 0.4375
    },
    "24431.2131": {
      "votes": {
        "4": 2
      },
      "initial_weight": 1.0,
      "final_weight": 1.0
    },
    "24431.410": {
      "votes": {
        "3": 1
      },
      "initial_weight": 0.75,
      "final_weight": 0.75
    },
    "24431.214": {
      "votes": {
        "-2": 1,
        "4": 8,
        "3": 1,
        "1": 2,
        "0": 1
      },
      "initial_weight": 0.7708333333333334,
      "final_weight": 0.7937500000000001
    },