{
  "nodes": {
    "24431.1526": {
      "votes": {
        "-2": 1,
        "0": 1
      },
      "initial_weight": 0.0,
      "final_weight": 0.0
    },
    "24431.2201": {
      "votes": {
        "3": 1
      },
      "initial_weight": 0.75,
      "final_weight": 0.75
    },
    "24431.1431": {
      "votes": {
        "-2": 1,
        "4": 1,
        "1": 2,
        "2": 1
      },
      "initial_weight": 0.5,
      "final_weight": 0.5
    },
    "24431.1376": {
      "votes": {
        "1": 4,
        "2": 3,
        "0": 20,
        "3": 1,
        "4": 2
      },
      "initial_weight": 0.175,
      "final_weight": 0.1692936385647961
    },
    "24431.1429": {
      "votes": {
        "0": 1,
        "2": 1
      },
      "initial_weight": 0.25,
      "final_weight": 0.25
    },
    "24431.1919": {
      "votes": {
        "4": 1,
        "3": 1
      },
      "initial_weight": 0.875,
      "final_weight": 0.875
    },
    "24431.1430": {
      "votes": {
        "4": 2,
        "0": 1,
        "1": 1,
        "2": 1,
        "-2": 1
      },
      "initial_weight": 0.55,
      "final_weight": 0.55
    },
    "24431.1444": {
      "votes": {
        "4": 2,
        "2": 1,
        "1": 1
      },
      "initial_weight": 0.6875,
      "final_weight": 0.6914056472766549
    },
    "24431.1416": {
      "votes": {
        "3": 1,
        "4": 1,
        "-2": 1,
        "0": 2
      },
      "initial_weight": 0.4375,
      "final_weight": 0.4375
    }
  },
  "edges": {
    "24431.1444": {
      "successor_id": "24431.1376",
      "relation": 1.0
    },
    "24431.1919": {
      "successor_id": "24431.1376",
      "relation": -1.0
    },
    "24431.1431": {
      "successor_id": "24431.1444",
      "relation": 1.0
    },
    "24431.1429": {
      "successor_id": "24431.1444",
      "relation": 1.0
    },
    "24431.1430": {
      "successor_id": "24431.1444",
      "relation": 1.0
    },
    "24431.1416": {
      "successor_id": "24431.1444",
      "relation": -1.0
    },
    "24431.1526": {
      "successor_id": "24431.1444",
      "relation": 1.0
    },
    "24431.2201": {
      "successor_id": "24431.1444",
      "relation": -1.0
    }
  }
}