{
  "nodes": {
    "24907.226": {
      "votes": {},
      "initial_weight": 0.5,
      "final_weight": 0.5
    },
    "24907.460": {
      "votes": {},
      "initial_weight": 0.5,
      "final_weight": 0.5
    },
    "24907.169": {
      "votes": {},
      "initial_weight": 0.5,
      "final_weight": 0.5
    },
    "24907.165": {
      "votes": {
        "4": 2
      },
      "initial_weight": 1.0,
      "final_weight": 1.0
    },
    "24907.462": {
      "votes": {},
      "initial_weight": 0.5,
      "final_weight": 0.5
    },
    "24907.376": {
      "votes": {},
      "initial_weight": 0.5,
      "final_weight": 0.5
    },
    "24907.228": {
      "votes": {},
      "initial_weight": 0.5,
      "final_weight": 0.5
    },
    "24907.55": {
      "votes": {
        "1": 1,
        "3": 1,
        "4": 1
      },
      "initial_weight": 0.6666666666666666,
      "final_weight": 0.8333333333333333
    },
    "24907.171": {
      "votes": {
        "4": 1
      },
      "initial_weight": 1.0,
      "final_weight": 1.0
    }
  },
  "edges": {
    "24907.165": {
      "successor_id": "24907.55",
      "relation": 1.0
    },
    "24907.169": {
      "successor_id": "24907.55",
      "relation": -1.0
    },
    "24907.376": {
      "successor_id": "24907.55",
      "relation": 1.0
    },
    "24907.171": {
      "successor_id": "24907.169",
      "relation": -1.0
    },
    "24907.226": {
      "successor_id": "24907.169",
      "relation": 1.0
    },
    "24907.228": {
      "successor_id": "24907.169",
      "relation": 1.0
    },
    "24907.460": {
      "successor_id": "24907.169",
      "relation": 1.0
    },
    "24907.462": {
      "successor_id": "24907.169",
      "relation": -1.0
    }
  }
}