{
  "nodes": {
    "25148.223": {
      "votes": {},
      "initial_weight": 0.5,
      "final_weight": 0.6
    },
    "25148.69": {
      "votes": {
        "4": 1,
        "0": 1,
        "3": 1
      },
      "initial_weight": 0.5833333333333334,
      "final_weight": 0.14358974358974358
    },
    "25148.170": {
      "votes": {
        "0": 3,
        "2": 2,
        "1": 1,
        "4": 1
      },
      "initial_weight": 0.32142857142857145,
      "final_weight": 0.06428571428571428
    },
    "25148.231": {
      "votes": {
        "4": 2
      },
      "initial_weight": 1.0,
      "final_weight": 1.0
    },
    "25148.227": {
      "votes": {
        "4": 1
      },
      "initial_weight": 1.0,
      "final_weight": 1.0
    },
    "25148.79": {
      "votes": {},
      "initial_weight": 0.5,
      "final_weight": 0.5
    },
    "25148.70": {
      "votes": {
        "4": 1
      },
      "initial_weight": 1.0,
      "final_weight": 1.0
    },
    "25148.203": {
      "votes": {},
      "initial_weight": 0.5,
      "final_weight": 0.5
    },
    "25148.9": {
      "votes": {
        "4": 3,
        "3": 2,
        "1": 1,
        "2": 1
      },
      "initial_weight": 0.75,
      "final_weight": 0.8868778280542986
    },
    "25148.158": {
      "votes": {},
      "initial_weight": 0.5,
      "final_weight": 0.5
    },
    "25148.143": {
      "votes": {
        "4": 1
      },
      "initial_weight": 1.0,
      "final_weight": 1.0
    },
    "25148.162": {
      "votes": {
        "4": 1
      },
      "initial_weight": 1.0,
      "final_weight": 0.8
    },
    "25148.23": {
      "votes": {
        "2": 1,
        "4": 2
      },
      "initial_weight": 0.8333333333333334,
      "final_weight": 0.8333333333333334
    },
    "25148.237": {
      "votes": {
        "4": 1
      },
      "initial_weight": 1.0,
      "final_weight": 1.0
    },
    "25148.43": {
      "votes": {},
      "initial_weight": 0.5,
      "final_weight": 0.5
    },
    "25148.235": {
      "votes": {
        "4": 1
      },
      "initial_weight": 1.0,
      "final_weight": 1.0
    },
    "25148.20": {
      "votes": {
        "3": 1,
        "4": 1
      },
      "initial_weight": 0.875,
      "final_weight": 0.587248322147651
    },
    "25148.72": {
      "votes": {},
      "initial_weight": 0.5,
      "final_weight": 0.5
    },
    "25148.4": {
      "votes": {
        "4": 2,
        "0": 2,
        "1": 2,
        "3": 1
      },
      "initial_weight": 0.4642857142857143,
      "final_weight": 0.18118466898954705
    },
    "25148.71": {
      "votes": {},
      "initial_weight": 0.5,
      "final_weight": 0.5
    },
    "25148.32": {
      "votes": {},
      "initial_weight": 0.5,
      "final_weight": 0.6
    },
    "25148.16": {
      "votes": {
        "4": 2
      },
      "initial_weight": 1.0,
      "final_weight": 1.0
    },
    "25148.13": {
      "votes": {
        "0": 1,
        "2": 1,
        "3": 1,
        "4": 6
      },
      "initial_weight": 0.8055555555555556,
      "final_weight": 0.8161528574742964
    },
    "25148.1": {
      "votes": {
        "1": 1,
        "3": 2,
        "4": 1,
        "0": 1
      },
      "initial_weight": 0.55,
      "final_weight": 0.8633880317038377
    },
    "25148.37": {
      "votes": {},
      "initial_weight": 0.5,
      "final_weight": 0.5
    },
    "25148.18": {
      "votes": {
        "4": 1
      },
      "initial_weight": 1.0,
      "final_weight": 1.0
    },
    "25148.219": {
      "votes": {
        "4": 1
      },
      "initial_weight": 1.0,
      "final_weight": 0.7143519233740152
    },
    "25148.78": {
      "votes": {
        "4": 1,
        "3": 1
      },
      "initial_weight": 0.875,
      "final_weight": 0.875
    },
    "25148.241": {
      "votes": {
        "4": 1
      },
      "initial_weight": 1.0,
      "final_weight": 1.0
    },
    "25148.15": {
      "votes": {
        "1": 1,
        "4": 2
      },
      "initial_weight": 0.75,
      "final_weight": 0.10619218225169702
    },
    "25148.7": {
      "votes": {
        "4": 3,
        "2": 1,
        "3": 3
      },
      "initial_weight": 0.8214285714285714,
      "final_weight": 0.8352243372628688
    },
    "25148.10": {
      "votes": {},
      "initial_weight": 0.5,
      "final_weight": 0.5
    },
    "25148.239": {
      "votes": {
        "4": 1
      },
      "initial_weight": 1.0,
      "final_weight": 1.0
    },
    "25148.178": {
      "votes": {
        "0": 1
      },
      "initial_weight": 0.0,
      "final_weight": 0.0
    },
    "25148.36": {
      "votes": {
        "4": 1
      },
      "initial_weight": 1.0,
      "final_weight": 1.0
    },
    "25148.19": {
      "votes": {
        "0": 1,
        "4": 2,
        "2": 1
      },
      "initial_weight": 0.625,
      "final_weight": 0.449438202247191
    },
    "25148.199": {
      "votes": {
        "4": 1
      },
      "initial_weight": 1.0,
      "final_weight": 1.0
    },
    "25148.147": {
      "votes": {
        "3": 1
      },
      "initial_weight": 0.75,
      "final_weight": 0.6
    },
    "25148.180": {
      "votes": {
        "1": 1,
        "4": 1
      },
      "initial_weight": 0.625,
      "final_weight": 0.625
    },
    "25148.39": {
      "votes": {
        "3": 1,
        "2": 1,
        "4": 1
      },
      "initial_weight": 0.75,
      "final_weight": 0.75
    },
    "25148.64": {
      "votes": {},
      "initial_weight": 0.5,
      "final_weight": 0.5
    },
    "25148.47": {
      "votes": {
        "3": 1,
        "0": 1
      },
      "initial_weight": 0.375,
      "final_weight": 0.03749999999999998
    },
    "25148.174": {
      "votes": {
        "4": 1
      },
      "initial_weight": 1.0,
      "final_weight": 1.0
    },
    "25148.149": {
      "votes": {
        "3": 1
      },
      "initial_weight": 0.75,
      "final_weight": 0.75
    },
    "25148.61": {
      "votes": {},
      "initial_weight": 0.5,
      "final_weight": 0.5
    },
    "25148.75": {
      "votes": {
        "4": 1,
        "0": 1
      },
      "initial_weight": 0.5,
      "final_weight": 0.25
    },
    "25148.8": {
      "votes": {
        "2": 1,
        "1": 1,
        "4": 4,
        "3": 1
      },
      "initial_weight": 0.7857142857142857,
      "final_weight": 0.7956574256842354
    },
    "25148.154": {
      "votes": {},
      "initial_weight": 0.5,
      "final_weight": 0.25
    },
    "25148.156": {
      "votes": {},
      "initial_weight": 0.5,
      "final_weight": 0.5
    },
    "25148.48": {
      "votes": {
        "4": 1
      },
      "initial_weight": 1.0,
      "final_weight": 0.8
    },
    "25148.188": {
      "votes": {},
      "initial_weight": 0.5,
      "final_weight": 0.5
    },
    "25148.160": {
      "votes": {
        "4": 1
      },
      "initial_weight": 1.0,
      "final_weight": 1.0
    },
    "25148.201": {
      "votes": {},
      "initial_weight": 0.5,
      "final_weight": 0.5
    },
    "25148.197": {
      "votes": {
        "4": 1,
        "2": 1
      },
      "initial_weight": 0.75,
      "final_weight": 0.75
    },
    "25148.213": {
      "votes": {},
      "initial_weight": 0.5,
      "final_weight": 0.5
    },
    "25148.145": {
      "votes": {
        "0": 1
      },
      "initial_weight": 0.0,
      "final_weight": 0.0
    },
    "25148.77": {
      "votes": {},
      "initial_weight": 0.5,
      "final_weight": 0.5
    },
    "25148.164": {
      "votes": {},
      "initial_weight": 0.5,
      "final_weight": 0.5
    },
    "25148.168": {
      "votes": {
        "2": 1,
        "0": 1,
        "4": 1,
        "3": 1
      },
      "initial_weight": 0.5625,
      "final_weight": 0.5625
    },
    "25148.205": {
      "votes": {},
      "initial_weight": 0.5,
      "final_weight": 0.5
    },
    "25148.17": {
      "votes": {
        "0": 1,
        "4": 1
      },
      "initial_weight": 0.5,
      "final_weight": 0.5
    },
    "25148.176": {
      "votes": {},