{
  "nodes": {
    "25295.97": {
      "votes": {
        "4": 1
      },
      "initial_weight": 1.0,
      "final_weight": 1.0
    },
    "25295.1": {
      "votes": {
        "2": 2,
        "0": 6,
        "4": 8,
        "3": 1
      },
      "initial_weight": 0.5735294117647058,
      "final_weight": 0.8747634466028121
    },
    "25295.73": {
      "votes": {
        "1": 2,
        "2": 1,
        "3": 1,
        "4": 2
      },
      "initial_weight": 0.625,
      "final_weight": 0.625
    },
    "25295.22": {
      "votes": {
        "0": 4,
        "2": 1,
        "1": 1,
        "3": 3,
        "4": 7
      },
      "initial_weight": 0.625,
      "final_weight": 0.42665726375176305
    },
    "25295.75": {
      "votes": {
        "0": 1,
        "3": 1
      },
      "initial_weight": 0.375,
      "final_weight": 0.1875
    },
    "25295.89": {
      "votes": {
        "3": 1,
        "4": 1,
        "2": 2
      },
      "initial_weight": 0.6875,
      "final_weight": 0.6875
    },
    "25295.77": {
      "votes": {
        "3": 1,
        "4": 2,
        "2": 2
      },
      "initial_weight": 0.75,
      "final_weight": 0.6
    },
    "25295.46": {
      "votes": {
        "4": 2,
        "0": 1,
        "1": 3,
        "2": 2
      },
      "initial_weight": 0.46875,
      "final_weight": 0.234375
    },
    "25295.70": {
      "votes": {
        "2": 1,
        "0": 2
      },
      "initial_weight": 0.16666666666666666,
      "final_weight": 0.16666666666666666
    },
    "25295.92": {
      "votes": {
        "3": 1
      },
      "initial_weight": 0.75,
      "final_weight": 0.75
    },
    "25295.53": {
      "votes": {
        "4": 1
      },
      "initial_weight": 1.0,
      "final_weight": 1.0
    },
    "25295.63": {
      "votes": {
        "0": 4,
        "4": 3,
        "2": 1,
        "3": 1
      },
      "initial_weight": 0.4722222222222222,
      "final_weight": 0.3169276659209545
    },
    "25295.3": {
      "votes": {
        "3": 2,
        "1": 1,
        "4": 8,
        "0": 2,
        "2": 1
      },
      "initial_weight": 0.7321428571428571,
      "final_weight": 0.727521806637738
    },
    "25295.19": {
      "votes": {
        "3": 2,
        "2": 1,
        "0": 1,
        "4": 3
      },
      "initial_weight": 0.7142857142857143,
      "final_weight": 0.7142857142857143
    },
    "25295.27": {
      "votes": {
        "4": 3,
        "2": 2,
        "1": 2
      },
      "initial_weight": 0.6428571428571429,
      "final_weight": 0.6428571428571429
    },
    "25295.82": {
      "votes": {
        "4": 2,
        "2": 1
      },
      "initial_weight": 0.8333333333333334,
      "final_weight": 0.6666666666666667
    },
    "25295.93": {
      "votes": {},
      "initial_weight": 0.5,
      "final_weight": 0.5
    },
    "25295.49": {
      "votes": {
        "4": 5,
        "0": 2,
        "2": 1
      },
      "initial_weight": 0.6875,
      "final_weight": 0.55
    },
    "25295.91": {
      "votes": {
        "2": 1,
        "0": 1
      },
      "initial_weight": 0.25,
      "final_weight": 0.25
    },
    "25295.35": {
      "votes": {
        "4": 2,
        "3": 1,
        "1": 2,
        "2": 1
      },
      "initial_weight": 0.625,
      "final_weight": 0.625
    },
    "25295.58": {
      "votes": {
        "2": 1,
        "1": 1,
        "3": 4
      },
      "initial_weight": 0.625,
      "final_weight": 0.625
    },
    "25295.55": {
      "votes": {
        "4": 2
      },
      "initial_weight": 1.0,
      "final_weight": 1.0
    },
    "25295.42": {
      "votes": {
        "0": 3
      },
      "initial_weight": 0.0,
      "final_weight": 0.0
    },
    "25295.74": {
      "votes": {
        "2": 2,
        "4": 1,
        "0": 2
      },
      "initial_weight": 0.4,
      "final_weight": 0.4
    },
    "25295.12": {
      "votes": {
        "4": 9,
        "3": 2,
        "1": 2,
        "2": 1,
        "0": 3
      },
      "initial_weight": 0.6764705882352942,
      "final_weight": 0.6764705882352942
    },
    "25295.14": {
      "votes": {
        "4": 3,
        "0": 7,
        "3": 1,
        "2": 2,
        "1": 2
      },
      "initial_weight": 0.35,
      "final_weight": 0.07525539938292763
    },
    "25295.6": {
      "votes": {
        "2": 2,
        "3": 1,
        "4": 2,
        "0": 5,
        "1": 1
      },
      "initial_weight": 0.36363636363636365,
      "final_weight": 0.07595042923383616
    },
    "25295.68": {
      "votes": {
        "3": 1,
        "2": 1,
        "0": 1,
        "4": 1
      },
      "initial_weight": 0.5625,
      "final_weight": 0.45
    },
    "25295.26": {
      "votes": {
        "4": 2,
        "3": 2,
        "2": 1,
        "1": 2
      },
      "initial_weight": 0.6428571428571429,
      "final_weight": 0.6428571428571429
    },
    "25295.45": {
      "votes": {
        "3": 2,
        "2": 1,
        "1": 2,
        "0": 1
      },
      "initial_weight": 0.4166666666666667,
      "final_weight": 0.4166666666666667
    },
    "25295.28": {
      "votes": {
        "1": 1,
        "4": 4,
        "0": 1,
        "2": 1
      },
      "initial_weight": 0.6785714285714286,
      "final_weight": 0.4697802197802198
    },
    "25295.5": {
      "votes": {
        "0": 2,
        "1": 2,
        "3": 1,
        "4": 9
      },
      "initial_weight": 0.7321428571428571,
      "final_weight": 0.43164177680468285
    },
    "25295.98": {
      "votes": {
        "3": 1
      },
      "initial_weight": 0.75,
      "final_weight": 0.6
    },
    "25295.44": {
      "votes": {
        "4": 4,
        "0": 1,
        "1": 1,
        "2": 2
      },
      "initial_weight": 0.65625,
      "final_weight": 0.65625
    },
    "25295.21": {
      "votes": {
        "4": 3,
        "3": 1,
        "1": 2,
        "2": 3
      },
      "initial_weight": 0.6388888888888888,
      "final_weight": 0.3194444444444444
    },
    "25295.84": {
      "votes": {
        "2": 1,
        "3": 1,
        "4": 4
      },
      "initial_weight": 0.875,
      "final_weight": 0.875
    },
    "25295.87": {
      "votes": {
        "2": 2,
        "4": 1,
        "3": 2
      },
      "initial_weight": 0.7,
      "final_weight": 0.7
    },
    "25295.25": {
      "votes": {
        "4": 4,
        "2": 1,
        "3": 3
      },
      "initial_weight": 0.84375,
      "final_weight": 0.84375
    },
    "25295.78": {
      "votes": {
        "3": 2,
        "4": 3,
        "0": 1
      },
      "initial_weight": 0.75,
      "final_weight": 0.7706422018348624
    },
    "25295.101": {
      "votes": {},
      "initial_weight": 0.5,
      "final_weight": 0.5
    },
    "25295.48": {
      "votes": {
        "3": 2,
        "1": 2,
        "4": 2,
        "0": 1,
        "2": 1
      },
      "initial_weight": 0.5625,
      "final_weight": 0.19849900444172158
    },
    "25295.43": {
      "votes": {
        "4": 5,
        "3": 1,
        "1": 3,
        "2": 2
      },
      "initial_weight": 0.6818181818181818,
      "final_weight": 0.6818181818181818
    },
    "25295.94": {
      "votes": {
        "2": 1
      },
      "initial_weight": 0.5,
      "final_weight": 0.5
    },
    "25295.90": {
      "votes": {
        "3": 2,
        "4": 2
      },
      "initial_weight": 0.875,
      "final_weight": 0.875
    },
    "25295.76": {
      "votes": {
        "4": 2
      },
      "initial_weight": 1.0,
      "final_weight": 1.0
    },
    "25295.13": {
      "votes": {
        "1": 1,
        "4": 1
      },
      "initial_weight": 0.625,
      "final_weight": 0.7
    },
    "25295.100": {
      "votes": {},
      "initial_weight": 0.5,
      "final_weight": 0.5
    },
    "25295.9": {
      "votes": {
        "1": 1,
        "3": 1,
        "4": 2,
        "0": 1,
        "2": 3
      },
      "initial_weight": 0.5625,
      "final_weight": 0.5625
    },
    "25295.64": {
      "votes": {
        "3": 2,
        "4": 1,
        "0": 1,
        "1": 1
      },