{
  "nodes": {
    "28772.557": {
      "votes": {},
      "initial_weight": 0.5,
      "final_weight": 0.6
    },
    "28772.193": {
      "votes": {
        "2": 1,
        "3": 1
      },
      "initial_weight": 0.625,
      "final_weight": 0.7235490309867418
    },
    "28772.205": {
      "votes": {},
      "initial_weight": 0.5,
      "final_weight": 0.4
    },
    "28772.555": {
      "votes": {},
      "initial_weight": 0.5,
      "final_weight": 0.5
    },
    "28772.559": {
      "votes": {},
      "initial_weight": 0.5,
      "final_weight": 0.5
    },
    "28772.201": {
      "votes": {
        "3": 1
      },
      "initial_weight": 0.75,
      "final_weight": 0.75
    },
    "28772.395": {
      "votes": {},
      "initial_weight": 0.5,
      "final_weight": 0.6
    },
    "28772.215": {
      "votes": {},
      "initial_weight": 0.5,
      "final_weight": 0.6
    },
    "28772.393": {
      "votes": {},
      "initial_weight": 0.5,
      "final_weight": 0.5
    },
    "28772.207": {
      "votes": {},
      "initial_weight": 0.5,
      "final_weight": 0.5
    },
    "28772.203": {
      "votes": {},
      "initial_weight": 0.5,
      "final_weight": 0.36764705882352944
    },
    "28772.197": {
      "votes": {
        "4": 1
      },
      "initial_weight": 1.0,
      "final_weight": 1.0
    },
    "28772.397": {
      "votes": {},
      "initial_weight": 0.5,
      "final_weight": 0.5
    },
    "28772.195": {
      "votes": {
        "3": 1
      },
      "initial_weight": 0.75,
      "final_weight": 0.7647058823529411
    },
    "28772.199": {
      "votes": {
        "3": 1
      },
      "initial_weight": 0.75,
      "final_weight": 0.6
    }
  },
  "edges": {
    "28772.195": {
      "successor_id": "28772.193",
      "relation": 1.0
    },
    "28772.203": {
      "successor_id": "28772.193",
      "relation": -1.0
    },
    "28772.205": {
      "successor_id": "28772.193",
      "relation": -1.0
    },
    "28772.395": {
      "successor_id": "28772.193",
      "relation": 1.0
    },
    "28772.197": {
      "successor_id": "28772.195",
      "relation": 1.0
    },
    "28772.199": {
      "successor_id": "28772.195",
      "relation": -1.0
    },
    "28772.201": {
      "successor_id": "28772.195",
      "relation": -1.0
    },
    "28772.557": {
      "successor_id": "28772.195",
      "relation": 1.0
    },
    "28772.215": {
      "successor_id": "28772.203",
      "relation": -1.0
    },
    "28772.393": {
      "successor_id": "28772.205",
      "relation": -1.0
    },
    "28772.397": {
      "successor_id": "28772.395",
      "relation": 1.0
    },
    "28772.555": {
      "successor_id": "28772.199",
      "relation": -1.0
    },
    "28772.559": {
      "successor_id": "28772.557",
      "relation": 1.0
    },
    "28772.207": {
      "successor_id": "28772.215",
      "relation": 1.0
    }
  }
}