{
  "nodes": {
    "29207.6": {
      "votes": {
        "3": 1
      },
      "initial_weight": 0.75,
      "final_weight": 0.75
    },
    "29207.4": {
      "votes": {
        "4": 1,
        "3": 1
      },
      "initial_weight": 0.875,
      "final_weight": 0.9
    },
    "29207.7": {
      "votes": {
        "3": 1
      },
      "initial_weight": 0.75,
      "final_weight": 0.4143646408839779
    },
    "29207.10": {
      "votes": {
        "4": 2
      },
      "initial_weight": 1.0,
      "final_weight": 1.0
    },
    "29207.2": {
      "votes": {
        "3": 1,
        "1": 2
      },
      "initial_weight": 0.4166666666666667,
      "final_weight": 0.1305231769901795
    },
    "29207.16": {
      "votes": {},
      "initial_weight": 0.5,
      "final_weight": 0.5
    },
    "29207.5": {
      "votes": {
        "3": 1
      },
      "initial_weight": 0.75,
      "final_weight": 0.48
    },
    "29207.15": {
      "votes": {
        "4": 1,
        "3": 1
      },
      "initial_weight": 0.875,
      "final_weight": 0.875
    },
    "29207.34": {
      "votes": {},
      "initial_weight": 0.5,
      "final_weight": 0.5
    }
  },
  "edges": {
    "29207.4": {
      "successor_id": "29207.7",
      "relation": -1.0
    },
    "29207.5": {
      "successor_id": "29207.2",
      "relation": 1.0
    },
    "29207.7": {
      "successor_id": "29207.2",
      "relation": 1.0
    },
    "29207.10": {
      "successor_id": "29207.2",
      "relation": -1.0
    },
    "29207.15": {
      "successor_id": "29207.2",
      "relation": -1.0
    },
    "29207.16": {
      "successor_id": "29207.2",
      "relation": -1.0
    },
    "29207.34": {
      "successor_id": "29207.4",
      "relation": 1.0
    },
    "29207.6": {
      "successor_id": "29207.5",
      "relation": -1.0
    }
  }
}