{
  "nodes": {
    "29615.227": {
      "votes": {},
      "initial_weight": 0.5,
      "final_weight": 0.5
    },
    "29615.1": {
      "votes": {
        "4": 12,
        "0": 2,
        "1": 1
      },
      "initial_weight": 0.8166666666666667,
      "final_weight": 0.56888741176392
    },
    "29615.151": {
      "votes": {},
      "initial_weight": 0.5,
      "final_weight": 0.5294117647058824
    },
    "29615.359": {
      "votes": {
        "4": 1,
        "1": 1,
        "3": 1
      },
      "initial_weight": 0.6666666666666666,
      "final_weight": 0.6687632654681717
    },
    "29615.67": {
      "votes": {},
      "initial_weight": 0.5,
      "final_weight": 0.36764705882352944
    },
    "29615.753": {
      "votes": {},
      "initial_weight": 0.5,
      "final_weight": 0.5
    },
    "29615.830": {
      "votes": {},
      "initial_weight": 0.5,
      "final_weight": 0.49552324067633263
    },
    "29615.10": {
      "votes": {
        "4": 1,
        "0": 1
      },
      "initial_weight": 0.5,
      "final_weight": 0.4
    },
    "29615.534": {
      "votes": {},
      "initial_weight": 0.5,
      "final_weight": 0.4743887525545588
    },
    "29615.693": {
      "votes": {},
      "initial_weight": 0.5,
      "final_weight": 0.5
    },
    "29615.145": {
      "votes": {},
      "initial_weight": 0.5,
      "final_weight": 0.5
    },
    "29615.512": {
      "votes": {},
      "initial_weight": 0.5,
      "final_weight": 0.5
    },
    "29615.741": {
      "votes": {},
      "initial_weight": 0.5,
      "final_weight": 0.5
    },
    "29615.532": {
      "votes": {},
      "initial_weight": 0.5,
      "final_weight": 0.5
    },
    "29615.181": {
      "votes": {},
      "initial_weight": 0.5,
      "final_weight": 0.4
    },
    "29615.466": {
      "votes": {},
      "initial_weight": 0.5,
      "final_weight": 0.5
    },
    "29615.89": {
      "votes": {},
      "initial_weight": 0.5,
      "final_weight": 0.504950495049505
    },
    "29615.425": {
      "votes": {
        "0": 1
      },
      "initial_weight": 0.0,
      "final_weight": 0.0
    },
    "29615.108": {
      "votes": {},
      "initial_weight": 0.5,
      "final_weight": 0.5
    },
    "29615.630": {
      "votes": {},
      "initial_weight": 0.5,
      "final_weight": 0.75
    },
    "29615.132": {
      "votes": {},
      "initial_weight": 0.5,
      "final_weight": 0.5
    },
    "29615.153": {
      "votes": {},
      "initial_weight": 0.5,
      "final_weight": 0.5
    },
    "29615.290": {
      "votes": {},
      "initial_weight": 0.5,
      "final_weight": 0.6
    },
    "29615.225": {
      "votes": {},
      "initial_weight": 0.5,
      "final_weight": 0.5
    },
    "29615.239": {
      "votes": {
        "4": 2
      },
      "initial_weight": 1.0,
      "final_weight": 1.0
    },
    "29615.734": {
      "votes": {},
      "initial_weight": 0.5,
      "final_weight": 0.5
    },
    "29615.273": {
      "votes": {},
      "initial_weight": 0.5,
      "final_weight": 0.5
    },
    "29615.253": {
      "votes": {},
      "initial_weight": 0.5,
      "final_weight": 0.5
    },
    "29615.257": {
      "votes": {},
      "initial_weight": 0.5,
      "final_weight": 0.5
    },
    "29615.73": {
      "votes": {},
      "initial_weight": 0.5,
      "final_weight": 0.5
    },
    "29615.828": {
      "votes": {},
      "initial_weight": 0.5,
      "final_weight": 0.5
    },
    "29615.79": {
      "votes": {},
      "initial_weight": 0.5,
      "final_weight": 0.5
    },
    "29615.712": {
      "votes": {},
      "initial_weight": 0.5,
      "final_weight": 0.5
    },
    "29615.840": {
      "votes": {},
      "initial_weight": 0.5,
      "final_weight": 0.5
    },
    "29615.439": {
      "votes": {},
      "initial_weight": 0.5,
      "final_weight": 0.5
    },
    "29615.237": {
      "votes": {},
      "initial_weight": 0.5,
      "final_weight": 0.5
    },
    "29615.27": {
      "votes": {},
      "initial_weight": 0.5,
      "final_weight": 0.5
    },
    "29615.159": {
      "votes": {},
      "initial_weight": 0.5,
      "final_weight": 0.5
    },
    "29615.445": {
      "votes": {},
      "initial_weight": 0.5,
      "final_weight": 0.5
    },
    "29615.849": {
      "votes": {},
      "initial_weight": 0.5,
      "final_weight": 0.42955883579070236
    },
    "29615.77": {
      "votes": {},
      "initial_weight": 0.5,
      "final_weight": 0.6
    },
    "29615.11": {
      "votes": {
        "0": 1
      },
      "initial_weight": 0.0,
      "final_weight": 0.0
    },
    "29615.464": {
      "votes": {},
      "initial_weight": 0.5,
      "final_weight": 0.5
    },
    "29615.394": {
      "votes": {},
      "initial_weight": 0.5,
      "final_weight": 0.5
    },
    "29615.235": {
      "votes": {},
      "initial_weight": 0.5,
      "final_weight": 0.5
    },
    "29615.91": {
      "votes": {},
      "initial_weight": 0.5,
      "final_weight": 0.6
    },
    "29615.173": {
      "votes": {},
      "initial_weight": 0.5,
      "final_weight": 0.5
    },
    "29615.705": {
      "votes": {},
      "initial_weight": 0.5,
      "final_weight": 0.5
    },
    "29615.130": {
      "votes": {},
      "initial_weight": 0.5,
      "final_weight": 0.5
    },
    "29615.123": {
      "votes": {
        "4": 2,
        "0": 1
      },
      "initial_weight": 0.6666666666666666,
      "final_weight": 0.5872864672636058
    },
    "29615.105": {
      "votes": {
        "2": 1,
        "1": 1
      },
      "initial_weight": 0.375,
      "final_weight": 0.49802180930635387
    },
    "29615.231": {
      "votes": {},
      "initial_weight": 0.5,
      "final_weight": 0.4
    },
    "29615.163": {
      "votes": {},
      "initial_weight": 0.5,
      "final_weight": 0.5
    },
    "29615.348": {
      "votes": {},
      "initial_weight": 0.5,
      "final_weight": 0.5
    },
    "29615.423": {
      "votes": {},
      "initial_weight": 0.5,
      "final_weight": 0.49504950495049505
    },
    "29615.565": {
      "votes": {},
      "initial_weight": 0.5,
      "final_weight": 0.6
    },
    "29615.736": {
      "votes": {},
      "initial_weight": 0.5,
      "final_weight": 0.3676470588235294
    },
    "29615.441": {
      "votes": {
        "3": 1
      },
      "initial_weight": 0.75,
      "final_weight": 0.75
    },
    "29615.8": {
      "votes": {},
      "initial_weight": 0.5,
      "final_weight": 0.5
    },
    "29615.732": {
      "votes": {},
      "initial_weight": 0.5,
      "final_weight": 0.5
    },
    "29615.864": {
      "votes": {},
      "initial_weight": 0.5,
      "final_weight": 0.5
    },
    "29615.141": {
      "votes": {},
      "initial_weight": 0.5,
      "final_weight": 0.6
    },
    "29615.836": {
      "votes": {},
      "initial_weight": 0.5,
      "final_weight": 0.5
    },
    "29615.429": {
      "votes": {},
      "initial_weight": 0.5,
      "final_weight": 0.5
    },
    "29615.838": {
      "votes": {},
      "initial_weight": 0.5,
      "final_weight": 0.5
    },
    "29615.118": {
      "votes": {},
      "initial_weight": 0.5,
      "final_weight": 0.6
    },
    "29615.707": {
      "votes": {},
      "initial_weight": 0.5,
      "final_weight": 0.5
    },
    "29615.755": {
      "votes": {},
      "initial_weight": 0.5,
      "final_weight": 0.5
    },
    "29615.304": {
      "votes": {
        "0": 1,
        "1": 1
      },
      "initial_weight": 0.125,
      "final_weight": 0.11919983501752938
    },
    "29615.9": {
      "votes": {},
      "initial_weight": 0.5,
      "final_weight": 0.49504950495049505
    },
    "29615.695": {
      "votes": {},
      "initial_weight": 0.5,
      "final_weight": 0.5
    },
    "29615.93": {
      "votes": {},
      "initial_weight": 0.5,
      "final_weight": 0.5
    },
    "29615.143": {
      "votes": {},
      "initial_weight": 0.5,
      "final_weight": 0.504950495049505
    },
    "29615.308": {
      "votes": {},
      "initial_weight": 0.5,