{
  "nodes": {
    "30015.18": {
      "votes": {
        "3": 1,
        "4": 1
      },
      "initial_weight": 0.875,
      "final_weight": 0.875
    },
    "30015.7": {
      "votes": {
        "0": 1,
        "4": 1,
        "3": 2
      },
      "initial_weight": 0.625,
      "final_weight": 0.3962091934826093
    },
    "30015.271": {
      "votes": {},
      "initial_weight": 0.5,
      "final_weight": 0.5
    },
    "30015.19": {
      "votes": {
        "4": 1
      },
      "initial_weight": 1.0,
      "final_weight": 0.9900990099009901
    },
    "30015.255": {
      "votes": {
        "3": 1
      },
      "initial_weight": 0.75,
      "final_weight": 0.75
    },
    "30015.16": {
      "votes": {
        "4": 1
      },
      "initial_weight": 1.0,
      "final_weight": 1.0
    },
    "30015.33": {
      "votes": {
        "4": 1
      },
      "initial_weight": 1.0,
      "final_weight": 1.0
    },
    "30015.117": {
      "votes": {
        "4": 2
      },
      "initial_weight": 1.0,
      "final_weight": 1.0
    },
    "30015.151": {
      "votes": {
        "4": 1
      },
      "initial_weight": 1.0,
      "final_weight": 1.0
    },
    "30015.153": {
      "votes": {
        "2": 1
      },
      "initial_weight": 0.5,
      "final_weight": 0.5
    },
    "30015.269": {
      "votes": {},
      "initial_weight": 0.5,
      "final_weight": 0.6
    }
  },
  "edges": {
    "30015.19": {
      "successor_id": "30015.7",
      "relation": 1.0
    },
    "30015.33": {
      "successor_id": "30015.7",
      "relation": -1.0
    },
    "30015.255": {
      "successor_id": "30015.7",
      "relation": -1.0
    },
    "30015.16": {
      "successor_id": "30015.33",
      "relation": 1.0
    },
    "30015.153": {
      "successor_id": "30015.19",
      "relation": 1.0
    },
    "30015.269": {
      "successor_id": "30015.19",
      "relation": -1.0
    },
    "30015.151": {
      "successor_id": "30015.33",
      "relation": -1.0
    },
    "30015.18": {
      "successor_id": "30015.16",
      "relation": -1.0
    },
    "30015.117": {
      "successor_id": "30015.16",
      "relation": 1.0
    },
    "30015.271": {
      "successor_id": "30015.269",
      "relation": 1.0
    }
  }
}