{
  "nodes": {
    "30072.496": {
      "votes": {
        "4": 2
      },
      "initial_weight": 1.0,
      "final_weight": 1.0
    },
    "30072.498": {
      "votes": {
        "3": 1,
        "4": 2
      },
      "initial_weight": 0.9166666666666666,
      "final_weight": 0.9166666666666666
    },
    "30072.494": {
      "votes": {
        "1": 1,
        "4": 4,
        "0": 1
      },
      "initial_weight": 0.7083333333333334,
      "final_weight": 0.937592867756315
    }
  },
  "edges": {
    "30072.496": {
      "successor_id": "30072.494",
      "relation": 1.0
    },
    "30072.498": {
      "successor_id": "30072.494",
      "relation": 1.0
    }
  }
}