{
  "nodes": {
    "31434.27": {
      "votes": {
        "4": 1
      },
      "initial_weight": 1.0,
      "final_weight": 1.0
    },
    "31434.50": {
      "votes": {
        "2": 1
      },
      "initial_weight": 0.5,
      "final_weight": 0.32
    },
    "31434.58": {
      "votes": {
        "3": 1
      },
      "initial_weight": 0.75,
      "final_weight": 0.75
    },
    "31434.9": {
      "votes": {
        "1": 1,
        "0": 1,
        "3": 1
      },
      "initial_weight": 0.3333333333333333,
      "final_weight": 0.331707964308223
    },
    "31434.64": {
      "votes": {
        "3": 1
      },
      "initial_weight": 0.75,
      "final_weight": 0.75
    }
  },
  "edges": {
    "31434.27": {
      "successor_id": "31434.9",
      "relation": 1.0
    },
    "31434.50": {
      "successor_id": "31434.9",
      "relation": -1.0
    },
    "31434.64": {
      "successor_id": "31434.9",
      "relation": -1.0
    },
    "31434.58": {
      "successor_id": "31434.50",
      "relation": -1.0
    }
  }
}