{
  "nodes": {
    "37719.261": {
      "votes": {
        "3": 1
      },
      "initial_weight": 0.75,
      "final_weight": 0.6
    },
    "37719.131": {
      "votes": {},
      "initial_weight": 0.5,
      "final_weight": 0.5
    },
    "37719.75": {
      "votes": {},
      "initial_weight": 0.5,
      "final_weight": 0.5
    },
    "37719.271": {
      "votes": {},
      "initial_weight": 0.5,
      "final_weight": 0.5
    },
    "37719.79": {
      "votes": {},
      "initial_weight": 0.5,
      "final_weight": 0.5
    },
    "37719.283": {
      "votes": {
        "4": 1
      },
      "initial_weight": 1.0,
      "final_weight": 1.0
    },
    "37719.98": {
      "votes": {},
      "initial_weight": 0.5,
      "final_weight": 0.36764705882352944
    },
    "37719.385": {
      "votes": {},
      "initial_weight": 0.5,
      "final_weight": 0.4
    },
    "37719.167": {
      "votes": {},
      "initial_weight": 0.5,
      "final_weight": 0.5
    },
    "37719.51": {
      "votes": {},
      "initial_weight": 0.5,
      "final_weight": 0.5063506682421227
    },
    "37719.161": {
      "votes": {},
      "initial_weight": 0.5,
      "final_weight": 0.5
    },
    "37719.391": {
      "votes": {},
      "initial_weight": 0.5,
      "final_weight": 0.5
    },
    "37719.321": {
      "votes": {
        "0": 1
      },
      "initial_weight": 0.0,
      "final_weight": 0.009900990099009896
    },
    "37719.137": {
      "votes": {},
      "initial_weight": 0.5,
      "final_weight": 0.5
    },
    "37719.69": {
      "votes": {},
      "initial_weight": 0.5,
      "final_weight": 0.5
    },
    "37719.43": {
      "votes": {
        "3": 1
      },
      "initial_weight": 0.75,
      "final_weight": 0.8161764705882353
    },
    "37719.225": {
      "votes": {},
      "initial_weight": 0.5,
      "final_weight": 0.5
    },
    "37719.213": {
      "votes": {
        "4": 1
      },
      "initial_weight": 1.0,
      "final_weight": 0.9900990099009901
    },
    "37719.159": {
      "votes": {},
      "initial_weight": 0.5,
      "final_weight": 0.6
    },
    "37719.299": {
      "votes": {
        "2": 2,
        "3": 1
      },
      "initial_weight": 0.5833333333333334,
      "final_weight": 0.5833333333333334
    },
    "37719.257": {
      "votes": {
        "0": 1
      },
      "initial_weight": 0.0,
      "final_weight": 0.09113860136329198
    },
    "37719.259": {
      "votes": {
        "3": 2
      },
      "initial_weight": 0.75,
      "final_weight": 0.8
    },
    "37719.273": {
      "votes": {
        "2": 1
      },
      "initial_weight": 0.5,
      "final_weight": 0.789645817184323
    },
    "37719.125": {
      "votes": {},
      "initial_weight": 0.5,
      "final_weight": 0.5
    },
    "37719.277": {
      "votes": {},
      "initial_weight": 0.5,
      "final_weight": 0.6
    },
    "37719.323": {
      "votes": {},
      "initial_weight": 0.5,
      "final_weight": 0.5
    },
    "37719.27": {
      "votes": {
        "2": 1,
        "4": 2
      },
      "initial_weight": 0.8333333333333334,
      "final_weight": 0.8340536964439877
    },
    "37719.133": {
      "votes": {},
      "initial_weight": 0.5,
      "final_weight": 0.5
    },
    "37719.73": {
      "votes": {},
      "initial_weight": 0.5,
      "final_weight": 0.5
    },
    "37719.49": {
      "votes": {},
      "initial_weight": 0.5,
      "final_weight": 0.44046485044770434
    },
    "37719.7": {
      "votes": {
        "4": 2,
        "0": 2,
        "3": 2,
        "2": 1,
        "1": 1
      },
      "initial_weight": 0.53125,
      "final_weight": 0.49669508080070773
    },
    "37719.129": {
      "votes": {},
      "initial_weight": 0.5,
      "final_weight": 0.5
    },
    "37719.281": {
      "votes": {
        "2": 1,
        "0": 2
      },
      "initial_weight": 0.16666666666666666,
      "final_weight": 0.08333333333333333
    },
    "37719.47": {
      "votes": {},
      "initial_weight": 0.5,
      "final_weight": 0.5
    },
    "37719.275": {
      "votes": {},
      "initial_weight": 0.5,
      "final_weight": 0.5
    },
    "37719.119": {
      "votes": {},
      "initial_weight": 0.5,
      "final_weight": 0.5
    },
    "37719.135": {
      "votes": {},
      "initial_weight": 0.5,
      "final_weight": 0.5
    },
    "37719.223": {
      "votes": {},
      "initial_weight": 0.5,
      "final_weight": 0.5
    },
    "37719.381": {
      "votes": {},
      "initial_weight": 0.5,
      "final_weight": 0.5
    },
    "37719.325": {
      "votes": {
        "0": 1
      },
      "initial_weight": 0.0,
      "final_weight": 0.0
    },
    "37719.53": {
      "votes": {},
      "initial_weight": 0.5,
      "final_weight": 0.5
    },
    "37719.71": {
      "votes": {},
      "initial_weight": 0.5,
      "final_weight": 0.8461538461538461
    },
    "37719.77": {
      "votes": {
        "3": 1
      },
      "initial_weight": 0.75,
      "final_weight": 0.875
    },
    "37719.67": {
      "votes": {},
      "initial_weight": 0.5,
      "final_weight": 0.11342281879194632
    },
    "37719.215": {
      "votes": {},
      "initial_weight": 0.5,
      "final_weight": 0.4
    },
    "37719.297": {
      "votes": {},
      "initial_weight": 0.5,
      "final_weight": 0.5
    },
    "37719.279": {
      "votes": {},
      "initial_weight": 0.5,
      "final_weight": 0.5
    },
    "37719.121": {
      "votes": {},
      "initial_weight": 0.5,
      "final_weight": 0.75
    },
    "37719.94": {
      "votes": {},
      "initial_weight": 0.5,
      "final_weight": 0.5
    },
    "37719.108": {
      "votes": {},
      "initial_weight": 0.5,
      "final_weight": 0.5
    },
    "37719.45": {
      "votes": {},
      "initial_weight": 0.5,
      "final_weight": 0.6
    },
    "37719.512": {
      "votes": {},
      "initial_weight": 0.5,
      "final_weight": 0.5
    },
    "37719.265": {
      "votes": {
        "1": 1,
        "2": 1,
        "3": 1
      },
      "initial_weight": 0.5,
      "final_weight": 0.5
    }
  },
  "edges": {
    "37719.27": {
      "successor_id": "37719.7",
      "relation": -1.0
    },
    "37719.43": {
      "successor_id": "37719.7",
      "relation": 1.0
    },
    "37719.77": {
      "successor_id": "37719.7",
      "relation": 1.0
    },
    "37719.121": {
      "successor_id": "37719.7",
      "relation": 1.0
    },
    "37719.213": {
      "successor_id": "37719.7",
      "relation": -1.0
    },
    "37719.257": {
      "successor_id": "37719.7",
      "relation": -1.0
    },
    "37719.273": {
      "successor_id": "37719.7",
      "relation": -1.0
    },
    "37719.381": {
      "successor_id": "37719.7",
      "relation": 1.0
    },
    "37719.512": {
      "successor_id": "37719.7",
      "relation": -1.0
    },
    "37719.53": {
      "successor_id": "37719.49",
      "relation": 1.0
    },
    "37719.49": {
      "successor_id": "37719.27",
      "relation": -1.0
    },
    "37719.51": {
      "successor_id": "37719.27",
      "relation": 1.0
    },
    "37719.45": {
      "successor_id": "37719.43",
      "relation": 1.0
    },
    "37719.79": {
      "successor_id": "37719.77",
      "relation": 1.0
    },
    "37719.94": {
      "successor_id": "37719.77",
      "relation": 1.0
    },
    "37719.119": {
      "successor_id": "37719.121",
      "relation": 1.0
    },
    "37719.125": {
      "successor_id": "37719.121",
      "relation": 1.0
    },
    "37719.215": {
      "successor_id": "37719.213",
      "relation": 1.0
    },
    "37719.223": {
      "successor_id": "37719.213",
      "relation": -1.0
    },
    "37719.259": {
      "successor_id": "37719.257",
      "relation": 1.0
    },
    "37719.261": {
      "successor_id": "37719.257",
      "relation": 1.0
    },
    "37719.265": {
      "successor_id": "37719.257",
      "relation": -1.0
    },
    "37719.299": {
      "successor_id": "37719.257",
      "relation": -1.0
    },
    "37719.275": {
      "successor_id": "37719.273",