{
  "nodes": {
    "39578.134": {
      "votes": {
        "1": 1
      },
      "initial_weight": 0.25,
      "final_weight": 0.25
    },
    "39578.35": {
      "votes": {},
      "initial_weight": 0.5,
      "final_weight": 0.8228520814880425
    },
    "39578.114": {
      "votes": {
        "2": 1
      },
      "initial_weight": 0.5,
      "final_weight": 0.6
    },
    "39578.3": {
      "votes": {
        "4": 2,
        "0": 1
      },
      "initial_weight": 0.6666666666666666,
      "final_weight": 0.9296158861220403
    },
    "39578.31": {
      "votes": {},
      "initial_weight": 0.5,
      "final_weight": 0.5
    },
    "39578.110": {
      "votes": {
        "3": 1
      },
      "initial_weight": 0.75,
      "final_weight": 0.75
    },
    "39578.78": {
      "votes": {},
      "initial_weight": 0.5,
      "final_weight": 0.32
    },
    "39578.136": {
      "votes": {
        "2": 1
      },
      "initial_weight": 0.5,
      "final_weight": 0.5
    },
    "39578.116": {
      "votes": {
        "3": 1
      },
      "initial_weight": 0.75,
      "final_weight": 0.75
    },
    "39578.132": {
      "votes": {},
      "initial_weight": 0.5,
      "final_weight": 0.5
    },
    "39578.62": {
      "votes": {},
      "initial_weight": 0.5,
      "final_weight": 0.75
    },
    "39578.150": {
      "votes": {},
      "initial_weight": 0.5,
      "final_weight": 0.5
    },
    "39578.96": {
      "votes": {},
      "initial_weight": 0.5,
      "final_weight": 0.6799999999999999
    },
    "39578.98": {
      "votes": {
        "4": 1
      },
      "initial_weight": 1.0,
      "final_weight": 1.0
    },
    "39578.72": {
      "votes": {
        "4": 1
      },
      "initial_weight": 1.0,
      "final_weight": 1.0
    }
  },
  "edges": {
    "39578.31": {
      "successor_id": "39578.3",
      "relation": 1.0
    },
    "39578.35": {
      "successor_id": "39578.3",
      "relation": 1.0
    },
    "39578.62": {
      "successor_id": "39578.3",
      "relation": 1.0
    },
    "39578.78": {
      "successor_id": "39578.3",
      "relation": -1.0
    },
    "39578.96": {
      "successor_id": "39578.3",
      "relation": 1.0
    },
    "39578.150": {
      "successor_id": "39578.3",
      "relation": -1.0
    },
    "39578.114": {
      "successor_id": "39578.35",
      "relation": 1.0
    },
    "39578.116": {
      "successor_id": "39578.35",
      "relation": 1.0
    },
    "39578.72": {
      "successor_id": "39578.62",
      "relation": 1.0
    },
    "39578.110": {
      "successor_id": "39578.78",
      "relation": -1.0
    },
    "39578.98": {
      "successor_id": "39578.96",
      "relation": 1.0
    },
    "39578.134": {
      "successor_id": "39578.96",
      "relation": 1.0
    },
    "39578.136": {
      "successor_id": "39578.96",
      "relation": -1.0
    },
    "39578.132": {
      "successor_id": "39578.114",
      "relation": 1.0
    }
  }
}