{
  "nodes": {
    "44842.116": {
      "votes": {
        "4": 1,
        "3": 1
      },
      "initial_weight": 0.875,
      "final_weight": 0.875
    },
    "44842.33": {
      "votes": {
        "3": 1,
        "2": 1
      },
      "initial_weight": 0.625,
      "final_weight": 0.40593383999000776
    },
    "44842.137": {
      "votes": {},
      "initial_weight": 0.5,
      "final_weight": 0.6
    },
    "44842.15": {
      "votes": {
        "1": 1,
        "4": 1,
        "3": 1
      },
      "initial_weight": 0.6666666666666666,
      "final_weight": 0.6666666666666666
    },
    "44842.107": {
      "votes": {
        "4": 1
      },
      "initial_weight": 1.0,
      "final_weight": 1.0
    },
    "44842.131": {
      "votes": {
        "3": 1
      },
      "initial_weight": 0.75,
      "final_weight": 0.75
    },
    "44842.57": {
      "votes": {
        "2": 1
      },
      "initial_weight": 0.5,
      "final_weight": 0.5
    },
    "44842.3": {
      "votes": {
        "4": 1
      },
      "initial_weight": 1.0,
      "final_weight": 0.4577239293851114
    },
    "44842.35": {
      "votes": {
        "3": 2,
        "1": 1
      },
      "initial_weight": 0.5833333333333334,
      "final_weight": 0.4666666666666667
    },
    "44842.147": {
      "votes": {},
      "initial_weight": 0.5,
      "final_weight": 0.5
    },
    "44842.79": {
      "votes": {
        "4": 2
      },
      "initial_weight": 1.0,
      "final_weight": 1.0
    },
    "44842.21": {
      "votes": {},
      "initial_weight": 0.5,
      "final_weight": 0.6
    },
    "44842.43": {
      "votes": {
        "3": 1
      },
      "initial_weight": 0.75,
      "final_weight": 0.75
    },
    "44842.120": {
      "votes": {
        "4": 1
      },
      "initial_weight": 1.0,
      "final_weight": 1.0
    },
    "44842.89": {
      "votes": {
        "3": 1,
        "4": 1
      },
      "initial_weight": 0.875,
      "final_weight": 0.875
    },
    "44842.127": {
      "votes": {
        "3": 1
      },
      "initial_weight": 0.75,
      "final_weight": 0.75
    },
    "44842.113": {
      "votes": {
        "1": 1
      },
      "initial_weight": 0.25,
      "final_weight": 0.125
    },
    "44842.123": {
      "votes": {
        "2": 1
      },
      "initial_weight": 0.5,
      "final_weight": 0.5
    },
    "44842.104": {
      "votes": {},
      "initial_weight": 0.5,
      "final_weight": 0.5
    },
    "44842.55": {
      "votes": {},
      "initial_weight": 0.5,
      "final_weight": 0.4
    },
    "44842.67": {
      "votes": {
        "3": 1,
        "4": 1
      },
      "initial_weight": 0.875,
      "final_weight": 0.875
    },
    "44842.135": {
      "votes": {},
      "initial_weight": 0.5,
      "final_weight": 0.5
    },
    "44842.69": {
      "votes": {
        "2": 1,
        "1": 1,
        "0": 1,
        "3": 1
      },
      "initial_weight": 0.375,
      "final_weight": 0.3
    },
    "44842.111": {
      "votes": {
        "1": 1,
        "4": 1
      },
      "initial_weight": 0.625,
      "final_weight": 0.7
    },
    "44842.39": {
      "votes": {
        "4": 1
      },
      "initial_weight": 1.0,
      "final_weight": 1.0
    },
    "44842.19": {
      "votes": {},
      "initial_weight": 0.5,
      "final_weight": 0.5
    },
    "44842.65": {
      "votes": {},
      "initial_weight": 0.5,
      "final_weight": 0.5
    },
    "44842.151": {
      "votes": {},
      "initial_weight": 0.5,
      "final_weight": 0.5
    },
    "44842.87": {
      "votes": {
        "1": 1,
        "3": 1,
        "2": 1
      },
      "initial_weight": 0.5,
      "final_weight": 0.5
    },
    "44842.76": {
      "votes": {},
      "initial_weight": 0.5,
      "final_weight": 0.5
    },
    "44842.153": {
      "votes": {},
      "initial_weight": 0.5,
      "final_weight": 0.5
    },
    "44842.23": {
      "votes": {
        "4": 2
      },
      "initial_weight": 1.0,
      "final_weight": 1.0
    },
    "44842.63": {
      "votes": {
        "3": 1,
        "1": 1
      },
      "initial_weight": 0.5,
      "final_weight": 0.5
    },
    "44842.27": {
      "votes": {},
      "initial_weight": 0.5,
      "final_weight": 0.5
    },
    "44842.109": {
      "votes": {},
      "initial_weight": 0.5,
      "final_weight": 0.5
    },
    "44842.99": {
      "votes": {
        "2": 2
      },
      "initial_weight": 0.5,
      "final_weight": 0.5
    },
    "44842.31": {
      "votes": {
        "3": 1,
        "0": 2
      },
      "initial_weight": 0.25,
      "final_weight": 0.04999999999999999
    },
    "44842.141": {
      "votes": {},
      "initial_weight": 0.5,
      "final_weight": 0.75
    },
    "44842.133": {
      "votes": {},
      "initial_weight": 0.5,
      "final_weight": 0.5
    },
    "44842.83": {
      "votes": {
        "3": 1
      },
      "initial_weight": 0.75,
      "final_weight": 0.75
    },
    "44842.59": {
      "votes": {
        "3": 1,
        "2": 3
      },
      "initial_weight": 0.5625,
      "final_weight": 0.7582872928176796
    },
    "44842.53": {
      "votes": {},
      "initial_weight": 0.5,
      "final_weight": 0.4
    },
    "44842.85": {
      "votes": {},
      "initial_weight": 0.5,
      "final_weight": 0.5
    },
    "44842.29": {
      "votes": {
        "3": 2,
        "4": 1,
        "2": 1
      },
      "initial_weight": 0.75,
      "final_weight": 0.7058823529411765
    },
    "44842.149": {
      "votes": {},
      "initial_weight": 0.5,
      "final_weight": 0.5
    },
    "44842.11": {
      "votes": {
        "4": 3
      },
      "initial_weight": 1.0,
      "final_weight": 1.0
    },
    "44842.37": {
      "votes": {},
      "initial_weight": 0.5,
      "final_weight": 0.6
    },
    "44842.49": {
      "votes": {},
      "initial_weight": 0.5,
      "final_weight": 0.25
    },
    "44842.145": {
      "votes": {},
      "initial_weight": 0.5,
      "final_weight": 0.5
    },
    "44842.95": {
      "votes": {
        "3": 1
      },
      "initial_weight": 0.75,
      "final_weight": 0.75
    },
    "44842.71": {
      "votes": {
        "0": 1
      },
      "initial_weight": 0.0,
      "final_weight": 0.0
    },
    "44842.73": {
      "votes": {
        "1": 1,
        "3": 1
      },
      "initial_weight": 0.5,
      "final_weight": 0.4
    },
    "44842.45": {
      "votes": {
        "3": 1
      },
      "initial_weight": 0.75,
      "final_weight": 0.75
    },
    "44842.51": {
      "votes": {},
      "initial_weight": 0.5,
      "final_weight": 0.5
    },
    "44842.13": {
      "votes": {},
      "initial_weight": 0.5,
      "final_weight": 0.4383561643835616
    },
    "44842.139": {
      "votes": {},
      "initial_weight": 0.5,
      "final_weight": 0.5
    },
    "44842.47": {
      "votes": {
        "4": 1
      },
      "initial_weight": 1.0,
      "final_weight": 1.0
    },
    "44842.143": {
      "votes": {},
      "initial_weight": 0.5,
      "final_weight": 0.5
    },
    "44842.7": {
      "votes": {
        "2": 1
      },
      "initial_weight": 0.5,
      "final_weight": 0.5294117647058824
    },
    "44842.5": {
      "votes": {},
      "initial_weight": 0.5,
      "final_weight": 0.5
    },
    "44842.129": {
      "votes": {
        "4": 3
      },
      "initial_weight": 1.0,
      "final_weight": 1.0
    },
    "44842.61": {
      "votes": {
        "2": 1,
        "3": 2,
        "4": 1
      },
      "initial_weight": 0.75,
      "final_weight": 0.75
    },
    "44842.102": {
      "votes": {},
      "initial_weight": 0.5,
      "final_weight": 0.4
    },
    "44842.25": {
      "votes": {
        "2": 1,
        "3": 2
      },
      "initial_weight": 0.6666666666666666,
      "final_weight": 0.6076505068861688
    },
    "44842.9": {
      "votes": {
        "3": 2
      },
      "initial_weight": 0.75,
      "final_weight": 0.32292787944025836
    },
    "44842.81": {
      "votes": {
        "4": 1
      },
      "initial_weight": 1.0,