{
  "nodes": {
    "45545.75": {
      "votes": {
        "0": 1
      },
      "initial_weight": 0.0,
      "final_weight": 0.22605211678679407
    },
    "45545.119": {
      "votes": {},
      "initial_weight": 0.5,
      "final_weight": 0.5
    },
    "45545.89": {
      "votes": {
        "4": 1,
        "1": 1
      },
      "initial_weight": 0.625,
      "final_weight": 0.5
    },
    "45545.117": {
      "votes": {},
      "initial_weight": 0.5,
      "final_weight": 0.6
    },
    "45545.115": {
      "votes": {},
      "initial_weight": 0.5,
      "final_weight": 0.5
    },
    "45545.147": {
      "votes": {},
      "initial_weight": 0.5,
      "final_weight": 0.5
    },
    "45545.87": {
      "votes": {
        "0": 1,
        "3": 1
      },
      "initial_weight": 0.375,
      "final_weight": 0.5404411764705883
    }
  },
  "edges": {
    "45545.87": {
      "successor_id": "45545.75",
      "relation": 1.0
    },
    "45545.89": {
      "successor_id": "45545.87",
      "relation": -1.0
    },
    "45545.115": {
      "successor_id": "45545.87",
      "relation": 1.0
    },
    "45545.117": {
      "successor_id": "45545.87",
      "relation": 1.0
    },
    "45545.147": {
      "successor_id": "45545.89",
      "relation": -1.0
    },
    "45545.119": {
      "successor_id": "45545.117",
      "relation": 1.0
    }
  }
}