{
  "nodes": {
    "4650.625": {
      "votes": {
        "4": 3,
        "3": 2,
        "2": 1
      },
      "initial_weight": 0.8333333333333334,
      "final_weight": 0.8333333333333334
    },
    "4650.828": {
      "votes": {
        "4": 1,
        "3": 2
      },
      "initial_weight": 0.8333333333333334,
      "final_weight": 0.8333333333333334
    },
    "4650.866": {
      "votes": {
        "4": 1,
        "1": 2,
        "2": 3
      },
      "initial_weight": 0.5,
      "final_weight": 0.3077843018737587
    },
    "4650.624": {
      "votes": {
        "0": 7,
        "1": 1
      },
      "initial_weight": 0.03125,
      "final_weight": 0.018551745399960854
    },
    "4650.922": {
      "votes": {
        "2": 3,
        "3": 1,
        "4": 2
      },
      "initial_weight": 0.7083333333333334,
      "final_weight": 0.7902621722846442
    },
    "4650.2864": {
      "votes": {
        "3": 2
      },
      "initial_weight": 0.75,
      "final_weight": 0.75
    },
    "4650.2860": {
      "votes": {
        "2": 1,
        "3": 1,
        "1": 1
      },
      "initial_weight": 0.5,
      "final_weight": 0.5
    },
    "4650.2896": {
      "votes": {
        "2": 1,
        "3": 1
      },
      "initial_weight": 0.625,
      "final_weight": 0.625
    },
    "4650.808": {
      "votes": {
        "3": 2,
        "2": 1,
        "4": 4
      },
      "initial_weight": 0.8571428571428571,
      "final_weight": 0.8571428571428571
    },
    "4650.809": {
      "votes": {
        "3": 3,
        "1": 1,
        "4": 3
      },
      "initial_weight": 0.7857142857142857,
      "final_weight": 0.8735362997658079
    },
    "4650.3016": {
      "votes": {
        "4": 1
      },
      "initial_weight": 1.0,
      "final_weight": 1.0
    },
    "4650.807": {
      "votes": {
        "3": 1,
        "1": 6
      },
      "initial_weight": 0.32142857142857145,
      "final_weight": 0.08045267348479648
    },
    "4650.2807": {
      "votes": {
        "2": 2,
        "3": 1
      },
      "initial_weight": 0.5833333333333334,
      "final_weight": 0.7333333333333334
    }
  },
  "edges": {
    "4650.625": {
      "successor_id": "4650.624",
      "relation": -1.0
    },
    "4650.807": {
      "successor_id": "4650.624",
      "relation": 1.0
    },
    "4650.866": {
      "successor_id": "4650.624",
      "relation": -1.0
    },
    "4650.2807": {
      "successor_id": "4650.624",
      "relation": 1.0
    },
    "4650.2860": {
      "successor_id": "4650.624",
      "relation": 1.0
    },
    "4650.3016": {
      "successor_id": "4650.624",
      "relation": -1.0
    },
    "4650.808": {
      "successor_id": "4650.807",
      "relation": -1.0
    },
    "4650.809": {
      "successor_id": "4650.807",
      "relation": -1.0
    },
    "4650.922": {
      "successor_id": "4650.866",
      "relation": -1.0
    },
    "4650.2864": {
      "successor_id": "4650.2807",
      "relation": 1.0
    },
    "4650.828": {
      "successor_id": "4650.809",
      "relation": 1.0
    },
    "4650.2896": {
      "successor_id": "4650.922",
      "relation": 1.0
    }
  }
}