{
  "nodes": {
    "4650.521": {
      "votes": {
        "1": 3,
        "0": 3
      },
      "initial_weight": 0.125,
      "final_weight": 0.03408058164192669
    },
    "4650.534": {
      "votes": {
        "3": 2,
        "4": 1
      },
      "initial_weight": 0.8333333333333334,
      "final_weight": 0.8333333333333334
    },
    "4650.526": {
      "votes": {
        "4": 2,
        "2": 1,
        "3": 2
      },
      "initial_weight": 0.8,
      "final_weight": 0.8
    }
  },
  "edges": {
    "4650.526": {
      "successor_id": "4650.521",
      "relation": -1.0
    },
    "4650.534": {
      "successor_id": "4650.521",
      "relation": -1.0
    }
  }
}