{
  "nodes": {
    "4650.871": {
      "votes": {
        "4": 1,
        "0": 2,
        "3": 1
      },
      "initial_weight": 0.4375,
      "final_weight": 0.4375
    },
    "4650.1001": {
      "votes": {
        "1": 1,
        "3": 1,
        "2": 2
      },
      "initial_weight": 0.5,
      "final_weight": 0.6
    },
    "4650.1002": {
      "votes": {
        "4": 3,
        "2": 2
      },
      "initial_weight": 0.8,
      "final_weight": 0.5968911917098446
    },
    "4650.1021": {
      "votes": {
        "1": 1,
        "2": 2
      },
      "initial_weight": 0.4166666666666667,
      "final_weight": 0.4166666666666667
    },
    "4650.1019": {
      "votes": {
        "2": 1,
        "3": 1
      },
      "initial_weight": 0.625,
      "final_weight": 0.625
    },
    "4650.1018": {
      "votes": {
        "0": 1,
        "2": 2
      },
      "initial_weight": 0.3333333333333333,
      "final_weight": 0.3333333333333333
    },
    "4650.3036": {
      "votes": {
        "1": 1
      },
      "initial_weight": 0.25,
      "final_weight": 0.25
    },
    "4650.870": {
      "votes": {
        "4": 1,
        "2": 1,
        "3": 1
      },
      "initial_weight": 0.75,
      "final_weight": 0.75
    },
    "4650.1020": {
      "votes": {
        "3": 1,
        "2": 2
      },
      "initial_weight": 0.5833333333333334,
      "final_weight": 0.5833333333333334
    },
    "4650.2873": {
      "votes": {},
      "initial_weight": 0.5,
      "final_weight": 0.5
    },
    "4650.862": {
      "votes": {
        "2": 2,
        "4": 1,
        "0": 2,
        "1": 1
      },
      "initial_weight": 0.375,
      "final_weight": 0.7215518444438452
    }
  },
  "edges": {
    "4650.870": {
      "successor_id": "4650.862",
      "relation": 1.0
    },
    "4650.871": {
      "successor_id": "4650.862",
      "relation": 1.0
    },
    "4650.1001": {
      "successor_id": "4650.862",
      "relation": -1.0
    },
    "4650.1002": {
      "successor_id": "4650.862",
      "relation": -1.0
    },
    "4650.1018": {
      "successor_id": "4650.862",
      "relation": 1.0
    },
    "4650.1019": {
      "successor_id": "4650.862",
      "relation": 1.0
    },
    "4650.1021": {
      "successor_id": "4650.862",
      "relation": 1.0
    },
    "4650.3036": {
      "successor_id": "4650.862",
      "relation": -1.0
    },
    "4650.2873": {
      "successor_id": "4650.1001",
      "relation": 1.0
    },
    "4650.1020": {
      "successor_id": "4650.1002",
      "relation": -1.0
    }
  }
}