{
  "nodes": {
    "48305.79": {
      "votes": {},
      "initial_weight": 0.5,
      "final_weight": 0.36764705882352944
    },
    "48305.11": {
      "votes": {
        "3": 1
      },
      "initial_weight": 0.75,
      "final_weight": 0.6606972756715564
    },
    "48305.117": {
      "votes": {},
      "initial_weight": 0.5,
      "final_weight": 0.5
    },
    "48305.81": {
      "votes": {},
      "initial_weight": 0.5,
      "final_weight": 0.5
    },
    "48305.83": {
      "votes": {},
      "initial_weight": 0.5,
      "final_weight": 0.5
    },
    "48305.115": {
      "votes": {},
      "initial_weight": 0.5,
      "final_weight": 0.6
    }
  },
  "edges": {
    "48305.79": {
      "successor_id": "48305.11",
      "relation": -1.0
    },
    "48305.81": {
      "successor_id": "48305.11",
      "relation": -1.0
    },
    "48305.83": {
      "successor_id": "48305.11",
      "relation": 1.0
    },
    "48305.115": {
      "successor_id": "48305.79",
      "relation": -1.0
    },
    "48305.117": {
      "successor_id": "48305.115",
      "relation": 1.0
    }
  }
}