{
  "nodes": {
    "48305.163": {
      "votes": {},
      "initial_weight": 0.5,
      "final_weight": 0.5
    },
    "48305.159": {
      "votes": {},
      "initial_weight": 0.5,
      "final_weight": 0.43103448275862066
    },
    "48305.161": {
      "votes": {},
      "initial_weight": 0.5,
      "final_weight": 0.4
    },
    "48305.157": {
      "votes": {
        "3": 1
      },
      "initial_weight": 0.75,
      "final_weight": 0.7511834319526627
    },
    "48305.191": {
      "votes": {},
      "initial_weight": 0.5,
      "final_weight": 0.5
    }
  },
  "edges": {
    "48305.159": {
      "successor_id": "48305.157",
      "relation": -1.0
    },
    "48305.191": {
      "successor_id": "48305.157",
      "relation": 1.0
    },
    "48305.161": {
      "successor_id": "48305.159",
      "relation": -1.0
    },
    "48305.163": {
      "successor_id": "48305.161",
      "relation": -1.0
    }
  }
}