{
  "nodes": {
    "48305.123": {
      "votes": {
        "3": 1
      },
      "initial_weight": 0.75,
      "final_weight": 0.75
    },
    "48305.87": {
      "votes": {},
      "initial_weight": 0.5,
      "final_weight": 0.36764705882352944
    },
    "48305.85": {
      "votes": {
        "2": 1
      },
      "initial_weight": 0.5,
      "final_weight": 0.47058823529411764
    },
    "48305.231": {
      "votes": {},
      "initial_weight": 0.5,
      "final_weight": 0.5
    },
    "48305.103": {
      "votes": {},
      "initial_weight": 0.5,
      "final_weight": 0.5
    },
    "48305.233": {
      "votes": {},
      "initial_weight": 0.5,
      "final_weight": 0.5
    },
    "48305.125": {
      "votes": {},
      "initial_weight": 0.5,
      "final_weight": 0.5
    },
    "48305.177": {
      "votes": {},
      "initial_weight": 0.5,
      "final_weight": 0.5
    },
    "48305.75": {
      "votes": {},
      "initial_weight": 0.5,
      "final_weight": 0.43190734167756395
    },
    "48305.173": {
      "votes": {},
      "initial_weight": 0.5,
      "final_weight": 0.4
    }
  },
  "edges": {
    "48305.85": {
      "successor_id": "48305.75",
      "relation": 1.0
    },
    "48305.87": {
      "successor_id": "48305.75",
      "relation": -1.0
    },
    "48305.103": {
      "successor_id": "48305.75",
      "relation": -1.0
    },
    "48305.123": {
      "successor_id": "48305.85",
      "relation": -1.0
    },
    "48305.125": {
      "successor_id": "48305.85",
      "relation": 1.0
    },
    "48305.173": {
      "successor_id": "48305.87",
      "relation": 1.0
    },
    "48305.231": {
      "successor_id": "48305.87",
      "relation": -1.0
    },
    "48305.233": {
      "successor_id": "48305.87",
      "relation": -1.0
    },
    "48305.177": {
      "successor_id": "48305.173",
      "relation": -1.0
    }
  }
}