{
  "nodes": {
    "48305.259": {
      "votes": {},
      "initial_weight": 0.5,
      "final_weight": 0.5
    },
    "48305.253": {
      "votes": {},
      "initial_weight": 0.5,
      "final_weight": 0.36764705882352944
    },
    "48305.247": {
      "votes": {},
      "initial_weight": 0.5,
      "final_weight": 0.75
    },
    "48305.235": {
      "votes": {
        "3": 1,
        "4": 1
      },
      "initial_weight": 0.875,
      "final_weight": 0.5931575113664708
    },
    "48305.261": {
      "votes": {},
      "initial_weight": 0.5,
      "final_weight": 0.5
    },
    "48305.297": {
      "votes": {},
      "initial_weight": 0.5,
      "final_weight": 0.5
    },
    "48305.279": {
      "votes": {},
      "initial_weight": 0.5,
      "final_weight": 0.4
    },
    "48305.241": {
      "votes": {
        "3": 1
      },
      "initial_weight": 0.75,
      "final_weight": 0.75
    },
    "48305.237": {
      "votes": {
        "3": 1
      },
      "initial_weight": 0.75,
      "final_weight": 0.7647058823529411
    },
    "48305.251": {
      "votes": {},
      "initial_weight": 0.5,
      "final_weight": 0.44046485044770434
    },
    "48305.255": {
      "votes": {},
      "initial_weight": 0.5,
      "final_weight": 0.6
    },
    "48305.243": {
      "votes": {
        "2": 1
      },
      "initial_weight": 0.5,
      "final_weight": 0.8851485641823951
    },
    "48305.295": {
      "votes": {
        "4": 1
      },
      "initial_weight": 1.0,
      "final_weight": 0.8
    },
    "48305.265": {
      "votes": {},
      "initial_weight": 0.5,
      "final_weight": 0.43103448275862066
    },
    "48305.263": {
      "votes": {
        "3": 1
      },
      "initial_weight": 0.75,
      "final_weight": 0.7891702180997744
    },
    "48305.257": {
      "votes": {},
      "initial_weight": 0.5,
      "final_weight": 0.5
    },
    "48305.249": {
      "votes": {},
      "initial_weight": 0.5,
      "final_weight": 0.5
    },
    "48305.239": {
      "votes": {
        "1": 1
      },
      "initial_weight": 0.25,
      "final_weight": 0.25
    },
    "48305.245": {
      "votes": {},
      "initial_weight": 0.5,
      "final_weight": 0.5812427872218867
    },
    "48305.281": {
      "votes": {},
      "initial_weight": 0.5,
      "final_weight": 0.5
    }
  },
  "edges": {
    "48305.237": {
      "successor_id": "48305.235",
      "relation": 1.0
    },
    "48305.241": {
      "successor_id": "48305.235",
      "relation": -1.0
    },
    "48305.243": {
      "successor_id": "48305.235",
      "relation": 1.0
    },
    "48305.263": {
      "successor_id": "48305.235",
      "relation": -1.0
    },
    "48305.295": {
      "successor_id": "48305.235",
      "relation": -1.0
    },
    "48305.239": {
      "successor_id": "48305.237",
      "relation": 1.0
    },
    "48305.245": {
      "successor_id": "48305.243",
      "relation": 1.0
    },
    "48305.247": {
      "successor_id": "48305.243",
      "relation": 1.0
    },
    "48305.259": {
      "successor_id": "48305.243",
      "relation": 1.0
    },
    "48305.265": {
      "successor_id": "48305.263",
      "relation": 1.0
    },
    "48305.297": {
      "successor_id": "48305.295",
      "relation": -1.0
    },
    "48305.251": {
      "successor_id": "48305.245",
      "relation": 1.0
    },
    "48305.249": {
      "successor_id": "48305.247",
      "relation": 1.0
    },
    "48305.261": {
      "successor_id": "48305.247",
      "relation": 1.0
    },
    "48305.279": {
      "successor_id": "48305.265",
      "relation": -1.0
    },
    "48305.253": {
      "successor_id": "48305.251",
      "relation": -1.0
    },
    "48305.281": {
      "successor_id": "48305.279",
      "relation": -1.0
    },
    "48305.255": {
      "successor_id": "48305.253",
      "relation": -1.0
    },
    "48305.257": {
      "successor_id": "48305.255",
      "relation": 1.0
    }
  }
}