{
  "nodes": {
    "50128.91": {
      "votes": {},
      "initial_weight": 0.5,
      "final_weight": 0.49504950495049505
    },
    "50128.89": {
      "votes": {},
      "initial_weight": 0.5,
      "final_weight": 0.5984174474450831
    },
    "50128.99": {
      "votes": {},
      "initial_weight": 0.5,
      "final_weight": 0.5
    },
    "50128.93": {
      "votes": {},
      "initial_weight": 0.5,
      "final_weight": 0.5
    },
    "50128.95": {
      "votes": {},
      "initial_weight": 0.5,
      "final_weight": 0.6
    }
  },
  "edges": {
    "50128.91": {
      "successor_id": "50128.89",
      "relation": 1.0
    },
    "50128.93": {
      "successor_id": "50128.91",
      "relation": 1.0
    },
    "50128.95": {
      "successor_id": "50128.91",
      "relation": -1.0
    },
    "50128.99": {
      "successor_id": "50128.95",
      "relation": 1.0
    }
  }
}