{
  "nodes": {
    "53514.110": {
      "votes": {
        "3": 1
      },
      "initial_weight": 0.75,
      "final_weight": 0.8
    },
    "53514.142": {
      "votes": {},
      "initial_weight": 0.5,
      "final_weight": 0.6
    },
    "53514.162": {
      "votes": {},
      "initial_weight": 0.5,
      "final_weight": 0.5
    },
    "53514.168": {
      "votes": {},
      "initial_weight": 0.5,
      "final_weight": 0.5
    },
    "53514.90": {
      "votes": {},
      "initial_weight": 0.5,
      "final_weight": 0.6
    },
    "53514.78": {
      "votes": {
        "3": 1
      },
      "initial_weight": 0.75,
      "final_weight": 0.7504546298014474
    },
    "53514.88": {
      "votes": {
        "3": 1
      },
      "initial_weight": 0.75,
      "final_weight": 0.45731707317073167
    },
    "53514.164": {
      "votes": {},
      "initial_weight": 0.5,
      "final_weight": 0.5
    },
    "53514.183": {
      "votes": {},
      "initial_weight": 0.5,
      "final_weight": 0.5
    },
    "53514.181": {
      "votes": {},
      "initial_weight": 0.5,
      "final_weight": 0.5
    },
    "53514.112": {
      "votes": {},
      "initial_weight": 0.5,
      "final_weight": 0.5
    }
  },
  "edges": {
    "53514.88": {
      "successor_id": "53514.78",
      "relation": -1.0
    },
    "53514.90": {
      "successor_id": "53514.78",
      "relation": 1.0
    },
    "53514.112": {
      "successor_id": "53514.78",
      "relation": 1.0
    },
    "53514.142": {
      "successor_id": "53514.78",
      "relation": -1.0
    },
    "53514.110": {
      "successor_id": "53514.88",
      "relation": -1.0
    },
    "53514.164": {
      "successor_id": "53514.90",
      "relation": 1.0
    },
    "53514.162": {
      "successor_id": "53514.112",
      "relation": -1.0
    },
    "53514.168": {
      "successor_id": "53514.112",
      "relation": 1.0
    },
    "53514.181": {
      "successor_id": "53514.142",
      "relation": 1.0
    },
    "53514.183": {
      "successor_id": "53514.110",
      "relation": 1.0
    }
  }
}