{
  "nodes": {
    "5589.217": {
      "votes": {
        "2": 1,
        "4": 1,
        "3": 1
      },
      "initial_weight": 0.75,
      "final_weight": 0.375
    },
    "5589.194": {
      "votes": {
        "3": 1,
        "4": 1
      },
      "initial_weight": 0.875,
      "final_weight": 0.7339642688493625
    },
    "5589.195": {
      "votes": {
        "3": 1,
        "2": 2
      },
      "initial_weight": 0.5833333333333334,
      "final_weight": 0.4666666666666667
    },
    "5589.19": {
      "votes": {
        "4": 1
      },
      "initial_weight": 1.0,
      "final_weight": 1.0
    },
    "5589.199": {
      "votes": {
        "4": 1
      },
      "initial_weight": 1.0,
      "final_weight": 1.0
    },
    "5589.233": {
      "votes": {
        "1": 1,
        "0": 1
      },
      "initial_weight": 0.125,
      "final_weight": 0.08
    },
    "5589.234": {
      "votes": {
        "3": 2
      },
      "initial_weight": 0.75,
      "final_weight": 0.75
    },
    "5589.198": {
      "votes": {
        "3": 1,
        "4": 2
      },
      "initial_weight": 0.9166666666666666,
      "final_weight": 0.9166666666666666
    },
    "5589.839": {
      "votes": {},
      "initial_weight": 0.5,
      "final_weight": 0.5
    },
    "5589.365": {
      "votes": {
        "2": 2
      },
      "initial_weight": 0.5,
      "final_weight": 0.5
    },
    "5589.218": {
      "votes": {},
      "initial_weight": 0.5,
      "final_weight": 0.5
    },
    "5589.833": {
      "votes": {},
      "initial_weight": 0.5,
      "final_weight": 0.5
    },
    "5589.210": {
      "votes": {
        "0": 1
      },
      "initial_weight": 0.0,
      "final_weight": 0.4289340101522843
    },
    "5589.213": {
      "votes": {
        "2": 1
      },
      "initial_weight": 0.5,
      "final_weight": 0.5
    },
    "5589.827": {
      "votes": {},
      "initial_weight": 0.5,
      "final_weight": 0.5
    },
    "5589.212": {
      "votes": {
        "4": 1,
        "3": 2
      },
      "initial_weight": 0.8333333333333334,
      "final_weight": 0.8666666666666667
    },
    "5589.211": {
      "votes": {},
      "initial_weight": 0.5,
      "final_weight": 0.4383561643835616
    },
    "5589.192": {
      "votes": {
        "3": 1,
        "0": 6,
        "2": 1
      },
      "initial_weight": 0.15625,
      "final_weight": 0.30737065361294885
    },
    "5589.214": {
      "votes": {
        "2": 2,
        "3": 1
      },
      "initial_weight": 0.5833333333333334,
      "final_weight": 0.5833333333333334
    }
  },
  "edges": {
    "5589.233": {
      "successor_id": "5589.192",
      "relation": 1.0
    },
    "5589.194": {
      "successor_id": "5589.192",
      "relation": -1.0
    },
    "5589.195": {
      "successor_id": "5589.192",
      "relation": 1.0
    },
    "5589.198": {
      "successor_id": "5589.192",
      "relation": -1.0
    },
    "5589.199": {
      "successor_id": "5589.192",
      "relation": 1.0
    },
    "5589.19": {
      "successor_id": "5589.192",
      "relation": 1.0
    },
    "5589.210": {
      "successor_id": "5589.192",
      "relation": -1.0
    },
    "5589.234": {
      "successor_id": "5589.233",
      "relation": -1.0
    },
    "5589.211": {
      "successor_id": "5589.194",
      "relation": -1.0
    },
    "5589.365": {
      "successor_id": "5589.195",
      "relation": -1.0
    },
    "5589.827": {
      "successor_id": "5589.198",
      "relation": -1.0
    },
    "5589.833": {
      "successor_id": "5589.198",
      "relation": 1.0
    },
    "5589.214": {
      "successor_id": "5589.19",
      "relation": 1.0
    },
    "5589.212": {
      "successor_id": "5589.210",
      "relation": 1.0
    },
    "5589.217": {
      "successor_id": "5589.211",
      "relation": -1.0
    },
    "5589.213": {
      "successor_id": "5589.212",
      "relation": 1.0
    },
    "5589.218": {
      "successor_id": "5589.217",
      "relation": -1.0
    },
    "5589.839": {
      "successor_id": "5589.217",
      "relation": -1.0
    }
  }
}