{
  "nodes": {
    "57546.41": {
      "votes": {
        "4": 3,
        "2": 1
      },
      "initial_weight": 0.875,
      "final_weight": 0.9817258883248731
    },
    "57546.53": {
      "votes": {
        "4": 1
      },
      "initial_weight": 1.0,
      "final_weight": 1.0
    },
    "57546.431": {
      "votes": {},
      "initial_weight": 0.5,
      "final_weight": 0.5
    },
    "57546.69": {
      "votes": {
        "4": 2,
        "3": 1
      },
      "initial_weight": 0.9166666666666666,
      "final_weight": 0.9166666666666666
    }
  },
  "edges": {
    "57546.53": {
      "successor_id": "57546.41",
      "relation": 1.0
    },
    "57546.69": {
      "successor_id": "57546.41",
      "relation": 1.0
    },
    "57546.431": {
      "successor_id": "57546.41",
      "relation": 1.0
    }
  }
}