{
  "nodes": {
    "58416.29": {
      "votes": {},
      "initial_weight": 0.5,
      "final_weight": 0.5
    },
    "58416.152": {
      "votes": {},
      "initial_weight": 0.5,
      "final_weight": 0.4
    },
    "58416.35": {
      "votes": {},
      "initial_weight": 0.5,
      "final_weight": 0.49504950495049505
    },
    "58416.31": {
      "votes": {},
      "initial_weight": 0.5,
      "final_weight": 0.5
    },
    "58416.27": {
      "votes": {
        "2": 1,
        "3": 1
      },
      "initial_weight": 0.625,
      "final_weight": 0.9247021598027685
    },
    "58416.247": {
      "votes": {},
      "initial_weight": 0.5,
      "final_weight": 0.5
    },
    "58416.305": {
      "votes": {},
      "initial_weight": 0.5,
      "final_weight": 0.5
    },
    "58416.307": {
      "votes": {},
      "initial_weight": 0.5,
      "final_weight": 0.5
    },
    "58416.33": {
      "votes": {},
      "initial_weight": 0.5,
      "final_weight": 0.5
    },
    "58416.303": {
      "votes": {},
      "initial_weight": 0.5,
      "final_weight": 0.5
    }
  },
  "edges": {
    "58416.29": {
      "successor_id": "58416.27",
      "relation": 1.0
    },
    "58416.31": {
      "successor_id": "58416.27",
      "relation": 1.0
    },
    "58416.33": {
      "successor_id": "58416.27",
      "relation": 1.0
    },
    "58416.35": {
      "successor_id": "58416.27",
      "relation": 1.0
    },
    "58416.247": {
      "successor_id": "58416.29",
      "relation": -1.0
    },
    "58416.303": {
      "successor_id": "58416.29",
      "relation": 1.0
    },
    "58416.152": {
      "successor_id": "58416.35",
      "relation": 1.0
    },
    "58416.305": {
      "successor_id": "58416.35",
      "relation": -1.0
    },
    "58416.307": {
      "successor_id": "58416.152",
      "relation": -1.0
    }
  }
}