{
  "nodes": {
    "6360.6": {
      "votes": {
        "0": 1,
        "1": 1,
        "3": 1
      },
      "initial_weight": 0.3333333333333333,
      "final_weight": 0.25951557093425603
    },
    "6360.125": {
      "votes": {},
      "initial_weight": 0.5,
      "final_weight": 0.5
    },
    "6360.9": {
      "votes": {
        "2": 1
      },
      "initial_weight": 0.5,
      "final_weight": 0.5
    },
    "6360.43": {
      "votes": {},
      "initial_weight": 0.5,
      "final_weight": 0.5
    },
    "6360.16": {
      "votes": {
        "0": 1,
        "4": 2
      },
      "initial_weight": 0.6666666666666666,
      "final_weight": 0.5333333333333333
    }
  },
  "edges": {
    "6360.9": {
      "successor_id": "6360.6",
      "relation": -1.0
    },
    "6360.16": {
      "successor_id": "6360.6",
      "relation": -1.0
    },
    "6360.125": {
      "successor_id": "6360.6",
      "relation": 1.0
    },
    "6360.43": {
      "successor_id": "6360.16",
      "relation": -1.0
    }
  }
}