{
  "nodes": {
    "64803.160": {
      "votes": {
        "0": 1,
        "3": 1
      },
      "initial_weight": 0.375,
      "final_weight": 0.375
    },
    "64803.94": {
      "votes": {
        "1": 1,
        "4": 3
      },
      "initial_weight": 0.8125,
      "final_weight": 0.7845376080727964
    },
    "64803.134": {
      "votes": {
        "3": 1,
        "4": 1
      },
      "initial_weight": 0.875,
      "final_weight": 0.875
    },
    "64803.132": {
      "votes": {
        "2": 2,
        "0": 1
      },
      "initial_weight": 0.3333333333333333,
      "final_weight": 0.1887905604719764
    },
    "64803.72": {
      "votes": {
        "0": 3,
        "3": 2
      },
      "initial_weight": 0.3,
      "final_weight": 0.25691067175395865
    }
  },
  "edges": {
    "64803.94": {
      "successor_id": "64803.72",
      "relation": -1.0
    },
    "64803.160": {
      "successor_id": "64803.72",
      "relation": 1.0
    },
    "64803.132": {
      "successor_id": "64803.94",
      "relation": -1.0
    },
    "64803.134": {
      "successor_id": "64803.132",
      "relation": -1.0
    }
  }
}