{
  "nodes": {
    "64803.110": {
      "votes": {
        "1": 1,
        "3": 1,
        "0": 2
      },
      "initial_weight": 0.25,
      "final_weight": 0.1770869201633135
    },
    "64803.176": {
      "votes": {
        "3": 1,
        "1": 1
      },
      "initial_weight": 0.5,
      "final_weight": 0.5
    },
    "64803.116": {
      "votes": {
        "2": 1,
        "1": 1
      },
      "initial_weight": 0.375,
      "final_weight": 0.375
    },
    "64803.120": {
      "votes": {
        "0": 1,
        "3": 1,
        "1": 1
      },
      "initial_weight": 0.3333333333333333,
      "final_weight": 0.26666666666666666
    }
  },
  "edges": {
    "64803.116": {
      "successor_id": "64803.110",
      "relation": -1.0
    },
    "64803.120": {
      "successor_id": "64803.110",
      "relation": -1.0
    },
    "64803.176": {
      "successor_id": "64803.120",
      "relation": -1.0
    }
  }
}