{
  "nodes": {
    "64803.56": {
      "votes": {
        "1": 1,
        "3": 1,
        "0": 1
      },
      "initial_weight": 0.3333333333333333,
      "final_weight": 0.3333333333333333
    },
    "64803.64": {
      "votes": {
        "2": 1,
        "4": 1,
        "3": 1
      },
      "initial_weight": 0.75,
      "final_weight": 0.75
    },
    "64803.78": {
      "votes": {
        "1": 1,
        "4": 1,
        "3": 1
      },
      "initial_weight": 0.6666666666666666,
      "final_weight": 0.6666666666666666
    },
    "64803.54": {
      "votes": {
        "0": 1,
        "2": 2,
        "3": 1,
        "4": 3
      },
      "initial_weight": 0.6785714285714286,
      "final_weight": 0.638655462184874
    }
  },
  "edges": {
    "64803.56": {
      "successor_id": "64803.54",
      "relation": -1.0
    },
    "64803.64": {
      "successor_id": "64803.54",
      "relation": 1.0
    },
    "64803.78": {
      "successor_id": "64803.54",
      "relation": -1.0
    }
  }
}