{
  "nodes": {
    "7299.65": {
      "votes": {
        "4": 1
      },
      "initial_weight": 1.0,
      "final_weight": 1.0
    },
    "7299.44": {
      "votes": {
        "4": 4
      },
      "initial_weight": 1.0,
      "final_weight": 1.0
    },
    "7299.17": {
      "votes": {},
      "initial_weight": 0.5,
      "final_weight": 0.5
    },
    "7299.2": {
      "votes": {
        "4": 1,
        "2": 1
      },
      "initial_weight": 0.75,
      "final_weight": 0.7895670548583175
    },
    "7299.6": {
      "votes": {
        "4": 3,
        "3": 1
      },
      "initial_weight": 0.9375,
      "final_weight": 0.9269533309896291
    },
    "7299.13": {
      "votes": {},
      "initial_weight": 0.5,
      "final_weight": 0.5
    },
    "7299.4": {
      "votes": {
        "0": 2,
        "1": 1
      },
      "initial_weight": 0.08333333333333333,
      "final_weight": 0.05333333333333333
    },
    "7299.12": {
      "votes": {
        "4": 1
      },
      "initial_weight": 1.0,
      "final_weight": 0.4413793103448276
    },
    "7299.42": {
      "votes": {},
      "initial_weight": 0.5,
      "final_weight": 0.5
    },
    "7299.10": {
      "votes": {
        "4": 1,
        "0": 1,
        "2": 1
      },
      "initial_weight": 0.5,
      "final_weight": 0.7024916325771662
    },
    "7299.28": {
      "votes": {
        "0": 1
      },
      "initial_weight": 0.0,
      "final_weight": 0.2
    },
    "7299.68": {
      "votes": {},
      "initial_weight": 0.5,
      "final_weight": 0.5
    },
    "7299.16": {
      "votes": {},
      "initial_weight": 0.5,
      "final_weight": 0.5
    },
    "7299.20": {
      "votes": {
        "2": 1,
        "0": 2
      },
      "initial_weight": 0.16666666666666666,
      "final_weight": 0.10666666666666666
    },
    "7299.18": {
      "votes": {
        "3": 1,
        "4": 2
      },
      "initial_weight": 0.9166666666666666,
      "final_weight": 0.9166999866719978
    },
    "7299.21": {
      "votes": {
        "0": 3
      },
      "initial_weight": 0.0,
      "final_weight": 0.0
    },
    "7299.24": {
      "votes": {
        "1": 1
      },
      "initial_weight": 0.25,
      "final_weight": 0.25
    },
    "7299.51": {
      "votes": {
        "4": 1
      },
      "initial_weight": 1.0,
      "final_weight": 1.0
    },
    "7299.52": {
      "votes": {
        "4": 3
      },
      "initial_weight": 1.0,
      "final_weight": 1.0
    },
    "7299.8": {
      "votes": {
        "3": 1,
        "2": 1
      },
      "initial_weight": 0.625,
      "final_weight": 0.625
    },
    "7299.48": {
      "votes": {
        "3": 1,
        "4": 1
      },
      "initial_weight": 0.875,
      "final_weight": 0.875
    },
    "7299.127": {
      "votes": {},
      "initial_weight": 0.5,
      "final_weight": 0.5
    },
    "7299.26": {
      "votes": {
        "1": 1
      },
      "initial_weight": 0.25,
      "final_weight": 0.25
    },
    "7299.14": {
      "votes": {},
      "initial_weight": 0.5,
      "final_weight": 0.5
    },
    "7299.15": {
      "votes": {
        "1": 1
      },
      "initial_weight": 0.25,
      "final_weight": 0.25
    },
    "7299.70": {
      "votes": {
        "1": 1
      },
      "initial_weight": 0.25,
      "final_weight": 0.25
    },
    "7299.129": {
      "votes": {},
      "initial_weight": 0.5,
      "final_weight": 0.5
    },
    "7299.69": {
      "votes": {},
      "initial_weight": 0.5,
      "final_weight": 0.5
    },
    "7299.50": {
      "votes": {},
      "initial_weight": 0.5,
      "final_weight": 0.5
    },
    "7299.23": {
      "votes": {
        "3": 1
      },
      "initial_weight": 0.75,
      "final_weight": 0.75
    },
    "7299.19": {
      "votes": {
        "3": 1
      },
      "initial_weight": 0.75,
      "final_weight": 0.48
    },
    "7299.1": {
      "votes": {
        "1": 1,
        "4": 3,
        "0": 1
      },
      "initial_weight": 0.65,
      "final_weight": 0.9622820616814598
    },
    "7299.5": {
      "votes": {
        "4": 3
      },
      "initial_weight": 1.0,
      "final_weight": 1.0
    },
    "7299.63": {
      "votes": {},
      "initial_weight": 0.5,
      "final_weight": 0.25
    },
    "7299.66": {
      "votes": {},
      "initial_weight": 0.5,
      "final_weight": 0.5
    },
    "7299.43": {
      "votes": {
        "4": 1
      },
      "initial_weight": 1.0,
      "final_weight": 1.0
    },
    "7299.11": {
      "votes": {
        "1": 1
      },
      "initial_weight": 0.25,
      "final_weight": 0.625
    }
  },
  "edges": {
    "7299.2": {
      "successor_id": "7299.1",
      "relation": 1.0
    },
    "7299.4": {
      "successor_id": "7299.1",
      "relation": -1.0
    },
    "7299.5": {
      "successor_id": "7299.1",
      "relation": 1.0
    },
    "7299.6": {
      "successor_id": "7299.1",
      "relation": 1.0
    },
    "7299.10": {
      "successor_id": "7299.1",
      "relation": -1.0
    },
    "7299.12": {
      "successor_id": "7299.2",
      "relation": -1.0
    },
    "7299.18": {
      "successor_id": "7299.1",
      "relation": 1.0
    },
    "7299.21": {
      "successor_id": "7299.1",
      "relation": -1.0
    },
    "7299.48": {
      "successor_id": "7299.2",
      "relation": 1.0
    },
    "7299.50": {
      "successor_id": "7299.2",
      "relation": -1.0
    },
    "7299.69": {
      "successor_id": "7299.2",
      "relation": 1.0
    },
    "7299.26": {
      "successor_id": "7299.4",
      "relation": 1.0
    },
    "7299.44": {
      "successor_id": "7299.4",
      "relation": -1.0
    },
    "7299.23": {
      "successor_id": "7299.5",
      "relation": 1.0
    },
    "7299.51": {
      "successor_id": "7299.5",
      "relation": 1.0
    },
    "7299.20": {
      "successor_id": "7299.6",
      "relation": -1.0
    },
    "7299.28": {
      "successor_id": "7299.10",
      "relation": 1.0
    },
    "7299.11": {
      "successor_id": "7299.10",
      "relation": 1.0
    },
    "7299.15": {
      "successor_id": "7299.12",
      "relation": 1.0
    },
    "7299.8": {
      "successor_id": "7299.12",
      "relation": -1.0
    },
    "7299.24": {
      "successor_id": "7299.12",
      "relation": 1.0
    },
    "7299.43": {
      "successor_id": "7299.12",
      "relation": -1.0
    },
    "7299.19": {
      "successor_id": "7299.18",
      "relation": -1.0
    },
    "7299.68": {
      "successor_id": "7299.18",
      "relation": 1.0
    },
    "7299.52": {
      "successor_id": "7299.21",
      "relation": -1.0
    },
    "7299.65": {
      "successor_id": "7299.20",
      "relation": -1.0
    },
    "7299.70": {
      "successor_id": "7299.20",
      "relation": 1.0
    },
    "7299.17": {
      "successor_id": "7299.28",
      "relation": 1.0
    },
    "7299.16": {
      "successor_id": "7299.28",
      "relation": 1.0
    },
    "7299.66": {
      "successor_id": "7299.28",
      "relation": -1.0
    },
    "7299.13": {
      "successor_id": "7299.11",
      "relation": 1.0
    },
    "7299.14": {
      "successor_id": "7299.11",
      "relation": 1.0
    },
    "7299.42": {
      "successor_id": "7299.19",
      "relation": -1.0
    },
    "7299.63": {
      "successor_id": "7299.19",
      "relation": -1.0
    },
    "7299.127": {
      "successor_id": "7299.63",
      "relation": -1.0
    },
    "7299.129": {
      "successor_id": "7299.63",
      "relation": -1.0
    }
  }
}