{
  "nodes": {
    "8051.36": {
      "votes": {},
      "initial_weight": 0.5,
      "final_weight": 0.5
    },
    "8051.10": {
      "votes": {
        "4": 3
      },
      "initial_weight": 1.0,
      "final_weight": 1.0
    },
    "8051.61": {
      "votes": {},
      "initial_weight": 0.5,
      "final_weight": 0.5
    },
    "8051.75": {
      "votes": {
        "1": 1
      },
      "initial_weight": 0.25,
      "final_weight": 0.25
    },
    "8051.11": {
      "votes": {},
      "initial_weight": 0.5,
      "final_weight": 0.5
    },
    "8051.6": {
      "votes": {},
      "initial_weight": 0.5,
      "final_weight": 0.8461538461538461
    },
    "8051.7": {
      "votes": {
        "2": 1,
        "4": 4,
        "0": 1
      },
      "initial_weight": 0.75,
      "final_weight": 0.9254682824915549
    },
    "8051.8": {
      "votes": {
        "4": 1,
        "1": 1,
        "2": 1
      },
      "initial_weight": 0.5833333333333334,
      "final_weight": 0.11666666666666664
    },
    "8051.139": {
      "votes": {},
      "initial_weight": 0.5,
      "final_weight": 0.7785788382506232
    },
    "8051.148": {
      "votes": {},
      "initial_weight": 0.5,
      "final_weight": 0.4
    },
    "8051.13": {
      "votes": {
        "1": 1,
        "2": 1,
        "4": 2
      },
      "initial_weight": 0.6875,
      "final_weight": 0.6875
    },
    "8051.35": {
      "votes": {},
      "initial_weight": 0.5,
      "final_weight": 0.7216684360463146
    },
    "8051.56": {
      "votes": {},
      "initial_weight": 0.5,
      "final_weight": 0.5
    },
    "8051.49": {
      "votes": {
        "3": 1
      },
      "initial_weight": 0.75,
      "final_weight": 0.75
    },
    "8051.74": {
      "votes": {
        "0": 1,
        "1": 1
      },
      "initial_weight": 0.125,
      "final_weight": 0.13366336633663367
    },
    "8051.43": {
      "votes": {
        "4": 1,
        "1": 2
      },
      "initial_weight": 0.5,
      "final_weight": 0.5
    },
    "8051.54": {
      "votes": {
        "4": 1,
        "2": 2
      },
      "initial_weight": 0.6666666666666666,
      "final_weight": 0.6666666666666666
    },
    "8051.17": {
      "votes": {
        "0": 2
      },
      "initial_weight": 0.0,
      "final_weight": 0.0
    },
    "8051.37": {
      "votes": {},
      "initial_weight": 0.5,
      "final_weight": 0.6
    },
    "8051.30": {
      "votes": {
        "1": 1
      },
      "initial_weight": 0.25,
      "final_weight": 0.25
    },
    "8051.144": {
      "votes": {},
      "initial_weight": 0.5,
      "final_weight": 0.5
    },
    "8051.12": {
      "votes": {
        "1": 1,
        "0": 1,
        "4": 2,
        "3": 1
      },
      "initial_weight": 0.6,
      "final_weight": 0.5837837837837838
    },
    "8051.2": {
      "votes": {
        "3": 1,
        "2": 1,
        "4": 4
      },
      "initial_weight": 0.875,
      "final_weight": 0.9487704918032787
    },
    "8051.76": {
      "votes": {
        "3": 1
      },
      "initial_weight": 0.75,
      "final_weight": 0.75
    },
    "8051.150": {
      "votes": {},
      "initial_weight": 0.5,
      "final_weight": 0.5
    },
    "8051.1": {
      "votes": {
        "1": 2,
        "0": 3,
        "2": 1
      },
      "initial_weight": 0.16666666666666666,
      "final_weight": 0.017087130772631742
    },
    "8051.55": {
      "votes": {
        "3": 1
      },
      "initial_weight": 0.75,
      "final_weight": 0.8
    },
    "8051.18": {
      "votes": {
        "3": 1
      },
      "initial_weight": 0.75,
      "final_weight": 0.7058823529411765
    },
    "8051.41": {
      "votes": {
        "4": 1
      },
      "initial_weight": 1.0,
      "final_weight": 1.0
    },
    "8051.48": {
      "votes": {
        "3": 1
      },
      "initial_weight": 0.75,
      "final_weight": 0.75
    },
    "8051.83": {
      "votes": {},
      "initial_weight": 0.5,
      "final_weight": 0.5
    },
    "8051.3": {
      "votes": {
        "4": 1,
        "1": 1,
        "2": 1,
        "3": 1
      },
      "initial_weight": 0.625,
      "final_weight": 0.625
    },
    "8051.5": {
      "votes": {
        "0": 1,
        "1": 1,
        "2": 1,
        "3": 1
      },
      "initial_weight": 0.375,
      "final_weight": 0.021633419374650187
    },
    "8051.14": {
      "votes": {
        "4": 1
      },
      "initial_weight": 1.0,
      "final_weight": 1.0
    },
    "8051.4": {
      "votes": {
        "2": 2,
        "1": 1,
        "0": 2,
        "4": 1,
        "3": 1
      },
      "initial_weight": 0.42857142857142855,
      "final_weight": 0.16381682533191166
    },
    "8051.20": {
      "votes": {
        "2": 1
      },
      "initial_weight": 0.5,
      "final_weight": 0.5
    },
    "8051.38": {
      "votes": {},
      "initial_weight": 0.5,
      "final_weight": 0.5
    },
    "8051.31": {
      "votes": {
        "1": 1
      },
      "initial_weight": 0.25,
      "final_weight": 0.0975609756097561
    },
    "8051.32": {
      "votes": {
        "0": 1
      },
      "initial_weight": 0.0,
      "final_weight": 0.0
    },
    "8051.80": {
      "votes": {
        "4": 1,
        "3": 1
      },
      "initial_weight": 0.875,
      "final_weight": 0.875
    },
    "8051.16": {
      "votes": {},
      "initial_weight": 0.5,
      "final_weight": 0.5
    },
    "8051.19": {
      "votes": {
        "3": 1,
        "4": 1
      },
      "initial_weight": 0.875,
      "final_weight": 0.8924228849353641
    },
    "8051.77": {
      "votes": {
        "4": 1
      },
      "initial_weight": 1.0,
      "final_weight": 1.0
    },
    "8051.21": {
      "votes": {
        "3": 1,
        "4": 1
      },
      "initial_weight": 0.875,
      "final_weight": 0.9165704387990762
    },
    "8051.39": {
      "votes": {},
      "initial_weight": 0.5,
      "final_weight": 0.5
    },
    "8051.22": {
      "votes": {
        "4": 2
      },
      "initial_weight": 1.0,
      "final_weight": 1.0
    },
    "8051.42": {
      "votes": {
        "3": 1
      },
      "initial_weight": 0.75,
      "final_weight": 0.75
    },
    "8051.79": {
      "votes": {},
      "initial_weight": 0.5,
      "final_weight": 0.4
    },
    "8051.84": {
      "votes": {},
      "initial_weight": 0.5,
      "final_weight": 0.5
    },
    "8051.46": {
      "votes": {},
      "initial_weight": 0.5,
      "final_weight": 0.5
    },
    "8051.15": {
      "votes": {
        "0": 1,
        "4": 1,
        "2": 1
      },
      "initial_weight": 0.5,
      "final_weight": 0.8048780487804879
    },
    "8051.24": {
      "votes": {
        "4": 2
      },
      "initial_weight": 1.0,
      "final_weight": 1.0
    },
    "8051.25": {
      "votes": {
        "3": 1,
        "0": 1
      },
      "initial_weight": 0.375,
      "final_weight": 0.5
    }
  },
  "edges": {
    "8051.2": {
      "successor_id": "8051.1",
      "relation": -1.0
    },
    "8051.3": {
      "successor_id": "8051.1",
      "relation": -1.0
    },
    "8051.4": {
      "successor_id": "8051.1",
      "relation": 1.0
    },
    "8051.5": {
      "successor_id": "8051.1",
      "relation": 1.0
    },
    "8051.7": {
      "successor_id": "8051.1",
      "relation": -1.0
    },
    "8051.74": {
      "successor_id": "8051.1",
      "relation": 1.0
    },
    "8051.139": {
      "successor_id": "8051.1",
      "relation": -1.0
    },
    "8051.55": {
      "successor_id": "8051.2",
      "relation": 1.0
    },
    "8051.79": {
      "successor_id": "8051.2",
      "relation": 1.0
    },
    "8051.25": {
      "successor_id": "8051.4",
      "relation": -1.0
    },
    "8051.43": {
      "successor_id": "8051.4",
      "relation": -1.0
    },
    "8051.13": {
      "successor_id": "8051.4",
      "relation": -1.0
    },
    "8051.12": {
      "successor_id": "8051.4",
      "relation": -1.0
    },
    "8051.24": {
      "successor_id": "8051.4",
      "relation": 1.0
    },