{
  "nodes": {
    "9143.787": {
      "votes": {
        "4": 1
      },
      "initial_weight": 1.0,
      "final_weight": 0.8
    },
    "9143.85": {
      "votes": {
        "2": 1,
        "0": 2
      },
      "initial_weight": 0.16666666666666666,
      "final_weight": 0.16666666666666666
    },
    "9143.78": {
      "votes": {},
      "initial_weight": 0.5,
      "final_weight": 0.5
    },
    "9143.210": {
      "votes": {
        "4": 4
      },
      "initial_weight": 1.0,
      "final_weight": 1.0
    },
    "9143.84": {
      "votes": {
        "1": 1,
        "0": 1
      },
      "initial_weight": 0.125,
      "final_weight": 0.125
    },
    "9143.431": {
      "votes": {
        "0": 2,
        "2": 1
      },
      "initial_weight": 0.16666666666666666,
      "final_weight": 0.16666666666666666
    },
    "9143.906": {
      "votes": {
        "4": 1
      },
      "initial_weight": 1.0,
      "final_weight": 1.0
    },
    "9143.686": {
      "votes": {
        "4": 1
      },
      "initial_weight": 1.0,
      "final_weight": 0.8
    },
    "9143.590": {
      "votes": {},
      "initial_weight": 0.5,
      "final_weight": 0.5
    },
    "9143.48": {
      "votes": {},
      "initial_weight": 0.5,
      "final_weight": 0.5
    },
    "9143.1032": {
      "votes": {
        "4": 1
      },
      "initial_weight": 1.0,
      "final_weight": 0.8
    },
    "9143.168": {
      "votes": {
        "2": 1,
        "0": 2
      },
      "initial_weight": 0.16666666666666666,
      "final_weight": 0.16666666666666666
    },
    "9143.145": {
      "votes": {},
      "initial_weight": 0.5,
      "final_weight": 0.43103448275862066
    },
    "9143.958": {
      "votes": {},
      "initial_weight": 0.5,
      "final_weight": 0.5
    },
    "9143.142": {
      "votes": {
        "0": 1
      },
      "initial_weight": 0.0,
      "final_weight": 0.0
    },
    "9143.56": {
      "votes": {
        "1": 1,
        "4": 1
      },
      "initial_weight": 0.625,
      "final_weight": 0.625
    },
    "9143.1001": {
      "votes": {},
      "initial_weight": 0.5,
      "final_weight": 0.6
    },
    "9143.80": {
      "votes": {},
      "initial_weight": 0.5,
      "final_weight": 0.5
    },
    "9143.245": {
      "votes": {
        "4": 2,
        "0": 2
      },
      "initial_weight": 0.5,
      "final_weight": 0.946865037194474
    },
    "9143.79": {
      "votes": {},
      "initial_weight": 0.5,
      "final_weight": 0.5
    },
    "9143.162": {
      "votes": {
        "0": 1
      },
      "initial_weight": 0.0,
      "final_weight": 0.0
    },
    "9143.1026": {
      "votes": {},
      "initial_weight": 0.5,
      "final_weight": 0.5
    },
    "9143.973": {
      "votes": {},
      "initial_weight": 0.5,
      "final_weight": 0.5
    },
    "9143.1027": {
      "votes": {},
      "initial_weight": 0.5,
      "final_weight": 0.5
    },
    "9143.537": {
      "votes": {
        "2": 2,
        "4": 2
      },
      "initial_weight": 0.75,
      "final_weight": 0.9750154686418682
    },
    "9143.1060": {
      "votes": {},
      "initial_weight": 0.5,
      "final_weight": 0.5
    },
    "9143.995": {
      "votes": {
        "0": 1
      },
      "initial_weight": 0.0,
      "final_weight": 0.2
    },
    "9143.996": {
      "votes": {},
      "initial_weight": 0.5,
      "final_weight": 0.5
    },
    "9143.384": {
      "votes": {
        "1": 1,
        "4": 1
      },
      "initial_weight": 0.625,
      "final_weight": 0.625
    },
    "9143.205": {
      "votes": {},
      "initial_weight": 0.5,
      "final_weight": 0.75
    },
    "9143.1028": {
      "votes": {},
      "initial_weight": 0.5,
      "final_weight": 0.5
    },
    "9143.919": {
      "votes": {
        "3": 1
      },
      "initial_weight": 0.75,
      "final_weight": 0.75
    },
    "9143.986": {
      "votes": {
        "4": 1
      },
      "initial_weight": 1.0,
      "final_weight": 1.0
    },
    "9143.915": {
      "votes": {},
      "initial_weight": 0.5,
      "final_weight": 0.5
    },
    "9143.52": {
      "votes": {
        "3": 1,
        "2": 1,
        "0": 1,
        "4": 11
      },
      "initial_weight": 0.875,
      "final_weight": 0.998143252487935
    },
    "9143.83": {
      "votes": {
        "4": 1,
        "2": 1
      },
      "initial_weight": 0.75,
      "final_weight": 0.75
    },
    "9143.818": {
      "votes": {
        "4": 1,
        "1": 1
      },
      "initial_weight": 0.625,
      "final_weight": 0.6188118811881188
    },
    "9143.88": {
      "votes": {},
      "initial_weight": 0.5,
      "final_weight": 0.5
    },
    "9143.47": {
      "votes": {},
      "initial_weight": 0.5,
      "final_weight": 0.5
    },
    "9143.785": {
      "votes": {
        "4": 2,
        "1": 1
      },
      "initial_weight": 0.75,
      "final_weight": 0.7500061267001593
    },
    "9143.998": {
      "votes": {},
      "initial_weight": 0.5,
      "final_weight": 0.5
    },
    "9143.1002": {
      "votes": {},
      "initial_weight": 0.5,
      "final_weight": 0.5
    },
    "9143.192": {
      "votes": {
        "4": 2
      },
      "initial_weight": 1.0,
      "final_weight": 1.0
    },
    "9143.565": {
      "votes": {
        "0": 1,
        "4": 1
      },
      "initial_weight": 0.5,
      "final_weight": 0.5
    },
    "9143.1114": {
      "votes": {},
      "initial_weight": 0.5,
      "final_weight": 0.5
    },
    "9143.81": {
      "votes": {
        "1": 1
      },
      "initial_weight": 0.25,
      "final_weight": 0.4
    },
    "9143.853": {
      "votes": {},
      "initial_weight": 0.5,
      "final_weight": 0.5
    },
    "9143.916": {
      "votes": {},
      "initial_weight": 0.5,
      "final_weight": 0.6
    },
    "9143.1000": {
      "votes": {},
      "initial_weight": 0.5,
      "final_weight": 0.5
    },
    "9143.920": {
      "votes": {},
      "initial_weight": 0.5,
      "final_weight": 0.5
    },
    "9143.477": {
      "votes": {
        "2": 1,
        "1": 1,
        "3": 2
      },
      "initial_weight": 0.5625,
      "final_weight": 0.5625
    },
    "9143.997": {
      "votes": {},
      "initial_weight": 0.5,
      "final_weight": 0.5
    },
    "9143.914": {
      "votes": {},
      "initial_weight": 0.5,
      "final_weight": 0.5
    },
    "9143.921": {
      "votes": {},
      "initial_weight": 0.5,
      "final_weight": 0.4
    },
    "9143.432": {
      "votes": {
        "0": 1,
        "4": 1
      },
      "initial_weight": 0.5,
      "final_weight": 0.5
    },
    "9143.1025": {
      "votes": {},
      "initial_weight": 0.5,
      "final_weight": 0.5
    },
    "9143.51": {
      "votes": {},
      "initial_weight": 0.5,
      "final_weight": 0.504950495049505
    },
    "9143.929": {
      "votes": {
        "3": 1
      },
      "initial_weight": 0.75,
      "final_weight": 0.75
    },
    "9143.851": {
      "votes": {
        "4": 1
      },
      "initial_weight": 1.0,
      "final_weight": 1.0
    },
    "9143.999": {
      "votes": {},
      "initial_weight": 0.5,
      "final_weight": 0.6
    },
    "9143.1059": {
      "votes": {},
      "initial_weight": 0.5,
      "final_weight": 0.5
    },
    "9143.155": {
      "votes": {},
      "initial_weight": 0.5,
      "final_weight": 0.4
    },
    "9143.57": {
      "votes": {
        "4": 1
      },
      "initial_weight": 1.0,
      "final_weight": 1.0
    },
    "9143.164": {
      "votes": {},
      "initial_weight": 0.5,
      "final_weight": 0.4
    },
    "9143.1016": {
      "votes": {},
      "initial_weight": 0.5,
      "final_weight": 0.6
    },
    "9143.963": {
      "votes": {},
      "initial_weight": 0.5,
      "final_weight": 0.5
    },
    "9143.55": {
      "votes": {
        "3": 1,
        "1": 1
      },
      "initial_weight": 0.5,
      "final_weight": 0.5
    },
    "9143.393": {
      "votes": {
        "4": 1
      },
      "initial_weight": 1.0,
      "final_weight": 1.0
    },