{
  "nodes": {
    "9317.3": {
      "votes": {
        "3": 2,
        "4": 4
      },
      "initial_weight": 0.9166666666666666,
      "final_weight": 0.9956284153005465
    },
    "9317.24": {
      "votes": {
        "2": 1,
        "4": 2,
        "0": 1
      },
      "initial_weight": 0.625,
      "final_weight": 0.5
    },
    "9317.36": {
      "votes": {
        "2": 1,
        "1": 3,
        "4": 1,
        "3": 1
      },
      "initial_weight": 0.5,
      "final_weight": 0.4
    },
    "9317.18": {
      "votes": {
        "2": 1,
        "4": 2
      },
      "initial_weight": 0.8333333333333334,
      "final_weight": 0.8333333333333334
    },
    "9317.11": {
      "votes": {
        "1": 2,
        "0": 1
      },
      "initial_weight": 0.16666666666666666,
      "final_weight": 0.2156862745098039
    },
    "9317.192": {
      "votes": {},
      "initial_weight": 0.5,
      "final_weight": 0.5
    },
    "9317.29": {
      "votes": {
        "4": 3
      },
      "initial_weight": 1.0,
      "final_weight": 1.0
    },
    "9317.55": {
      "votes": {
        "4": 1
      },
      "initial_weight": 1.0,
      "final_weight": 1.0
    },
    "9317.37": {
      "votes": {
        "0": 1,
        "1": 2
      },
      "initial_weight": 0.16666666666666666,
      "final_weight": 0.13333333333333333
    },
    "9317.155": {
      "votes": {
        "4": 1
      },
      "initial_weight": 1.0,
      "final_weight": 1.0
    },
    "9317.10": {
      "votes": {
        "1": 3,
        "3": 2,
        "0": 4,
        "2": 1
      },
      "initial_weight": 0.275,
      "final_weight": 0.11647058823529413
    },
    "9317.129": {
      "votes": {
        "4": 1
      },
      "initial_weight": 1.0,
      "final_weight": 1.0
    },
    "9317.4": {
      "votes": {
        "3": 3,
        "1": 4,
        "0": 1,
        "2": 1
      },
      "initial_weight": 0.4166666666666667,
      "final_weight": 0.1278432114340049
    },
    "9317.33": {
      "votes": {
        "3": 2,
        "2": 1,
        "0": 1,
        "4": 2
      },
      "initial_weight": 0.6666666666666666,
      "final_weight": 0.3333333333333333
    },
    "9317.2": {
      "votes": {
        "2": 1,
        "1": 2,
        "4": 1,
        "3": 2
      },
      "initial_weight": 0.5833333333333334,
      "final_weight": 0.583795782463929
    },
    "9317.42": {
      "votes": {
        "3": 1,
        "1": 3
      },
      "initial_weight": 0.375,
      "final_weight": 0.3
    },
    "9317.167": {
      "votes": {
        "4": 2
      },
      "initial_weight": 1.0,
      "final_weight": 1.0
    },
    "9317.157": {
      "votes": {
        "4": 1
      },
      "initial_weight": 1.0,
      "final_weight": 1.0
    },
    "9317.14": {
      "votes": {
        "1": 1,
        "3": 1,
        "4": 4,
        "0": 1,
        "2": 2
      },
      "initial_weight": 0.6666666666666666,
      "final_weight": 0.6666666666666666
    },
    "9317.32": {
      "votes": {
        "3": 3,
        "4": 1,
        "0": 2,
        "1": 2
      },
      "initial_weight": 0.46875,
      "final_weight": 0.37605693384950023
    },
    "9317.6": {
      "votes": {
        "0": 1,
        "1": 2
      },
      "initial_weight": 0.16666666666666666,
      "final_weight": 0.04102564102564102
    },
    "9317.161": {
      "votes": {},
      "initial_weight": 0.5,
      "final_weight": 0.5
    },
    "9317.62": {
      "votes": {
        "2": 1
      },
      "initial_weight": 0.5,
      "final_weight": 0.5
    },
    "9317.16": {
      "votes": {
        "4": 1,
        "3": 4,
        "2": 1,
        "0": 1
      },
      "initial_weight": 0.6428571428571429,
      "final_weight": 0.5056820953031265
    },
    "9317.20": {
      "votes": {
        "4": 1,
        "1": 1,
        "2": 1,
        "0": 1
      },
      "initial_weight": 0.4375,
      "final_weight": 0.21875
    },
    "9317.147": {
      "votes": {
        "2": 1
      },
      "initial_weight": 0.5,
      "final_weight": 0.5
    },
    "9317.149": {
      "votes": {},
      "initial_weight": 0.5,
      "final_weight": 0.5
    },
    "9317.44": {
      "votes": {
        "2": 1,
        "4": 1,
        "0": 2
      },
      "initial_weight": 0.375,
      "final_weight": 0.1875
    },
    "9317.54": {
      "votes": {
        "2": 1
      },
      "initial_weight": 0.5,
      "final_weight": 0.5
    },
    "9317.9": {
      "votes": {
        "4": 2
      },
      "initial_weight": 1.0,
      "final_weight": 1.0
    },
    "9317.141": {
      "votes": {
        "4": 1
      },
      "initial_weight": 1.0,
      "final_weight": 1.0
    },
    "9317.159": {
      "votes": {},
      "initial_weight": 0.5,
      "final_weight": 0.5
    },
    "9317.15": {
      "votes": {
        "4": 3
      },
      "initial_weight": 1.0,
      "final_weight": 1.0
    },
    "9317.127": {
      "votes": {
        "3": 1,
        "4": 1
      },
      "initial_weight": 0.875,
      "final_weight": 0.9375
    },
    "9317.57": {
      "votes": {
        "2": 1,
        "4": 1
      },
      "initial_weight": 0.75,
      "final_weight": 0.75
    },
    "9317.40": {
      "votes": {
        "1": 1
      },
      "initial_weight": 0.25,
      "final_weight": 0.25
    },
    "9317.43": {
      "votes": {
        "4": 1
      },
      "initial_weight": 1.0,
      "final_weight": 1.0
    },
    "9317.50": {
      "votes": {
        "4": 3
      },
      "initial_weight": 1.0,
      "final_weight": 1.0
    },
    "9317.169": {
      "votes": {},
      "initial_weight": 0.5,
      "final_weight": 0.5
    },
    "9317.196": {
      "votes": {},
      "initial_weight": 0.5,
      "final_weight": 0.5
    },
    "9317.35": {
      "votes": {
        "1": 1
      },
      "initial_weight": 0.25,
      "final_weight": 0.25
    },
    "9317.1": {
      "votes": {
        "4": 4,
        "0": 1,
        "1": 2,
        "2": 1,
        "3": 2
      },
      "initial_weight": 0.65,
      "final_weight": 0.2066476804254394
    },
    "9317.17": {
      "votes": {
        "3": 1,
        "4": 3
      },
      "initial_weight": 0.9375,
      "final_weight": 0.75
    },
    "9317.171": {
      "votes": {},
      "initial_weight": 0.5,
      "final_weight": 0.5
    },
    "9317.151": {
      "votes": {},
      "initial_weight": 0.5,
      "final_weight": 0.5
    },
    "9317.39": {
      "votes": {},
      "initial_weight": 0.5,
      "final_weight": 0.5
    },
    "9317.12": {
      "votes": {
        "1": 2,
        "4": 1
      },
      "initial_weight": 0.5,
      "final_weight": 0.5
    },
    "9317.163": {
      "votes": {
        "1": 1
      },
      "initial_weight": 0.25,
      "final_weight": 0.25
    }
  },
  "edges": {
    "9317.2": {
      "successor_id": "9317.1",
      "relation": -1.0
    },
    "9317.3": {
      "successor_id": "9317.1",
      "relation": -1.0
    },
    "9317.4": {
      "successor_id": "9317.1",
      "relation": 1.0
    },
    "9317.10": {
      "successor_id": "9317.1",
      "relation": 1.0
    },
    "9317.16": {
      "successor_id": "9317.1",
      "relation": -1.0
    },
    "9317.32": {
      "successor_id": "9317.1",
      "relation": 1.0
    },
    "9317.12": {
      "successor_id": "9317.2",
      "relation": -1.0
    },
    "9317.18": {
      "successor_id": "9317.2",
      "relation": 1.0
    },
    "9317.42": {
      "successor_id": "9317.2",
      "relation": -1.0
    },
    "9317.17": {
      "successor_id": "9317.3",
      "relation": 1.0
    },
    "9317.50": {
      "successor_id": "9317.3",
      "relation": 1.0
    },
    "9317.15": {
      "successor_id": "9317.3",
      "relation": 1.0
    },
    "9317.43": {
      "successor_id": "9317.3",
      "relation": 1.0
    },
    "9317.149": {
      "successor_id": "9317.3",
      "relation": 1.0
    },
    "9317.20": {
      "successor_id": "9317.4",
      "relation": -1.0
    },
    "9317.24": {
      "successor_id": "9317.4",
      "relation": -1.0
    },