{
  "nodes": {
    "11767.0": {
      "votes": {},
      "initial_weight": 0.5
    },
    "11767.1": {
      "votes": {
        "3": 1,
        "4": 13,
        "0": 1
      },
      "initial_weight": 0.9166666666666666
    },
    "11767.3": {
      "votes": {
        "4": 3,
        "2": 1,
        "3": 3
      },
      "initial_weight": 0.8214285714285714
    },
    "11767.6": {
      "votes": {
        "3": 1,
        "1": 4,
        "0": 1,
        "2": 1,
        "4": 2
      },
      "initial_weight": 0.4722222222222222
    },
    "11767.7": {
      "votes": {
        "4": 9,
        "3": 1
      },
      "initial_weight": 0.975
    },
    "11767.12": {
      "votes": {
        "0": 7,
        "1": 3
      },
      "initial_weight": 0.075
    },
    "11767.19": {
      "votes": {
        "2": 1,
        "1": 2,
        "3": 1,
        "4": 2
      },
      "initial_weight": 0.625
    },
    "11767.20": {
      "votes": {
        "4": 2,
        "1": 1,
        "0": 5
      },
      "initial_weight": 0.28125
    },
    "11767.56": {
      "votes": {
        "1": 1,
        "3": 1,
        "4": 3
      },
      "initial_weight": 0.8
    },
    "11767.57": {
      "votes": {
        "4": 1,
        "0": 1,
        "1": 1,
        "2": 1
      },
      "initial_weight": 0.4375
    },
    "11767.59": {
      "votes": {
        "3": 3,
        "2": 1,
        "0": 1,
        "4": 1
      },
      "initial_weight": 0.625
    },
    "11767.163": {
      "votes": {
        "4": 1
      },
      "initial_weight": 1.0
    },
    "11767.167": {
      "votes": {
        "4": 2,
        "3": 1
      },
      "initial_weight": 0.9166666666666666
    },
    "11767.27": {
      "votes": {
        "1": 1,
        "2": 1
      },
      "initial_weight": 0.375
    },
    "11767.43": {
      "votes": {
        "4": 1
      },
      "initial_weight": 1.0
    },
    "11767.44": {
      "votes": {
        "4": 1
      },
      "initial_weight": 1.0
    },
    "11767.26": {
      "votes": {
        "4": 2
      },
      "initial_weight": 1.0
    },
    "11767.49": {
      "votes": {
        "3": 1,
        "4": 2
      },
      "initial_weight": 0.9166666666666666
    },
    "11767.60": {
      "votes": {
        "3": 1
      },
      "initial_weight": 0.75
    },
    "11767.2": {
      "votes": {
        "2": 1
      },
      "initial_weight": 0.5
    },
    "11767.16": {
      "votes": {},
      "initial_weight": 0.5
    },
    "11767.48": {
      "votes": {},
      "initial_weight": 0.5
    },
    "11767.68": {
      "votes": {
        "1": 1
      },
      "initial_weight": 0.25
    },
    "11767.38": {
      "votes": {
        "4": 4
      },
      "initial_weight": 1.0
    },
    "11767.39": {
      "votes": {
        "0": 1,
        "1": 1
      },
      "initial_weight": 0.125
    },
    "11767.65": {
      "votes": {
        "3": 1
      },
      "initial_weight": 0.75
    },
    "11767.34": {
      "votes": {
        "3": 1
      },
      "initial_weight": 0.75
    },
    "11767.35": {
      "votes": {
        "2": 1,
        "0": 1,
        "4": 1
      },
      "initial_weight": 0.5
    },
    "11767.46": {
      "votes": {
        "1": 2
      },
      "initial_weight": 0.25
    },
    "11767.47": {
      "votes": {},
      "initial_weight": 0.5
    },
    "11767.11": {
      "votes": {},
      "initial_weight": 0.5
    },
    "11767.21": {
      "votes": {},
      "initial_weight": 0.5
    },
    "11767.24": {
      "votes": {
        "4": 3
      },
      "initial_weight": 1.0
    },
    "11767.33": {
      "votes": {
        "1": 1
      },
      "initial_weight": 0.25
    },
    "11767.71": {
      "votes": {
        "2": 1
      },
      "initial_weight": 0.5
    },
    "11767.73": {
      "votes": {
        "3": 1
      },
      "initial_weight": 0.75
    },
    "11767.64": {
      "votes": {
        "4": 1
      },
      "initial_weight": 1.0
    },
    "11767.67": {
      "votes": {
        "4": 1,
        "1": 1
      },
      "initial_weight": 0.625
    },
    "11767.82": {
      "votes": {
        "3": 1
      },
      "initial_weight": 0.75
    },
    "11767.159": {
      "votes": {},
      "initial_weight": 0.5
    },
    "11767.63": {
      "votes": {
        "4": 2,
        "3": 1
      },
      "initial_weight": 0.9166666666666666
    },
    "11767.72": {
      "votes": {
        "3": 3
      },
      "initial_weight": 0.75
    },
    "11767.76": {
      "votes": {
        "4": 2
      },
      "initial_weight": 1.0
    },
    "11767.88": {
      "votes": {
        "4": 2
      },
      "initial_weight": 1.0
    },
    "11767.31": {
      "votes": {},
      "initial_weight": 0.5
    },
    "11767.32": {
      "votes": {
        "0": 1
      },
      "initial_weight": 0.0
    },
    "11767.45": {
      "votes": {
        "4": 1
      },
      "initial_weight": 1.0
    },
    "11767.83": {
      "votes": {},
      "initial_weight": 0.5
    },
    "11767.37": {
      "votes": {
        "4": 1
      },
      "initial_weight": 1.0
    },
    "11767.17": {
      "votes": {},
      "initial_weight": 0.5
    },
    "11767.18": {
      "votes": {},
      "initial_weight": 0.5
    },
    "11767.36": {
      "votes": {},
      "initial_weight": 0.5
    },
    "11767.80": {
      "votes": {
        "3": 2
      },
      "initial_weight": 0.75
    },
    "11767.52": {
      "votes": {
        "4": 1
      },
      "initial_weight": 1.0
    },
    "11767.53": {
      "votes": {
        "4": 1
      },
      "initial_weight": 1.0
    },
    "11767.22": {
      "votes": {},
      "initial_weight": 0.5
    },
    "11767.42": {
      "votes": {
        "0": 1,
        "2": 2
      },
      "initial_weight": 0.3333333333333333
    },
    "11767.84": {
      "votes": {},
      "initial_weight": 0.5
    },
    "11767.77": {
      "votes": {
        "2": 1
      },
      "initial_weight": 0.5
    },
    "11767.81": {
      "votes": {},
      "initial_weight": 0.5
    },
    "11767.165": {
      "votes": {},
      "initial_weight": 0.5
    },
    "11767.51": {
      "votes": {
        "4": 1
      },
      "initial_weight": 1.0
    },
    "11767.79": {
      "votes": {},
      "initial_weight": 0.5
    }
  },
  "edges": {
    "11767.1": {
      "successor_id": "11767.0",
      "relation": 0.0
    },
    "11767.3": {
      "successor_id": "11767.1",
      "relation": 1.0
    },
    "11767.6": {
      "successor_id": "11767.1",
      "relation": -1.0
    },
    "11767.7": {
      "successor_id": "11767.1",
      "relation": 1.0
    },
    "11767.12": {
      "successor_id": "11767.1",
      "relation": -1.0
    },
    "11767.19": {
      "successor_id": "11767.1",
      "relation": 1.0
    },
    "11767.20": {
      "successor_id": "11767.1",
      "relation": -1.0
    },
    "11767.56": {
      "successor_id": "11767.1",
      "relation": 1.0
    },
    "11767.57": {
      "successor_id": "11767.1",
      "relation": -1.0
    },
    "11767.59": {
      "successor_id": "11767.1",
      "relation": -1.0
    },
    "11767.163": {
      "successor_id": "11767.1",
      "relation": -1.0
    },
    "11767.167": {
      "successor_id": "11767.1",
      "relation": 1.0
    },
    "11767.27": {
      "successor_id": "11767.26",
      "relation": -1.0
    },
    "11767.43": {
      "successor_id": "11767.3",
      "relation": 1.0
    },
    "11767.44": {
      "successor_id": "11767.3",
      "relation": 1.0
    },
    "11767.26": {
      "successor_id": "11767.6",
      "relation": -1.0
    },
    "11767.49": {
      "successor_id": "11767.6",
      "relation": -1.0
    },
    "11767.60": {
      "successor_id": "11767.6",
      "relation": 1.0
    },
    "11767.2": {
      "successor_id": "11767.7",
      "relation": 1.0
    },
    "11767.16": {
      "successor_id": "11767.7",
      "relation": 1.0
    },
    "11767.48": {
      "successor_id": "11767.7",
      "relation": -1.0
    },
    "11767.68": {
      "successor_id": "11767.7",
      "relation": -1.0
    },