{
  "nodes": {
    "12528.0": {
      "votes": {},
      "initial_weight": 0.5
    },
    "12528.1": {
      "votes": {
        "0": 4,
        "1": 1,
        "3": 1,
        "4": 3
      },
      "initial_weight": 0.4444444444444444
    },
    "12528.4": {
      "votes": {
        "4": 2,
        "2": 2,
        "0": 2
      },
      "initial_weight": 0.5
    },
    "12528.10": {
      "votes": {
        "4": 2,
        "3": 2,
        "1": 1,
        "0": 2
      },
      "initial_weight": 0.5357142857142857
    },
    "12528.12": {
      "votes": {
        "0": 2,
        "2": 1
      },
      "initial_weight": 0.16666666666666666
    },
    "12528.13": {
      "votes": {
        "0": 1,
        "3": 1,
        "4": 2
      },
      "initial_weight": 0.6875
    },
    "12528.14": {
      "votes": {
        "0": 1,
        "2": 1,
        "1": 1,
        "4": 2
      },
      "initial_weight": 0.55
    },
    "12528.44": {
      "votes": {
        "0": 2
      },
      "initial_weight": 0.0
    },
    "12528.45": {
      "votes": {
        "4": 5,
        "0": 1
      },
      "initial_weight": 0.8333333333333334
    },
    "12528.46": {
      "votes": {
        "4": 4
      },
      "initial_weight": 1.0
    },
    "12528.49": {
      "votes": {
        "0": 7
      },
      "initial_weight": 0.0
    },
    "12528.70": {
      "votes": {
        "3": 1,
        "4": 4,
        "2": 1
      },
      "initial_weight": 0.875
    },
    "12528.82": {
      "votes": {
        "1": 3,
        "4": 2,
        "0": 1
      },
      "initial_weight": 0.4583333333333333
    },
    "12528.115": {
      "votes": {
        "4": 5
      },
      "initial_weight": 1.0
    },
    "12528.158": {
      "votes": {},
      "initial_weight": 0.5
    },
    "12528.163": {
      "votes": {},
      "initial_weight": 0.5
    },
    "12528.173": {
      "votes": {
        "4": 3,
        "2": 1
      },
      "initial_weight": 0.875
    },
    "12528.179": {
      "votes": {
        "2": 1,
        "4": 1
      },
      "initial_weight": 0.75
    },
    "12528.317": {
      "votes": {},
      "initial_weight": 0.5
    },
    "12528.19": {
      "votes": {
        "0": 2
      },
      "initial_weight": 0.0
    },
    "12528.60": {
      "votes": {
        "4": 3,
        "3": 1
      },
      "initial_weight": 0.9375
    },
    "12528.76": {
      "votes": {
        "4": 1
      },
      "initial_weight": 1.0
    },
    "12528.6": {
      "votes": {
        "0": 1,
        "4": 1
      },
      "initial_weight": 0.5
    },
    "12528.41": {
      "votes": {
        "0": 1
      },
      "initial_weight": 0.0
    },
    "12528.43": {
      "votes": {
        "4": 1
      },
      "initial_weight": 1.0
    },
    "12528.105": {
      "votes": {
        "0": 1
      },
      "initial_weight": 0.0
    },
    "12528.311": {
      "votes": {},
      "initial_weight": 0.5
    },
    "12528.313": {
      "votes": {},
      "initial_weight": 0.5
    },
    "12528.15": {
      "votes": {},
      "initial_weight": 0.5
    },
    "12528.18": {
      "votes": {},
      "initial_weight": 0.5
    },
    "12528.34": {
      "votes": {},
      "initial_weight": 0.5
    },
    "12528.79": {
      "votes": {},
      "initial_weight": 0.5
    },
    "12528.104": {
      "votes": {},
      "initial_weight": 0.5
    },
    "12528.95": {
      "votes": {},
      "initial_weight": 0.5
    },
    "12528.123": {
      "votes": {
        "4": 1
      },
      "initial_weight": 1.0
    },
    "12528.134": {
      "votes": {},
      "initial_weight": 0.5
    },
    "12528.174": {
      "votes": {},
      "initial_weight": 0.5
    },
    "12528.33": {
      "votes": {
        "4": 2
      },
      "initial_weight": 1.0
    },
    "12528.42": {
      "votes": {
        "0": 2
      },
      "initial_weight": 0.0
    },
    "12528.126": {
      "votes": {
        "3": 1,
        "0": 1
      },
      "initial_weight": 0.375
    },
    "12528.29": {
      "votes": {},
      "initial_weight": 0.5
    },
    "12528.9": {
      "votes": {
        "0": 1
      },
      "initial_weight": 0.0
    },
    "12528.86": {
      "votes": {
        "3": 1
      },
      "initial_weight": 0.75
    },
    "12528.35": {
      "votes": {},
      "initial_weight": 0.5
    },
    "12528.68": {
      "votes": {
        "4": 1
      },
      "initial_weight": 1.0
    },
    "12528.83": {
      "votes": {
        "4": 1
      },
      "initial_weight": 1.0
    },
    "12528.50": {
      "votes": {},
      "initial_weight": 0.5
    },
    "12528.57": {
      "votes": {},
      "initial_weight": 0.5
    },
    "12528.32": {
      "votes": {
        "4": 1
      },
      "initial_weight": 1.0
    },
    "12528.102": {
      "votes": {
        "4": 1
      },
      "initial_weight": 1.0
    },
    "12528.137": {
      "votes": {
        "4": 2
      },
      "initial_weight": 1.0
    },
    "12528.138": {
      "votes": {},
      "initial_weight": 0.5
    },
    "12528.92": {
      "votes": {
        "4": 2
      },
      "initial_weight": 1.0
    },
    "12528.56": {
      "votes": {
        "1": 1,
        "4": 2
      },
      "initial_weight": 0.75
    },
    "12528.65": {
      "votes": {
        "1": 1,
        "4": 1
      },
      "initial_weight": 0.625
    },
    "12528.99": {
      "votes": {
        "4": 1
      },
      "initial_weight": 1.0
    },
    "12528.153": {
      "votes": {},
      "initial_weight": 0.5
    },
    "12528.164": {
      "votes": {},
      "initial_weight": 0.5
    },
    "12528.71": {
      "votes": {
        "4": 3
      },
      "initial_weight": 1.0
    },
    "12528.72": {
      "votes": {
        "4": 1
      },
      "initial_weight": 1.0
    },
    "12528.85": {
      "votes": {
        "0": 1,
        "4": 2
      },
      "initial_weight": 0.6666666666666666
    },
    "12528.87": {
      "votes": {
        "4": 1
      },
      "initial_weight": 1.0
    },
    "12528.101": {
      "votes": {},
      "initial_weight": 0.5
    },
    "12528.122": {
      "votes": {},
      "initial_weight": 0.5
    },
    "12528.315": {
      "votes": {},
      "initial_weight": 0.5
    },
    "12528.116": {
      "votes": {},
      "initial_weight": 0.5
    },
    "12528.181": {
      "votes": {},
      "initial_weight": 0.5
    },
    "12528.159": {
      "votes": {},
      "initial_weight": 0.5
    },
    "12528.171": {
      "votes": {},
      "initial_weight": 0.5
    },
    "12528.305": {
      "votes": {
        "3": 1
      },
      "initial_weight": 0.75
    },
    "12528.20": {
      "votes": {
        "4": 1
      },
      "initial_weight": 1.0
    },
    "12528.7": {
      "votes": {
        "0": 2
      },
      "initial_weight": 0.0
    },
    "12528.309": {
      "votes": {},
      "initial_weight": 0.5
    },
    "12528.319": {
      "votes": {},
      "initial_weight": 0.5
    },
    "12528.321": {
      "votes": {},
      "initial_weight": 0.5
    },
    "12528.323": {
      "votes": {},
      "initial_weight": 0.5
    },
    "12528.17": {
      "votes": {},
      "initial_weight": 0.5
    },
    "12528.16": {
      "votes": {},
      "initial_weight": 0.5
    },
    "12528.90": {
      "votes": {},
      "initial_weight": 0.5
    },
    "12528.96": {
      "votes": {},
      "initial_weight": 0.5
    },
    "12528.63": {
      "votes": {},
      "initial_weight": 0.5
    },
    "12528.66": {
      "votes": {},
      "initial_weight": 0.5
    },
    "12528.155": {
      "votes": {},
      "initial_weight": 0.5
    },
    "12528.73": {
      "votes": {},
      "initial_weight": 0.5
    },
    "12528.64": {
      "votes": {},
      "initial_weight": 0.5
    },
    "12528.51": {
      "votes": {},
      "initial_weight": 0.5
    },
    "12528.91": {
      "votes": {},
      "initial_weight": 0.5
    },
    "12528.67": {
      "votes": {},
      "initial_weight": 0.5
    },
    "12528.120": {
      "votes": {},
      "initial_weight": 0.5
    },
    "12528.88": {
      "votes": {},