{
  "nodes": {
    "13208.0": {
      "votes": {},
      "initial_weight": 0.5
    },
    "13208.1": {
      "votes": {
        "3": 1,
        "0": 15,
        "2": 1
      },
      "initial_weight": 0.07352941176470588
    },
    "13208.3": {
      "votes": {
        "2": 2,
        "1": 1,
        "3": 4
      },
      "initial_weight": 0.6071428571428571
    },
    "13208.4": {
      "votes": {
        "2": 2,
        "0": 3,
        "3": 1
      },
      "initial_weight": 0.2916666666666667
    },
    "13208.5": {
      "votes": {
        "4": 13,
        "0": 1,
        "3": 3
      },
      "initial_weight": 0.8970588235294118
    },
    "13208.7": {
      "votes": {
        "4": 4,
        "1": 1,
        "3": 4
      },
      "initial_weight": 0.8055555555555556
    },
    "13208.11": {
      "votes": {
        "0": 2,
        "2": 2,
        "1": 3,
        "3": 1,
        "4": 6
      },
      "initial_weight": 0.6071428571428571
    },
    "13208.94": {
      "votes": {
        "4": 10,
        "3": 2,
        "2": 1
      },
      "initial_weight": 0.9230769230769231
    },
    "13208.157": {
      "votes": {
        "3": 4
      },
      "initial_weight": 0.75
    },
    "13208.276": {
      "votes": {
        "0": 1
      },
      "initial_weight": 0.0
    },
    "13208.279": {
      "votes": {
        "0": 1
      },
      "initial_weight": 0.0
    },
    "13208.38": {
      "votes": {
        "4": 1,
        "1": 1,
        "3": 1
      },
      "initial_weight": 0.6666666666666666
    },
    "13208.102": {
      "votes": {
        "4": 2
      },
      "initial_weight": 1.0
    },
    "13208.106": {
      "votes": {
        "0": 2
      },
      "initial_weight": 0.0
    },
    "13208.284": {
      "votes": {},
      "initial_weight": 0.5
    },
    "13208.296": {
      "votes": {},
      "initial_weight": 0.5
    },
    "13208.298": {
      "votes": {},
      "initial_weight": 0.5
    },
    "13208.12": {
      "votes": {
        "1": 1,
        "3": 1,
        "4": 2
      },
      "initial_weight": 0.75
    },
    "13208.134": {
      "votes": {},
      "initial_weight": 0.5
    },
    "13208.141": {
      "votes": {
        "0": 2
      },
      "initial_weight": 0.0
    },
    "13208.8": {
      "votes": {
        "2": 1
      },
      "initial_weight": 0.5
    },
    "13208.302": {
      "votes": {},
      "initial_weight": 0.5
    },
    "13208.26": {
      "votes": {
        "4": 1,
        "2": 2
      },
      "initial_weight": 0.6666666666666666
    },
    "13208.6": {
      "votes": {
        "3": 1,
        "2": 1,
        "4": 3
      },
      "initial_weight": 0.85
    },
    "13208.39": {
      "votes": {
        "4": 3,
        "3": 2,
        "2": 2
      },
      "initial_weight": 0.7857142857142857
    },
    "13208.90": {
      "votes": {
        "3": 1
      },
      "initial_weight": 0.75
    },
    "13208.87": {
      "votes": {
        "1": 1
      },
      "initial_weight": 0.25
    },
    "13208.130": {
      "votes": {
        "3": 1
      },
      "initial_weight": 0.75
    },
    "13208.25": {
      "votes": {
        "0": 1,
        "2": 1
      },
      "initial_weight": 0.25
    },
    "13208.264": {
      "votes": {},
      "initial_weight": 0.5
    },
    "13208.20": {
      "votes": {
        "3": 1,
        "2": 1,
        "1": 1
      },
      "initial_weight": 0.5
    },
    "13208.27": {
      "votes": {
        "4": 1,
        "3": 1,
        "2": 2,
        "1": 1
      },
      "initial_weight": 0.6
    },
    "13208.47": {
      "votes": {
        "3": 2,
        "0": 1,
        "4": 2
      },
      "initial_weight": 0.7
    },
    "13208.137": {
      "votes": {
        "4": 3
      },
      "initial_weight": 1.0
    },
    "13208.153": {
      "votes": {
        "4": 2,
        "2": 1
      },
      "initial_weight": 0.8333333333333334
    },
    "13208.52": {
      "votes": {},
      "initial_weight": 0.5
    },
    "13208.2": {
      "votes": {},
      "initial_weight": 0.5
    },
    "13208.304": {
      "votes": {},
      "initial_weight": 0.5
    },
    "13208.50": {
      "votes": {
        "1": 2
      },
      "initial_weight": 0.25
    },
    "13208.125": {
      "votes": {
        "3": 1
      },
      "initial_weight": 0.75
    },
    "13208.115": {
      "votes": {},
      "initial_weight": 0.5
    },
    "13208.292": {
      "votes": {},
      "initial_weight": 0.5
    },
    "13208.286": {
      "votes": {},
      "initial_weight": 0.5
    },
    "13208.288": {
      "votes": {},
      "initial_weight": 0.5
    },
    "13208.51": {
      "votes": {},
      "initial_weight": 0.5
    },
    "13208.136": {
      "votes": {},
      "initial_weight": 0.5
    },
    "13208.300": {
      "votes": {},
      "initial_weight": 0.5
    },
    "13208.145": {
      "votes": {
        "4": 1
      },
      "initial_weight": 1.0
    },
    "13208.158": {
      "votes": {
        "4": 2
      },
      "initial_weight": 1.0
    },
    "13208.15": {
      "votes": {
        "1": 1,
        "3": 1
      },
      "initial_weight": 0.5
    },
    "13208.53": {
      "votes": {
        "3": 1
      },
      "initial_weight": 0.75
    },
    "13208.72": {
      "votes": {},
      "initial_weight": 0.5
    },
    "13208.65": {
      "votes": {
        "4": 1
      },
      "initial_weight": 1.0
    },
    "13208.113": {
      "votes": {},
      "initial_weight": 0.5
    },
    "13208.79": {
      "votes": {},
      "initial_weight": 0.5
    },
    "13208.132": {
      "votes": {},
      "initial_weight": 0.5
    },
    "13208.64": {
      "votes": {
        "4": 2,
        "0": 1
      },
      "initial_weight": 0.6666666666666666
    },
    "13208.129": {
      "votes": {
        "0": 1
      },
      "initial_weight": 0.0
    },
    "13208.57": {
      "votes": {
        "4": 2,
        "3": 1
      },
      "initial_weight": 0.9166666666666666
    },
    "13208.63": {
      "votes": {
        "0": 1,
        "2": 2,
        "4": 1
      },
      "initial_weight": 0.5
    },
    "13208.23": {
      "votes": {
        "2": 1,
        "0": 1
      },
      "initial_weight": 0.25
    },
    "13208.105": {
      "votes": {
        "4": 1,
        "-2": 1
      },
      "initial_weight": 1.0
    },
    "13208.16": {
      "votes": {
        "4": 1
      },
      "initial_weight": 1.0
    },
    "13208.22": {
      "votes": {
        "4": 3
      },
      "initial_weight": 1.0
    },
    "13208.10": {
      "votes": {
        "4": 3
      },
      "initial_weight": 1.0
    },
    "13208.133": {
      "votes": {
        "4": 1
      },
      "initial_weight": 1.0
    },
    "13208.308": {
      "votes": {},
      "initial_weight": 0.5
    },
    "13208.310": {
      "votes": {},
      "initial_weight": 0.5
    },
    "13208.59": {
      "votes": {},
      "initial_weight": 0.5
    },
    "13208.71": {
      "votes": {
        "3": 1
      },
      "initial_weight": 0.75
    },
    "13208.122": {
      "votes": {},
      "initial_weight": 0.5
    },
    "13208.75": {
      "votes": {
        "3": 1
      },
      "initial_weight": 0.75
    },
    "13208.260": {
      "votes": {},
      "initial_weight": 0.5
    },
    "13208.306": {
      "votes": {
        "3": 1
      },
      "initial_weight": 0.75
    },
    "13208.146": {
      "votes": {},
      "initial_weight": 0.5
    },
    "13208.48": {
      "votes": {
        "2": 1,
        "0": 1
      },
      "initial_weight": 0.25
    },
    "13208.74": {
      "votes": {
        "3": 1
      },
      "initial_weight": 0.75
    },
    "13208.294": {
      "votes": {},
      "initial_weight": 0.5
    },
    "13208.61": {
      "votes": {},
      "initial_weight": 0.5
    },
    "13208.81": {
      "votes": {
        "0": 1,
        "4": 1
      },
      "initial_weight": 0.5
    },
    "13208.150": {
      "votes": {},
      "initial_weight": 0.5
    },
    "13208.101": {
      "votes": {},
      "initial_weight": 0.5
    },