{
  "nodes": {
    "13292.0": {
      "votes": {},
      "initial_weight": 0.5
    },
    "13292.1": {
      "votes": {
        "0": 1,
        "2": 2,
        "3": 3,
        "4": 3
      },
      "initial_weight": 0.6944444444444444
    },
    "13292.7": {
      "votes": {
        "0": 2,
        "2": 2,
        "1": 1,
        "3": 3,
        "4": 2
      },
      "initial_weight": 0.55
    },
    "13292.9": {
      "votes": {
        "0": 2,
        "1": 1
      },
      "initial_weight": 0.08333333333333333
    },
    "13292.13": {
      "votes": {
        "4": 2,
        "0": 1,
        "1": 1
      },
      "initial_weight": 0.5625
    },
    "13292.108": {
      "votes": {
        "3": 1
      },
      "initial_weight": 0.75
    },
    "13292.115": {
      "votes": {
        "3": 1
      },
      "initial_weight": 0.75
    },
    "13292.118": {
      "votes": {
        "0": 1,
        "4": 1
      },
      "initial_weight": 0.5
    },
    "13292.25": {
      "votes": {
        "4": 2,
        "1": 1,
        "3": 2
      },
      "initial_weight": 0.75
    },
    "13292.33": {
      "votes": {
        "4": 2,
        "3": 1,
        "2": 1,
        "1": 1
      },
      "initial_weight": 0.7
    },
    "13292.36": {
      "votes": {
        "1": 1,
        "2": 1
      },
      "initial_weight": 0.375
    },
    "13292.127": {
      "votes": {
        "1": 1
      },
      "initial_weight": 0.25
    },
    "13292.180": {
      "votes": {
        "4": 1,
        "2": 1
      },
      "initial_weight": 0.75
    },
    "13292.43": {
      "votes": {
        "3": 1,
        "4": 1
      },
      "initial_weight": 0.875
    },
    "13292.12": {
      "votes": {},
      "initial_weight": 0.5
    },
    "13292.14": {
      "votes": {
        "4": 1
      },
      "initial_weight": 1.0
    },
    "13292.61": {
      "votes": {},
      "initial_weight": 0.5
    },
    "13292.145": {
      "votes": {},
      "initial_weight": 0.5
    },
    "13292.174": {
      "votes": {},
      "initial_weight": 0.5
    },
    "13292.104": {
      "votes": {
        "0": 1
      },
      "initial_weight": 0.0
    },
    "13292.4": {
      "votes": {},
      "initial_weight": 0.5
    },
    "13292.6": {
      "votes": {
        "4": 1
      },
      "initial_weight": 1.0
    },
    "13292.2": {
      "votes": {
        "4": 1
      },
      "initial_weight": 1.0
    },
    "13292.135": {
      "votes": {
        "0": 1
      },
      "initial_weight": 0.0
    },
    "13292.137": {
      "votes": {
        "0": 1
      },
      "initial_weight": 0.0
    },
    "13292.8": {
      "votes": {},
      "initial_weight": 0.5
    },
    "13292.121": {
      "votes": {
        "2": 1
      },
      "initial_weight": 0.5
    },
    "13292.11": {
      "votes": {},
      "initial_weight": 0.5
    },
    "13292.169": {
      "votes": {},
      "initial_weight": 0.5
    },
    "13292.218": {
      "votes": {
        "4": 1
      },
      "initial_weight": 1.0
    },
    "13292.56": {
      "votes": {
        "0": 1
      },
      "initial_weight": 0.0
    },
    "13292.24": {
      "votes": {},
      "initial_weight": 0.5
    },
    "13292.202": {
      "votes": {
        "4": 1
      },
      "initial_weight": 1.0
    },
    "13292.204": {
      "votes": {
        "4": 1
      },
      "initial_weight": 1.0
    },
    "13292.206": {
      "votes": {},
      "initial_weight": 0.5
    },
    "13292.182": {
      "votes": {
        "3": 1
      },
      "initial_weight": 0.75
    },
    "13292.198": {
      "votes": {
        "3": 1
      },
      "initial_weight": 0.75
    },
    "13292.45": {
      "votes": {
        "4": 1
      },
      "initial_weight": 1.0
    },
    "13292.131": {
      "votes": {},
      "initial_weight": 0.5
    },
    "13292.194": {
      "votes": {
        "4": 1
      },
      "initial_weight": 1.0
    },
    "13292.208": {
      "votes": {
        "4": 1
      },
      "initial_weight": 1.0
    },
    "13292.30": {
      "votes": {
        "3": 1,
        "4": 1
      },
      "initial_weight": 0.875
    },
    "13292.5": {
      "votes": {
        "1": 1
      },
      "initial_weight": 0.25
    },
    "13292.192": {
      "votes": {
        "4": 1,
        "0": 1
      },
      "initial_weight": 0.5
    },
    "13292.46": {
      "votes": {
        "4": 3
      },
      "initial_weight": 1.0
    },
    "13292.141": {
      "votes": {
        "4": 1
      },
      "initial_weight": 1.0
    },
    "13292.147": {
      "votes": {
        "3": 1
      },
      "initial_weight": 0.75
    },
    "13292.190": {
      "votes": {
        "1": 1
      },
      "initial_weight": 0.25
    },
    "13292.157": {
      "votes": {},
      "initial_weight": 0.5
    },
    "13292.159": {
      "votes": {},
      "initial_weight": 0.5
    },
    "13292.17": {
      "votes": {},
      "initial_weight": 0.5
    },
    "13292.161": {
      "votes": {},
      "initial_weight": 0.5
    },
    "13292.3": {
      "votes": {
        "4": 1,
        "3": 1
      },
      "initial_weight": 0.875
    },
    "13292.29": {
      "votes": {
        "1": 1
      },
      "initial_weight": 0.25
    },
    "13292.139": {
      "votes": {},
      "initial_weight": 0.5
    },
    "13292.233": {
      "votes": {
        "4": 1
      },
      "initial_weight": 1.0
    },
    "13292.235": {
      "votes": {
        "4": 1
      },
      "initial_weight": 1.0
    },
    "13292.123": {
      "votes": {},
      "initial_weight": 0.5
    },
    "13292.167": {
      "votes": {},
      "initial_weight": 0.5
    },
    "13292.171": {
      "votes": {},
      "initial_weight": 0.5
    },
    "13292.224": {
      "votes": {
        "3": 1
      },
      "initial_weight": 0.75
    },
    "13292.58": {
      "votes": {
        "2": 1
      },
      "initial_weight": 0.5
    },
    "13292.186": {
      "votes": {
        "4": 1
      },
      "initial_weight": 1.0
    },
    "13292.226": {
      "votes": {},
      "initial_weight": 0.5
    },
    "13292.239": {
      "votes": {},
      "initial_weight": 0.5
    },
    "13292.184": {
      "votes": {
        "4": 1,
        "1": 1
      },
      "initial_weight": 0.625
    },
    "13292.210": {
      "votes": {
        "3": 1
      },
      "initial_weight": 0.75
    },
    "13292.178": {
      "votes": {},
      "initial_weight": 0.5
    },
    "13292.200": {
      "votes": {
        "4": 1
      },
      "initial_weight": 1.0
    },
    "13292.220": {
      "votes": {
        "4": 1
      },
      "initial_weight": 1.0
    },
    "13292.149": {
      "votes": {},
      "initial_weight": 0.5
    },
    "13292.151": {
      "votes": {
        "4": 1
      },
      "initial_weight": 1.0
    },
    "13292.196": {
      "votes": {
        "4": 1
      },
      "initial_weight": 1.0
    },
    "13292.216": {
      "votes": {
        "1": 1,
        "4": 1
      },
      "initial_weight": 0.625
    },
    "13292.39": {
      "votes": {},
      "initial_weight": 0.5
    },
    "13292.153": {
      "votes": {},
      "initial_weight": 0.5
    },
    "13292.222": {
      "votes": {
        "4": 1
      },
      "initial_weight": 1.0
    },
    "13292.163": {
      "votes": {},
      "initial_weight": 0.5
    },
    "13292.165": {
      "votes": {
        "1": 1
      },
      "initial_weight": 0.25
    },
    "13292.55": {
      "votes": {},
      "initial_weight": 0.5
    },
    "13292.241": {
      "votes": {
        "4": 1
      },
      "initial_weight": 1.0
    },
    "13292.188": {
      "votes": {
        "4": 1
      },
      "initial_weight": 1.0
    },
    "13292.212": {
      "votes": {
        "4": 1
      },
      "initial_weight": 1.0
    },
    "13292.214": {
      "votes": {
        "2": 1
      },
      "initial_weight": 0.5
    },
    "13292.229": {
      "votes": {
        "0": 1,
        "3": 1
      },
      "initial_weight": 0.375
    },
    "13292.231": {
      "votes": {
        "4": 1
      },
      "initial_weight": 1.0
    },