{
  "nodes": {
    "14410.0": {
      "votes": {},
      "initial_weight": 0.5
    },
    "14410.1": {
      "votes": {
        "3": 2,
        "0": 1,
        "4": 1
      },
      "initial_weight": 0.625
    },
    "14410.13": {
      "votes": {
        "3": 2
      },
      "initial_weight": 0.75
    },
    "14410.2": {
      "votes": {
        "4": 3,
        "3": 2
      },
      "initial_weight": 0.9
    },
    "14410.4": {
      "votes": {
        "3": 2,
        "4": 1,
        "0": 1
      },
      "initial_weight": 0.625
    },
    "14410.5": {
      "votes": {
        "0": 1,
        "2": 2,
        "1": 1
      },
      "initial_weight": 0.3125
    },
    "14410.8": {
      "votes": {
        "0": 1,
        "2": 1,
        "1": 1
      },
      "initial_weight": 0.25
    },
    "14410.9": {
      "votes": {
        "4": 1,
        "2": 1,
        "1": 1
      },
      "initial_weight": 0.5833333333333334
    },
    "14410.32": {
      "votes": {
        "2": 2,
        "4": 1,
        "0": 1,
        "1": 2
      },
      "initial_weight": 0.4166666666666667
    },
    "14410.33": {
      "votes": {
        "0": 1,
        "1": 1,
        "2": 1,
        "3": 1
      },
      "initial_weight": 0.375
    },
    "14410.55": {
      "votes": {
        "3": 1,
        "4": 1
      },
      "initial_weight": 0.875
    },
    "14410.106": {
      "votes": {
        "4": 1
      },
      "initial_weight": 1.0
    },
    "14410.212": {
      "votes": {},
      "initial_weight": 0.5
    },
    "14410.15": {
      "votes": {
        "3": 2,
        "4": 1
      },
      "initial_weight": 0.8333333333333334
    },
    "14410.10": {
      "votes": {
        "0": 1,
        "3": 2
      },
      "initial_weight": 0.5
    },
    "14410.16": {
      "votes": {
        "4": 2,
        "2": 1
      },
      "initial_weight": 0.8333333333333334
    },
    "14410.26": {
      "votes": {
        "3": 1,
        "4": 1,
        "0": 1
      },
      "initial_weight": 0.5833333333333334
    },
    "14410.63": {
      "votes": {
        "3": 1
      },
      "initial_weight": 0.75
    },
    "14410.66": {
      "votes": {},
      "initial_weight": 0.5
    },
    "14410.79": {
      "votes": {},
      "initial_weight": 0.5
    },
    "14410.83": {
      "votes": {},
      "initial_weight": 0.5
    },
    "14410.112": {
      "votes": {},
      "initial_weight": 0.5
    },
    "14410.42": {
      "votes": {
        "4": 2
      },
      "initial_weight": 1.0
    },
    "14410.48": {
      "votes": {
        "4": 1,
        "1": 1
      },
      "initial_weight": 0.625
    },
    "14410.49": {
      "votes": {
        "3": 1,
        "4": 2
      },
      "initial_weight": 0.9166666666666666
    },
    "14410.86": {
      "votes": {},
      "initial_weight": 0.5
    },
    "14410.64": {
      "votes": {
        "2": 1,
        "4": 1,
        "3": 1
      },
      "initial_weight": 0.75
    },
    "14410.87": {
      "votes": {},
      "initial_weight": 0.5
    },
    "14410.118": {
      "votes": {},
      "initial_weight": 0.5
    },
    "14410.119": {
      "votes": {},
      "initial_weight": 0.5
    },
    "14410.51": {
      "votes": {},
      "initial_weight": 0.5
    },
    "14410.52": {
      "votes": {
        "4": 1
      },
      "initial_weight": 1.0
    },
    "14410.53": {
      "votes": {
        "4": 1
      },
      "initial_weight": 1.0
    },
    "14410.67": {
      "votes": {},
      "initial_weight": 0.5
    },
    "14410.7": {
      "votes": {},
      "initial_weight": 0.5
    },
    "14410.108": {
      "votes": {
        "4": 1
      },
      "initial_weight": 1.0
    },
    "14410.46": {
      "votes": {
        "3": 1,
        "4": 1
      },
      "initial_weight": 0.875
    },
    "14410.47": {
      "votes": {
        "0": 1,
        "4": 1
      },
      "initial_weight": 0.5
    },
    "14410.68": {
      "votes": {
        "3": 1
      },
      "initial_weight": 0.75
    },
    "14410.88": {
      "votes": {
        "4": 1
      },
      "initial_weight": 1.0
    },
    "14410.117": {
      "votes": {},
      "initial_weight": 0.5
    },
    "14410.59": {
      "votes": {
        "4": 1
      },
      "initial_weight": 1.0
    },
    "14410.103": {
      "votes": {
        "4": 1
      },
      "initial_weight": 1.0
    },
    "14410.34": {
      "votes": {
        "4": 2,
        "3": 2
      },
      "initial_weight": 0.875
    },
    "14410.35": {
      "votes": {
        "3": 1,
        "2": 1
      },
      "initial_weight": 0.625
    },
    "14410.36": {
      "votes": {
        "4": 1
      },
      "initial_weight": 1.0
    },
    "14410.41": {
      "votes": {
        "4": 1,
        "1": 1
      },
      "initial_weight": 0.625
    },
    "14410.80": {
      "votes": {
        "4": 1
      },
      "initial_weight": 1.0
    },
    "14410.82": {
      "votes": {},
      "initial_weight": 0.5
    },
    "14410.45": {
      "votes": {
        "4": 1
      },
      "initial_weight": 1.0
    },
    "14410.58": {
      "votes": {
        "4": 1
      },
      "initial_weight": 1.0
    },
    "14410.6": {
      "votes": {
        "3": 1
      },
      "initial_weight": 0.75
    },
    "14410.122": {
      "votes": {},
      "initial_weight": 0.5
    },
    "14410.50": {
      "votes": {},
      "initial_weight": 0.5
    },
    "14410.107": {
      "votes": {
        "4": 1
      },
      "initial_weight": 1.0
    },
    "14410.121": {
      "votes": {
        "4": 1
      },
      "initial_weight": 1.0
    },
    "14410.17": {
      "votes": {},
      "initial_weight": 0.5
    },
    "14410.3": {
      "votes": {},
      "initial_weight": 0.5
    },
    "14410.14": {
      "votes": {},
      "initial_weight": 0.5
    },
    "14410.78": {
      "votes": {},
      "initial_weight": 0.5
    },
    "14410.105": {
      "votes": {},
      "initial_weight": 0.5
    },
    "14410.12": {
      "votes": {},
      "initial_weight": 0.5
    },
    "14410.44": {
      "votes": {},
      "initial_weight": 0.5
    },
    "14410.60": {
      "votes": {},
      "initial_weight": 0.5
    },
    "14410.210": {
      "votes": {},
      "initial_weight": 0.5
    },
    "14410.120": {
      "votes": {},
      "initial_weight": 0.5
    },
    "14410.91": {
      "votes": {},
      "initial_weight": 0.5
    },
    "14410.84": {
      "votes": {},
      "initial_weight": 0.5
    },
    "14410.65": {
      "votes": {},
      "initial_weight": 0.5
    },
    "14410.96": {
      "votes": {},
      "initial_weight": 0.5
    },
    "14410.98": {
      "votes": {},
      "initial_weight": 0.5
    },
    "14410.109": {
      "votes": {},
      "initial_weight": 0.5
    },
    "14410.113": {
      "votes": {},
      "initial_weight": 0.5
    },
    "14410.43": {
      "votes": {
        "3": 2
      },
      "initial_weight": 0.75
    },
    "14410.110": {
      "votes": {},
      "initial_weight": 0.5
    },
    "14410.111": {
      "votes": {},
      "initial_weight": 0.5
    },
    "14410.61": {
      "votes": {},
      "initial_weight": 0.5
    },
    "14410.116": {
      "votes": {},
      "initial_weight": 0.5
    },
    "14410.104": {
      "votes": {
        "4": 1
      },
      "initial_weight": 1.0
    },
    "14410.40": {
      "votes": {},
      "initial_weight": 0.5
    },
    "14410.54": {
      "votes": {},
      "initial_weight": 0.5
    },
    "14410.90": {
      "votes": {},
      "initial_weight": 0.5
    },
    "14410.81": {
      "votes": {},
      "initial_weight": 0.5
    },
    "14410.85": {
      "votes": {},
      "initial_weight": 0.5
    },
    "14410.62": {
      "votes": {
        "4": 1,
        "2": 1
      },
      "initial_weight": 0.75
    },
    "14410.89": {
      "votes": {
        "4": 1
      },
      "initial_weight": 1.0
    },
    "14410.97": {
      "votes": {},
      "initial_weight": 0.5
    },
    "14410.70": {
      "votes": {},
      "initial_weight": 0.5
    },
    "14410.69": {
      "votes": {},