{
  "nodes": {
    "14770.0": {
      "votes": {},
      "initial_weight": 0.5
    },
    "14770.1": {
      "votes": {
        "4": 5
      },
      "initial_weight": 1.0
    },
    "14770.2": {
      "votes": {
        "3": 1,
        "2": 1,
        "4": 2
      },
      "initial_weight": 0.8125
    },
    "14770.3": {
      "votes": {
        "4": 3
      },
      "initial_weight": 1.0
    },
    "14770.4": {
      "votes": {
        "4": 2,
        "2": 1
      },
      "initial_weight": 0.8333333333333334
    },
    "14770.5": {
      "votes": {
        "3": 1,
        "4": 1
      },
      "initial_weight": 0.875
    },
    "14770.7": {
      "votes": {
        "4": 3,
        "2": 1
      },
      "initial_weight": 0.875
    },
    "14770.19": {
      "votes": {
        "0": 1,
        "4": 2
      },
      "initial_weight": 0.6666666666666666
    },
    "14770.29": {
      "votes": {
        "4": 3,
        "3": 2,
        "2": 1
      },
      "initial_weight": 0.8333333333333334
    },
    "14770.49": {
      "votes": {
        "2": 1
      },
      "initial_weight": 0.5
    },
    "14770.54": {
      "votes": {
        "4": 1,
        "2": 1
      },
      "initial_weight": 0.75
    },
    "14770.146": {
      "votes": {},
      "initial_weight": 0.5
    },
    "14770.189": {
      "votes": {
        "3": 1
      },
      "initial_weight": 0.75
    },
    "14770.13": {
      "votes": {
        "1": 1,
        "4": 1,
        "2": 1
      },
      "initial_weight": 0.5833333333333334
    },
    "14770.48": {
      "votes": {
        "2": 1
      },
      "initial_weight": 0.5
    },
    "14770.152": {
      "votes": {},
      "initial_weight": 0.5
    },
    "14770.154": {
      "votes": {},
      "initial_weight": 0.5
    },
    "14770.22": {
      "votes": {
        "2": 1
      },
      "initial_weight": 0.5
    },
    "14770.42": {
      "votes": {
        "2": 1
      },
      "initial_weight": 0.5
    },
    "14770.126": {
      "votes": {},
      "initial_weight": 0.5
    },
    "14770.169": {
      "votes": {},
      "initial_weight": 0.5
    },
    "14770.171": {
      "votes": {},
      "initial_weight": 0.5
    },
    "14770.26": {
      "votes": {
        "2": 1
      },
      "initial_weight": 0.5
    },
    "14770.41": {
      "votes": {
        "3": 1,
        "2": 1
      },
      "initial_weight": 0.625
    },
    "14770.128": {
      "votes": {},
      "initial_weight": 0.5
    },
    "14770.130": {
      "votes": {
        "3": 1
      },
      "initial_weight": 0.75
    },
    "14770.132": {
      "votes": {},
      "initial_weight": 0.5
    },
    "14770.21": {
      "votes": {
        "2": 1
      },
      "initial_weight": 0.5
    },
    "14770.23": {
      "votes": {
        "2": 1
      },
      "initial_weight": 0.5
    },
    "14770.25": {
      "votes": {},
      "initial_weight": 0.5
    },
    "14770.10": {
      "votes": {
        "4": 1,
        "2": 1
      },
      "initial_weight": 0.75
    },
    "14770.11": {
      "votes": {
        "4": 1,
        "3": 1,
        "2": 1
      },
      "initial_weight": 0.75
    },
    "14770.17": {
      "votes": {
        "4": 1
      },
      "initial_weight": 1.0
    },
    "14770.46": {
      "votes": {
        "2": 1
      },
      "initial_weight": 0.5
    },
    "14770.24": {
      "votes": {
        "4": 1
      },
      "initial_weight": 1.0
    },
    "14770.195": {
      "votes": {},
      "initial_weight": 0.5
    },
    "14770.30": {
      "votes": {
        "3": 2,
        "1": 1
      },
      "initial_weight": 0.5833333333333334
    },
    "14770.63": {
      "votes": {
        "2": 1
      },
      "initial_weight": 0.5
    },
    "14770.64": {
      "votes": {
        "2": 1
      },
      "initial_weight": 0.5
    },
    "14770.52": {
      "votes": {},
      "initial_weight": 0.5
    },
    "14770.50": {
      "votes": {
        "2": 1
      },
      "initial_weight": 0.5
    },
    "14770.51": {
      "votes": {
        "2": 1
      },
      "initial_weight": 0.5
    },
    "14770.165": {
      "votes": {},
      "initial_weight": 0.5
    },
    "14770.56": {
      "votes": {
        "2": 1
      },
      "initial_weight": 0.5
    },
    "14770.140": {
      "votes": {},
      "initial_weight": 0.5
    },
    "14770.163": {
      "votes": {},
      "initial_weight": 0.5
    },
    "14770.148": {
      "votes": {},
      "initial_weight": 0.5
    },
    "14770.201": {
      "votes": {},
      "initial_weight": 0.5
    },
    "14770.191": {
      "votes": {
        "4": 1
      },
      "initial_weight": 1.0
    },
    "14770.193": {
      "votes": {},
      "initial_weight": 0.5
    },
    "14770.203": {
      "votes": {
        "0": 1
      },
      "initial_weight": 0.0
    },
    "14770.32": {
      "votes": {
        "2": 1
      },
      "initial_weight": 0.5
    },
    "14770.156": {
      "votes": {},
      "initial_weight": 0.5
    },
    "14770.27": {
      "votes": {
        "0": 1
      },
      "initial_weight": 0.0
    },
    "14770.134": {
      "votes": {},
      "initial_weight": 0.5
    },
    "14770.142": {
      "votes": {},
      "initial_weight": 0.5
    },
    "14770.183": {
      "votes": {},
      "initial_weight": 0.5
    },
    "14770.185": {
      "votes": {},
      "initial_weight": 0.5
    },
    "14770.187": {
      "votes": {},
      "initial_weight": 0.5
    },
    "14770.18": {
      "votes": {
        "4": 1
      },
      "initial_weight": 1.0
    },
    "14770.144": {
      "votes": {},
      "initial_weight": 0.5
    },
    "14770.180": {
      "votes": {},
      "initial_weight": 0.5
    },
    "14770.20": {
      "votes": {
        "3": 1,
        "4": 1
      },
      "initial_weight": 0.875
    },
    "14770.34": {
      "votes": {
        "1": 1
      },
      "initial_weight": 0.25
    },
    "14770.36": {
      "votes": {
        "2": 1
      },
      "initial_weight": 0.5
    },
    "14770.65": {
      "votes": {},
      "initial_weight": 0.5
    },
    "14770.66": {
      "votes": {},
      "initial_weight": 0.5
    },
    "14770.161": {
      "votes": {},
      "initial_weight": 0.5
    },
    "14770.53": {
      "votes": {
        "2": 1
      },
      "initial_weight": 0.5
    },
    "14770.136": {
      "votes": {},
      "initial_weight": 0.5
    },
    "14770.138": {
      "votes": {},
      "initial_weight": 0.5
    },
    "14770.150": {
      "votes": {},
      "initial_weight": 0.5
    },
    "14770.167": {
      "votes": {},
      "initial_weight": 0.5
    },
    "14770.174": {
      "votes": {},
      "initial_weight": 0.5
    },
    "14770.199": {
      "votes": {},
      "initial_weight": 0.5
    },
    "14770.205": {
      "votes": {},
      "initial_weight": 0.5
    },
    "14770.58": {
      "votes": {
        "2": 1
      },
      "initial_weight": 0.5
    },
    "14770.158": {
      "votes": {},
      "initial_weight": 0.5
    },
    "14770.197": {
      "votes": {},
      "initial_weight": 0.5
    },
    "14770.31": {
      "votes": {
        "2": 1
      },
      "initial_weight": 0.5
    },
    "14770.37": {
      "votes": {
        "2": 1
      },
      "initial_weight": 0.5
    },
    "14770.38": {
      "votes": {
        "2": 1
      },
      "initial_weight": 0.5
    },
    "14770.43": {
      "votes": {
        "2": 1
      },
      "initial_weight": 0.5
    },
    "14770.176": {
      "votes": {},
      "initial_weight": 0.5
    },
    "14770.178": {
      "votes": {},
      "initial_weight": 0.5
    }
  },
  "edges": {
    "14770.1": {
      "successor_id": "14770.0",
      "relation": 0.0
    },
    "14770.2": {
      "successor_id": "14770.1",
      "relation": 1.0
    },
    "14770.3": {
      "successor_id": "14770.1",
      "relation": 1.0
    },
    "14770.4": {
      "successor_id": "14770.1",
      "relation": 1.0
    },
    "14770.5": {
      "successor_id": "14770.1",
      "relation": 1.0
    },
    "14770.7": {
      "successor_id": "14770.1",