{
  "nodes": {
    "15491.0": {
      "votes": {},
      "initial_weight": 0.5
    },
    "15491.1": {
      "votes": {
        "4": 1,
        "0": 2
      },
      "initial_weight": 0.3333333333333333
    },
    "15491.2": {
      "votes": {
        "4": 1,
        "3": 1
      },
      "initial_weight": 0.875
    },
    "15491.3": {
      "votes": {
        "0": 1,
        "3": 1
      },
      "initial_weight": 0.375
    },
    "15491.4": {
      "votes": {
        "1": 1,
        "4": 1,
        "2": 1
      },
      "initial_weight": 0.5833333333333334
    },
    "15491.5": {
      "votes": {
        "4": 2,
        "3": 1,
        "0": 1
      },
      "initial_weight": 0.6875
    },
    "15491.6": {
      "votes": {
        "4": 1
      },
      "initial_weight": 1.0
    },
    "15491.7": {
      "votes": {
        "2": 1,
        "3": 1
      },
      "initial_weight": 0.625
    },
    "15491.8": {
      "votes": {
        "4": 2,
        "1": 1
      },
      "initial_weight": 0.75
    },
    "15491.9": {
      "votes": {
        "1": 1
      },
      "initial_weight": 0.25
    },
    "15491.14": {
      "votes": {
        "3": 1,
        "4": 2
      },
      "initial_weight": 0.9166666666666666
    },
    "15491.10": {
      "votes": {
        "1": 1,
        "4": 2
      },
      "initial_weight": 0.75
    },
    "15491.18": {
      "votes": {
        "4": 1,
        "2": 1
      },
      "initial_weight": 0.75
    },
    "15491.11": {
      "votes": {
        "4": 1,
        "1": 1
      },
      "initial_weight": 0.625
    },
    "15491.13": {
      "votes": {
        "4": 1
      },
      "initial_weight": 1.0
    },
    "15491.52": {
      "votes": {},
      "initial_weight": 0.5
    },
    "15491.23": {
      "votes": {
        "4": 1
      },
      "initial_weight": 1.0
    },
    "15491.22": {
      "votes": {
        "4": 1
      },
      "initial_weight": 1.0
    },
    "15491.12": {
      "votes": {
        "4": 1,
        "0": 1
      },
      "initial_weight": 0.5
    },
    "15491.19": {
      "votes": {
        "2": 1,
        "4": 1
      },
      "initial_weight": 0.75
    },
    "15491.20": {
      "votes": {
        "4": 2
      },
      "initial_weight": 1.0
    },
    "15491.21": {
      "votes": {
        "0": 1,
        "4": 1
      },
      "initial_weight": 0.5
    },
    "15491.17": {
      "votes": {
        "3": 1
      },
      "initial_weight": 0.75
    }
  },
  "edges": {
    "15491.1": {
      "successor_id": "15491.0",
      "relation": 0.0
    },
    "15491.2": {
      "successor_id": "15491.1",
      "relation": 1.0
    },
    "15491.3": {
      "successor_id": "15491.1",
      "relation": -1.0
    },
    "15491.4": {
      "successor_id": "15491.1",
      "relation": 1.0
    },
    "15491.5": {
      "successor_id": "15491.1",
      "relation": -1.0
    },
    "15491.6": {
      "successor_id": "15491.1",
      "relation": 1.0
    },
    "15491.7": {
      "successor_id": "15491.1",
      "relation": -1.0
    },
    "15491.8": {
      "successor_id": "15491.1",
      "relation": 1.0
    },
    "15491.9": {
      "successor_id": "15491.1",
      "relation": -1.0
    },
    "15491.14": {
      "successor_id": "15491.1",
      "relation": -1.0
    },
    "15491.10": {
      "successor_id": "15491.1",
      "relation": 1.0
    },
    "15491.18": {
      "successor_id": "15491.1",
      "relation": -1.0
    },
    "15491.11": {
      "successor_id": "15491.2",
      "relation": -1.0
    },
    "15491.13": {
      "successor_id": "15491.2",
      "relation": -1.0
    },
    "15491.52": {
      "successor_id": "15491.2",
      "relation": 1.0
    },
    "15491.23": {
      "successor_id": "15491.3",
      "relation": 1.0
    },
    "15491.22": {
      "successor_id": "15491.8",
      "relation": -1.0
    },
    "15491.12": {
      "successor_id": "15491.9",
      "relation": 1.0
    },
    "15491.19": {
      "successor_id": "15491.18",
      "relation": -1.0
    },
    "15491.20": {
      "successor_id": "15491.18",
      "relation": -1.0
    },
    "15491.21": {
      "successor_id": "15491.18",
      "relation": -1.0
    },
    "15491.17": {
      "successor_id": "15491.11",
      "relation": -1.0
    }
  }
}