{
  "nodes": {
    "15628.0": {
      "votes": {},
      "initial_weight": 0.5
    },
    "15628.1": {
      "votes": {
        "4": 6,
        "2": 2,
        "3": 2
      },
      "initial_weight": 0.85
    },
    "15628.3": {
      "votes": {
        "1": 3,
        "2": 1
      },
      "initial_weight": 0.3125
    },
    "15628.7": {
      "votes": {
        "0": 2,
        "1": 4,
        "2": 1
      },
      "initial_weight": 0.21428571428571427
    },
    "15628.9": {
      "votes": {
        "1": 2,
        "3": 2,
        "0": 1,
        "2": 2
      },
      "initial_weight": 0.42857142857142855
    },
    "15628.10": {
      "votes": {
        "4": 2,
        "2": 2,
        "0": 3
      },
      "initial_weight": 0.42857142857142855
    },
    "15628.11": {
      "votes": {
        "3": 1,
        "4": 2,
        "0": 2,
        "2": 3
      },
      "initial_weight": 0.53125
    },
    "15628.18": {
      "votes": {
        "0": 1,
        "2": 1,
        "3": 1,
        "4": 1
      },
      "initial_weight": 0.5625
    },
    "15628.33": {
      "votes": {
        "4": 4,
        "3": 1
      },
      "initial_weight": 0.95
    },
    "15628.116": {
      "votes": {
        "4": 1,
        "3": 1
      },
      "initial_weight": 0.875
    },
    "15628.136": {
      "votes": {
        "4": 1
      },
      "initial_weight": 1.0
    },
    "15628.138": {
      "votes": {},
      "initial_weight": 0.5
    },
    "15628.146": {
      "votes": {
        "3": 1
      },
      "initial_weight": 0.75
    },
    "15628.156": {
      "votes": {
        "3": 1
      },
      "initial_weight": 0.75
    },
    "15628.174": {
      "votes": {
        "2": 1
      },
      "initial_weight": 0.5
    },
    "15628.190": {
      "votes": {
        "3": 1
      },
      "initial_weight": 0.75
    },
    "15628.30": {
      "votes": {
        "3": 1
      },
      "initial_weight": 0.75
    },
    "15628.4": {
      "votes": {
        "4": 2
      },
      "initial_weight": 1.0
    },
    "15628.14": {
      "votes": {
        "4": 1,
        "3": 1,
        "1": 1
      },
      "initial_weight": 0.6666666666666666
    },
    "15628.17": {
      "votes": {
        "3": 1,
        "4": 2
      },
      "initial_weight": 0.9166666666666666
    },
    "15628.22": {
      "votes": {
        "0": 1
      },
      "initial_weight": 0.0
    },
    "15628.24": {
      "votes": {
        "2": 1
      },
      "initial_weight": 0.5
    },
    "15628.25": {
      "votes": {
        "1": 1
      },
      "initial_weight": 0.25
    },
    "15628.28": {
      "votes": {
        "0": 2,
        "1": 1
      },
      "initial_weight": 0.08333333333333333
    },
    "15628.154": {
      "votes": {
        "4": 1
      },
      "initial_weight": 1.0
    },
    "15628.19": {
      "votes": {
        "4": 3
      },
      "initial_weight": 1.0
    },
    "15628.41": {
      "votes": {
        "4": 2
      },
      "initial_weight": 1.0
    },
    "15628.12": {
      "votes": {
        "4": 1,
        "2": 1,
        "3": 2
      },
      "initial_weight": 0.75
    },
    "15628.29": {
      "votes": {
        "3": 1,
        "4": 2
      },
      "initial_weight": 0.9166666666666666
    },
    "15628.44": {
      "votes": {
        "1": 1
      },
      "initial_weight": 0.25
    },
    "15628.128": {
      "votes": {
        "3": 1
      },
      "initial_weight": 0.75
    },
    "15628.162": {
      "votes": {
        "1": 1
      },
      "initial_weight": 0.25
    },
    "15628.168": {
      "votes": {
        "3": 1
      },
      "initial_weight": 0.75
    },
    "15628.216": {
      "votes": {
        "2": 1
      },
      "initial_weight": 0.5
    },
    "15628.20": {
      "votes": {
        "3": 2
      },
      "initial_weight": 0.75
    },
    "15628.120": {
      "votes": {},
      "initial_weight": 0.5
    },
    "15628.122": {
      "votes": {
        "3": 1
      },
      "initial_weight": 0.75
    },
    "15628.140": {
      "votes": {
        "4": 1
      },
      "initial_weight": 1.0
    },
    "15628.232": {
      "votes": {
        "4": 1
      },
      "initial_weight": 1.0
    },
    "15628.107": {
      "votes": {
        "4": 1,
        "3": 1
      },
      "initial_weight": 0.875
    },
    "15628.8": {
      "votes": {
        "4": 2
      },
      "initial_weight": 1.0
    },
    "15628.242": {
      "votes": {},
      "initial_weight": 0.5
    },
    "15628.142": {
      "votes": {
        "4": 1
      },
      "initial_weight": 1.0
    },
    "15628.148": {
      "votes": {
        "4": 1
      },
      "initial_weight": 1.0
    },
    "15628.150": {
      "votes": {
        "2": 1
      },
      "initial_weight": 0.5
    },
    "15628.238": {
      "votes": {},
      "initial_weight": 0.5
    },
    "15628.220": {
      "votes": {
        "4": 1
      },
      "initial_weight": 1.0
    },
    "15628.158": {
      "votes": {
        "3": 1
      },
      "initial_weight": 0.75
    },
    "15628.172": {
      "votes": {
        "4": 1
      },
      "initial_weight": 1.0
    },
    "15628.206": {
      "votes": {
        "4": 1
      },
      "initial_weight": 1.0
    },
    "15628.176": {
      "votes": {
        "2": 1
      },
      "initial_weight": 0.5
    },
    "15628.192": {
      "votes": {
        "2": 1
      },
      "initial_weight": 0.5
    },
    "15628.194": {
      "votes": {
        "3": 1
      },
      "initial_weight": 0.75
    },
    "15628.204": {
      "votes": {},
      "initial_weight": 0.5
    },
    "15628.198": {
      "votes": {},
      "initial_weight": 0.5
    },
    "15628.200": {
      "votes": {},
      "initial_weight": 0.5
    },
    "15628.202": {
      "votes": {},
      "initial_weight": 0.5
    },
    "15628.45": {
      "votes": {
        "3": 1
      },
      "initial_weight": 0.75
    },
    "15628.36": {
      "votes": {
        "3": 1,
        "1": 1,
        "2": 1
      },
      "initial_weight": 0.5
    },
    "15628.6": {
      "votes": {
        "2": 1
      },
      "initial_weight": 0.5
    },
    "15628.32": {
      "votes": {
        "4": 2
      },
      "initial_weight": 1.0
    },
    "15628.111": {
      "votes": {
        "4": 1,
        "2": 1
      },
      "initial_weight": 0.75
    },
    "15628.43": {
      "votes": {},
      "initial_weight": 0.5
    },
    "15628.35": {
      "votes": {
        "3": 1,
        "0": 1
      },
      "initial_weight": 0.375
    },
    "15628.52": {
      "votes": {
        "4": 1
      },
      "initial_weight": 1.0
    },
    "15628.196": {
      "votes": {
        "2": 1
      },
      "initial_weight": 0.5
    },
    "15628.42": {
      "votes": {
        "4": 1
      },
      "initial_weight": 1.0
    },
    "15628.170": {
      "votes": {
        "3": 1
      },
      "initial_weight": 0.75
    },
    "15628.13": {
      "votes": {
        "1": 1
      },
      "initial_weight": 0.25
    },
    "15628.134": {
      "votes": {},
      "initial_weight": 0.5
    },
    "15628.130": {
      "votes": {
        "3": 1
      },
      "initial_weight": 0.75
    },
    "15628.132": {
      "votes": {
        "3": 1
      },
      "initial_weight": 0.75
    },
    "15628.210": {
      "votes": {},
      "initial_weight": 0.5
    },
    "15628.212": {
      "votes": {},
      "initial_weight": 0.5
    },
    "15628.164": {
      "votes": {
        "3": 1
      },
      "initial_weight": 0.75
    },
    "15628.166": {
      "votes": {
        "3": 1
      },
      "initial_weight": 0.75
    },
    "15628.234": {
      "votes": {},
      "initial_weight": 0.5
    },
    "15628.236": {
      "votes": {},
      "initial_weight": 0.5
    },
    "15628.5": {
      "votes": {
        "3": 1,
        "4": 1
      },
      "initial_weight": 0.875
    },
    "15628.15": {
      "votes": {
        "1": 1,
        "4": 1
      },
      "initial_weight": 0.625
    },
    "15628.47": {
      "votes": {
        "3": 1,
        "4": 1
      },