{
  "nodes": {
    "15818.0": {
      "votes": {},
      "initial_weight": 0.5
    },
    "15818.1": {
      "votes": {
        "4": 4,
        "0": 4,
        "2": 1
      },
      "initial_weight": 0.5
    },
    "15818.2": {
      "votes": {
        "1": 1,
        "0": 2,
        "3": 1
      },
      "initial_weight": 0.25
    },
    "15818.3": {
      "votes": {
        "4": 3,
        "3": 1,
        "2": 1,
        "0": 1
      },
      "initial_weight": 0.7083333333333334
    },
    "15818.4": {
      "votes": {
        "4": 4,
        "2": 1,
        "0": 2
      },
      "initial_weight": 0.6428571428571429
    },
    "15818.5": {
      "votes": {
        "1": 1
      },
      "initial_weight": 0.25
    },
    "15818.9": {
      "votes": {
        "3": 3,
        "1": 1,
        "4": 1,
        "0": 1
      },
      "initial_weight": 0.5833333333333334
    },
    "15818.14": {
      "votes": {
        "0": 1,
        "1": 1,
        "4": 2
      },
      "initial_weight": 0.5625
    },
    "15818.52": {
      "votes": {
        "4": 1
      },
      "initial_weight": 1.0
    },
    "15818.55": {
      "votes": {},
      "initial_weight": 0.5
    },
    "15818.35": {
      "votes": {},
      "initial_weight": 0.5
    },
    "15818.6": {
      "votes": {},
      "initial_weight": 0.5
    },
    "15818.23": {
      "votes": {
        "0": 1,
        "4": 2
      },
      "initial_weight": 0.6666666666666666
    },
    "15818.28": {
      "votes": {
        "4": 4,
        "0": 1,
        "1": 1
      },
      "initial_weight": 0.7083333333333334
    },
    "15818.46": {
      "votes": {
        "0": 1,
        "4": 1,
        "2": 1
      },
      "initial_weight": 0.5
    },
    "15818.17": {
      "votes": {
        "0": 1,
        "1": 1
      },
      "initial_weight": 0.125
    },
    "15818.8": {
      "votes": {
        "4": 2
      },
      "initial_weight": 1.0
    },
    "15818.26": {
      "votes": {
        "4": 2,
        "3": 1,
        "0": 1
      },
      "initial_weight": 0.6875
    },
    "15818.50": {
      "votes": {
        "2": 1
      },
      "initial_weight": 0.5
    },
    "15818.56": {
      "votes": {},
      "initial_weight": 0.5
    },
    "15818.57": {
      "votes": {},
      "initial_weight": 0.5
    },
    "15818.10": {
      "votes": {
        "4": 2
      },
      "initial_weight": 1.0
    },
    "15818.11": {
      "votes": {
        "4": 2
      },
      "initial_weight": 1.0
    },
    "15818.36": {
      "votes": {},
      "initial_weight": 0.5
    },
    "15818.71": {
      "votes": {
        "4": 1
      },
      "initial_weight": 1.0
    },
    "15818.15": {
      "votes": {
        "1": 1,
        "4": 1
      },
      "initial_weight": 0.625
    },
    "15818.34": {
      "votes": {
        "1": 1,
        "3": 1
      },
      "initial_weight": 0.5
    },
    "15818.44": {
      "votes": {
        "0": 1
      },
      "initial_weight": 0.0
    },
    "15818.54": {
      "votes": {},
      "initial_weight": 0.5
    },
    "15818.42": {
      "votes": {
        "4": 1
      },
      "initial_weight": 1.0
    },
    "15818.18": {
      "votes": {
        "4": 1
      },
      "initial_weight": 1.0
    },
    "15818.41": {
      "votes": {
        "4": 1
      },
      "initial_weight": 1.0
    },
    "15818.49": {
      "votes": {},
      "initial_weight": 0.5
    },
    "15818.61": {
      "votes": {
        "4": 1
      },
      "initial_weight": 1.0
    },
    "15818.60": {
      "votes": {
        "4": 1
      },
      "initial_weight": 1.0
    },
    "15818.16": {
      "votes": {
        "4": 1,
        "0": 1
      },
      "initial_weight": 0.5
    },
    "15818.53": {
      "votes": {
        "4": 1
      },
      "initial_weight": 1.0
    }
  },
  "edges": {
    "15818.1": {
      "successor_id": "15818.0",
      "relation": 0.0
    },
    "15818.2": {
      "successor_id": "15818.1",
      "relation": 1.0
    },
    "15818.3": {
      "successor_id": "15818.1",
      "relation": -1.0
    },
    "15818.4": {
      "successor_id": "15818.1",
      "relation": 1.0
    },
    "15818.5": {
      "successor_id": "15818.4",
      "relation": -1.0
    },
    "15818.9": {
      "successor_id": "15818.1",
      "relation": -1.0
    },
    "15818.14": {
      "successor_id": "15818.1",
      "relation": -1.0
    },
    "15818.52": {
      "successor_id": "15818.55",
      "relation": -1.0
    },
    "15818.55": {
      "successor_id": "15818.2",
      "relation": 1.0
    },
    "15818.35": {
      "successor_id": "15818.3",
      "relation": -1.0
    },
    "15818.6": {
      "successor_id": "15818.17",
      "relation": 1.0
    },
    "15818.23": {
      "successor_id": "15818.4",
      "relation": 1.0
    },
    "15818.28": {
      "successor_id": "15818.4",
      "relation": -1.0
    },
    "15818.46": {
      "successor_id": "15818.5",
      "relation": -1.0
    },
    "15818.17": {
      "successor_id": "15818.9",
      "relation": -1.0
    },
    "15818.8": {
      "successor_id": "15818.9",
      "relation": 1.0
    },
    "15818.26": {
      "successor_id": "15818.14",
      "relation": -1.0
    },
    "15818.50": {
      "successor_id": "15818.14",
      "relation": 1.0
    },
    "15818.56": {
      "successor_id": "15818.55",
      "relation": 1.0
    },
    "15818.57": {
      "successor_id": "15818.55",
      "relation": 1.0
    },
    "15818.10": {
      "successor_id": "15818.6",
      "relation": -1.0
    },
    "15818.11": {
      "successor_id": "15818.6",
      "relation": -1.0
    },
    "15818.36": {
      "successor_id": "15818.6",
      "relation": -1.0
    },
    "15818.71": {
      "successor_id": "15818.6",
      "relation": -1.0
    },
    "15818.15": {
      "successor_id": "15818.23",
      "relation": -1.0
    },
    "15818.34": {
      "successor_id": "15818.23",
      "relation": -1.0
    },
    "15818.44": {
      "successor_id": "15818.28",
      "relation": -1.0
    },
    "15818.54": {
      "successor_id": "15818.46",
      "relation": -1.0
    },
    "15818.42": {
      "successor_id": "15818.17",
      "relation": -1.0
    },
    "15818.18": {
      "successor_id": "15818.8",
      "relation": 1.0
    },
    "15818.41": {
      "successor_id": "15818.26",
      "relation": -1.0
    },
    "15818.49": {
      "successor_id": "15818.26",
      "relation": -1.0
    },
    "15818.61": {
      "successor_id": "15818.56",
      "relation": -1.0
    },
    "15818.60": {
      "successor_id": "15818.57",
      "relation": -1.0
    },
    "15818.16": {
      "successor_id": "15818.11",
      "relation": -1.0
    },
    "15818.53": {
      "successor_id": "15818.44",
      "relation": -1.0
    }
  }
}