{
  "nodes": {
    "15897.0": {
      "votes": {},
      "initial_weight": 0.5
    },
    "15897.1": {
      "votes": {
        "1": 1,
        "2": 1,
        "4": 1
      },
      "initial_weight": 0.5833333333333334
    },
    "15897.2": {
      "votes": {
        "1": 2,
        "4": 1,
        "2": 1
      },
      "initial_weight": 0.5
    },
    "15897.3": {
      "votes": {
        "4": 2,
        "2": 1
      },
      "initial_weight": 0.8333333333333334
    },
    "15897.4": {
      "votes": {
        "2": 1,
        "0": 2
      },
      "initial_weight": 0.16666666666666666
    },
    "15897.5": {
      "votes": {
        "2": 1
      },
      "initial_weight": 0.5
    },
    "15897.6": {
      "votes": {
        "4": 1
      },
      "initial_weight": 1.0
    },
    "15897.7": {
      "votes": {
        "4": 2
      },
      "initial_weight": 1.0
    },
    "15897.8": {
      "votes": {
        "0": 1,
        "3": 2
      },
      "initial_weight": 0.5
    },
    "15897.9": {
      "votes": {
        "0": 1,
        "1": 1
      },
      "initial_weight": 0.125
    },
    "15897.16": {
      "votes": {
        "2": 1
      },
      "initial_weight": 0.5
    },
    "15897.17": {
      "votes": {
        "1": 1,
        "2": 2,
        "0": 1
      },
      "initial_weight": 0.3125
    },
    "15897.21": {
      "votes": {
        "0": 5
      },
      "initial_weight": 0.0
    },
    "15897.22": {
      "votes": {
        "3": 2,
        "0": 1
      },
      "initial_weight": 0.5
    },
    "15897.44": {
      "votes": {
        "2": 1,
        "4": 1
      },
      "initial_weight": 0.75
    },
    "15897.54": {
      "votes": {},
      "initial_weight": 0.5
    },
    "15897.12": {
      "votes": {
        "1": 1
      },
      "initial_weight": 0.25
    },
    "15897.23": {
      "votes": {
        "3": 1
      },
      "initial_weight": 0.75
    },
    "15897.27": {
      "votes": {
        "1": 1
      },
      "initial_weight": 0.25
    },
    "15897.13": {
      "votes": {
        "4": 2,
        "2": 1
      },
      "initial_weight": 0.8333333333333334
    },
    "15897.18": {
      "votes": {
        "2": 1,
        "4": 2
      },
      "initial_weight": 0.8333333333333334
    },
    "15897.19": {
      "votes": {
        "0": 1,
        "3": 1
      },
      "initial_weight": 0.375
    },
    "15897.20": {
      "votes": {
        "0": 4,
        "1": 1
      },
      "initial_weight": 0.05
    },
    "15897.38": {
      "votes": {
        "1": 1,
        "4": 2
      },
      "initial_weight": 0.75
    },
    "15897.39": {
      "votes": {
        "4": 1,
        "2": 1
      },
      "initial_weight": 0.75
    },
    "15897.40": {
      "votes": {
        "3": 1,
        "4": 2
      },
      "initial_weight": 0.9166666666666666
    },
    "15897.41": {
      "votes": {
        "1": 1,
        "4": 1
      },
      "initial_weight": 0.625
    },
    "15897.42": {
      "votes": {
        "2": 1,
        "4": 1
      },
      "initial_weight": 0.75
    },
    "15897.43": {
      "votes": {
        "1": 1,
        "0": 1
      },
      "initial_weight": 0.125
    },
    "15897.35": {
      "votes": {
        "2": 1
      },
      "initial_weight": 0.5
    },
    "15897.48": {
      "votes": {
        "2": 1
      },
      "initial_weight": 0.5
    },
    "15897.34": {
      "votes": {
        "3": 1
      },
      "initial_weight": 0.75
    },
    "15897.33": {
      "votes": {
        "0": 1
      },
      "initial_weight": 0.0
    },
    "15897.52": {
      "votes": {},
      "initial_weight": 0.5
    },
    "15897.32": {
      "votes": {
        "0": 1
      },
      "initial_weight": 0.0
    },
    "15897.31": {
      "votes": {
        "1": 1
      },
      "initial_weight": 0.25
    },
    "15897.47": {
      "votes": {
        "3": 1
      },
      "initial_weight": 0.75
    },
    "15897.30": {
      "votes": {
        "3": 1
      },
      "initial_weight": 0.75
    },
    "15897.28": {
      "votes": {
        "1": 1
      },
      "initial_weight": 0.25
    },
    "15897.45": {
      "votes": {
        "2": 1
      },
      "initial_weight": 0.5
    },
    "15897.26": {
      "votes": {
        "4": 2
      },
      "initial_weight": 1.0
    },
    "15897.29": {
      "votes": {
        "1": 2
      },
      "initial_weight": 0.25
    },
    "15897.55": {
      "votes": {},
      "initial_weight": 0.5
    },
    "15897.36": {
      "votes": {
        "1": 1,
        "2": 1
      },
      "initial_weight": 0.375
    },
    "15897.37": {
      "votes": {
        "0": 1,
        "2": 1
      },
      "initial_weight": 0.25
    },
    "15897.49": {
      "votes": {
        "4": 1
      },
      "initial_weight": 1.0
    },
    "15897.25": {
      "votes": {
        "3": 1,
        "4": 2
      },
      "initial_weight": 0.9166666666666666
    },
    "15897.24": {
      "votes": {
        "4": 3,
        "3": 1
      },
      "initial_weight": 0.9375
    },
    "15897.53": {
      "votes": {},
      "initial_weight": 0.5
    },
    "15897.46": {
      "votes": {
        "4": 2
      },
      "initial_weight": 1.0
    },
    "15897.50": {
      "votes": {
        "3": 1,
        "4": 1
      },
      "initial_weight": 0.875
    },
    "15897.51": {
      "votes": {},
      "initial_weight": 0.5
    }
  },
  "edges": {
    "15897.1": {
      "successor_id": "15897.0",
      "relation": 0.0
    },
    "15897.2": {
      "successor_id": "15897.0",
      "relation": 0.0
    },
    "15897.3": {
      "successor_id": "15897.0",
      "relation": 0.0
    },
    "15897.4": {
      "successor_id": "15897.1",
      "relation": 1.0
    },
    "15897.5": {
      "successor_id": "15897.1",
      "relation": 1.0
    },
    "15897.6": {
      "successor_id": "15897.1",
      "relation": 1.0
    },
    "15897.7": {
      "successor_id": "15897.1",
      "relation": 1.0
    },
    "15897.8": {
      "successor_id": "15897.1",
      "relation": 1.0
    },
    "15897.9": {
      "successor_id": "15897.1",
      "relation": -1.0
    },
    "15897.16": {
      "successor_id": "15897.1",
      "relation": 1.0
    },
    "15897.17": {
      "successor_id": "15897.1",
      "relation": 1.0
    },
    "15897.21": {
      "successor_id": "15897.1",
      "relation": -1.0
    },
    "15897.22": {
      "successor_id": "15897.1",
      "relation": 1.0
    },
    "15897.44": {
      "successor_id": "15897.1",
      "relation": 1.0
    },
    "15897.54": {
      "successor_id": "15897.1",
      "relation": 1.0
    },
    "15897.12": {
      "successor_id": "15897.3",
      "relation": 1.0
    },
    "15897.23": {
      "successor_id": "15897.2",
      "relation": -1.0
    },
    "15897.27": {
      "successor_id": "15897.2",
      "relation": 1.0
    },
    "15897.13": {
      "successor_id": "15897.3",
      "relation": 1.0
    },
    "15897.18": {
      "successor_id": "15897.3",
      "relation": 1.0
    },
    "15897.19": {
      "successor_id": "15897.3",
      "relation": -1.0
    },
    "15897.20": {
      "successor_id": "15897.3",
      "relation": -1.0
    },
    "15897.38": {
      "successor_id": "15897.3",
      "relation": 1.0
    },
    "15897.39": {
      "successor_id": "15897.3",
      "relation": 1.0
    },
    "15897.40": {
      "successor_id": "15897.3",
      "relation": 1.0
    },
    "15897.41": {
      "successor_id": "15897.3",
      "relation": 1.0
    },
    "15897.42": {
      "successor_id": "15897.3",
      "relation": 1.0
    },
    "15897.43": {
      "successor_id": "15897.3",
      "relation": 1.0
    },
    "15897.35": {
      "successor_id": "15897.4",
      "relation": -1.0
    },
    "15897.48": {
      "successor_id": "15897.4",
      "relation": -1.0
    },
    "15897.34": {
      "successor_id": "15897.5",
      "relation": -1.0
    },
    "15897.33": {
      "successor_id": "15897.6",
      "relation": -1.0
    },
    "15897.52": {
      "successor_id": "15897.6",
      "relation": 1.0
    },