{
  "nodes": {
    "15993.0": {
      "votes": {},
      "initial_weight": 0.5
    },
    "15993.1": {
      "votes": {
        "1": 1,
        "4": 3
      },
      "initial_weight": 0.8125
    },
    "15993.2": {
      "votes": {
        "4": 3,
        "0": 1,
        "3": 1,
        "2": 1,
        "1": 1
      },
      "initial_weight": 0.6428571428571429
    },
    "15993.4": {
      "votes": {
        "4": 2,
        "0": 1,
        "3": 1,
        "2": 1
      },
      "initial_weight": 0.65
    },
    "15993.5": {
      "votes": {
        "4": 6,
        "1": 1
      },
      "initial_weight": 0.8928571428571429
    },
    "15993.6": {
      "votes": {
        "1": 3,
        "4": 5
      },
      "initial_weight": 0.71875
    },
    "15993.7": {
      "votes": {
        "0": 3,
        "4": 1,
        "3": 3
      },
      "initial_weight": 0.4642857142857143
    },
    "15993.17": {
      "votes": {
        "2": 3,
        "4": 2
      },
      "initial_weight": 0.7
    },
    "15993.27": {
      "votes": {
        "1": 2,
        "4": 4,
        "0": 1,
        "2": 1
      },
      "initial_weight": 0.625
    },
    "15993.3": {
      "votes": {
        "4": 1,
        "3": 2
      },
      "initial_weight": 0.8333333333333334
    },
    "15993.18": {
      "votes": {
        "0": 1,
        "2": 1
      },
      "initial_weight": 0.25
    },
    "15993.15": {
      "votes": {
        "3": 1
      },
      "initial_weight": 0.75
    },
    "15993.21": {
      "votes": {
        "1": 1,
        "4": 2
      },
      "initial_weight": 0.75
    },
    "15993.41": {
      "votes": {
        "3": 1,
        "1": 1
      },
      "initial_weight": 0.5
    },
    "15993.42": {
      "votes": {
        "3": 1,
        "4": 1
      },
      "initial_weight": 0.875
    },
    "15993.40": {
      "votes": {},
      "initial_weight": 0.5
    },
    "15993.16": {
      "votes": {
        "4": 2,
        "0": 1
      },
      "initial_weight": 0.6666666666666666
    },
    "15993.25": {
      "votes": {
        "0": 1,
        "3": 1
      },
      "initial_weight": 0.375
    },
    "15993.31": {
      "votes": {
        "0": 1,
        "4": 1
      },
      "initial_weight": 0.5
    },
    "15993.120": {
      "votes": {},
      "initial_weight": 0.5
    },
    "15993.124": {
      "votes": {},
      "initial_weight": 0.5
    },
    "15993.11": {
      "votes": {
        "4": 1,
        "0": 1
      },
      "initial_weight": 0.5
    },
    "15993.22": {
      "votes": {
        "0": 1
      },
      "initial_weight": 0.0
    },
    "15993.118": {
      "votes": {},
      "initial_weight": 0.5
    },
    "15993.10": {
      "votes": {
        "4": 2,
        "2": 1
      },
      "initial_weight": 0.8333333333333334
    },
    "15993.12": {
      "votes": {
        "4": 1,
        "2": 1
      },
      "initial_weight": 0.75
    },
    "15993.13": {
      "votes": {
        "4": 3
      },
      "initial_weight": 1.0
    },
    "15993.26": {
      "votes": {
        "3": 1,
        "1": 1,
        "4": 1
      },
      "initial_weight": 0.6666666666666666
    },
    "15993.108": {
      "votes": {},
      "initial_weight": 0.5
    },
    "15993.35": {
      "votes": {
        "4": 2
      },
      "initial_weight": 1.0
    },
    "15993.39": {
      "votes": {
        "4": 3
      },
      "initial_weight": 1.0
    },
    "15993.43": {
      "votes": {
        "4": 2
      },
      "initial_weight": 1.0
    },
    "15993.128": {
      "votes": {},
      "initial_weight": 0.5
    },
    "15993.19": {
      "votes": {
        "4": 1
      },
      "initial_weight": 1.0
    },
    "15993.20": {
      "votes": {
        "4": 1
      },
      "initial_weight": 1.0
    },
    "15993.47": {
      "votes": {},
      "initial_weight": 0.5
    },
    "15993.44": {
      "votes": {},
      "initial_weight": 0.5
    },
    "15993.98": {
      "votes": {},
      "initial_weight": 0.5
    },
    "15993.32": {
      "votes": {},
      "initial_weight": 0.5
    },
    "15993.122": {
      "votes": {},
      "initial_weight": 0.5
    },
    "15993.126": {
      "votes": {},
      "initial_weight": 0.5
    },
    "15993.14": {
      "votes": {
        "1": 1
      },
      "initial_weight": 0.25
    },
    "15993.23": {
      "votes": {
        "4": 1,
        "0": 1
      },
      "initial_weight": 0.5
    },
    "15993.29": {
      "votes": {
        "4": 1
      },
      "initial_weight": 1.0
    },
    "15993.28": {
      "votes": {
        "4": 1
      },
      "initial_weight": 1.0
    },
    "15993.33": {
      "votes": {},
      "initial_weight": 0.5
    },
    "15993.48": {
      "votes": {},
      "initial_weight": 0.5
    },
    "15993.24": {
      "votes": {
        "3": 1
      },
      "initial_weight": 0.75
    },
    "15993.34": {
      "votes": {},
      "initial_weight": 0.5
    },
    "15993.30": {
      "votes": {},
      "initial_weight": 0.5
    }
  },
  "edges": {
    "15993.1": {
      "successor_id": "15993.0",
      "relation": 0.0
    },
    "15993.2": {
      "successor_id": "15993.1",
      "relation": 1.0
    },
    "15993.4": {
      "successor_id": "15993.1",
      "relation": 1.0
    },
    "15993.5": {
      "successor_id": "15993.1",
      "relation": -1.0
    },
    "15993.6": {
      "successor_id": "15993.1",
      "relation": -1.0
    },
    "15993.7": {
      "successor_id": "15993.1",
      "relation": 1.0
    },
    "15993.17": {
      "successor_id": "15993.1",
      "relation": -1.0
    },
    "15993.27": {
      "successor_id": "15993.1",
      "relation": 1.0
    },
    "15993.3": {
      "successor_id": "15993.2",
      "relation": 1.0
    },
    "15993.18": {
      "successor_id": "15993.2",
      "relation": -1.0
    },
    "15993.15": {
      "successor_id": "15993.4",
      "relation": 1.0
    },
    "15993.21": {
      "successor_id": "15993.4",
      "relation": -1.0
    },
    "15993.41": {
      "successor_id": "15993.4",
      "relation": -1.0
    },
    "15993.42": {
      "successor_id": "15993.4",
      "relation": -1.0
    },
    "15993.40": {
      "successor_id": "15993.4",
      "relation": -1.0
    },
    "15993.16": {
      "successor_id": "15993.5",
      "relation": -1.0
    },
    "15993.25": {
      "successor_id": "15993.5",
      "relation": -1.0
    },
    "15993.31": {
      "successor_id": "15993.5",
      "relation": 1.0
    },
    "15993.120": {
      "successor_id": "15993.5",
      "relation": 1.0
    },
    "15993.124": {
      "successor_id": "15993.5",
      "relation": 1.0
    },
    "15993.11": {
      "successor_id": "15993.6",
      "relation": -1.0
    },
    "15993.22": {
      "successor_id": "15993.6",
      "relation": 1.0
    },
    "15993.118": {
      "successor_id": "15993.6",
      "relation": 1.0
    },
    "15993.10": {
      "successor_id": "15993.7",
      "relation": -1.0
    },
    "15993.12": {
      "successor_id": "15993.7",
      "relation": -1.0
    },
    "15993.13": {
      "successor_id": "15993.7",
      "relation": -1.0
    },
    "15993.26": {
      "successor_id": "15993.17",
      "relation": 1.0
    },
    "15993.108": {
      "successor_id": "15993.31",
      "relation": -1.0
    },
    "15993.35": {
      "successor_id": "15993.27",
      "relation": -1.0
    },
    "15993.39": {
      "successor_id": "15993.27",
      "relation": -1.0
    },
    "15993.43": {
      "successor_id": "15993.27",
      "relation": -1.0
    },
    "15993.128": {
      "successor_id": "15993.27",
      "relation": -1.0
    },
    "15993.19": {
      "successor_id": "15993.3",
      "relation": -1.0
    },
    "15993.20": {
      "successor_id": "15993.3",
      "relation": -1.0
    },
    "15993.47": {
      "successor_id": "15993.15",
      "relation": -1.0
    },
    "15993.44": {
      "successor_id": "15993.40",
      "relation": -1.0
    },
    "15993.98": {
      "successor_id": "15993.40",
      "relation": -1.0
    },