{
  "nodes": {
    "16381.0": {
      "votes": {},
      "initial_weight": 0.5
    },
    "16381.1": {
      "votes": {
        "4": 6,
        "0": 2
      },
      "initial_weight": 0.75
    },
    "16381.4": {
      "votes": {
        "0": 3,
        "4": 2,
        "1": 1
      },
      "initial_weight": 0.375
    },
    "16381.5": {
      "votes": {
        "3": 1,
        "4": 4,
        "0": 1
      },
      "initial_weight": 0.7916666666666666
    },
    "16381.6": {
      "votes": {
        "4": 2,
        "0": 2,
        "1": 1,
        "2": 1,
        "3": 2
      },
      "initial_weight": 0.53125
    },
    "16381.12": {
      "votes": {
        "4": 1,
        "0": 1,
        "3": 1,
        "2": 3
      },
      "initial_weight": 0.5416666666666666
    },
    "16381.17": {
      "votes": {
        "2": 1,
        "0": 2,
        "4": 1
      },
      "initial_weight": 0.375
    },
    "16381.167": {
      "votes": {
        "4": 2,
        "0": 1
      },
      "initial_weight": 0.6666666666666666
    },
    "16381.13": {
      "votes": {
        "0": 1,
        "4": 2,
        "3": 1,
        "1": 1
      },
      "initial_weight": 0.6
    },
    "16381.61": {
      "votes": {
        "4": 1
      },
      "initial_weight": 1.0
    },
    "16381.81": {
      "votes": {
        "4": 3
      },
      "initial_weight": 1.0
    },
    "16381.3": {
      "votes": {},
      "initial_weight": 0.5
    },
    "16381.87": {
      "votes": {
        "4": 1
      },
      "initial_weight": 1.0
    },
    "16381.21": {
      "votes": {
        "4": 1,
        "3": 1,
        "2": 1,
        "0": 2
      },
      "initial_weight": 0.45
    },
    "16381.19": {
      "votes": {
        "4": 2,
        "0": 2,
        "2": 2,
        "3": 1
      },
      "initial_weight": 0.5357142857142857
    },
    "16381.7": {
      "votes": {
        "4": 3,
        "0": 1
      },
      "initial_weight": 0.75
    },
    "16381.42": {
      "votes": {
        "4": 2,
        "0": 1
      },
      "initial_weight": 0.6666666666666666
    },
    "16381.20": {
      "votes": {
        "4": 2,
        "1": 1
      },
      "initial_weight": 0.75
    },
    "16381.218": {
      "votes": {},
      "initial_weight": 0.5
    },
    "16381.37": {
      "votes": {},
      "initial_weight": 0.5
    },
    "16381.193": {
      "votes": {},
      "initial_weight": 0.5
    },
    "16381.209": {
      "votes": {},
      "initial_weight": 0.5
    },
    "16381.155": {
      "votes": {},
      "initial_weight": 0.5
    },
    "16381.161": {
      "votes": {},
      "initial_weight": 0.5
    },
    "16381.26": {
      "votes": {},
      "initial_weight": 0.5
    },
    "16381.34": {
      "votes": {},
      "initial_weight": 0.5
    },
    "16381.16": {
      "votes": {
        "4": 2,
        "3": 2,
        "1": 1,
        "0": 1
      },
      "initial_weight": 0.625
    },
    "16381.18": {
      "votes": {
        "1": 2,
        "3": 1,
        "0": 1,
        "4": 2
      },
      "initial_weight": 0.5416666666666666
    },
    "16381.24": {
      "votes": {
        "4": 1,
        "0": 2
      },
      "initial_weight": 0.3333333333333333
    },
    "16381.63": {
      "votes": {},
      "initial_weight": 0.5
    },
    "16381.151": {
      "votes": {
        "0": 1
      },
      "initial_weight": 0.0
    },
    "16381.30": {
      "votes": {
        "4": 1
      },
      "initial_weight": 1.0
    },
    "16381.31": {
      "votes": {
        "4": 1
      },
      "initial_weight": 1.0
    },
    "16381.91": {
      "votes": {},
      "initial_weight": 0.5
    },
    "16381.38": {
      "votes": {
        "0": 1
      },
      "initial_weight": 0.0
    },
    "16381.70": {
      "votes": {
        "0": 1
      },
      "initial_weight": 0.0
    },
    "16381.83": {
      "votes": {
        "0": 1
      },
      "initial_weight": 0.0
    },
    "16381.149": {
      "votes": {},
      "initial_weight": 0.5
    },
    "16381.221": {
      "votes": {},
      "initial_weight": 0.5
    },
    "16381.195": {
      "votes": {},
      "initial_weight": 0.5
    },
    "16381.163": {
      "votes": {},
      "initial_weight": 0.5
    },
    "16381.35": {
      "votes": {},
      "initial_weight": 0.5
    },
    "16381.53": {
      "votes": {},
      "initial_weight": 0.5
    },
    "16381.65": {
      "votes": {},
      "initial_weight": 0.5
    },
    "16381.52": {
      "votes": {},
      "initial_weight": 0.5
    },
    "16381.157": {
      "votes": {
        "0": 1
      },
      "initial_weight": 0.0
    },
    "16381.159": {
      "votes": {},
      "initial_weight": 0.5
    },
    "16381.69": {
      "votes": {},
      "initial_weight": 0.5
    },
    "16381.76": {
      "votes": {},
      "initial_weight": 0.5
    },
    "16381.8": {
      "votes": {},
      "initial_weight": 0.5
    },
    "16381.86": {
      "votes": {},
      "initial_weight": 0.5
    },
    "16381.153": {
      "votes": {
        "4": 2,
        "0": 1
      },
      "initial_weight": 0.6666666666666666
    },
    "16381.165": {
      "votes": {
        "0": 1,
        "4": 2
      },
      "initial_weight": 0.6666666666666666
    },
    "16381.199": {
      "votes": {},
      "initial_weight": 0.5
    },
    "16381.169": {
      "votes": {},
      "initial_weight": 0.5
    },
    "16381.36": {
      "votes": {},
      "initial_weight": 0.5
    },
    "16381.54": {
      "votes": {},
      "initial_weight": 0.5
    },
    "16381.55": {
      "votes": {},
      "initial_weight": 0.5
    },
    "16381.77": {
      "votes": {},
      "initial_weight": 0.5
    },
    "16381.80": {
      "votes": {},
      "initial_weight": 0.5
    },
    "16381.9": {
      "votes": {
        "3": 2,
        "4": 5
      },
      "initial_weight": 0.9285714285714286
    },
    "16381.11": {
      "votes": {
        "1": 1,
        "4": 3
      },
      "initial_weight": 0.8125
    },
    "16381.23": {
      "votes": {
        "1": 1,
        "2": 1,
        "4": 1
      },
      "initial_weight": 0.5833333333333334
    },
    "16381.82": {
      "votes": {
        "0": 1
      },
      "initial_weight": 0.0
    },
    "16381.187": {
      "votes": {},
      "initial_weight": 0.5
    },
    "16381.177": {
      "votes": {
        "4": 1
      },
      "initial_weight": 1.0
    },
    "16381.171": {
      "votes": {},
      "initial_weight": 0.5
    },
    "16381.57": {
      "votes": {},
      "initial_weight": 0.5
    },
    "16381.22": {
      "votes": {},
      "initial_weight": 0.5
    },
    "16381.84": {
      "votes": {},
      "initial_weight": 0.5
    },
    "16381.211": {
      "votes": {},
      "initial_weight": 0.5
    }
  },
  "edges": {
    "16381.1": {
      "successor_id": "16381.0",
      "relation": 0.0
    },
    "16381.4": {
      "successor_id": "16381.1",
      "relation": -1.0
    },
    "16381.5": {
      "successor_id": "16381.1",
      "relation": 1.0
    },
    "16381.6": {
      "successor_id": "16381.1",
      "relation": 1.0
    },
    "16381.12": {
      "successor_id": "16381.6",
      "relation": 1.0
    },
    "16381.17": {
      "successor_id": "16381.1",
      "relation": -1.0
    },
    "16381.167": {
      "successor_id": "16381.1",
      "relation": -1.0
    },
    "16381.13": {
      "successor_id": "16381.4",
      "relation": -1.0
    },
    "16381.61": {
      "successor_id": "16381.4",
      "relation": -1.0
    },
    "16381.81": {
      "successor_id": "16381.4",
      "relation": -1.0
    },
    "16381.3": {
      "successor_id": "16381.4",
      "relation": 1.0
    },
    "16381.87": {
      "successor_id": "16381.5",
      "relation": -1.0
    },
    "16381.21": {
      "successor_id": "16381.6",
      "relation": -1.0
    },
    "16381.19": {
      "successor_id": "16381.12",
      "relation": -1.0
    },
    "16381.7": {
      "successor_id": "16381.12",
      "relation": 1.0
    },
    "16381.42": {
      "successor_id": "16381.17",
      "relation": 1.0
    },