{
  "nodes": {
    "16622.0": {
      "votes": {},
      "initial_weight": 0.5
    },
    "16622.1": {
      "votes": {
        "3": 1
      },
      "initial_weight": 0.75
    },
    "16622.2": {
      "votes": {
        "4": 1
      },
      "initial_weight": 1.0
    },
    "16622.11": {
      "votes": {
        "2": 1
      },
      "initial_weight": 0.5
    },
    "16622.16": {
      "votes": {
        "4": 1,
        "2": 1,
        "1": 1
      },
      "initial_weight": 0.5833333333333334
    },
    "16622.25": {
      "votes": {
        "0": 2
      },
      "initial_weight": 0.0
    },
    "16622.36": {
      "votes": {},
      "initial_weight": 0.5
    },
    "16622.40": {
      "votes": {
        "0": 1
      },
      "initial_weight": 0.0
    },
    "16622.43": {
      "votes": {
        "0": 1
      },
      "initial_weight": 0.0
    },
    "16622.67": {
      "votes": {},
      "initial_weight": 0.5
    },
    "16622.73": {
      "votes": {},
      "initial_weight": 0.5
    },
    "16622.154": {
      "votes": {},
      "initial_weight": 0.5
    },
    "16622.160": {
      "votes": {},
      "initial_weight": 0.5
    },
    "16622.164": {
      "votes": {},
      "initial_weight": 0.5
    },
    "16622.7": {
      "votes": {
        "2": 2,
        "1": 1
      },
      "initial_weight": 0.4166666666666667
    },
    "16622.8": {
      "votes": {
        "0": 2
      },
      "initial_weight": 0.0
    },
    "16622.15": {
      "votes": {
        "0": 2
      },
      "initial_weight": 0.0
    },
    "16622.162": {
      "votes": {},
      "initial_weight": 0.5
    },
    "16622.12": {
      "votes": {
        "3": 1,
        "2": 1
      },
      "initial_weight": 0.625
    },
    "16622.13": {
      "votes": {
        "3": 1,
        "2": 1
      },
      "initial_weight": 0.625
    },
    "16622.14": {
      "votes": {
        "4": 1,
        "2": 1,
        "3": 1
      },
      "initial_weight": 0.75
    },
    "16622.77": {
      "votes": {},
      "initial_weight": 0.5
    },
    "16622.156": {
      "votes": {},
      "initial_weight": 0.5
    },
    "16622.30": {
      "votes": {
        "3": 1,
        "1": 1,
        "4": 1
      },
      "initial_weight": 0.6666666666666666
    },
    "16622.31": {
      "votes": {
        "3": 1,
        "2": 1,
        "4": 1
      },
      "initial_weight": 0.75
    },
    "16622.34": {
      "votes": {
        "1": 1,
        "4": 1
      },
      "initial_weight": 0.625
    },
    "16622.46": {
      "votes": {
        "4": 1
      },
      "initial_weight": 1.0
    },
    "16622.26": {
      "votes": {
        "3": 1,
        "1": 1,
        "0": 1
      },
      "initial_weight": 0.3333333333333333
    },
    "16622.27": {
      "votes": {
        "1": 1,
        "3": 1,
        "4": 1
      },
      "initial_weight": 0.6666666666666666
    },
    "16622.52": {
      "votes": {
        "3": 1
      },
      "initial_weight": 0.75
    },
    "16622.200": {
      "votes": {},
      "initial_weight": 0.5
    },
    "16622.72": {
      "votes": {},
      "initial_weight": 0.5
    },
    "16622.35": {
      "votes": {
        "1": 1
      },
      "initial_weight": 0.25
    },
    "16622.48": {
      "votes": {
        "1": 1
      },
      "initial_weight": 0.25
    },
    "16622.28": {
      "votes": {
        "0": 1
      },
      "initial_weight": 0.0
    },
    "16622.82": {
      "votes": {},
      "initial_weight": 0.5
    },
    "16622.37": {
      "votes": {},
      "initial_weight": 0.5
    },
    "16622.3": {
      "votes": {},
      "initial_weight": 0.5
    },
    "16622.174": {
      "votes": {},
      "initial_weight": 0.5
    },
    "16622.62": {
      "votes": {},
      "initial_weight": 0.5
    },
    "16622.166": {
      "votes": {},
      "initial_weight": 0.5
    },
    "16622.168": {
      "votes": {},
      "initial_weight": 0.5
    },
    "16622.170": {
      "votes": {},
      "initial_weight": 0.5
    },
    "16622.172": {
      "votes": {},
      "initial_weight": 0.5
    },
    "16622.9": {
      "votes": {},
      "initial_weight": 0.5
    },
    "16622.10": {
      "votes": {},
      "initial_weight": 0.5
    },
    "16622.19": {
      "votes": {},
      "initial_weight": 0.5
    },
    "16622.18": {
      "votes": {},
      "initial_weight": 0.5
    },
    "16622.76": {
      "votes": {},
      "initial_weight": 0.5
    },
    "16622.202": {
      "votes": {},
      "initial_weight": 0.5
    },
    "16622.78": {
      "votes": {},
      "initial_weight": 0.5
    },
    "16622.47": {
      "votes": {},
      "initial_weight": 0.5
    },
    "16622.84": {
      "votes": {},
      "initial_weight": 0.5
    },
    "16622.180": {
      "votes": {},
      "initial_weight": 0.5
    },
    "16622.53": {
      "votes": {},
      "initial_weight": 0.5
    },
    "16622.57": {
      "votes": {},
      "initial_weight": 0.5
    },
    "16622.64": {
      "votes": {},
      "initial_weight": 0.5
    },
    "16622.38": {
      "votes": {},
      "initial_weight": 0.5
    },
    "16622.83": {
      "votes": {},
      "initial_weight": 0.5
    },
    "16622.49": {
      "votes": {
        "4": 1
      },
      "initial_weight": 1.0
    },
    "16622.4": {
      "votes": {
        "3": 1,
        "1": 1,
        "2": 1
      },
      "initial_weight": 0.5
    },
    "16622.66": {
      "votes": {
        "2": 1
      },
      "initial_weight": 0.5
    },
    "16622.71": {
      "votes": {},
      "initial_weight": 0.5
    },
    "16622.33": {
      "votes": {},
      "initial_weight": 0.5
    },
    "16622.69": {
      "votes": {},
      "initial_weight": 0.5
    },
    "16622.215": {
      "votes": {},
      "initial_weight": 0.5
    },
    "16622.217": {
      "votes": {},
      "initial_weight": 0.5
    },
    "16622.20": {
      "votes": {},
      "initial_weight": 0.5
    },
    "16622.29": {
      "votes": {},
      "initial_weight": 0.5
    },
    "16622.80": {
      "votes": {},
      "initial_weight": 0.5
    },
    "16622.54": {
      "votes": {},
      "initial_weight": 0.5
    },
    "16622.56": {
      "votes": {},
      "initial_weight": 0.5
    },
    "16622.60": {
      "votes": {},
      "initial_weight": 0.5
    },
    "16622.61": {
      "votes": {},
      "initial_weight": 0.5
    },
    "16622.65": {
      "votes": {},
      "initial_weight": 0.5
    },
    "16622.194": {
      "votes": {},
      "initial_weight": 0.5
    },
    "16622.5": {
      "votes": {},
      "initial_weight": 0.5
    },
    "16622.6": {
      "votes": {},
      "initial_weight": 0.5
    },
    "16622.68": {
      "votes": {},
      "initial_weight": 0.5
    },
    "16622.70": {
      "votes": {},
      "initial_weight": 0.5
    },
    "16622.79": {
      "votes": {},
      "initial_weight": 0.5
    },
    "16622.63": {
      "votes": {},
      "initial_weight": 0.5
    },
    "16622.221": {
      "votes": {},
      "initial_weight": 0.5
    },
    "16622.55": {
      "votes": {
        "4": 1,
        "0": 1
      },
      "initial_weight": 0.5
    },
    "16622.190": {
      "votes": {},
      "initial_weight": 0.5
    },
    "16622.192": {
      "votes": {},
      "initial_weight": 0.5
    },
    "16622.188": {
      "votes": {},
      "initial_weight": 0.5
    },
    "16622.219": {
      "votes": {
        "4": 1
      },
      "initial_weight": 1.0
    },
    "16622.198": {
      "votes": {},
      "initial_weight": 0.5
    },
    "16622.196": {
      "votes": {},
      "initial_weight": 0.5
    },
    "16622.184": {
      "votes": {},
      "initial_weight": 0.5
    },
    "16622.186": {
      "votes": {},
      "initial_weight": 0.5
    },
    "16622.205": {
      "votes": {},
      "initial_weight": 0.5
    },
    "16622.213": {
      "votes": {},
      "initial_weight": 0.5
    },
    "16622.207": {
      "votes": {},
      "initial_weight": 0.5
    },
    "16622.231": {
      "votes": {
        "3": 1
      },
      "initial_weight": 0.75
    },