{
  "nodes": {
    "16648.0": {
      "votes": {},
      "initial_weight": 0.5
    },
    "16648.12": {
      "votes": {
        "0": 2,
        "4": 3,
        "1": 1
      },
      "initial_weight": 0.5416666666666666
    },
    "16648.13": {
      "votes": {
        "3": 2,
        "1": 2,
        "4": 1,
        "0": 1
      },
      "initial_weight": 0.5
    },
    "16648.14": {
      "votes": {
        "2": 1,
        "1": 1
      },
      "initial_weight": 0.375
    },
    "16648.17": {
      "votes": {
        "4": 1,
        "1": 1
      },
      "initial_weight": 0.625
    },
    "16648.75": {
      "votes": {
        "3": 1,
        "0": 1
      },
      "initial_weight": 0.375
    },
    "16648.86": {
      "votes": {
        "4": 1
      },
      "initial_weight": 1.0
    },
    "16648.96": {
      "votes": {
        "3": 1
      },
      "initial_weight": 0.75
    },
    "16648.107": {
      "votes": {},
      "initial_weight": 0.5
    },
    "16648.114": {
      "votes": {},
      "initial_weight": 0.5
    },
    "16648.45": {
      "votes": {
        "4": 1,
        "2": 1
      },
      "initial_weight": 0.75
    },
    "16648.131": {
      "votes": {},
      "initial_weight": 0.5
    },
    "16648.134": {
      "votes": {},
      "initial_weight": 0.5
    },
    "16648.279": {
      "votes": {},
      "initial_weight": 0.5
    },
    "16648.22": {
      "votes": {
        "3": 1,
        "0": 1
      },
      "initial_weight": 0.375
    },
    "16648.24": {
      "votes": {
        "1": 1
      },
      "initial_weight": 0.25
    },
    "16648.20": {
      "votes": {},
      "initial_weight": 0.5
    },
    "16648.144": {
      "votes": {},
      "initial_weight": 0.5
    },
    "16648.29": {
      "votes": {
        "3": 1
      },
      "initial_weight": 0.75
    },
    "16648.46": {
      "votes": {
        "3": 1,
        "0": 1
      },
      "initial_weight": 0.375
    },
    "16648.73": {
      "votes": {},
      "initial_weight": 0.5
    },
    "16648.101": {
      "votes": {
        "2": 1
      },
      "initial_weight": 0.5
    },
    "16648.102": {
      "votes": {
        "1": 1
      },
      "initial_weight": 0.25
    },
    "16648.76": {
      "votes": {
        "2": 1,
        "3": 1,
        "4": 1,
        "0": 1
      },
      "initial_weight": 0.5625
    },
    "16648.78": {
      "votes": {
        "3": 1,
        "4": 1,
        "1": 1
      },
      "initial_weight": 0.6666666666666666
    },
    "16648.99": {
      "votes": {},
      "initial_weight": 0.5
    },
    "16648.273": {
      "votes": {},
      "initial_weight": 0.5
    },
    "16648.103": {
      "votes": {
        "2": 1
      },
      "initial_weight": 0.5
    },
    "16648.104": {
      "votes": {},
      "initial_weight": 0.5
    },
    "16648.133": {
      "votes": {
        "2": 1
      },
      "initial_weight": 0.5
    },
    "16648.30": {
      "votes": {
        "4": 1,
        "0": 1
      },
      "initial_weight": 0.5
    },
    "16648.152": {
      "votes": {
        "1": 1
      },
      "initial_weight": 0.25
    },
    "16648.119": {
      "votes": {},
      "initial_weight": 0.5
    },
    "16648.132": {
      "votes": {},
      "initial_weight": 0.5
    },
    "16648.18": {
      "votes": {
        "4": 1,
        "2": 1
      },
      "initial_weight": 0.75
    },
    "16648.35": {
      "votes": {
        "1": 1
      },
      "initial_weight": 0.25
    },
    "16648.126": {
      "votes": {
        "1": 1
      },
      "initial_weight": 0.25
    },
    "16648.137": {
      "votes": {
        "2": 1
      },
      "initial_weight": 0.5
    },
    "16648.277": {
      "votes": {},
      "initial_weight": 0.5
    },
    "16648.19": {
      "votes": {
        "4": 1
      },
      "initial_weight": 1.0
    },
    "16648.117": {
      "votes": {
        "4": 1
      },
      "initial_weight": 1.0
    },
    "16648.118": {
      "votes": {
        "3": 1
      },
      "initial_weight": 0.75
    },
    "16648.301": {
      "votes": {},
      "initial_weight": 0.5
    },
    "16648.267": {
      "votes": {},
      "initial_weight": 0.5
    },
    "16648.135": {
      "votes": {},
      "initial_weight": 0.5
    },
    "16648.136": {
      "votes": {},
      "initial_weight": 0.5
    },
    "16648.80": {
      "votes": {},
      "initial_weight": 0.5
    },
    "16648.95": {
      "votes": {
        "4": 1
      },
      "initial_weight": 1.0
    },
    "16648.94": {
      "votes": {
        "4": 1
      },
      "initial_weight": 1.0
    },
    "16648.79": {
      "votes": {},
      "initial_weight": 0.5
    },
    "16648.145": {
      "votes": {},
      "initial_weight": 0.5
    },
    "16648.159": {
      "votes": {},
      "initial_weight": 0.5
    },
    "16648.48": {
      "votes": {},
      "initial_weight": 0.5
    },
    "16648.57": {
      "votes": {},
      "initial_weight": 0.5
    },
    "16648.47": {
      "votes": {},
      "initial_weight": 0.5
    },
    "16648.74": {
      "votes": {},
      "initial_weight": 0.5
    },
    "16648.150": {
      "votes": {},
      "initial_weight": 0.5
    },
    "16648.151": {
      "votes": {},
      "initial_weight": 0.5
    },
    "16648.265": {
      "votes": {},
      "initial_weight": 0.5
    },
    "16648.146": {
      "votes": {},
      "initial_weight": 0.5
    },
    "16648.147": {
      "votes": {},
      "initial_weight": 0.5
    },
    "16648.162": {
      "votes": {},
      "initial_weight": 0.5
    },
    "16648.81": {
      "votes": {},
      "initial_weight": 0.5
    },
    "16648.21": {
      "votes": {
        "4": 2,
        "2": 1
      },
      "initial_weight": 0.8333333333333334
    },
    "16648.153": {
      "votes": {},
      "initial_weight": 0.5
    },
    "16648.38": {
      "votes": {
        "4": 2
      },
      "initial_weight": 1.0
    },
    "16648.42": {
      "votes": {
        "0": 1
      },
      "initial_weight": 0.0
    },
    "16648.33": {
      "votes": {},
      "initial_weight": 0.5
    },
    "16648.128": {
      "votes": {},
      "initial_weight": 0.5
    },
    "16648.15": {
      "votes": {},
      "initial_weight": 0.5
    },
    "16648.16": {
      "votes": {},
      "initial_weight": 0.5
    },
    "16648.160": {
      "votes": {
        "3": 1
      },
      "initial_weight": 0.75
    },
    "16648.161": {
      "votes": {
        "3": 1
      },
      "initial_weight": 0.75
    },
    "16648.97": {
      "votes": {
        "4": 1
      },
      "initial_weight": 1.0
    },
    "16648.58": {
      "votes": {},
      "initial_weight": 0.5
    },
    "16648.156": {
      "votes": {},
      "initial_weight": 0.5
    },
    "16648.283": {
      "votes": {},
      "initial_weight": 0.5
    },
    "16648.125": {
      "votes": {},
      "initial_weight": 0.5
    },
    "16648.34": {
      "votes": {
        "1": 1,
        "4": 1
      },
      "initial_weight": 0.625
    },
    "16648.61": {
      "votes": {
        "0": 1
      },
      "initial_weight": 0.0
    },
    "16648.60": {
      "votes": {
        "4": 1,
        "1": 1,
        "2": 1
      },
      "initial_weight": 0.5833333333333334
    },
    "16648.88": {
      "votes": {},
      "initial_weight": 0.5
    },
    "16648.89": {
      "votes": {
        "2": 1
      },
      "initial_weight": 0.5
    },
    "16648.28": {
      "votes": {
        "3": 1,
        "0": 1,
        "4": 1
      },
      "initial_weight": 0.5833333333333334
    },
    "16648.77": {
      "votes": {
        "3": 1
      },
      "initial_weight": 0.75
    },
    "16648.91": {
      "votes": {},
      "initial_weight": 0.5
    },
    "16648.157": {
      "votes": {},
      "initial_weight": 0.5
    },
    "16648.158": {
      "votes": {},
      "initial_weight": 0.5
    },
    "16648.100": {
      "votes": {},
      "initial_weight": 0.5
    },
    "16648.64": {
      "votes": {},
      "initial_weight": 0.5
    }
  },
  "edges": {
    "16648.12": {
      "successor_id": "16648.0",