{
  "nodes": {
    "16685.0": {
      "votes": {},
      "initial_weight": 0.5
    },
    "16685.1": {
      "votes": {
        "0": 1,
        "2": 1,
        "3": 1
      },
      "initial_weight": 0.4166666666666667
    },
    "16685.3": {
      "votes": {
        "4": 1,
        "3": 2,
        "1": 2
      },
      "initial_weight": 0.6
    },
    "16685.5": {
      "votes": {
        "0": 2,
        "2": 1
      },
      "initial_weight": 0.16666666666666666
    },
    "16685.6": {
      "votes": {
        "1": 1,
        "0": 2
      },
      "initial_weight": 0.08333333333333333
    },
    "16685.9": {
      "votes": {
        "3": 2,
        "0": 1
      },
      "initial_weight": 0.5
    },
    "16685.13": {
      "votes": {
        "4": 1,
        "2": 1,
        "1": 1
      },
      "initial_weight": 0.5833333333333334
    },
    "16685.24": {
      "votes": {
        "4": 1,
        "3": 5
      },
      "initial_weight": 0.7916666666666666
    },
    "16685.26": {
      "votes": {
        "2": 1,
        "3": 1
      },
      "initial_weight": 0.625
    },
    "16685.28": {
      "votes": {
        "2": 1,
        "0": 1
      },
      "initial_weight": 0.25
    },
    "16685.40": {
      "votes": {
        "4": 1,
        "0": 2
      },
      "initial_weight": 0.3333333333333333
    },
    "16685.64": {
      "votes": {
        "4": 1,
        "1": 1
      },
      "initial_weight": 0.625
    },
    "16685.15": {
      "votes": {
        "3": 1,
        "1": 1,
        "2": 1
      },
      "initial_weight": 0.5
    },
    "16685.16": {
      "votes": {
        "4": 1,
        "2": 2
      },
      "initial_weight": 0.6666666666666666
    },
    "16685.20": {
      "votes": {
        "3": 1,
        "0": 1,
        "4": 1
      },
      "initial_weight": 0.5833333333333334
    },
    "16685.65": {
      "votes": {},
      "initial_weight": 0.5
    },
    "16685.12": {
      "votes": {
        "1": 1,
        "0": 1
      },
      "initial_weight": 0.125
    },
    "16685.23": {
      "votes": {
        "4": 1,
        "0": 1
      },
      "initial_weight": 0.5
    },
    "16685.2": {
      "votes": {
        "2": 3
      },
      "initial_weight": 0.5
    },
    "16685.58": {
      "votes": {
        "2": 1
      },
      "initial_weight": 0.5
    },
    "16685.67": {
      "votes": {},
      "initial_weight": 0.5
    },
    "16685.50": {
      "votes": {
        "4": 2,
        "0": 1
      },
      "initial_weight": 0.6666666666666666
    },
    "16685.11": {
      "votes": {
        "4": 1,
        "0": 1
      },
      "initial_weight": 0.5
    },
    "16685.18": {
      "votes": {
        "3": 1,
        "2": 1
      },
      "initial_weight": 0.625
    },
    "16685.55": {
      "votes": {},
      "initial_weight": 0.5
    },
    "16685.60": {
      "votes": {
        "1": 1
      },
      "initial_weight": 0.25
    },
    "16685.27": {
      "votes": {
        "3": 2,
        "2": 1
      },
      "initial_weight": 0.6666666666666666
    },
    "16685.25": {
      "votes": {
        "3": 1,
        "0": 2
      },
      "initial_weight": 0.25
    },
    "16685.7": {
      "votes": {
        "0": 2,
        "2": 1
      },
      "initial_weight": 0.16666666666666666
    },
    "16685.10": {
      "votes": {
        "2": 1,
        "3": 1
      },
      "initial_weight": 0.625
    },
    "16685.17": {
      "votes": {},
      "initial_weight": 0.5
    },
    "16685.22": {
      "votes": {
        "3": 1,
        "2": 1
      },
      "initial_weight": 0.625
    },
    "16685.8": {
      "votes": {
        "4": 1,
        "3": 1
      },
      "initial_weight": 0.875
    },
    "16685.69": {
      "votes": {},
      "initial_weight": 0.5
    },
    "16685.21": {
      "votes": {},
      "initial_weight": 0.5
    },
    "16685.59": {
      "votes": {},
      "initial_weight": 0.5
    },
    "16685.103": {
      "votes": {},
      "initial_weight": 0.5
    },
    "16685.57": {
      "votes": {},
      "initial_weight": 0.5
    },
    "16685.68": {
      "votes": {},
      "initial_weight": 0.5
    },
    "16685.19": {
      "votes": {
        "4": 1
      },
      "initial_weight": 1.0
    },
    "16685.70": {
      "votes": {},
      "initial_weight": 0.5
    }
  },
  "edges": {
    "16685.1": {
      "successor_id": "16685.0",
      "relation": 0.0
    },
    "16685.3": {
      "successor_id": "16685.1",
      "relation": 1.0
    },
    "16685.5": {
      "successor_id": "16685.1",
      "relation": 1.0
    },
    "16685.6": {
      "successor_id": "16685.1",
      "relation": 1.0
    },
    "16685.9": {
      "successor_id": "16685.1",
      "relation": 1.0
    },
    "16685.13": {
      "successor_id": "16685.1",
      "relation": -1.0
    },
    "16685.24": {
      "successor_id": "16685.1",
      "relation": -1.0
    },
    "16685.26": {
      "successor_id": "16685.1",
      "relation": -1.0
    },
    "16685.28": {
      "successor_id": "16685.1",
      "relation": 1.0
    },
    "16685.40": {
      "successor_id": "16685.1",
      "relation": -1.0
    },
    "16685.64": {
      "successor_id": "16685.1",
      "relation": -1.0
    },
    "16685.15": {
      "successor_id": "16685.3",
      "relation": -1.0
    },
    "16685.16": {
      "successor_id": "16685.3",
      "relation": -1.0
    },
    "16685.20": {
      "successor_id": "16685.3",
      "relation": -1.0
    },
    "16685.65": {
      "successor_id": "16685.3",
      "relation": -1.0
    },
    "16685.12": {
      "successor_id": "16685.5",
      "relation": -1.0
    },
    "16685.23": {
      "successor_id": "16685.6",
      "relation": -1.0
    },
    "16685.2": {
      "successor_id": "16685.9",
      "relation": 1.0
    },
    "16685.58": {
      "successor_id": "16685.9",
      "relation": -1.0
    },
    "16685.67": {
      "successor_id": "16685.9",
      "relation": 1.0
    },
    "16685.50": {
      "successor_id": "16685.13",
      "relation": 1.0
    },
    "16685.11": {
      "successor_id": "16685.13",
      "relation": 1.0
    },
    "16685.18": {
      "successor_id": "16685.24",
      "relation": 1.0
    },
    "16685.55": {
      "successor_id": "16685.24",
      "relation": -1.0
    },
    "16685.60": {
      "successor_id": "16685.24",
      "relation": 1.0
    },
    "16685.27": {
      "successor_id": "16685.26",
      "relation": 1.0
    },
    "16685.25": {
      "successor_id": "16685.28",
      "relation": 1.0
    },
    "16685.7": {
      "successor_id": "16685.28",
      "relation": 1.0
    },
    "16685.10": {
      "successor_id": "16685.40",
      "relation": 1.0
    },
    "16685.17": {
      "successor_id": "16685.16",
      "relation": 1.0
    },
    "16685.22": {
      "successor_id": "16685.40",
      "relation": 1.0
    },
    "16685.8": {
      "successor_id": "16685.40",
      "relation": 1.0
    },
    "16685.69": {
      "successor_id": "16685.40",
      "relation": -1.0
    },
    "16685.21": {
      "successor_id": "16685.16",
      "relation": 1.0
    },
    "16685.59": {
      "successor_id": "16685.20",
      "relation": -1.0
    },
    "16685.103": {
      "successor_id": "16685.65",
      "relation": 1.0
    },
    "16685.57": {
      "successor_id": "16685.2",
      "relation": -1.0
    },
    "16685.68": {
      "successor_id": "16685.58",
      "relation": 1.0
    },
    "16685.19": {
      "successor_id": "16685.7",
      "relation": -1.0
    },
    "16685.70": {
      "successor_id": "16685.69",
      "relation": 1.0
    }
  }
}