{
  "nodes": {
    "16794.0": {
      "votes": {},
      "initial_weight": 0.5
    },
    "16794.1": {
      "votes": {
        "3": 1,
        "2": 1,
        "0": 7,
        "4": 5
      },
      "initial_weight": 0.44642857142857145
    },
    "16794.2": {
      "votes": {
        "0": 6,
        "2": 1,
        "3": 2,
        "4": 10
      },
      "initial_weight": 0.631578947368421
    },
    "16794.16": {
      "votes": {
        "0": 7,
        "4": 4,
        "3": 2
      },
      "initial_weight": 0.4230769230769231
    },
    "16794.24": {
      "votes": {
        "0": 2,
        "4": 10
      },
      "initial_weight": 0.8333333333333334
    },
    "16794.29": {
      "votes": {
        "3": 2
      },
      "initial_weight": 0.75
    },
    "16794.39": {
      "votes": {
        "3": 3,
        "0": 2,
        "4": 5
      },
      "initial_weight": 0.725
    },
    "16794.40": {
      "votes": {
        "4": 5,
        "0": 4,
        "3": 2
      },
      "initial_weight": 0.5909090909090909
    },
    "16794.43": {
      "votes": {
        "3": 1,
        "2": 1,
        "0": 1,
        "4": 2
      },
      "initial_weight": 0.65
    },
    "16794.44": {
      "votes": {
        "0": 2,
        "1": 1,
        "4": 4
      },
      "initial_weight": 0.6071428571428571
    },
    "16794.53": {
      "votes": {
        "4": 5,
        "0": 2
      },
      "initial_weight": 0.7142857142857143
    },
    "16794.50": {
      "votes": {
        "0": 1,
        "4": 3
      },
      "initial_weight": 0.75
    },
    "16794.17": {
      "votes": {
        "0": 2
      },
      "initial_weight": 0.0
    },
    "16794.176": {
      "votes": {},
      "initial_weight": 0.5
    },
    "16794.180": {
      "votes": {},
      "initial_weight": 0.5
    },
    "16794.182": {
      "votes": {},
      "initial_weight": 0.5
    },
    "16794.191": {
      "votes": {},
      "initial_weight": 0.5
    },
    "16794.48": {
      "votes": {
        "4": 5
      },
      "initial_weight": 1.0
    },
    "16794.57": {
      "votes": {},
      "initial_weight": 0.5
    },
    "16794.41": {
      "votes": {
        "4": 1,
        "0": 1,
        "3": 2
      },
      "initial_weight": 0.625
    },
    "16794.60": {
      "votes": {
        "0": 1,
        "4": 1
      },
      "initial_weight": 0.5
    },
    "16794.61": {
      "votes": {
        "4": 1,
        "2": 1
      },
      "initial_weight": 0.75
    },
    "16794.187": {
      "votes": {},
      "initial_weight": 0.5
    },
    "16794.195": {
      "votes": {},
      "initial_weight": 0.5
    },
    "16794.199": {
      "votes": {},
      "initial_weight": 0.5
    },
    "16794.193": {
      "votes": {},
      "initial_weight": 0.5
    },
    "16794.67": {
      "votes": {
        "4": 1
      },
      "initial_weight": 1.0
    },
    "16794.68": {
      "votes": {
        "4": 1
      },
      "initial_weight": 1.0
    },
    "16794.7": {
      "votes": {},
      "initial_weight": 0.5
    },
    "16794.184": {
      "votes": {},
      "initial_weight": 0.5
    },
    "16794.189": {
      "votes": {},
      "initial_weight": 0.5
    }
  },
  "edges": {
    "16794.1": {
      "successor_id": "16794.0",
      "relation": 0.0
    },
    "16794.2": {
      "successor_id": "16794.1",
      "relation": 1.0
    },
    "16794.16": {
      "successor_id": "16794.1",
      "relation": 1.0
    },
    "16794.24": {
      "successor_id": "16794.1",
      "relation": -1.0
    },
    "16794.29": {
      "successor_id": "16794.16",
      "relation": -1.0
    },
    "16794.39": {
      "successor_id": "16794.1",
      "relation": -1.0
    },
    "16794.40": {
      "successor_id": "16794.1",
      "relation": 1.0
    },
    "16794.43": {
      "successor_id": "16794.1",
      "relation": 1.0
    },
    "16794.44": {
      "successor_id": "16794.1",
      "relation": 1.0
    },
    "16794.53": {
      "successor_id": "16794.1",
      "relation": -1.0
    },
    "16794.50": {
      "successor_id": "16794.2",
      "relation": 1.0
    },
    "16794.17": {
      "successor_id": "16794.48",
      "relation": -1.0
    },
    "16794.176": {
      "successor_id": "16794.2",
      "relation": 1.0
    },
    "16794.180": {
      "successor_id": "16794.2",
      "relation": 1.0
    },
    "16794.182": {
      "successor_id": "16794.2",
      "relation": 1.0
    },
    "16794.191": {
      "successor_id": "16794.2",
      "relation": 1.0
    },
    "16794.48": {
      "successor_id": "16794.24",
      "relation": -1.0
    },
    "16794.57": {
      "successor_id": "16794.29",
      "relation": 1.0
    },
    "16794.41": {
      "successor_id": "16794.40",
      "relation": -1.0
    },
    "16794.60": {
      "successor_id": "16794.40",
      "relation": 1.0
    },
    "16794.61": {
      "successor_id": "16794.40",
      "relation": -1.0
    },
    "16794.187": {
      "successor_id": "16794.40",
      "relation": 1.0
    },
    "16794.195": {
      "successor_id": "16794.53",
      "relation": 1.0
    },
    "16794.199": {
      "successor_id": "16794.53",
      "relation": -1.0
    },
    "16794.193": {
      "successor_id": "16794.191",
      "relation": 1.0
    },
    "16794.67": {
      "successor_id": "16794.48",
      "relation": 1.0
    },
    "16794.68": {
      "successor_id": "16794.48",
      "relation": 1.0
    },
    "16794.7": {
      "successor_id": "16794.57",
      "relation": 1.0
    },
    "16794.184": {
      "successor_id": "16794.57",
      "relation": -1.0
    },
    "16794.189": {
      "successor_id": "16794.187",
      "relation": 1.0
    }
  }
}