{
  "nodes": {
    "16994.0": {
      "votes": {},
      "initial_weight": 0.5
    },
    "16994.1": {
      "votes": {
        "4": 11,
        "0": 1,
        "1": 1
      },
      "initial_weight": 0.8653846153846154
    },
    "16994.2": {
      "votes": {
        "4": 1,
        "2": 1,
        "0": 7
      },
      "initial_weight": 0.16666666666666666
    },
    "16994.3": {
      "votes": {
        "1": 1,
        "4": 8
      },
      "initial_weight": 0.9166666666666666
    },
    "16994.5": {
      "votes": {
        "1": 2,
        "0": 4
      },
      "initial_weight": 0.08333333333333333
    },
    "16994.6": {
      "votes": {
        "4": 7,
        "3": 1,
        "1": 2
      },
      "initial_weight": 0.825
    },
    "16994.21": {
      "votes": {
        "4": 7,
        "1": 2
      },
      "initial_weight": 0.8333333333333334
    },
    "16994.28": {
      "votes": {
        "0": 11
      },
      "initial_weight": 0.0
    },
    "16994.36": {
      "votes": {
        "4": 12,
        "1": 1
      },
      "initial_weight": 0.9423076923076923
    },
    "16994.39": {
      "votes": {
        "2": 1,
        "0": 6,
        "4": 2
      },
      "initial_weight": 0.2777777777777778
    },
    "16994.52": {
      "votes": {
        "2": 1,
        "4": 4,
        "1": 1
      },
      "initial_weight": 0.7916666666666666
    },
    "16994.58": {
      "votes": {
        "4": 10
      },
      "initial_weight": 1.0
    },
    "16994.75": {
      "votes": {
        "1": 1,
        "0": 2
      },
      "initial_weight": 0.08333333333333333
    },
    "16994.9": {
      "votes": {
        "3": 2,
        "1": 1
      },
      "initial_weight": 0.5833333333333334
    },
    "16994.10": {
      "votes": {
        "1": 1
      },
      "initial_weight": 0.25
    },
    "16994.15": {
      "votes": {
        "2": 1
      },
      "initial_weight": 0.5
    },
    "16994.19": {
      "votes": {
        "4": 1,
        "3": 2,
        "0": 1
      },
      "initial_weight": 0.625
    },
    "16994.23": {
      "votes": {
        "2": 1
      },
      "initial_weight": 0.5
    },
    "16994.27": {
      "votes": {
        "1": 1
      },
      "initial_weight": 0.25
    },
    "16994.4": {
      "votes": {
        "2": 1
      },
      "initial_weight": 0.5
    },
    "16994.40": {
      "votes": {
        "4": 1
      },
      "initial_weight": 1.0
    },
    "16994.63": {
      "votes": {},
      "initial_weight": 0.5
    },
    "16994.11": {
      "votes": {},
      "initial_weight": 0.5
    },
    "16994.14": {
      "votes": {
        "3": 1
      },
      "initial_weight": 0.75
    },
    "16994.22": {
      "votes": {
        "4": 1
      },
      "initial_weight": 1.0
    },
    "16994.24": {
      "votes": {},
      "initial_weight": 0.5
    },
    "16994.38": {
      "votes": {},
      "initial_weight": 0.5
    },
    "16994.57": {
      "votes": {
        "4": 1
      },
      "initial_weight": 1.0
    },
    "16994.59": {
      "votes": {},
      "initial_weight": 0.5
    },
    "16994.33": {
      "votes": {},
      "initial_weight": 0.5
    },
    "16994.25": {
      "votes": {
        "4": 1
      },
      "initial_weight": 1.0
    },
    "16994.26": {
      "votes": {
        "4": 1
      },
      "initial_weight": 1.0
    },
    "16994.29": {
      "votes": {},
      "initial_weight": 0.5
    },
    "16994.30": {
      "votes": {
        "3": 1
      },
      "initial_weight": 0.75
    },
    "16994.31": {
      "votes": {
        "4": 1
      },
      "initial_weight": 1.0
    },
    "16994.41": {
      "votes": {
        "4": 2
      },
      "initial_weight": 1.0
    },
    "16994.53": {
      "votes": {
        "4": 3
      },
      "initial_weight": 1.0
    },
    "16994.60": {
      "votes": {
        "4": 1
      },
      "initial_weight": 1.0
    },
    "16994.37": {
      "votes": {
        "4": 2
      },
      "initial_weight": 1.0
    },
    "16994.71": {
      "votes": {},
      "initial_weight": 0.5
    },
    "16994.72": {
      "votes": {},
      "initial_weight": 0.5
    },
    "16994.43": {
      "votes": {
        "3": 1
      },
      "initial_weight": 0.75
    },
    "16994.54": {
      "votes": {
        "4": 1
      },
      "initial_weight": 1.0
    },
    "16994.81": {
      "votes": {},
      "initial_weight": 0.5
    },
    "16994.84": {
      "votes": {},
      "initial_weight": 0.5
    },
    "16994.61": {
      "votes": {},
      "initial_weight": 0.5
    },
    "16994.78": {
      "votes": {},
      "initial_weight": 0.5
    },
    "16994.49": {
      "votes": {
        "2": 1
      },
      "initial_weight": 0.5
    },
    "16994.18": {
      "votes": {
        "4": 1
      },
      "initial_weight": 1.0
    },
    "16994.20": {
      "votes": {
        "4": 1
      },
      "initial_weight": 1.0
    },
    "16994.7": {
      "votes": {
        "3": 1,
        "1": 1
      },
      "initial_weight": 0.5
    },
    "16994.13": {
      "votes": {
        "1": 1,
        "4": 1
      },
      "initial_weight": 0.625
    },
    "16994.55": {
      "votes": {},
      "initial_weight": 0.5
    },
    "16994.12": {
      "votes": {},
      "initial_weight": 0.5
    },
    "16994.42": {
      "votes": {},
      "initial_weight": 0.5
    },
    "16994.73": {
      "votes": {},
      "initial_weight": 0.5
    },
    "16994.56": {
      "votes": {},
      "initial_weight": 0.5
    },
    "16994.77": {
      "votes": {},
      "initial_weight": 0.5
    },
    "16994.48": {
      "votes": {},
      "initial_weight": 0.5
    },
    "16994.34": {
      "votes": {},
      "initial_weight": 0.5
    },
    "16994.32": {
      "votes": {},
      "initial_weight": 0.5
    },
    "16994.35": {
      "votes": {},
      "initial_weight": 0.5
    },
    "16994.64": {
      "votes": {
        "4": 1
      },
      "initial_weight": 1.0
    },
    "16994.90": {
      "votes": {},
      "initial_weight": 0.5
    },
    "16994.44": {
      "votes": {},
      "initial_weight": 0.5
    },
    "16994.74": {
      "votes": {},
      "initial_weight": 0.5
    },
    "16994.46": {
      "votes": {},
      "initial_weight": 0.5
    }
  },
  "edges": {
    "16994.1": {
      "successor_id": "16994.0",
      "relation": 0.0
    },
    "16994.2": {
      "successor_id": "16994.1",
      "relation": -1.0
    },
    "16994.3": {
      "successor_id": "16994.1",
      "relation": 1.0
    },
    "16994.5": {
      "successor_id": "16994.1",
      "relation": -1.0
    },
    "16994.6": {
      "successor_id": "16994.1",
      "relation": 1.0
    },
    "16994.21": {
      "successor_id": "16994.1",
      "relation": 1.0
    },
    "16994.28": {
      "successor_id": "16994.1",
      "relation": -1.0
    },
    "16994.36": {
      "successor_id": "16994.1",
      "relation": 1.0
    },
    "16994.39": {
      "successor_id": "16994.1",
      "relation": -1.0
    },
    "16994.52": {
      "successor_id": "16994.1",
      "relation": 1.0
    },
    "16994.58": {
      "successor_id": "16994.1",
      "relation": 1.0
    },
    "16994.75": {
      "successor_id": "16994.1",
      "relation": -1.0
    },
    "16994.9": {
      "successor_id": "16994.2",
      "relation": -1.0
    },
    "16994.10": {
      "successor_id": "16994.15",
      "relation": -1.0
    },
    "16994.15": {
      "successor_id": "16994.2",
      "relation": -1.0
    },
    "16994.19": {
      "successor_id": "16994.2",
      "relation": -1.0
    },
    "16994.23": {
      "successor_id": "16994.2",
      "relation": -1.0
    },
    "16994.27": {
      "successor_id": "16994.2",
      "relation": -1.0
    },
    "16994.4": {
      "successor_id": "16994.3",
      "relation": -1.0
    },
    "16994.40": {
      "successor_id": "16994.3",
      "relation": -1.0
    },
    "16994.63": {
      "successor_id": "16994.3",
      "relation": 1.0
    },
    "16994.11": {
      "successor_id": "16994.5",
      "relation": 1.0
    },