{
  "nodes": {
    "17165.0": {
      "votes": {},
      "initial_weight": 0.5
    },
    "17165.1": {
      "votes": {
        "4": 6,
        "0": 3,
        "2": 1,
        "3": 1
      },
      "initial_weight": 0.6590909090909091
    },
    "17165.19": {
      "votes": {
        "0": 1,
        "4": 1,
        "1": 1,
        "2": 3,
        "3": 1
      },
      "initial_weight": 0.5
    },
    "17165.29": {
      "votes": {
        "3": 2,
        "4": 3,
        "0": 1
      },
      "initial_weight": 0.75
    },
    "17165.56": {
      "votes": {
        "0": 1,
        "1": 2,
        "3": 1,
        "4": 2
      },
      "initial_weight": 0.5416666666666666
    },
    "17165.95": {
      "votes": {
        "2": 1,
        "4": 1
      },
      "initial_weight": 0.75
    },
    "17165.35": {
      "votes": {
        "3": 1,
        "2": 1
      },
      "initial_weight": 0.625
    },
    "17165.300": {
      "votes": {
        "4": 1
      },
      "initial_weight": 1.0
    },
    "17165.328": {
      "votes": {},
      "initial_weight": 0.5
    },
    "17165.346": {
      "votes": {},
      "initial_weight": 0.5
    },
    "17165.20": {
      "votes": {
        "0": 1,
        "4": 2,
        "2": 1
      },
      "initial_weight": 0.625
    },
    "17165.26": {
      "votes": {
        "3": 1,
        "0": 1,
        "4": 1
      },
      "initial_weight": 0.5833333333333334
    },
    "17165.38": {
      "votes": {
        "4": 1,
        "1": 1,
        "2": 1
      },
      "initial_weight": 0.5833333333333334
    },
    "17165.21": {
      "votes": {
        "0": 1,
        "1": 1,
        "3": 1
      },
      "initial_weight": 0.3333333333333333
    },
    "17165.72": {
      "votes": {
        "4": 1,
        "3": 1
      },
      "initial_weight": 0.875
    },
    "17165.258": {
      "votes": {},
      "initial_weight": 0.5
    },
    "17165.352": {
      "votes": {},
      "initial_weight": 0.5
    },
    "17165.356": {
      "votes": {},
      "initial_weight": 0.5
    },
    "17165.94": {
      "votes": {
        "4": 1
      },
      "initial_weight": 1.0
    },
    "17165.57": {
      "votes": {
        "4": 2
      },
      "initial_weight": 1.0
    },
    "17165.71": {
      "votes": {
        "4": 2,
        "3": 1,
        "1": 1,
        "0": 1
      },
      "initial_weight": 0.6
    },
    "17165.91": {
      "votes": {},
      "initial_weight": 0.5
    },
    "17165.92": {
      "votes": {
        "0": 1
      },
      "initial_weight": 0.0
    },
    "17165.330": {
      "votes": {},
      "initial_weight": 0.5
    },
    "17165.332": {
      "votes": {},
      "initial_weight": 0.5
    },
    "17165.115": {
      "votes": {},
      "initial_weight": 0.5
    },
    "17165.326": {
      "votes": {},
      "initial_weight": 0.5
    },
    "17165.11": {
      "votes": {},
      "initial_weight": 0.5
    },
    "17165.2": {
      "votes": {},
      "initial_weight": 0.5
    },
    "17165.77": {
      "votes": {},
      "initial_weight": 0.5
    },
    "17165.60": {
      "votes": {},
      "initial_weight": 0.5
    },
    "17165.41": {
      "votes": {},
      "initial_weight": 0.5
    },
    "17165.42": {
      "votes": {},
      "initial_weight": 0.5
    },
    "17165.47": {
      "votes": {},
      "initial_weight": 0.5
    },
    "17165.22": {
      "votes": {
        "3": 1
      },
      "initial_weight": 0.75
    },
    "17165.23": {
      "votes": {
        "3": 1
      },
      "initial_weight": 0.75
    },
    "17165.354": {
      "votes": {},
      "initial_weight": 0.5
    },
    "17165.228": {
      "votes": {},
      "initial_weight": 0.5
    },
    "17165.334": {
      "votes": {},
      "initial_weight": 0.5
    },
    "17165.314": {
      "votes": {},
      "initial_weight": 0.5
    },
    "17165.316": {
      "votes": {},
      "initial_weight": 0.5
    },
    "17165.117": {
      "votes": {},
      "initial_weight": 0.5
    },
    "17165.105": {
      "votes": {},
      "initial_weight": 0.5
    },
    "17165.106": {
      "votes": {},
      "initial_weight": 0.5
    },
    "17165.122": {
      "votes": {},
      "initial_weight": 0.5
    },
    "17165.312": {
      "votes": {},
      "initial_weight": 0.5
    },
    "17165.342": {
      "votes": {},
      "initial_weight": 0.5
    },
    "17165.103": {
      "votes": {
        "4": 2,
        "3": 1,
        "0": 1
      },
      "initial_weight": 0.6875
    },
    "17165.222": {
      "votes": {},
      "initial_weight": 0.5
    },
    "17165.308": {
      "votes": {},
      "initial_weight": 0.5
    },
    "17165.336": {
      "votes": {},
      "initial_weight": 0.5
    },
    "17165.338": {
      "votes": {},
      "initial_weight": 0.5
    },
    "17165.126": {
      "votes": {},
      "initial_weight": 0.5
    },
    "17165.135": {
      "votes": {},
      "initial_weight": 0.5
    },
    "17165.136": {
      "votes": {},
      "initial_weight": 0.5
    },
    "17165.248": {
      "votes": {
        "4": 1,
        "0": 1
      },
      "initial_weight": 0.5
    },
    "17165.270": {
      "votes": {
        "4": 1,
        "0": 1
      },
      "initial_weight": 0.5
    },
    "17165.3": {
      "votes": {
        "2": 1,
        "0": 1,
        "4": 2
      },
      "initial_weight": 0.625
    },
    "17165.9": {
      "votes": {},
      "initial_weight": 0.5
    },
    "17165.224": {
      "votes": {},
      "initial_weight": 0.5
    },
    "17165.39": {
      "votes": {},
      "initial_weight": 0.5
    },
    "17165.89": {
      "votes": {},
      "initial_weight": 0.5
    },
    "17165.240": {
      "votes": {},
      "initial_weight": 0.5
    },
    "17165.53": {
      "votes": {
        "4": 1,
        "0": 1
      },
      "initial_weight": 0.5
    },
    "17165.15": {
      "votes": {
        "0": 1,
        "4": 1
      },
      "initial_weight": 0.5
    },
    "17165.43": {
      "votes": {
        "4": 2,
        "0": 1
      },
      "initial_weight": 0.6666666666666666
    },
    "17165.230": {
      "votes": {},
      "initial_weight": 0.5
    },
    "17165.107": {
      "votes": {},
      "initial_weight": 0.5
    },
    "17165.116": {
      "votes": {},
      "initial_weight": 0.5
    },
    "17165.322": {
      "votes": {},
      "initial_weight": 0.5
    },
    "17165.324": {
      "votes": {},
      "initial_weight": 0.5
    },
    "17165.344": {
      "votes": {},
      "initial_weight": 0.5
    },
    "17165.125": {
      "votes": {
        "0": 1
      },
      "initial_weight": 0.0
    },
    "17165.318": {
      "votes": {},
      "initial_weight": 0.5
    },
    "17165.320": {
      "votes": {},
      "initial_weight": 0.5
    },
    "17165.4": {
      "votes": {
        "1": 1,
        "0": 2
      },
      "initial_weight": 0.08333333333333333
    },
    "17165.226": {
      "votes": {},
      "initial_weight": 0.5
    },
    "17165.24": {
      "votes": {
        "0": 1,
        "3": 1
      },
      "initial_weight": 0.375
    },
    "17165.50": {
      "votes": {},
      "initial_weight": 0.5
    },
    "17165.46": {
      "votes": {
        "0": 2
      },
      "initial_weight": 0.0
    },
    "17165.234": {
      "votes": {},
      "initial_weight": 0.5
    },
    "17165.310": {
      "votes": {},
      "initial_weight": 0.5
    },
    "17165.44": {
      "votes": {
        "4": 1
      },
      "initial_weight": 1.0
    },
    "17165.45": {
      "votes": {
        "4": 1
      },
      "initial_weight": 1.0
    },
    "17165.102": {
      "votes": {
        "4": 1
      },
      "initial_weight": 1.0
    },
    "17165.108": {
      "votes": {},
      "initial_weight": 0.5
    },
    "17165.109": {
      "votes": {},
      "initial_weight": 0.5
    },
    "17165.130": {
      "votes": {},
      "initial_weight": 0.5
    },
    "17165.232": {
      "votes": {},
      "initial_weight": 0.5
    },
    "17165.298": {
      "votes": {},
      "initial_weight": 0.5
    },
    "17165.264": {
      "votes": {},