{
  "nodes": {
    "17822.0": {
      "votes": {},
      "initial_weight": 0.5
    },
    "17822.1": {
      "votes": {
        "1": 1,
        "3": 1,
        "4": 4
      },
      "initial_weight": 0.8333333333333334
    },
    "17822.2": {
      "votes": {
        "3": 1,
        "4": 1,
        "2": 1
      },
      "initial_weight": 0.75
    },
    "17822.3": {
      "votes": {
        "2": 1,
        "0": 2
      },
      "initial_weight": 0.16666666666666666
    },
    "17822.4": {
      "votes": {
        "4": 5
      },
      "initial_weight": 1.0
    },
    "17822.6": {
      "votes": {
        "3": 1,
        "4": 1
      },
      "initial_weight": 0.875
    },
    "17822.7": {
      "votes": {
        "1": 1,
        "2": 1,
        "0": 1
      },
      "initial_weight": 0.25
    },
    "17822.8": {
      "votes": {
        "4": 2,
        "0": 1,
        "3": 1,
        "2": 1,
        "1": 2
      },
      "initial_weight": 0.5357142857142857
    },
    "17822.9": {
      "votes": {
        "3": 2,
        "4": 2
      },
      "initial_weight": 0.875
    },
    "17822.41": {
      "votes": {
        "1": 1,
        "4": 2,
        "0": 1
      },
      "initial_weight": 0.5625
    },
    "17822.63": {
      "votes": {
        "1": 1,
        "4": 1
      },
      "initial_weight": 0.625
    },
    "17822.36": {
      "votes": {
        "1": 1,
        "0": 1
      },
      "initial_weight": 0.125
    },
    "17822.118": {
      "votes": {},
      "initial_weight": 0.5
    },
    "17822.33": {
      "votes": {
        "0": 1,
        "4": 1
      },
      "initial_weight": 0.5
    },
    "17822.19": {
      "votes": {
        "2": 1,
        "4": 1,
        "0": 1
      },
      "initial_weight": 0.5
    },
    "17822.136": {
      "votes": {},
      "initial_weight": 0.5
    },
    "17822.29": {
      "votes": {
        "4": 2
      },
      "initial_weight": 1.0
    },
    "17822.35": {
      "votes": {
        "4": 2
      },
      "initial_weight": 1.0
    },
    "17822.59": {
      "votes": {
        "4": 2
      },
      "initial_weight": 1.0
    },
    "17822.122": {
      "votes": {},
      "initial_weight": 0.5
    },
    "17822.21": {
      "votes": {},
      "initial_weight": 0.5
    },
    "17822.13": {
      "votes": {},
      "initial_weight": 0.5
    },
    "17822.14": {
      "votes": {
        "4": 2
      },
      "initial_weight": 1.0
    },
    "17822.20": {
      "votes": {
        "4": 2
      },
      "initial_weight": 1.0
    },
    "17822.15": {
      "votes": {
        "4": 1,
        "3": 2
      },
      "initial_weight": 0.8333333333333334
    },
    "17822.24": {
      "votes": {
        "4": 2,
        "3": 1
      },
      "initial_weight": 0.9166666666666666
    },
    "17822.34": {
      "votes": {
        "0": 1,
        "4": 1
      },
      "initial_weight": 0.5
    },
    "17822.134": {
      "votes": {},
      "initial_weight": 0.5
    },
    "17822.23": {
      "votes": {},
      "initial_weight": 0.5
    },
    "17822.55": {
      "votes": {
        "0": 1,
        "4": 1
      },
      "initial_weight": 0.5
    },
    "17822.56": {
      "votes": {
        "4": 1,
        "0": 1
      },
      "initial_weight": 0.5
    },
    "17822.26": {
      "votes": {
        "1": 1,
        "0": 1
      },
      "initial_weight": 0.125
    },
    "17822.120": {
      "votes": {},
      "initial_weight": 0.5
    },
    "17822.132": {
      "votes": {},
      "initial_weight": 0.5
    },
    "17822.65": {
      "votes": {
        "4": 2
      },
      "initial_weight": 1.0
    },
    "17822.66": {
      "votes": {
        "2": 1,
        "4": 1
      },
      "initial_weight": 0.75
    },
    "17822.124": {
      "votes": {},
      "initial_weight": 0.5
    },
    "17822.67": {
      "votes": {},
      "initial_weight": 0.5
    },
    "17822.114": {
      "votes": {},
      "initial_weight": 0.5
    },
    "17822.128": {
      "votes": {},
      "initial_weight": 0.5
    },
    "17822.130": {
      "votes": {},
      "initial_weight": 0.5
    },
    "17822.40": {
      "votes": {
        "4": 1
      },
      "initial_weight": 1.0
    },
    "17822.126": {
      "votes": {},
      "initial_weight": 0.5
    },
    "17822.12": {
      "votes": {},
      "initial_weight": 0.5
    },
    "17822.11": {
      "votes": {
        "4": 1,
        "1": 1
      },
      "initial_weight": 0.625
    },
    "17822.68": {
      "votes": {},
      "initial_weight": 0.5
    },
    "17822.138": {
      "votes": {},
      "initial_weight": 0.5
    },
    "17822.116": {
      "votes": {
        "0": 1
      },
      "initial_weight": 0.0
    },
    "17822.22": {
      "votes": {
        "4": 1
      },
      "initial_weight": 1.0
    },
    "17822.46": {
      "votes": {
        "4": 1,
        "0": 1
      },
      "initial_weight": 0.5
    },
    "17822.48": {
      "votes": {
        "4": 1
      },
      "initial_weight": 1.0
    },
    "17822.57": {
      "votes": {
        "4": 1
      },
      "initial_weight": 1.0
    },
    "17822.27": {
      "votes": {
        "0": 1
      },
      "initial_weight": 0.0
    },
    "17822.28": {
      "votes": {
        "1": 1
      },
      "initial_weight": 0.25
    },
    "17822.30": {
      "votes": {
        "4": 1
      },
      "initial_weight": 1.0
    }
  },
  "edges": {
    "17822.1": {
      "successor_id": "17822.0",
      "relation": 0.0
    },
    "17822.2": {
      "successor_id": "17822.1",
      "relation": 1.0
    },
    "17822.3": {
      "successor_id": "17822.1",
      "relation": -1.0
    },
    "17822.4": {
      "successor_id": "17822.1",
      "relation": 1.0
    },
    "17822.6": {
      "successor_id": "17822.1",
      "relation": 1.0
    },
    "17822.7": {
      "successor_id": "17822.1",
      "relation": -1.0
    },
    "17822.8": {
      "successor_id": "17822.1",
      "relation": -1.0
    },
    "17822.9": {
      "successor_id": "17822.1",
      "relation": 1.0
    },
    "17822.41": {
      "successor_id": "17822.1",
      "relation": -1.0
    },
    "17822.63": {
      "successor_id": "17822.1",
      "relation": 1.0
    },
    "17822.36": {
      "successor_id": "17822.2",
      "relation": -1.0
    },
    "17822.118": {
      "successor_id": "17822.2",
      "relation": 1.0
    },
    "17822.33": {
      "successor_id": "17822.3",
      "relation": 1.0
    },
    "17822.19": {
      "successor_id": "17822.3",
      "relation": -1.0
    },
    "17822.136": {
      "successor_id": "17822.3",
      "relation": -1.0
    },
    "17822.29": {
      "successor_id": "17822.4",
      "relation": 1.0
    },
    "17822.35": {
      "successor_id": "17822.4",
      "relation": 1.0
    },
    "17822.59": {
      "successor_id": "17822.4",
      "relation": 1.0
    },
    "17822.122": {
      "successor_id": "17822.4",
      "relation": -1.0
    },
    "17822.21": {
      "successor_id": "17822.4",
      "relation": -1.0
    },
    "17822.13": {
      "successor_id": "17822.4",
      "relation": -1.0
    },
    "17822.14": {
      "successor_id": "17822.6",
      "relation": 1.0
    },
    "17822.20": {
      "successor_id": "17822.6",
      "relation": 1.0
    },
    "17822.15": {
      "successor_id": "17822.7",
      "relation": -1.0
    },
    "17822.24": {
      "successor_id": "17822.7",
      "relation": -1.0
    },
    "17822.34": {
      "successor_id": "17822.7",
      "relation": 1.0
    },
    "17822.134": {
      "successor_id": "17822.7",
      "relation": -1.0
    },
    "17822.23": {
      "successor_id": "17822.34",
      "relation": -1.0
    },
    "17822.55": {
      "successor_id": "17822.8",
      "relation": 1.0
    },
    "17822.56": {
      "successor_id": "17822.8",
      "relation": 1.0
    },
    "17822.26": {
      "successor_id": "17822.9",
      "relation": -1.0
    },
    "17822.120": {
      "successor_id": "17822.9",
      "relation": 1.0
    },
    "17822.132": {
      "successor_id": "17822.9",