{
  "nodes": {
    "18047.0": {
      "votes": {},
      "initial_weight": 0.5
    },
    "18047.1": {
      "votes": {
        "0": 1,
        "1": 1,
        "2": 1,
        "3": 1
      },
      "initial_weight": 0.375
    },
    "18047.2": {
      "votes": {
        "3": 1,
        "2": 2,
        "4": 1
      },
      "initial_weight": 0.6875
    },
    "18047.4": {
      "votes": {
        "3": 2,
        "4": 1,
        "2": 1
      },
      "initial_weight": 0.75
    },
    "18047.32": {
      "votes": {
        "4": 3,
        "2": 1
      },
      "initial_weight": 0.875
    },
    "18047.15": {
      "votes": {
        "2": 1,
        "1": 1,
        "0": 1,
        "4": 1
      },
      "initial_weight": 0.4375
    },
    "18047.16": {
      "votes": {
        "2": 1,
        "3": 3,
        "1": 1
      },
      "initial_weight": 0.6
    },
    "18047.23": {
      "votes": {
        "3": 2,
        "4": 2,
        "0": 1
      },
      "initial_weight": 0.7
    },
    "18047.27": {
      "votes": {
        "4": 1,
        "1": 1,
        "3": 1
      },
      "initial_weight": 0.6666666666666666
    },
    "18047.36": {
      "votes": {
        "2": 1,
        "1": 1,
        "3": 1,
        "4": 1
      },
      "initial_weight": 0.625
    },
    "18047.45": {
      "votes": {
        "2": 1,
        "0": 1,
        "3": 1
      },
      "initial_weight": 0.4166666666666667
    },
    "18047.62": {
      "votes": {},
      "initial_weight": 0.5
    },
    "18047.7": {
      "votes": {
        "3": 3,
        "4": 1
      },
      "initial_weight": 0.8125
    },
    "18047.8": {
      "votes": {
        "1": 2,
        "2": 2
      },
      "initial_weight": 0.375
    },
    "18047.9": {
      "votes": {
        "2": 1,
        "0": 1,
        "4": 3
      },
      "initial_weight": 0.7
    },
    "18047.10": {
      "votes": {
        "3": 4,
        "0": 1
      },
      "initial_weight": 0.6
    },
    "18047.11": {
      "votes": {
        "3": 4,
        "1": 1
      },
      "initial_weight": 0.65
    },
    "18047.12": {
      "votes": {
        "0": 1,
        "1": 4
      },
      "initial_weight": 0.2
    },
    "18047.35": {
      "votes": {
        "3": 2,
        "1": 1
      },
      "initial_weight": 0.5833333333333334
    },
    "18047.5": {
      "votes": {
        "2": 1,
        "1": 1,
        "4": 1,
        "3": 2
      },
      "initial_weight": 0.65
    },
    "18047.6": {
      "votes": {
        "4": 2,
        "3": 2,
        "2": 1
      },
      "initial_weight": 0.8
    },
    "18047.33": {
      "votes": {
        "0": 1,
        "3": 2
      },
      "initial_weight": 0.5
    },
    "18047.34": {
      "votes": {
        "3": 3,
        "4": 1
      },
      "initial_weight": 0.8125
    },
    "18047.41": {
      "votes": {
        "2": 1,
        "1": 1,
        "3": 1
      },
      "initial_weight": 0.5
    },
    "18047.48": {
      "votes": {
        "3": 1,
        "2": 1
      },
      "initial_weight": 0.625
    },
    "18047.21": {
      "votes": {
        "2": 1,
        "1": 1,
        "0": 1,
        "3": 1
      },
      "initial_weight": 0.375
    },
    "18047.37": {
      "votes": {
        "3": 2,
        "1": 1,
        "0": 1
      },
      "initial_weight": 0.4375
    },
    "18047.40": {
      "votes": {
        "1": 2,
        "4": 1
      },
      "initial_weight": 0.5
    },
    "18047.47": {
      "votes": {
        "2": 2
      },
      "initial_weight": 0.5
    },
    "18047.39": {
      "votes": {
        "2": 2,
        "1": 1
      },
      "initial_weight": 0.4166666666666667
    },
    "18047.54": {
      "votes": {
        "3": 1
      },
      "initial_weight": 0.75
    },
    "18047.42": {
      "votes": {
        "0": 2,
        "1": 1
      },
      "initial_weight": 0.08333333333333333
    },
    "18047.17": {
      "votes": {
        "2": 1,
        "3": 1,
        "0": 1,
        "1": 1
      },
      "initial_weight": 0.375
    },
    "18047.29": {
      "votes": {
        "4": 1,
        "2": 1,
        "1": 2
      },
      "initial_weight": 0.5
    },
    "18047.18": {
      "votes": {
        "0": 1,
        "3": 1,
        "1": 2
      },
      "initial_weight": 0.3125
    },
    "18047.44": {
      "votes": {
        "3": 1,
        "1": 1,
        "4": 1
      },
      "initial_weight": 0.6666666666666666
    },
    "18047.50": {
      "votes": {
        "1": 1,
        "3": 1
      },
      "initial_weight": 0.5
    },
    "18047.49": {
      "votes": {
        "3": 2,
        "1": 1,
        "2": 1
      },
      "initial_weight": 0.5625
    },
    "18047.51": {
      "votes": {
        "1": 1,
        "4": 1
      },
      "initial_weight": 0.625
    },
    "18047.22": {
      "votes": {
        "3": 1,
        "0": 1
      },
      "initial_weight": 0.375
    },
    "18047.24": {
      "votes": {
        "0": 1,
        "2": 1
      },
      "initial_weight": 0.25
    },
    "18047.38": {
      "votes": {
        "3": 1,
        "4": 1
      },
      "initial_weight": 0.875
    },
    "18047.46": {
      "votes": {
        "3": 2,
        "4": 1
      },
      "initial_weight": 0.8333333333333334
    },
    "18047.55": {
      "votes": {},
      "initial_weight": 0.5
    },
    "18047.56": {
      "votes": {},
      "initial_weight": 0.5
    },
    "18047.19": {
      "votes": {
        "1": 1,
        "3": 1,
        "4": 1
      },
      "initial_weight": 0.6666666666666666
    },
    "18047.25": {
      "votes": {
        "0": 1,
        "3": 1
      },
      "initial_weight": 0.375
    },
    "18047.43": {
      "votes": {
        "4": 2,
        "0": 1
      },
      "initial_weight": 0.6666666666666666
    },
    "18047.58": {
      "votes": {
        "3": 1,
        "1": 1
      },
      "initial_weight": 0.5
    },
    "18047.61": {
      "votes": {
        "2": 1
      },
      "initial_weight": 0.5
    },
    "18047.20": {
      "votes": {
        "0": 1,
        "3": 1,
        "2": 1
      },
      "initial_weight": 0.4166666666666667
    },
    "18047.59": {
      "votes": {},
      "initial_weight": 0.5
    },
    "18047.30": {
      "votes": {},
      "initial_weight": 0.5
    },
    "18047.31": {
      "votes": {},
      "initial_weight": 0.5
    }
  },
  "edges": {
    "18047.1": {
      "successor_id": "18047.0",
      "relation": 0.0
    },
    "18047.2": {
      "successor_id": "18047.0",
      "relation": 0.0
    },
    "18047.4": {
      "successor_id": "18047.0",
      "relation": 0.0
    },
    "18047.32": {
      "successor_id": "18047.0",
      "relation": 0.0
    },
    "18047.15": {
      "successor_id": "18047.1",
      "relation": 1.0
    },
    "18047.16": {
      "successor_id": "18047.1",
      "relation": -1.0
    },
    "18047.23": {
      "successor_id": "18047.1",
      "relation": -1.0
    },
    "18047.27": {
      "successor_id": "18047.1",
      "relation": -1.0
    },
    "18047.36": {
      "successor_id": "18047.1",
      "relation": -1.0
    },
    "18047.45": {
      "successor_id": "18047.1",
      "relation": 1.0
    },
    "18047.62": {
      "successor_id": "18047.1",
      "relation": 1.0
    },
    "18047.7": {
      "successor_id": "18047.2",
      "relation": 1.0
    },
    "18047.8": {
      "successor_id": "18047.2",
      "relation": -1.0
    },
    "18047.9": {
      "successor_id": "18047.2",
      "relation": -1.0
    },
    "18047.10": {
      "successor_id": "18047.2",
      "relation": 1.0
    },
    "18047.11": {
      "successor_id": "18047.2",
      "relation": 1.0
    },
    "18047.12": {
      "successor_id": "18047.2",
      "relation": -1.0
    },
    "18047.35": {
      "successor_id": "18047.2",
      "relation": -1.0
    },
    "18047.5": {
      "successor_id": "18047.4",
      "relation": 1.0
    },
    "18047.6": {
      "successor_id": "18047.4",
      "relation": -1.0
    },
    "18047.33": {
      "successor_id": "18047.32",
      "relation": 1.0
    },