{
  "nodes": {
    "18637.0": {
      "votes": {},
      "initial_weight": 0.5
    },
    "18637.1": {
      "votes": {
        "3": 1,
        "4": 10,
        "0": 3,
        "2": 1
      },
      "initial_weight": 0.75
    },
    "18637.2": {
      "votes": {
        "0": 6,
        "3": 3,
        "2": 2
      },
      "initial_weight": 0.29545454545454547
    },
    "18637.3": {
      "votes": {
        "0": 5,
        "4": 3,
        "3": 1
      },
      "initial_weight": 0.4166666666666667
    },
    "18637.4": {
      "votes": {
        "2": 1,
        "0": 3,
        "4": 8,
        "3": 2
      },
      "initial_weight": 0.7142857142857143
    },
    "18637.6": {
      "votes": {
        "4": 7,
        "0": 6,
        "2": 1,
        "1": 2
      },
      "initial_weight": 0.5
    },
    "18637.9": {
      "votes": {
        "0": 3,
        "4": 9,
        "3": 3
      },
      "initial_weight": 0.75
    },
    "18637.35": {
      "votes": {
        "4": 5,
        "0": 1,
        "3": 1,
        "2": 1,
        "1": 1
      },
      "initial_weight": 0.7222222222222222
    },
    "18637.36": {
      "votes": {
        "1": 1,
        "3": 1,
        "4": 5,
        "0": 2
      },
      "initial_weight": 0.6666666666666666
    },
    "18637.38": {
      "votes": {
        "4": 2,
        "0": 1,
        "3": 1,
        "2": 1
      },
      "initial_weight": 0.65
    },
    "18637.50": {
      "votes": {
        "4": 2,
        "0": 1,
        "3": 1,
        "2": 1
      },
      "initial_weight": 0.65
    },
    "18637.174": {
      "votes": {
        "3": 1,
        "4": 1
      },
      "initial_weight": 0.875
    },
    "18637.158": {
      "votes": {},
      "initial_weight": 0.5
    },
    "18637.77": {
      "votes": {},
      "initial_weight": 0.5
    },
    "18637.5": {
      "votes": {
        "4": 1,
        "0": 1
      },
      "initial_weight": 0.5
    },
    "18637.28": {
      "votes": {},
      "initial_weight": 0.5
    },
    "18637.172": {
      "votes": {},
      "initial_weight": 0.5
    },
    "18637.11": {
      "votes": {
        "0": 1
      },
      "initial_weight": 0.0
    },
    "18637.14": {
      "votes": {
        "2": 1
      },
      "initial_weight": 0.5
    },
    "18637.45": {
      "votes": {
        "4": 1
      },
      "initial_weight": 1.0
    },
    "18637.52": {
      "votes": {},
      "initial_weight": 0.5
    },
    "18637.67": {
      "votes": {},
      "initial_weight": 0.5
    },
    "18637.83": {
      "votes": {},
      "initial_weight": 0.5
    },
    "18637.12": {
      "votes": {
        "4": 5
      },
      "initial_weight": 1.0
    },
    "18637.20": {
      "votes": {
        "4": 1,
        "3": 2
      },
      "initial_weight": 0.8333333333333334
    },
    "18637.61": {
      "votes": {
        "3": 1
      },
      "initial_weight": 0.75
    },
    "18637.10": {
      "votes": {},
      "initial_weight": 0.5
    },
    "18637.13": {
      "votes": {
        "4": 2,
        "0": 1
      },
      "initial_weight": 0.6666666666666666
    },
    "18637.23": {
      "votes": {
        "4": 1
      },
      "initial_weight": 1.0
    },
    "18637.24": {
      "votes": {
        "2": 1
      },
      "initial_weight": 0.5
    },
    "18637.62": {
      "votes": {},
      "initial_weight": 0.5
    },
    "18637.75": {
      "votes": {},
      "initial_weight": 0.5
    },
    "18637.26": {
      "votes": {
        "0": 1
      },
      "initial_weight": 0.0
    },
    "18637.44": {
      "votes": {},
      "initial_weight": 0.5
    },
    "18637.176": {
      "votes": {},
      "initial_weight": 0.5
    },
    "18637.212": {
      "votes": {},
      "initial_weight": 0.5
    },
    "18637.37": {
      "votes": {
        "4": 1,
        "0": 1
      },
      "initial_weight": 0.5
    },
    "18637.74": {
      "votes": {},
      "initial_weight": 0.5
    },
    "18637.80": {
      "votes": {},
      "initial_weight": 0.5
    },
    "18637.164": {
      "votes": {},
      "initial_weight": 0.5
    },
    "18637.53": {
      "votes": {},
      "initial_weight": 0.5
    },
    "18637.54": {
      "votes": {},
      "initial_weight": 0.5
    },
    "18637.73": {
      "votes": {},
      "initial_weight": 0.5
    },
    "18637.154": {
      "votes": {},
      "initial_weight": 0.5
    },
    "18637.56": {
      "votes": {},
      "initial_weight": 0.5
    },
    "18637.186": {
      "votes": {},
      "initial_weight": 0.5
    },
    "18637.160": {
      "votes": {
        "3": 1
      },
      "initial_weight": 0.75
    },
    "18637.162": {
      "votes": {
        "4": 1
      },
      "initial_weight": 1.0
    },
    "18637.208": {
      "votes": {},
      "initial_weight": 0.5
    },
    "18637.220": {
      "votes": {},
      "initial_weight": 0.5
    },
    "18637.198": {
      "votes": {},
      "initial_weight": 0.5
    },
    "18637.200": {
      "votes": {},
      "initial_weight": 0.5
    },
    "18637.19": {
      "votes": {
        "4": 1
      },
      "initial_weight": 1.0
    },
    "18637.178": {
      "votes": {},
      "initial_weight": 0.5
    },
    "18637.29": {
      "votes": {},
      "initial_weight": 0.5
    },
    "18637.31": {
      "votes": {},
      "initial_weight": 0.5
    },
    "18637.51": {
      "votes": {},
      "initial_weight": 0.5
    },
    "18637.58": {
      "votes": {
        "4": 1
      },
      "initial_weight": 1.0
    },
    "18637.15": {
      "votes": {},
      "initial_weight": 0.5
    },
    "18637.41": {
      "votes": {},
      "initial_weight": 0.5
    },
    "18637.59": {
      "votes": {},
      "initial_weight": 0.5
    },
    "18637.22": {
      "votes": {
        "3": 1
      },
      "initial_weight": 0.75
    },
    "18637.25": {
      "votes": {},
      "initial_weight": 0.5
    },
    "18637.55": {
      "votes": {},
      "initial_weight": 0.5
    },
    "18637.68": {
      "votes": {},
      "initial_weight": 0.5
    },
    "18637.43": {
      "votes": {},
      "initial_weight": 0.5
    },
    "18637.81": {
      "votes": {
        "4": 1
      },
      "initial_weight": 1.0
    },
    "18637.82": {
      "votes": {},
      "initial_weight": 0.5
    },
    "18637.184": {
      "votes": {},
      "initial_weight": 0.5
    },
    "18637.60": {
      "votes": {},
      "initial_weight": 0.5
    },
    "18637.156": {
      "votes": {},
      "initial_weight": 0.5
    },
    "18637.210": {
      "votes": {},
      "initial_weight": 0.5
    },
    "18637.57": {
      "votes": {},
      "initial_weight": 0.5
    },
    "18637.79": {
      "votes": {},
      "initial_weight": 0.5
    }
  },
  "edges": {
    "18637.1": {
      "successor_id": "18637.0",
      "relation": 0.0
    },
    "18637.2": {
      "successor_id": "18637.1",
      "relation": -1.0
    },
    "18637.3": {
      "successor_id": "18637.1",
      "relation": 1.0
    },
    "18637.4": {
      "successor_id": "18637.1",
      "relation": 1.0
    },
    "18637.6": {
      "successor_id": "18637.1",
      "relation": -1.0
    },
    "18637.9": {
      "successor_id": "18637.1",
      "relation": 1.0
    },
    "18637.35": {
      "successor_id": "18637.1",
      "relation": 1.0
    },
    "18637.36": {
      "successor_id": "18637.1",
      "relation": -1.0
    },
    "18637.38": {
      "successor_id": "18637.1",
      "relation": 1.0
    },
    "18637.50": {
      "successor_id": "18637.1",
      "relation": 1.0
    },
    "18637.174": {
      "successor_id": "18637.1",
      "relation": -1.0
    },
    "18637.158": {
      "successor_id": "18637.1",
      "relation": 1.0
    },
    "18637.77": {
      "successor_id": "18637.1",
      "relation": 1.0
    },
    "18637.5": {
      "successor_id": "18637.2",
      "relation": -1.0
    },
    "18637.28": {
      "successor_id": "18637.2",
      "relation": -1.0
    },
    "18637.172": {
      "successor_id": "18637.2",
      "relation": -1.0
    },
    "18637.11": {
      "successor_id": "18637.3",