{
  "nodes": {
    "19383.0": {
      "votes": {},
      "initial_weight": 0.5
    },
    "19383.1": {
      "votes": {
        "0": 1,
        "3": 2,
        "1": 2
      },
      "initial_weight": 0.4
    },
    "19383.2": {
      "votes": {
        "4": 1,
        "0": 1
      },
      "initial_weight": 0.5
    },
    "19383.4": {
      "votes": {
        "4": 3,
        "3": 1,
        "1": 2
      },
      "initial_weight": 0.7083333333333334
    },
    "19383.5": {
      "votes": {
        "4": 1
      },
      "initial_weight": 1.0
    },
    "19383.6": {
      "votes": {
        "4": 1,
        "0": 1,
        "1": 1
      },
      "initial_weight": 0.4166666666666667
    },
    "19383.7": {
      "votes": {
        "0": 2,
        "4": 1
      },
      "initial_weight": 0.3333333333333333
    },
    "19383.8": {
      "votes": {
        "0": 1,
        "1": 2,
        "3": 1
      },
      "initial_weight": 0.3125
    },
    "19383.9": {
      "votes": {
        "2": 1,
        "1": 1
      },
      "initial_weight": 0.375
    },
    "19383.10": {
      "votes": {
        "3": 1,
        "0": 1
      },
      "initial_weight": 0.375
    },
    "19383.11": {
      "votes": {},
      "initial_weight": 0.5
    },
    "19383.16": {
      "votes": {
        "0": 2
      },
      "initial_weight": 0.0
    },
    "19383.19": {
      "votes": {
        "1": 2,
        "4": 1
      },
      "initial_weight": 0.5
    },
    "19383.30": {
      "votes": {
        "0": 1,
        "3": 1,
        "1": 1
      },
      "initial_weight": 0.3333333333333333
    },
    "19383.36": {
      "votes": {
        "4": 1
      },
      "initial_weight": 1.0
    },
    "19383.55": {
      "votes": {
        "0": 1,
        "2": 1
      },
      "initial_weight": 0.25
    },
    "19383.63": {
      "votes": {
        "1": 1
      },
      "initial_weight": 0.25
    },
    "19383.28": {
      "votes": {
        "0": 1
      },
      "initial_weight": 0.0
    },
    "19383.189": {
      "votes": {},
      "initial_weight": 0.5
    },
    "19383.15": {
      "votes": {
        "2": 1,
        "4": 1
      },
      "initial_weight": 0.75
    },
    "19383.21": {
      "votes": {
        "2": 1
      },
      "initial_weight": 0.5
    },
    "19383.3": {
      "votes": {
        "4": 1
      },
      "initial_weight": 1.0
    },
    "19383.89": {
      "votes": {
        "4": 1
      },
      "initial_weight": 1.0
    },
    "19383.160": {
      "votes": {
        "4": 1
      },
      "initial_weight": 1.0
    },
    "19383.181": {
      "votes": {},
      "initial_weight": 0.5
    },
    "19383.187": {
      "votes": {},
      "initial_weight": 0.5
    },
    "19383.20": {
      "votes": {},
      "initial_weight": 0.5
    },
    "19383.80": {
      "votes": {},
      "initial_weight": 0.5
    },
    "19383.40": {
      "votes": {
        "4": 1
      },
      "initial_weight": 1.0
    },
    "19383.41": {
      "votes": {
        "0": 1
      },
      "initial_weight": 0.0
    },
    "19383.60": {
      "votes": {
        "1": 1
      },
      "initial_weight": 0.25
    },
    "19383.77": {
      "votes": {},
      "initial_weight": 0.5
    },
    "19383.83": {
      "votes": {},
      "initial_weight": 0.5
    },
    "19383.179": {
      "votes": {},
      "initial_weight": 0.5
    },
    "19383.183": {
      "votes": {},
      "initial_weight": 0.5
    },
    "19383.48": {
      "votes": {},
      "initial_weight": 0.5
    },
    "19383.54": {
      "votes": {
        "4": 1
      },
      "initial_weight": 1.0
    },
    "19383.57": {
      "votes": {},
      "initial_weight": 0.5
    },
    "19383.46": {
      "votes": {
        "0": 1
      },
      "initial_weight": 0.0
    },
    "19383.47": {
      "votes": {
        "2": 1
      },
      "initial_weight": 0.5
    },
    "19383.12": {
      "votes": {
        "3": 1,
        "4": 1
      },
      "initial_weight": 0.875
    },
    "19383.14": {
      "votes": {
        "2": 1,
        "4": 1
      },
      "initial_weight": 0.75
    },
    "19383.88": {
      "votes": {},
      "initial_weight": 0.5
    },
    "19383.18": {
      "votes": {},
      "initial_weight": 0.5
    },
    "19383.66": {
      "votes": {},
      "initial_weight": 0.5
    },
    "19383.163": {
      "votes": {},
      "initial_weight": 0.5
    },
    "19383.203": {
      "votes": {},
      "initial_weight": 0.5
    },
    "19383.68": {
      "votes": {
        "4": 1
      },
      "initial_weight": 1.0
    },
    "19383.69": {
      "votes": {},
      "initial_weight": 0.5
    },
    "19383.169": {
      "votes": {
        "4": 1
      },
      "initial_weight": 1.0
    },
    "19383.67": {
      "votes": {},
      "initial_weight": 0.5
    },
    "19383.207": {
      "votes": {
        "4": 1
      },
      "initial_weight": 1.0
    },
    "19383.220": {
      "votes": {},
      "initial_weight": 0.5
    },
    "19383.38": {
      "votes": {
        "4": 1
      },
      "initial_weight": 1.0
    },
    "19383.29": {
      "votes": {
        "0": 1
      },
      "initial_weight": 0.0
    },
    "19383.59": {
      "votes": {},
      "initial_weight": 0.5
    },
    "19383.65": {
      "votes": {},
      "initial_weight": 0.5
    },
    "19383.201": {
      "votes": {},
      "initial_weight": 0.5
    },
    "19383.23": {
      "votes": {},
      "initial_weight": 0.5
    },
    "19383.24": {
      "votes": {},
      "initial_weight": 0.5
    },
    "19383.26": {
      "votes": {},
      "initial_weight": 0.5
    },
    "19383.90": {
      "votes": {},
      "initial_weight": 0.5
    },
    "19383.212": {
      "votes": {},
      "initial_weight": 0.5
    },
    "19383.191": {
      "votes": {},
      "initial_weight": 0.5
    },
    "19383.193": {
      "votes": {},
      "initial_weight": 0.5
    },
    "19383.61": {
      "votes": {},
      "initial_weight": 0.5
    },
    "19383.81": {
      "votes": {
        "4": 1
      },
      "initial_weight": 1.0
    },
    "19383.218": {
      "votes": {},
      "initial_weight": 0.5
    },
    "19383.64": {
      "votes": {},
      "initial_weight": 0.5
    },
    "19383.39": {
      "votes": {},
      "initial_weight": 0.5
    },
    "19383.185": {
      "votes": {},
      "initial_weight": 0.5
    },
    "19383.205": {
      "votes": {},
      "initial_weight": 0.5
    },
    "19383.173": {
      "votes": {},
      "initial_weight": 0.5
    },
    "19383.216": {
      "votes": {},
      "initial_weight": 0.5
    },
    "19383.70": {
      "votes": {},
      "initial_weight": 0.5
    },
    "19383.71": {
      "votes": {},
      "initial_weight": 0.5
    },
    "19383.74": {
      "votes": {},
      "initial_weight": 0.5
    },
    "19383.75": {
      "votes": {},
      "initial_weight": 0.5
    },
    "19383.199": {
      "votes": {},
      "initial_weight": 0.5
    },
    "19383.25": {
      "votes": {},
      "initial_weight": 0.5
    },
    "19383.197": {
      "votes": {},
      "initial_weight": 0.5
    },
    "19383.195": {
      "votes": {},
      "initial_weight": 0.5
    },
    "19383.62": {
      "votes": {},
      "initial_weight": 0.5
    },
    "19383.175": {
      "votes": {},
      "initial_weight": 0.5
    },
    "19383.214": {
      "votes": {},
      "initial_weight": 0.5
    },
    "19383.222": {
      "votes": {},
      "initial_weight": 0.5
    },
    "19383.72": {
      "votes": {},
      "initial_weight": 0.5
    },
    "19383.73": {
      "votes": {},
      "initial_weight": 0.5
    },
    "19383.76": {
      "votes": {},
      "initial_weight": 0.5
    },
    "19383.210": {
      "votes": {},
      "initial_weight": 0.5
    }
  },
  "edges": {
    "19383.1": {
      "successor_id": "19383.0",
      "relation": 0.0
    },
    "19383.2": {
      "successor_id": "19383.1",
      "relation": -1.0
    },
    "19383.4": {
      "successor_id": "19383.1",
      "relation": 1.0
    },
    "19383.5": {
      "successor_id": "19383.68",
      "relation": 1.0
    },