{
  "nodes": {
    "21692.0": {
      "votes": {},
      "initial_weight": 0.5
    },
    "21692.1": {
      "votes": {
        "0": 9,
        "2": 2,
        "1": 2,
        "3": 1,
        "4": 2
      },
      "initial_weight": 0.265625
    },
    "21692.2": {
      "votes": {
        "4": 5,
        "0": 2,
        "3": 2,
        "2": 1,
        "1": 3
      },
      "initial_weight": 0.5961538461538461
    },
    "21692.3": {
      "votes": {
        "4": 6,
        "0": 3,
        "3": 2,
        "1": 1
      },
      "initial_weight": 0.6458333333333334
    },
    "21692.8": {
      "votes": {
        "4": 2,
        "1": 2,
        "2": 1,
        "0": 3
      },
      "initial_weight": 0.375
    },
    "21692.10": {
      "votes": {
        "4": 7,
        "0": 3,
        "2": 1,
        "3": 2
      },
      "initial_weight": 0.6923076923076923
    },
    "21692.11": {
      "votes": {
        "4": 9,
        "3": 1,
        "1": 2,
        "2": 1,
        "0": 2
      },
      "initial_weight": 0.7166666666666667
    },
    "21692.130": {
      "votes": {
        "4": 9,
        "0": 2,
        "3": 2
      },
      "initial_weight": 0.8076923076923077
    },
    "21692.263": {
      "votes": {
        "0": 1,
        "3": 1,
        "2": 1
      },
      "initial_weight": 0.4166666666666667
    },
    "21692.18": {
      "votes": {
        "1": 1,
        "2": 1,
        "4": 1
      },
      "initial_weight": 0.5833333333333334
    },
    "21692.77": {
      "votes": {
        "4": 1,
        "0": 1,
        "1": 1
      },
      "initial_weight": 0.4166666666666667
    },
    "21692.91": {
      "votes": {
        "0": 2,
        "4": 2,
        "1": 1
      },
      "initial_weight": 0.45
    },
    "21692.7": {
      "votes": {
        "2": 1,
        "0": 2,
        "4": 3
      },
      "initial_weight": 0.5833333333333334
    },
    "21692.4": {
      "votes": {},
      "initial_weight": 0.5
    },
    "21692.81": {
      "votes": {
        "2": 1,
        "4": 1,
        "0": 1
      },
      "initial_weight": 0.5
    },
    "21692.280": {
      "votes": {},
      "initial_weight": 0.5
    },
    "21692.65": {
      "votes": {
        "0": 2,
        "4": 1
      },
      "initial_weight": 0.3333333333333333
    },
    "21692.67": {
      "votes": {
        "2": 1,
        "4": 2
      },
      "initial_weight": 0.8333333333333334
    },
    "21692.73": {
      "votes": {
        "4": 1,
        "1": 1
      },
      "initial_weight": 0.625
    },
    "21692.202": {
      "votes": {},
      "initial_weight": 0.5
    },
    "21692.9": {
      "votes": {},
      "initial_weight": 0.5
    },
    "21692.12": {
      "votes": {
        "3": 2,
        "1": 1
      },
      "initial_weight": 0.5833333333333334
    },
    "21692.13": {
      "votes": {
        "1": 1
      },
      "initial_weight": 0.25
    },
    "21692.23": {
      "votes": {
        "3": 1,
        "2": 1
      },
      "initial_weight": 0.625
    },
    "21692.112": {
      "votes": {},
      "initial_weight": 0.5
    },
    "21692.14": {
      "votes": {
        "1": 1,
        "0": 1,
        "4": 1,
        "3": 1
      },
      "initial_weight": 0.5
    },
    "21692.19": {
      "votes": {
        "1": 1,
        "0": 1,
        "4": 2
      },
      "initial_weight": 0.5625
    },
    "21692.24": {
      "votes": {
        "2": 1,
        "1": 1,
        "3": 1,
        "4": 2
      },
      "initial_weight": 0.7
    },
    "21692.61": {
      "votes": {
        "4": 1,
        "0": 1,
        "2": 2
      },
      "initial_weight": 0.5
    },
    "21692.194": {
      "votes": {},
      "initial_weight": 0.5
    },
    "21692.142": {
      "votes": {},
      "initial_weight": 0.5
    },
    "21692.304": {
      "votes": {},
      "initial_weight": 0.5
    },
    "21692.132": {
      "votes": {
        "2": 1,
        "0": 1,
        "4": 1
      },
      "initial_weight": 0.5
    },
    "21692.138": {
      "votes": {
        "3": 2,
        "4": 2
      },
      "initial_weight": 0.875
    },
    "21692.173": {
      "votes": {
        "2": 1
      },
      "initial_weight": 0.5
    },
    "21692.118": {
      "votes": {},
      "initial_weight": 0.5
    },
    "21692.186": {
      "votes": {
        "4": 1,
        "0": 1
      },
      "initial_weight": 0.5
    },
    "21692.288": {
      "votes": {},
      "initial_weight": 0.5
    },
    "21692.5": {
      "votes": {},
      "initial_weight": 0.5
    },
    "21692.79": {
      "votes": {
        "2": 1
      },
      "initial_weight": 0.5
    },
    "21692.95": {
      "votes": {
        "3": 2,
        "4": 1
      },
      "initial_weight": 0.8333333333333334
    },
    "21692.17": {
      "votes": {
        "2": 1,
        "0": 1,
        "4": 1
      },
      "initial_weight": 0.5
    },
    "21692.15": {
      "votes": {
        "4": 1,
        "0": 1,
        "3": 2
      },
      "initial_weight": 0.625
    },
    "21692.100": {
      "votes": {},
      "initial_weight": 0.5
    },
    "21692.83": {
      "votes": {
        "2": 1
      },
      "initial_weight": 0.5
    },
    "21692.310": {
      "votes": {},
      "initial_weight": 0.5
    },
    "21692.69": {
      "votes": {
        "0": 1,
        "3": 1
      },
      "initial_weight": 0.375
    },
    "21692.71": {
      "votes": {
        "1": 1,
        "0": 1
      },
      "initial_weight": 0.125
    },
    "21692.227": {
      "votes": {},
      "initial_weight": 0.5
    },
    "21692.75": {
      "votes": {
        "1": 1,
        "0": 1
      },
      "initial_weight": 0.125
    },
    "21692.208": {
      "votes": {},
      "initial_weight": 0.5
    },
    "21692.25": {
      "votes": {
        "1": 1
      },
      "initial_weight": 0.25
    },
    "21692.290": {
      "votes": {},
      "initial_weight": 0.5
    },
    "21692.162": {
      "votes": {},
      "initial_weight": 0.5
    },
    "21692.292": {
      "votes": {},
      "initial_weight": 0.5
    },
    "21692.27": {
      "votes": {
        "1": 1,
        "0": 1
      },
      "initial_weight": 0.125
    },
    "21692.63": {
      "votes": {
        "1": 1,
        "4": 1
      },
      "initial_weight": 0.625
    },
    "21692.144": {
      "votes": {
        "4": 1
      },
      "initial_weight": 1.0
    },
    "21692.146": {
      "votes": {},
      "initial_weight": 0.5
    },
    "21692.148": {
      "votes": {},
      "initial_weight": 0.5
    },
    "21692.190": {
      "votes": {
        "4": 1
      },
      "initial_weight": 1.0
    },
    "21692.272": {
      "votes": {},
      "initial_weight": 0.5
    },
    "21692.150": {
      "votes": {
        "4": 1
      },
      "initial_weight": 1.0
    },
    "21692.270": {
      "votes": {
        "3": 1
      },
      "initial_weight": 0.75
    },
    "21692.210": {
      "votes": {},
      "initial_weight": 0.5
    },
    "21692.274": {
      "votes": {},
      "initial_weight": 0.5
    },
    "21692.276": {
      "votes": {},
      "initial_weight": 0.5
    },
    "21692.16": {
      "votes": {
        "0": 3,
        "4": 1,
        "3": 1
      },
      "initial_weight": 0.35
    },
    "21692.85": {
      "votes": {
        "1": 1,
        "4": 1,
        "0": 2
      },
      "initial_weight": 0.3125
    },
    "21692.6": {
      "votes": {
        "1": 1
      },
      "initial_weight": 0.25
    },
    "21692.206": {
      "votes": {},
      "initial_weight": 0.5
    },
    "21692.229": {
      "votes": {},
      "initial_weight": 0.5
    },
    "21692.20": {
      "votes": {
        "3": 1
      },
      "initial_weight": 0.75
    },
    "21692.21": {
      "votes": {
        "3": 1
      },
      "initial_weight": 0.75
    },
    "21692.158": {
      "votes": {},
      "initial_weight": 0.5
    },
    "21692.218": {
      "votes": {},
      "initial_weight": 0.5
    },
    "21692.220": {
      "votes": {},
      "initial_weight": 0.5
    },
    "21692.278": {
      "votes": {},