{
  "nodes": {
    "22691.0": {
      "votes": {},
      "initial_weight": 0.5
    },
    "22691.1": {
      "votes": {
        "2": 1,
        "4": 2
      },
      "initial_weight": 0.8333333333333334
    },
    "22691.2": {
      "votes": {
        "4": 1,
        "2": 1,
        "0": 2
      },
      "initial_weight": 0.375
    },
    "22691.3": {
      "votes": {
        "4": 2,
        "3": 2,
        "2": 1
      },
      "initial_weight": 0.8
    },
    "22691.4": {
      "votes": {
        "3": 2,
        "2": 1,
        "4": 1
      },
      "initial_weight": 0.75
    },
    "22691.5": {
      "votes": {
        "3": 1,
        "2": 2,
        "1": 1,
        "4": 1
      },
      "initial_weight": 0.6
    },
    "22691.6": {
      "votes": {
        "1": 3,
        "2": 1
      },
      "initial_weight": 0.3125
    },
    "22691.7": {
      "votes": {
        "2": 1,
        "4": 2,
        "0": 1,
        "1": 2
      },
      "initial_weight": 0.5
    },
    "22691.8": {
      "votes": {
        "3": 1,
        "4": 1,
        "0": 1
      },
      "initial_weight": 0.5833333333333334
    },
    "22691.10": {
      "votes": {
        "2": 3,
        "0": 1
      },
      "initial_weight": 0.375
    },
    "22691.12": {
      "votes": {
        "2": 2
      },
      "initial_weight": 0.5
    },
    "22691.58": {
      "votes": {},
      "initial_weight": 0.5
    },
    "22691.60": {
      "votes": {},
      "initial_weight": 0.5
    },
    "22691.20": {
      "votes": {
        "3": 1,
        "4": 1
      },
      "initial_weight": 0.875
    },
    "22691.21": {
      "votes": {
        "3": 2
      },
      "initial_weight": 0.75
    },
    "22691.22": {
      "votes": {
        "4": 2
      },
      "initial_weight": 1.0
    },
    "22691.72": {
      "votes": {},
      "initial_weight": 0.5
    },
    "22691.13": {
      "votes": {
        "2": 1,
        "4": 1
      },
      "initial_weight": 0.75
    },
    "22691.17": {
      "votes": {
        "1": 1
      },
      "initial_weight": 0.25
    },
    "22691.18": {
      "votes": {
        "4": 1
      },
      "initial_weight": 1.0
    },
    "22691.23": {
      "votes": {
        "4": 1
      },
      "initial_weight": 1.0
    },
    "22691.9": {
      "votes": {
        "1": 1,
        "2": 1
      },
      "initial_weight": 0.375
    },
    "22691.16": {
      "votes": {
        "2": 1,
        "3": 1
      },
      "initial_weight": 0.625
    },
    "22691.19": {
      "votes": {
        "4": 2
      },
      "initial_weight": 1.0
    },
    "22691.24": {
      "votes": {
        "4": 1
      },
      "initial_weight": 1.0
    },
    "22691.25": {
      "votes": {
        "4": 1
      },
      "initial_weight": 1.0
    },
    "22691.29": {
      "votes": {},
      "initial_weight": 0.5
    },
    "22691.26": {
      "votes": {},
      "initial_weight": 0.5
    },
    "22691.70": {
      "votes": {},
      "initial_weight": 0.5
    },
    "22691.62": {
      "votes": {},
      "initial_weight": 0.5
    },
    "22691.68": {
      "votes": {},
      "initial_weight": 0.5
    },
    "22691.66": {
      "votes": {},
      "initial_weight": 0.5
    }
  },
  "edges": {
    "22691.1": {
      "successor_id": "22691.0",
      "relation": 0.0
    },
    "22691.2": {
      "successor_id": "22691.1",
      "relation": 1.0
    },
    "22691.3": {
      "successor_id": "22691.1",
      "relation": -1.0
    },
    "22691.4": {
      "successor_id": "22691.1",
      "relation": 1.0
    },
    "22691.5": {
      "successor_id": "22691.1",
      "relation": -1.0
    },
    "22691.6": {
      "successor_id": "22691.1",
      "relation": 1.0
    },
    "22691.7": {
      "successor_id": "22691.1",
      "relation": 1.0
    },
    "22691.8": {
      "successor_id": "22691.1",
      "relation": 1.0
    },
    "22691.10": {
      "successor_id": "22691.1",
      "relation": -1.0
    },
    "22691.12": {
      "successor_id": "22691.1",
      "relation": 1.0
    },
    "22691.58": {
      "successor_id": "22691.1",
      "relation": -1.0
    },
    "22691.60": {
      "successor_id": "22691.1",
      "relation": 1.0
    },
    "22691.20": {
      "successor_id": "22691.2",
      "relation": -1.0
    },
    "22691.21": {
      "successor_id": "22691.2",
      "relation": -1.0
    },
    "22691.22": {
      "successor_id": "22691.2",
      "relation": -1.0
    },
    "22691.72": {
      "successor_id": "22691.2",
      "relation": 1.0
    },
    "22691.13": {
      "successor_id": "22691.3",
      "relation": -1.0
    },
    "22691.17": {
      "successor_id": "22691.4",
      "relation": 1.0
    },
    "22691.18": {
      "successor_id": "22691.4",
      "relation": -1.0
    },
    "22691.23": {
      "successor_id": "22691.4",
      "relation": -1.0
    },
    "22691.9": {
      "successor_id": "22691.6",
      "relation": 1.0
    },
    "22691.16": {
      "successor_id": "22691.7",
      "relation": -1.0
    },
    "22691.19": {
      "successor_id": "22691.7",
      "relation": -1.0
    },
    "22691.24": {
      "successor_id": "22691.8",
      "relation": -1.0
    },
    "22691.25": {
      "successor_id": "22691.8",
      "relation": -1.0
    },
    "22691.29": {
      "successor_id": "22691.10",
      "relation": -1.0
    },
    "22691.26": {
      "successor_id": "22691.12",
      "relation": -1.0
    },
    "22691.70": {
      "successor_id": "22691.12",
      "relation": 1.0
    },
    "22691.62": {
      "successor_id": "22691.60",
      "relation": 1.0
    },
    "22691.68": {
      "successor_id": "22691.20",
      "relation": -1.0
    },
    "22691.66": {
      "successor_id": "22691.16",
      "relation": -1.0
    }
  }
}