{
  "nodes": {
    "25295.0": {
      "votes": {},
      "initial_weight": 0.5
    },
    "25295.1": {
      "votes": {
        "2": 2,
        "0": 6,
        "4": 8,
        "3": 1
      },
      "initial_weight": 0.5735294117647058
    },
    "25295.2": {
      "votes": {
        "4": 15,
        "0": 1,
        "2": 2,
        "3": 1
      },
      "initial_weight": 0.881578947368421
    },
    "25295.3": {
      "votes": {
        "3": 2,
        "1": 1,
        "4": 8,
        "0": 2,
        "2": 1
      },
      "initial_weight": 0.7321428571428571
    },
    "25295.5": {
      "votes": {
        "0": 2,
        "1": 2,
        "3": 1,
        "4": 9
      },
      "initial_weight": 0.7321428571428571
    },
    "25295.6": {
      "votes": {
        "2": 2,
        "3": 1,
        "4": 2,
        "0": 5,
        "1": 1
      },
      "initial_weight": 0.36363636363636365
    },
    "25295.12": {
      "votes": {
        "4": 9,
        "3": 2,
        "1": 2,
        "2": 1,
        "0": 3
      },
      "initial_weight": 0.6764705882352942
    },
    "25295.14": {
      "votes": {
        "4": 3,
        "0": 7,
        "3": 1,
        "2": 2,
        "1": 2
      },
      "initial_weight": 0.35
    },
    "25295.18": {
      "votes": {
        "4": 7,
        "0": 4,
        "1": 3,
        "3": 4
      },
      "initial_weight": 0.5972222222222222
    },
    "25295.22": {
      "votes": {
        "0": 4,
        "2": 1,
        "1": 1,
        "3": 3,
        "4": 7
      },
      "initial_weight": 0.625
    },
    "25295.28": {
      "votes": {
        "1": 1,
        "4": 4,
        "0": 1,
        "2": 1
      },
      "initial_weight": 0.6785714285714286
    },
    "25295.30": {
      "votes": {
        "3": 2,
        "0": 2,
        "4": 1
      },
      "initial_weight": 0.5
    },
    "25295.42": {
      "votes": {
        "0": 3
      },
      "initial_weight": 0.0
    },
    "25295.44": {
      "votes": {
        "4": 4,
        "0": 1,
        "1": 1,
        "2": 2
      },
      "initial_weight": 0.65625
    },
    "25295.48": {
      "votes": {
        "3": 2,
        "1": 2,
        "4": 2,
        "0": 1,
        "2": 1
      },
      "initial_weight": 0.5625
    },
    "25295.49": {
      "votes": {
        "4": 5,
        "0": 2,
        "2": 1
      },
      "initial_weight": 0.6875
    },
    "25295.63": {
      "votes": {
        "0": 4,
        "4": 3,
        "2": 1,
        "3": 1
      },
      "initial_weight": 0.4722222222222222
    },
    "25295.64": {
      "votes": {
        "3": 2,
        "4": 1,
        "0": 1,
        "1": 1
      },
      "initial_weight": 0.55
    },
    "25295.68": {
      "votes": {
        "3": 1,
        "2": 1,
        "0": 1,
        "4": 1
      },
      "initial_weight": 0.5625
    },
    "25295.70": {
      "votes": {
        "2": 1,
        "0": 2
      },
      "initial_weight": 0.16666666666666666
    },
    "25295.71": {
      "votes": {
        "4": 3,
        "2": 1,
        "0": 1
      },
      "initial_weight": 0.7
    },
    "25295.75": {
      "votes": {
        "0": 1,
        "3": 1
      },
      "initial_weight": 0.375
    },
    "25295.78": {
      "votes": {
        "3": 2,
        "4": 3,
        "0": 1
      },
      "initial_weight": 0.75
    },
    "25295.82": {
      "votes": {
        "4": 2,
        "2": 1
      },
      "initial_weight": 0.8333333333333334
    },
    "25295.91": {
      "votes": {
        "2": 1,
        "0": 1
      },
      "initial_weight": 0.25
    },
    "25295.93": {
      "votes": {},
      "initial_weight": 0.5
    },
    "25295.101": {
      "votes": {},
      "initial_weight": 0.5
    },
    "25295.8": {
      "votes": {
        "4": 13,
        "0": 2,
        "3": 5,
        "2": 2
      },
      "initial_weight": 0.8068181818181818
    },
    "25295.17": {
      "votes": {
        "4": 5,
        "0": 1,
        "1": 1,
        "2": 1,
        "3": 1
      },
      "initial_weight": 0.7222222222222222
    },
    "25295.62": {
      "votes": {},
      "initial_weight": 0.5
    },
    "25295.65": {
      "votes": {
        "4": 7,
        "2": 1,
        "3": 1
      },
      "initial_weight": 0.9166666666666666
    },
    "25295.81": {
      "votes": {
        "4": 6,
        "2": 1
      },
      "initial_weight": 0.9285714285714286
    },
    "25295.108": {
      "votes": {},
      "initial_weight": 0.5
    },
    "25295.213": {
      "votes": {},
      "initial_weight": 0.5
    },
    "25295.215": {
      "votes": {},
      "initial_weight": 0.5
    },
    "25295.4": {
      "votes": {
        "4": 3,
        "3": 4,
        "2": 1
      },
      "initial_weight": 0.8125
    },
    "25295.73": {
      "votes": {
        "1": 2,
        "2": 1,
        "3": 1,
        "4": 2
      },
      "initial_weight": 0.625
    },
    "25295.46": {
      "votes": {
        "4": 2,
        "0": 1,
        "1": 3,
        "2": 2
      },
      "initial_weight": 0.46875
    },
    "25295.77": {
      "votes": {
        "3": 1,
        "4": 2,
        "2": 2
      },
      "initial_weight": 0.75
    },
    "25295.9": {
      "votes": {
        "1": 1,
        "3": 1,
        "4": 2,
        "0": 1,
        "2": 3
      },
      "initial_weight": 0.5625
    },
    "25295.10": {
      "votes": {
        "4": 4,
        "3": 1,
        "1": 1,
        "2": 2
      },
      "initial_weight": 0.75
    },
    "25295.19": {
      "votes": {
        "3": 2,
        "2": 1,
        "0": 1,
        "4": 3
      },
      "initial_weight": 0.7142857142857143
    },
    "25295.21": {
      "votes": {
        "4": 3,
        "3": 1,
        "1": 2,
        "2": 3
      },
      "initial_weight": 0.6388888888888888
    },
    "25295.74": {
      "votes": {
        "2": 2,
        "4": 1,
        "0": 2
      },
      "initial_weight": 0.4
    },
    "25295.26": {
      "votes": {
        "4": 2,
        "3": 2,
        "2": 1,
        "1": 2
      },
      "initial_weight": 0.6428571428571429
    },
    "25295.27": {
      "votes": {
        "4": 3,
        "2": 2,
        "1": 2
      },
      "initial_weight": 0.6428571428571429
    },
    "25295.35": {
      "votes": {
        "4": 2,
        "3": 1,
        "1": 2,
        "2": 1
      },
      "initial_weight": 0.625
    },
    "25295.25": {
      "votes": {
        "4": 4,
        "2": 1,
        "3": 3
      },
      "initial_weight": 0.84375
    },
    "25295.58": {
      "votes": {
        "2": 1,
        "1": 1,
        "3": 4
      },
      "initial_weight": 0.625
    },
    "25295.84": {
      "votes": {
        "2": 1,
        "3": 1,
        "4": 4
      },
      "initial_weight": 0.875
    },
    "25295.92": {
      "votes": {
        "3": 1
      },
      "initial_weight": 0.75
    },
    "25295.43": {
      "votes": {
        "4": 5,
        "3": 1,
        "1": 3,
        "2": 2
      },
      "initial_weight": 0.6818181818181818
    },
    "25295.40": {
      "votes": {
        "3": 4,
        "2": 1,
        "0": 3,
        "4": 1
      },
      "initial_weight": 0.5
    },
    "25295.45": {
      "votes": {
        "3": 2,
        "2": 1,
        "1": 2,
        "0": 1
      },
      "initial_weight": 0.4166666666666667
    },
    "25295.52": {
      "votes": {
        "4": 2,
        "0": 1
      },
      "initial_weight": 0.6666666666666666
    },
    "25295.88": {
      "votes": {
        "4": 1,
        "3": 1,
        "1": 1
      },
      "initial_weight": 0.6666666666666666
    },
    "25295.89": {
      "votes": {
        "3": 1,
        "4": 1,
        "2": 2
      },
      "initial_weight": 0.6875
    },
    "25295.95": {
      "votes": {},
      "initial_weight": 0.5
    },
    "25295.87": {
      "votes": {
        "2": 2,
        "4": 1,
        "3": 2
      },
      "initial_weight": 0.7
    },
    "25295.90": {
      "votes": {
        "3": 2,
        "4": 2
      },
      "initial_weight": 0.875
    },
    "25295.94": {
      "votes": {
        "2": 1
      },