{
  "nodes": {
    "2760.0": {
      "votes": {},
      "initial_weight": 0.5
    },
    "2760.1": {
      "votes": {
        "4": 5,
        "2": 2,
        "3": 2
      },
      "initial_weight": 0.8333333333333334
    },
    "2760.4": {
      "votes": {
        "3": 1,
        "2": 1,
        "4": 9
      },
      "initial_weight": 0.9318181818181818
    },
    "2760.5": {
      "votes": {
        "3": 2,
        "4": 5,
        "0": 2
      },
      "initial_weight": 0.7222222222222222
    },
    "2760.6": {
      "votes": {
        "4": 4,
        "0": 2,
        "2": 1
      },
      "initial_weight": 0.6428571428571429
    },
    "2760.7": {
      "votes": {
        "4": 4,
        "0": 3,
        "1": 1,
        "2": 1,
        "3": 2
      },
      "initial_weight": 0.5681818181818182
    },
    "2760.9": {
      "votes": {
        "0": 5,
        "2": 2,
        "1": 1,
        "3": 1,
        "4": 1
      },
      "initial_weight": 0.3
    },
    "2760.11": {
      "votes": {
        "0": 3,
        "1": 2,
        "3": 1,
        "4": 2
      },
      "initial_weight": 0.40625
    },
    "2760.13": {
      "votes": {
        "0": 2,
        "2": 2,
        "1": 1,
        "4": 5
      },
      "initial_weight": 0.625
    },
    "2760.18": {
      "votes": {
        "1": 1,
        "0": 2,
        "4": 3,
        "3": 1
      },
      "initial_weight": 0.5714285714285714
    },
    "2760.94": {
      "votes": {
        "4": 1,
        "1": 2,
        "3": 1
      },
      "initial_weight": 0.5625
    },
    "2760.125": {
      "votes": {
        "4": 2
      },
      "initial_weight": 1.0
    },
    "2760.128": {
      "votes": {},
      "initial_weight": 0.5
    },
    "2760.220": {
      "votes": {
        "4": 1
      },
      "initial_weight": 1.0
    },
    "2760.17": {
      "votes": {
        "4": 4,
        "2": 1
      },
      "initial_weight": 0.9
    },
    "2760.14": {
      "votes": {
        "4": 3,
        "3": 1
      },
      "initial_weight": 0.9375
    },
    "2760.12": {
      "votes": {
        "4": 5
      },
      "initial_weight": 1.0
    },
    "2760.55": {
      "votes": {
        "4": 4
      },
      "initial_weight": 1.0
    },
    "2760.68": {
      "votes": {
        "3": 2,
        "0": 2
      },
      "initial_weight": 0.375
    },
    "2760.118": {
      "votes": {},
      "initial_weight": 0.5
    },
    "2760.16": {
      "votes": {
        "0": 1
      },
      "initial_weight": 0.0
    },
    "2760.21": {
      "votes": {
        "1": 1,
        "4": 1
      },
      "initial_weight": 0.625
    },
    "2760.93": {
      "votes": {
        "2": 1,
        "0": 1
      },
      "initial_weight": 0.25
    },
    "2760.126": {
      "votes": {},
      "initial_weight": 0.5
    },
    "2760.22": {
      "votes": {
        "3": 1
      },
      "initial_weight": 0.75
    },
    "2760.218": {
      "votes": {},
      "initial_weight": 0.5
    },
    "2760.29": {
      "votes": {
        "3": 1,
        "4": 3
      },
      "initial_weight": 0.9375
    },
    "2760.2": {
      "votes": {
        "4": 1,
        "2": 1
      },
      "initial_weight": 0.75
    },
    "2760.58": {
      "votes": {
        "4": 1,
        "1": 1,
        "3": 1
      },
      "initial_weight": 0.6666666666666666
    },
    "2760.87": {
      "votes": {
        "3": 1
      },
      "initial_weight": 0.75
    },
    "2760.15": {
      "votes": {
        "0": 2
      },
      "initial_weight": 0.0
    },
    "2760.8": {
      "votes": {
        "0": 2,
        "1": 1
      },
      "initial_weight": 0.08333333333333333
    },
    "2760.25": {
      "votes": {
        "2": 1,
        "3": 2
      },
      "initial_weight": 0.6666666666666666
    },
    "2760.95": {
      "votes": {
        "0": 1
      },
      "initial_weight": 0.0
    },
    "2760.96": {
      "votes": {
        "3": 1
      },
      "initial_weight": 0.75
    },
    "2760.101": {
      "votes": {
        "3": 1
      },
      "initial_weight": 0.75
    },
    "2760.28": {
      "votes": {
        "4": 2
      },
      "initial_weight": 1.0
    },
    "2760.3": {
      "votes": {
        "0": 2
      },
      "initial_weight": 0.0
    },
    "2760.59": {
      "votes": {
        "4": 4
      },
      "initial_weight": 1.0
    },
    "2760.78": {
      "votes": {
        "2": 3
      },
      "initial_weight": 0.5
    },
    "2760.82": {
      "votes": {
        "4": 1,
        "2": 1
      },
      "initial_weight": 0.75
    },
    "2760.23": {
      "votes": {
        "4": 2,
        "0": 1
      },
      "initial_weight": 0.6666666666666666
    },
    "2760.113": {
      "votes": {},
      "initial_weight": 0.5
    },
    "2760.224": {
      "votes": {
        "3": 1
      },
      "initial_weight": 0.75
    },
    "2760.31": {
      "votes": {
        "4": 3
      },
      "initial_weight": 1.0
    },
    "2760.20": {
      "votes": {
        "4": 2
      },
      "initial_weight": 1.0
    },
    "2760.19": {
      "votes": {
        "1": 1
      },
      "initial_weight": 0.25
    },
    "2760.56": {
      "votes": {},
      "initial_weight": 0.5
    },
    "2760.76": {
      "votes": {
        "4": 2,
        "1": 1
      },
      "initial_weight": 0.75
    },
    "2760.91": {
      "votes": {
        "0": 1
      },
      "initial_weight": 0.0
    },
    "2760.104": {
      "votes": {
        "2": 1
      },
      "initial_weight": 0.5
    },
    "2760.57": {
      "votes": {},
      "initial_weight": 0.5
    },
    "2760.127": {
      "votes": {},
      "initial_weight": 0.5
    },
    "2760.210": {
      "votes": {},
      "initial_weight": 0.5
    },
    "2760.212": {
      "votes": {},
      "initial_weight": 0.5
    },
    "2760.227": {
      "votes": {},
      "initial_weight": 0.5
    },
    "2760.88": {
      "votes": {
        "2": 1
      },
      "initial_weight": 0.5
    },
    "2760.24": {
      "votes": {},
      "initial_weight": 0.5
    },
    "2760.89": {
      "votes": {},
      "initial_weight": 0.5
    },
    "2760.116": {
      "votes": {},
      "initial_weight": 0.5
    },
    "2760.75": {
      "votes": {
        "4": 1
      },
      "initial_weight": 1.0
    },
    "2760.30": {
      "votes": {
        "4": 1
      },
      "initial_weight": 1.0
    },
    "2760.66": {
      "votes": {},
      "initial_weight": 0.5
    },
    "2760.32": {
      "votes": {},
      "initial_weight": 0.5
    },
    "2760.111": {
      "votes": {},
      "initial_weight": 0.5
    },
    "2760.208": {
      "votes": {},
      "initial_weight": 0.5
    },
    "2760.26": {
      "votes": {},
      "initial_weight": 0.5
    }
  },
  "edges": {
    "2760.1": {
      "successor_id": "2760.0",
      "relation": 0.0
    },
    "2760.4": {
      "successor_id": "2760.1",
      "relation": 1.0
    },
    "2760.5": {
      "successor_id": "2760.1",
      "relation": 1.0
    },
    "2760.6": {
      "successor_id": "2760.1",
      "relation": 1.0
    },
    "2760.7": {
      "successor_id": "2760.1",
      "relation": -1.0
    },
    "2760.9": {
      "successor_id": "2760.1",
      "relation": -1.0
    },
    "2760.11": {
      "successor_id": "2760.1",
      "relation": -1.0
    },
    "2760.13": {
      "successor_id": "2760.1",
      "relation": -1.0
    },
    "2760.18": {
      "successor_id": "2760.1",
      "relation": -1.0
    },
    "2760.94": {
      "successor_id": "2760.1",
      "relation": -1.0
    },
    "2760.125": {
      "successor_id": "2760.1",
      "relation": 1.0
    },
    "2760.128": {
      "successor_id": "2760.1",
      "relation": 1.0
    },
    "2760.220": {
      "successor_id": "2760.1",
      "relation": -1.0
    },
    "2760.17": {
      "successor_id": "2760.4",
      "relation": 1.0
    },
    "2760.14": {
      "successor_id": "2760.4",
      "relation": 1.0
    },
    "2760.12": {
      "successor_id": "2760.4",
      "relation": 1.0
    },
    "2760.55": {
      "successor_id": "2760.4",
      "relation": 1.0
    },