{
  "nodes": {
    "28084.0": {
      "votes": {},
      "initial_weight": 0.5
    },
    "28084.1": {
      "votes": {
        "4": 9,
        "0": 1,
        "1": 2,
        "2": 1
      },
      "initial_weight": 0.7692307692307693
    },
    "28084.2": {
      "votes": {
        "4": 2,
        "3": 1,
        "0": 2
      },
      "initial_weight": 0.55
    },
    "28084.3": {
      "votes": {
        "4": 2,
        "0": 1,
        "3": 1
      },
      "initial_weight": 0.6875
    },
    "28084.5": {
      "votes": {
        "4": 2,
        "0": 1,
        "3": 2
      },
      "initial_weight": 0.7
    },
    "28084.7": {
      "votes": {
        "2": 1,
        "3": 1,
        "0": 2
      },
      "initial_weight": 0.3125
    },
    "28084.8": {
      "votes": {
        "3": 2,
        "0": 1,
        "4": 7
      },
      "initial_weight": 0.85
    },
    "28084.9": {
      "votes": {
        "4": 2,
        "0": 1
      },
      "initial_weight": 0.6666666666666666
    },
    "28084.10": {
      "votes": {
        "1": 1,
        "4": 3,
        "0": 2
      },
      "initial_weight": 0.5416666666666666
    },
    "28084.11": {
      "votes": {
        "0": 3,
        "4": 1
      },
      "initial_weight": 0.25
    },
    "28084.12": {
      "votes": {
        "0": 2,
        "4": 3
      },
      "initial_weight": 0.6
    },
    "28084.18": {
      "votes": {
        "4": 2,
        "1": 1
      },
      "initial_weight": 0.75
    },
    "28084.6": {
      "votes": {
        "4": 1,
        "1": 1
      },
      "initial_weight": 0.625
    },
    "28084.66": {
      "votes": {
        "0": 1
      },
      "initial_weight": 0.0
    },
    "28084.53": {
      "votes": {
        "4": 2
      },
      "initial_weight": 1.0
    },
    "28084.54": {
      "votes": {
        "4": 2
      },
      "initial_weight": 1.0
    },
    "28084.55": {
      "votes": {
        "4": 2
      },
      "initial_weight": 1.0
    },
    "28084.116": {
      "votes": {},
      "initial_weight": 0.5
    },
    "28084.4": {
      "votes": {},
      "initial_weight": 0.5
    },
    "28084.13": {
      "votes": {
        "4": 2
      },
      "initial_weight": 1.0
    },
    "28084.14": {
      "votes": {
        "4": 1
      },
      "initial_weight": 1.0
    },
    "28084.15": {
      "votes": {
        "4": 1
      },
      "initial_weight": 1.0
    },
    "28084.16": {
      "votes": {},
      "initial_weight": 0.5
    },
    "28084.17": {
      "votes": {},
      "initial_weight": 0.5
    },
    "28084.56": {
      "votes": {},
      "initial_weight": 0.5
    },
    "28084.83": {
      "votes": {},
      "initial_weight": 0.5
    },
    "28084.28": {
      "votes": {
        "4": 3
      },
      "initial_weight": 1.0
    },
    "28084.29": {
      "votes": {},
      "initial_weight": 0.5
    },
    "28084.58": {
      "votes": {
        "1": 1
      },
      "initial_weight": 0.25
    },
    "28084.59": {
      "votes": {
        "4": 1
      },
      "initial_weight": 1.0
    },
    "28084.60": {
      "votes": {
        "2": 1
      },
      "initial_weight": 0.5
    },
    "28084.82": {
      "votes": {},
      "initial_weight": 0.5
    },
    "28084.90": {
      "votes": {
        "4": 1
      },
      "initial_weight": 1.0
    },
    "28084.32": {
      "votes": {},
      "initial_weight": 0.5
    },
    "28084.34": {
      "votes": {},
      "initial_weight": 0.5
    },
    "28084.35": {
      "votes": {},
      "initial_weight": 0.5
    },
    "28084.37": {
      "votes": {},
      "initial_weight": 0.5
    },
    "28084.38": {
      "votes": {},
      "initial_weight": 0.5
    },
    "28084.39": {
      "votes": {},
      "initial_weight": 0.5
    },
    "28084.101": {
      "votes": {},
      "initial_weight": 0.5
    },
    "28084.40": {
      "votes": {},
      "initial_weight": 0.5
    },
    "28084.41": {
      "votes": {
        "0": 1,
        "4": 1
      },
      "initial_weight": 0.5
    },
    "28084.77": {
      "votes": {
        "2": 1
      },
      "initial_weight": 0.5
    },
    "28084.98": {
      "votes": {},
      "initial_weight": 0.5
    },
    "28084.102": {
      "votes": {
        "4": 1
      },
      "initial_weight": 1.0
    },
    "28084.132": {
      "votes": {},
      "initial_weight": 0.5
    },
    "28084.106": {
      "votes": {},
      "initial_weight": 0.5
    },
    "28084.120": {
      "votes": {},
      "initial_weight": 0.5
    },
    "28084.47": {
      "votes": {
        "1": 1
      },
      "initial_weight": 0.25
    },
    "28084.48": {
      "votes": {},
      "initial_weight": 0.5
    },
    "28084.49": {
      "votes": {
        "4": 1,
        "0": 1
      },
      "initial_weight": 0.5
    },
    "28084.50": {
      "votes": {},
      "initial_weight": 0.5
    },
    "28084.51": {
      "votes": {},
      "initial_weight": 0.5
    },
    "28084.67": {
      "votes": {
        "1": 1
      },
      "initial_weight": 0.25
    },
    "28084.136": {
      "votes": {},
      "initial_weight": 0.5
    },
    "28084.26": {
      "votes": {},
      "initial_weight": 0.5
    },
    "28084.27": {
      "votes": {},
      "initial_weight": 0.5
    },
    "28084.78": {
      "votes": {},
      "initial_weight": 0.5
    },
    "28084.61": {
      "votes": {},
      "initial_weight": 0.5
    },
    "28084.19": {
      "votes": {
        "4": 1
      },
      "initial_weight": 1.0
    },
    "28084.20": {
      "votes": {
        "4": 2
      },
      "initial_weight": 1.0
    },
    "28084.21": {
      "votes": {
        "4": 1
      },
      "initial_weight": 1.0
    },
    "28084.22": {
      "votes": {},
      "initial_weight": 0.5
    },
    "28084.23": {
      "votes": {},
      "initial_weight": 0.5
    },
    "28084.25": {
      "votes": {
        "3": 1
      },
      "initial_weight": 0.75
    },
    "28084.119": {
      "votes": {},
      "initial_weight": 0.5
    },
    "28084.87": {
      "votes": {},
      "initial_weight": 0.5
    },
    "28084.91": {
      "votes": {},
      "initial_weight": 0.5
    },
    "28084.36": {
      "votes": {},
      "initial_weight": 0.5
    },
    "28084.43": {
      "votes": {},
      "initial_weight": 0.5
    },
    "28084.69": {
      "votes": {},
      "initial_weight": 0.5
    },
    "28084.100": {
      "votes": {},
      "initial_weight": 0.5
    },
    "28084.42": {
      "votes": {
        "3": 1
      },
      "initial_weight": 0.75
    },
    "28084.99": {
      "votes": {},
      "initial_weight": 0.5
    },
    "28084.123": {
      "votes": {},
      "initial_weight": 0.5
    },
    "28084.68": {
      "votes": {},
      "initial_weight": 0.5
    },
    "28084.52": {
      "votes": {},
      "initial_weight": 0.5
    },
    "28084.33": {
      "votes": {},
      "initial_weight": 0.5
    },
    "28084.24": {
      "votes": {},
      "initial_weight": 0.5
    },
    "28084.44": {
      "votes": {},
      "initial_weight": 0.5
    },
    "28084.45": {
      "votes": {},
      "initial_weight": 0.5
    },
    "28084.46": {
      "votes": {
        "3": 1
      },
      "initial_weight": 0.75
    },
    "28084.103": {
      "votes": {},
      "initial_weight": 0.5
    },
    "28084.112": {
      "votes": {},
      "initial_weight": 0.5
    },
    "28084.113": {
      "votes": {},
      "initial_weight": 0.5
    },
    "28084.114": {
      "votes": {},
      "initial_weight": 0.5
    }
  },
  "edges": {
    "28084.1": {
      "successor_id": "28084.0",
      "relation": 0.0
    },
    "28084.2": {
      "successor_id": "28084.1",
      "relation": 1.0
    },
    "28084.3": {
      "successor_id": "28084.1",
      "relation": 1.0
    },
    "28084.5": {
      "successor_id": "28084.1",
      "relation": 1.0
    },
    "28084.7": {
      "successor_id": "28084.1",
      "relation": 1.0
    },
    "28084.8": {
      "successor_id": "28084.1",
      "relation": 1.0
    },
    "28084.9": {
      "successor_id": "28084.1",
      "relation": -1.0
    },