{
  "nodes": {
    "29207.0": {
      "votes": {},
      "initial_weight": 0.5
    },
    "29207.1": {
      "votes": {
        "1": 1,
        "0": 1,
        "2": 2
      },
      "initial_weight": 0.3125
    },
    "29207.2": {
      "votes": {
        "3": 1,
        "1": 2
      },
      "initial_weight": 0.4166666666666667
    },
    "29207.17": {
      "votes": {
        "3": 3,
        "4": 1
      },
      "initial_weight": 0.8125
    },
    "29207.24": {
      "votes": {
        "1": 1,
        "4": 1
      },
      "initial_weight": 0.625
    },
    "29207.32": {
      "votes": {
        "2": 1
      },
      "initial_weight": 0.5
    },
    "29207.40": {
      "votes": {
        "4": 3,
        "3": 2
      },
      "initial_weight": 0.9
    },
    "29207.77": {
      "votes": {},
      "initial_weight": 0.5
    },
    "29207.79": {
      "votes": {},
      "initial_weight": 0.5
    },
    "29207.3": {
      "votes": {
        "3": 3
      },
      "initial_weight": 0.75
    },
    "29207.4": {
      "votes": {
        "4": 1,
        "3": 1
      },
      "initial_weight": 0.875
    },
    "29207.5": {
      "votes": {
        "3": 1
      },
      "initial_weight": 0.75
    },
    "29207.13": {
      "votes": {
        "1": 2,
        "2": 1
      },
      "initial_weight": 0.3333333333333333
    },
    "29207.14": {
      "votes": {
        "3": 1,
        "4": 3
      },
      "initial_weight": 0.9375
    },
    "29207.23": {
      "votes": {
        "0": 2,
        "3": 1,
        "2": 1
      },
      "initial_weight": 0.3125
    },
    "29207.33": {
      "votes": {
        "4": 4
      },
      "initial_weight": 1.0
    },
    "29207.35": {
      "votes": {
        "2": 1
      },
      "initial_weight": 0.5
    },
    "29207.39": {
      "votes": {},
      "initial_weight": 0.5
    },
    "29207.7": {
      "votes": {
        "3": 1
      },
      "initial_weight": 0.75
    },
    "29207.10": {
      "votes": {
        "4": 2
      },
      "initial_weight": 1.0
    },
    "29207.15": {
      "votes": {
        "4": 1,
        "3": 1
      },
      "initial_weight": 0.875
    },
    "29207.16": {
      "votes": {},
      "initial_weight": 0.5
    },
    "29207.18": {
      "votes": {
        "4": 2
      },
      "initial_weight": 1.0
    },
    "29207.19": {
      "votes": {
        "2": 1,
        "4": 2
      },
      "initial_weight": 0.8333333333333334
    },
    "29207.20": {
      "votes": {},
      "initial_weight": 0.5
    },
    "29207.21": {
      "votes": {
        "3": 2
      },
      "initial_weight": 0.75
    },
    "29207.22": {
      "votes": {
        "3": 1
      },
      "initial_weight": 0.75
    },
    "29207.25": {
      "votes": {},
      "initial_weight": 0.5
    },
    "29207.26": {
      "votes": {
        "4": 1
      },
      "initial_weight": 1.0
    },
    "29207.27": {
      "votes": {
        "4": 1
      },
      "initial_weight": 1.0
    },
    "29207.28": {
      "votes": {},
      "initial_weight": 0.5
    },
    "29207.85": {
      "votes": {},
      "initial_weight": 0.5
    },
    "29207.83": {
      "votes": {},
      "initial_weight": 0.5
    },
    "29207.34": {
      "votes": {},
      "initial_weight": 0.5
    },
    "29207.6": {
      "votes": {
        "3": 1
      },
      "initial_weight": 0.75
    },
    "29207.41": {
      "votes": {},
      "initial_weight": 0.5
    },
    "29207.81": {
      "votes": {},
      "initial_weight": 0.5
    },
    "29207.37": {
      "votes": {},
      "initial_weight": 0.5
    },
    "29207.36": {
      "votes": {},
      "initial_weight": 0.5
    },
    "29207.38": {
      "votes": {},
      "initial_weight": 0.5
    }
  },
  "edges": {
    "29207.1": {
      "successor_id": "29207.0",
      "relation": 0.0
    },
    "29207.2": {
      "successor_id": "29207.0",
      "relation": 0.0
    },
    "29207.17": {
      "successor_id": "29207.0",
      "relation": 0.0
    },
    "29207.24": {
      "successor_id": "29207.0",
      "relation": 0.0
    },
    "29207.32": {
      "successor_id": "29207.0",
      "relation": 0.0
    },
    "29207.40": {
      "successor_id": "29207.0",
      "relation": 0.0
    },
    "29207.77": {
      "successor_id": "29207.0",
      "relation": 0.0
    },
    "29207.79": {
      "successor_id": "29207.0",
      "relation": 0.0
    },
    "29207.3": {
      "successor_id": "29207.1",
      "relation": 1.0
    },
    "29207.4": {
      "successor_id": "29207.7",
      "relation": -1.0
    },
    "29207.5": {
      "successor_id": "29207.2",
      "relation": 1.0
    },
    "29207.13": {
      "successor_id": "29207.1",
      "relation": 1.0
    },
    "29207.14": {
      "successor_id": "29207.1",
      "relation": -1.0
    },
    "29207.23": {
      "successor_id": "29207.1",
      "relation": 1.0
    },
    "29207.33": {
      "successor_id": "29207.1",
      "relation": -1.0
    },
    "29207.35": {
      "successor_id": "29207.1",
      "relation": -1.0
    },
    "29207.39": {
      "successor_id": "29207.1",
      "relation": -1.0
    },
    "29207.7": {
      "successor_id": "29207.2",
      "relation": 1.0
    },
    "29207.10": {
      "successor_id": "29207.2",
      "relation": -1.0
    },
    "29207.15": {
      "successor_id": "29207.2",
      "relation": -1.0
    },
    "29207.16": {
      "successor_id": "29207.2",
      "relation": -1.0
    },
    "29207.18": {
      "successor_id": "29207.17",
      "relation": -1.0
    },
    "29207.19": {
      "successor_id": "29207.17",
      "relation": 1.0
    },
    "29207.20": {
      "successor_id": "29207.17",
      "relation": 1.0
    },
    "29207.21": {
      "successor_id": "29207.17",
      "relation": 1.0
    },
    "29207.22": {
      "successor_id": "29207.17",
      "relation": 1.0
    },
    "29207.25": {
      "successor_id": "29207.24",
      "relation": 1.0
    },
    "29207.26": {
      "successor_id": "29207.24",
      "relation": -1.0
    },
    "29207.27": {
      "successor_id": "29207.24",
      "relation": -1.0
    },
    "29207.28": {
      "successor_id": "29207.24",
      "relation": -1.0
    },
    "29207.85": {
      "successor_id": "29207.79",
      "relation": 1.0
    },
    "29207.83": {
      "successor_id": "29207.3",
      "relation": -1.0
    },
    "29207.34": {
      "successor_id": "29207.4",
      "relation": 1.0
    },
    "29207.6": {
      "successor_id": "29207.5",
      "relation": -1.0
    },
    "29207.41": {
      "successor_id": "29207.13",
      "relation": -1.0
    },
    "29207.81": {
      "successor_id": "29207.14",
      "relation": 1.0
    },
    "29207.37": {
      "successor_id": "29207.19",
      "relation": -1.0
    },
    "29207.36": {
      "successor_id": "29207.20",
      "relation": -1.0
    },
    "29207.38": {
      "successor_id": "29207.37",
      "relation": 1.0
    }
  }
}