{
  "nodes": {
    "30447.0": {
      "votes": {},
      "initial_weight": 0.5
    },
    "30447.3": {
      "votes": {
        "3": 2,
        "0": 5
      },
      "initial_weight": 0.21428571428571427
    },
    "30447.5": {
      "votes": {
        "4": 3,
        "2": 1,
        "0": 1
      },
      "initial_weight": 0.7
    },
    "30447.7": {
      "votes": {
        "4": 1,
        "2": 1
      },
      "initial_weight": 0.75
    },
    "30447.9": {
      "votes": {
        "4": 2,
        "2": 1,
        "3": 1
      },
      "initial_weight": 0.8125
    },
    "30447.15": {
      "votes": {
        "0": 2,
        "2": 1,
        "1": 1
      },
      "initial_weight": 0.1875
    },
    "30447.17": {
      "votes": {
        "4": 4,
        "3": 3
      },
      "initial_weight": 0.8928571428571429
    },
    "30447.19": {
      "votes": {
        "4": 1,
        "1": 1,
        "2": 1
      },
      "initial_weight": 0.5833333333333334
    },
    "30447.21": {
      "votes": {
        "2": 1,
        "0": 1,
        "4": 1,
        "3": 1
      },
      "initial_weight": 0.5625
    },
    "30447.112": {
      "votes": {
        "1": 1,
        "3": 1
      },
      "initial_weight": 0.5
    },
    "30447.178": {
      "votes": {
        "2": 1,
        "0": 1
      },
      "initial_weight": 0.25
    },
    "30447.23": {
      "votes": {
        "3": 1
      },
      "initial_weight": 0.75
    },
    "30447.104": {
      "votes": {
        "4": 1
      },
      "initial_weight": 1.0
    },
    "30447.106": {
      "votes": {
        "4": 1
      },
      "initial_weight": 1.0
    },
    "30447.31": {
      "votes": {
        "3": 2
      },
      "initial_weight": 0.75
    },
    "30447.36": {
      "votes": {
        "2": 1,
        "1": 1
      },
      "initial_weight": 0.375
    },
    "30447.38": {
      "votes": {
        "3": 1,
        "2": 1
      },
      "initial_weight": 0.625
    },
    "30447.42": {
      "votes": {
        "4": 2
      },
      "initial_weight": 1.0
    },
    "30447.57": {
      "votes": {
        "4": 1,
        "1": 1
      },
      "initial_weight": 0.625
    },
    "30447.29": {
      "votes": {
        "2": 1
      },
      "initial_weight": 0.5
    },
    "30447.76": {
      "votes": {
        "1": 2
      },
      "initial_weight": 0.25
    },
    "30447.170": {
      "votes": {
        "4": 1
      },
      "initial_weight": 1.0
    },
    "30447.227": {
      "votes": {},
      "initial_weight": 0.5
    },
    "30447.231": {
      "votes": {},
      "initial_weight": 0.5
    },
    "30447.61": {
      "votes": {
        "0": 1,
        "2": 1
      },
      "initial_weight": 0.25
    },
    "30447.72": {
      "votes": {
        "4": 1
      },
      "initial_weight": 1.0
    },
    "30447.80": {
      "votes": {
        "2": 1
      },
      "initial_weight": 0.5
    },
    "30447.33": {
      "votes": {
        "4": 1,
        "3": 1
      },
      "initial_weight": 0.875
    },
    "30447.164": {
      "votes": {
        "3": 1
      },
      "initial_weight": 0.75
    },
    "30447.195": {
      "votes": {},
      "initial_weight": 0.5
    },
    "30447.211": {
      "votes": {},
      "initial_weight": 0.5
    },
    "30447.86": {
      "votes": {
        "4": 1,
        "0": 1
      },
      "initial_weight": 0.5
    },
    "30447.88": {
      "votes": {
        "0": 2,
        "3": 1
      },
      "initial_weight": 0.25
    },
    "30447.90": {
      "votes": {
        "4": 2
      },
      "initial_weight": 1.0
    },
    "30447.82": {
      "votes": {
        "1": 1
      },
      "initial_weight": 0.25
    },
    "30447.152": {
      "votes": {
        "3": 1,
        "4": 1
      },
      "initial_weight": 0.875
    },
    "30447.172": {
      "votes": {},
      "initial_weight": 0.5
    },
    "30447.59": {
      "votes": {
        "3": 1
      },
      "initial_weight": 0.75
    },
    "30447.13": {
      "votes": {
        "3": 1
      },
      "initial_weight": 0.75
    },
    "30447.156": {
      "votes": {
        "2": 1
      },
      "initial_weight": 0.5
    },
    "30447.158": {
      "votes": {},
      "initial_weight": 0.5
    },
    "30447.204": {
      "votes": {},
      "initial_weight": 0.5
    },
    "30447.45": {
      "votes": {},
      "initial_weight": 0.5
    },
    "30447.47": {
      "votes": {
        "3": 1
      },
      "initial_weight": 0.75
    },
    "30447.63": {
      "votes": {},
      "initial_weight": 0.5
    },
    "30447.117": {
      "votes": {
        "3": 1
      },
      "initial_weight": 0.75
    },
    "30447.119": {
      "votes": {
        "4": 1
      },
      "initial_weight": 1.0
    },
    "30447.176": {
      "votes": {},
      "initial_weight": 0.5
    },
    "30447.154": {
      "votes": {},
      "initial_weight": 0.5
    },
    "30447.221": {
      "votes": {},
      "initial_weight": 0.5
    },
    "30447.223": {
      "votes": {},
      "initial_weight": 0.5
    },
    "30447.187": {
      "votes": {},
      "initial_weight": 0.5
    },
    "30447.189": {
      "votes": {},
      "initial_weight": 0.5
    },
    "30447.191": {
      "votes": {},
      "initial_weight": 0.5
    },
    "30447.132": {
      "votes": {},
      "initial_weight": 0.5
    },
    "30447.134": {
      "votes": {},
      "initial_weight": 0.5
    },
    "30447.40": {
      "votes": {
        "4": 1
      },
      "initial_weight": 1.0
    },
    "30447.70": {
      "votes": {
        "3": 1
      },
      "initial_weight": 0.75
    },
    "30447.78": {
      "votes": {},
      "initial_weight": 0.5
    },
    "30447.84": {
      "votes": {},
      "initial_weight": 0.5
    },
    "30447.126": {
      "votes": {},
      "initial_weight": 0.5
    },
    "30447.68": {
      "votes": {
        "3": 1
      },
      "initial_weight": 0.75
    },
    "30447.27": {
      "votes": {},
      "initial_weight": 0.5
    },
    "30447.146": {
      "votes": {
        "2": 1
      },
      "initial_weight": 0.5
    },
    "30447.148": {
      "votes": {
        "2": 1
      },
      "initial_weight": 0.5
    },
    "30447.74": {
      "votes": {
        "3": 1
      },
      "initial_weight": 0.75
    },
    "30447.136": {
      "votes": {},
      "initial_weight": 0.5
    },
    "30447.166": {
      "votes": {},
      "initial_weight": 0.5
    },
    "30447.108": {
      "votes": {
        "3": 1
      },
      "initial_weight": 0.75
    },
    "30447.110": {
      "votes": {
        "4": 1
      },
      "initial_weight": 1.0
    },
    "30447.213": {
      "votes": {},
      "initial_weight": 0.5
    },
    "30447.215": {
      "votes": {},
      "initial_weight": 0.5
    },
    "30447.217": {
      "votes": {
        "4": 1
      },
      "initial_weight": 1.0
    },
    "30447.160": {
      "votes": {
        "4": 1
      },
      "initial_weight": 1.0
    },
    "30447.102": {
      "votes": {
        "4": 1
      },
      "initial_weight": 1.0
    },
    "30447.162": {
      "votes": {
        "3": 1
      },
      "initial_weight": 0.75
    },
    "30447.96": {
      "votes": {
        "4": 1
      },
      "initial_weight": 1.0
    },
    "30447.98": {
      "votes": {
        "4": 1
      },
      "initial_weight": 1.0
    },
    "30447.25": {
      "votes": {
        "3": 1
      },
      "initial_weight": 0.75
    },
    "30447.53": {
      "votes": {
        "3": 1
      },
      "initial_weight": 0.75
    },
    "30447.55": {
      "votes": {},
      "initial_weight": 0.5
    },
    "30447.94": {
      "votes": {
        "3": 1
      },
      "initial_weight": 0.75
    },
    "30447.206": {
      "votes": {},
      "initial_weight": 0.5
    },
    "30447.49": {
      "votes": {
        "3": 1
      },
      "initial_weight": 0.75
    },
    "30447.51": {
      "votes": {
        "3": 1
      },
      "initial_weight": 0.75
    },
    "30447.123": {
      "votes": {},
      "initial_weight": 0.5
    },
    "30447.100": {
      "votes": {},