{
  "nodes": {
    "35225.0": {
      "votes": {},
      "initial_weight": 0.5
    },
    "35225.3": {
      "votes": {
        "3": 2,
        "4": 2,
        "0": 4,
        "2": 1
      },
      "initial_weight": 0.4444444444444444
    },
    "35225.21": {
      "votes": {
        "2": 1,
        "0": 2,
        "4": 1
      },
      "initial_weight": 0.375
    },
    "35225.27": {
      "votes": {
        "4": 2,
        "1": 2,
        "2": 1
      },
      "initial_weight": 0.6
    },
    "35225.9": {
      "votes": {
        "2": 1,
        "0": 2,
        "4": 2,
        "3": 1
      },
      "initial_weight": 0.5416666666666666
    },
    "35225.36": {
      "votes": {
        "3": 2,
        "1": 1,
        "4": 2,
        "0": 1
      },
      "initial_weight": 0.625
    },
    "35225.5": {
      "votes": {
        "1": 1,
        "2": 1,
        "0": 1,
        "4": 2
      },
      "initial_weight": 0.55
    },
    "35225.52": {
      "votes": {
        "3": 1,
        "2": 1,
        "0": 1,
        "4": 3
      },
      "initial_weight": 0.7083333333333334
    },
    "35225.176": {
      "votes": {
        "2": 1
      },
      "initial_weight": 0.5
    },
    "35225.190": {
      "votes": {},
      "initial_weight": 0.5
    },
    "35225.120": {
      "votes": {
        "2": 1
      },
      "initial_weight": 0.5
    },
    "35225.168": {
      "votes": {
        "2": 1
      },
      "initial_weight": 0.5
    },
    "35225.122": {
      "votes": {
        "3": 1,
        "0": 1
      },
      "initial_weight": 0.375
    },
    "35225.124": {
      "votes": {
        "0": 1,
        "4": 3
      },
      "initial_weight": 0.75
    },
    "35225.30": {
      "votes": {
        "4": 2,
        "0": 1,
        "2": 1,
        "3": 1
      },
      "initial_weight": 0.65
    },
    "35225.32": {
      "votes": {
        "3": 1,
        "4": 1,
        "0": 2
      },
      "initial_weight": 0.4375
    },
    "35225.34": {
      "votes": {
        "4": 1,
        "3": 1
      },
      "initial_weight": 0.875
    },
    "35225.7": {
      "votes": {
        "1": 1,
        "4": 1,
        "2": 2
      },
      "initial_weight": 0.5625
    },
    "35225.148": {
      "votes": {
        "3": 1,
        "2": 1
      },
      "initial_weight": 0.625
    },
    "35225.68": {
      "votes": {
        "4": 1
      },
      "initial_weight": 1.0
    },
    "35225.70": {
      "votes": {
        "2": 1
      },
      "initial_weight": 0.5
    },
    "35225.72": {
      "votes": {
        "4": 2,
        "2": 1
      },
      "initial_weight": 0.8333333333333334
    },
    "35225.78": {
      "votes": {
        "4": 1
      },
      "initial_weight": 1.0
    },
    "35225.86": {
      "votes": {
        "3": 1,
        "4": 1
      },
      "initial_weight": 0.875
    },
    "35225.144": {
      "votes": {
        "0": 1,
        "3": 1
      },
      "initial_weight": 0.375
    },
    "35225.170": {
      "votes": {
        "3": 1,
        "2": 1
      },
      "initial_weight": 0.625
    },
    "35225.11": {
      "votes": {
        "1": 1,
        "4": 1
      },
      "initial_weight": 0.625
    },
    "35225.15": {
      "votes": {
        "3": 1,
        "0": 1,
        "4": 1
      },
      "initial_weight": 0.5833333333333334
    },
    "35225.23": {
      "votes": {
        "3": 1,
        "4": 1,
        "0": 1
      },
      "initial_weight": 0.5833333333333334
    },
    "35225.126": {
      "votes": {
        "3": 1,
        "4": 1
      },
      "initial_weight": 0.875
    },
    "35225.210": {
      "votes": {},
      "initial_weight": 0.5
    },
    "35225.54": {
      "votes": {
        "2": 1
      },
      "initial_weight": 0.5
    },
    "35225.76": {
      "votes": {
        "3": 2,
        "1": 1,
        "0": 1,
        "4": 1
      },
      "initial_weight": 0.55
    },
    "35225.100": {
      "votes": {
        "0": 1,
        "4": 1
      },
      "initial_weight": 0.5
    },
    "35225.102": {
      "votes": {
        "3": 1
      },
      "initial_weight": 0.75
    },
    "35225.116": {
      "votes": {
        "3": 1,
        "4": 1
      },
      "initial_weight": 0.875
    },
    "35225.206": {
      "votes": {},
      "initial_weight": 0.5
    },
    "35225.208": {
      "votes": {},
      "initial_weight": 0.5
    },
    "35225.184": {
      "votes": {},
      "initial_weight": 0.5
    },
    "35225.212": {
      "votes": {},
      "initial_weight": 0.5
    },
    "35225.156": {
      "votes": {
        "2": 1
      },
      "initial_weight": 0.5
    },
    "35225.217": {
      "votes": {},
      "initial_weight": 0.5
    },
    "35225.40": {
      "votes": {
        "0": 1,
        "4": 1,
        "2": 1
      },
      "initial_weight": 0.5
    },
    "35225.42": {
      "votes": {
        "2": 1
      },
      "initial_weight": 0.5
    },
    "35225.150": {
      "votes": {
        "2": 1
      },
      "initial_weight": 0.5
    },
    "35225.13": {
      "votes": {
        "4": 1,
        "3": 2
      },
      "initial_weight": 0.8333333333333334
    },
    "35225.25": {
      "votes": {
        "0": 1,
        "3": 1
      },
      "initial_weight": 0.375
    },
    "35225.152": {
      "votes": {
        "2": 1
      },
      "initial_weight": 0.5
    },
    "35225.172": {
      "votes": {
        "3": 1
      },
      "initial_weight": 0.75
    },
    "35225.158": {
      "votes": {
        "2": 1
      },
      "initial_weight": 0.5
    },
    "35225.88": {
      "votes": {
        "2": 1
      },
      "initial_weight": 0.5
    },
    "35225.94": {
      "votes": {
        "4": 1,
        "1": 1
      },
      "initial_weight": 0.625
    },
    "35225.96": {
      "votes": {
        "2": 1
      },
      "initial_weight": 0.5
    },
    "35225.162": {
      "votes": {
        "2": 1
      },
      "initial_weight": 0.5
    },
    "35225.164": {
      "votes": {
        "3": 1
      },
      "initial_weight": 0.75
    },
    "35225.166": {
      "votes": {
        "3": 1
      },
      "initial_weight": 0.75
    },
    "35225.19": {
      "votes": {
        "0": 1,
        "2": 1
      },
      "initial_weight": 0.25
    },
    "35225.98": {
      "votes": {
        "3": 1,
        "4": 1
      },
      "initial_weight": 0.875
    },
    "35225.56": {
      "votes": {
        "2": 1
      },
      "initial_weight": 0.5
    },
    "35225.66": {
      "votes": {
        "3": 1
      },
      "initial_weight": 0.75
    },
    "35225.118": {
      "votes": {
        "3": 1
      },
      "initial_weight": 0.75
    },
    "35225.154": {
      "votes": {
        "3": 1
      },
      "initial_weight": 0.75
    },
    "35225.110": {
      "votes": {
        "3": 1,
        "4": 1
      },
      "initial_weight": 0.875
    },
    "35225.112": {
      "votes": {
        "3": 1
      },
      "initial_weight": 0.75
    },
    "35225.114": {
      "votes": {
        "4": 1
      },
      "initial_weight": 1.0
    },
    "35225.130": {
      "votes": {
        "3": 1
      },
      "initial_weight": 0.75
    },
    "35225.104": {
      "votes": {
        "2": 1
      },
      "initial_weight": 0.5
    },
    "35225.106": {
      "votes": {
        "3": 1
      },
      "initial_weight": 0.75
    },
    "35225.214": {
      "votes": {},
      "initial_weight": 0.5
    },
    "35225.60": {
      "votes": {
        "3": 1,
        "0": 1
      },
      "initial_weight": 0.375
    },
    "35225.62": {
      "votes": {
        "0": 1,
        "3": 1
      },
      "initial_weight": 0.375
    },
    "35225.64": {
      "votes": {
        "4": 1
      },
      "initial_weight": 1.0
    },
    "35225.17": {
      "votes": {
        "4": 1
      },
      "initial_weight": 1.0
    },
    "35225.182": {
      "votes": {
        "2": 1
      },
      "initial_weight": 0.5
    },
    "35225.160": {
      "votes": {
        "2": 1
      },
      "initial_weight": 0.5
    },
    "35225.92": {
      "votes": {
        "3": 1
      },