{
  "nodes": {
    "37608.0": {
      "votes": {},
      "initial_weight": 0.5
    },
    "37608.5": {
      "votes": {
        "1": 1,
        "0": 1,
        "4": 2
      },
      "initial_weight": 0.5625
    },
    "37608.15": {
      "votes": {
        "3": 1,
        "0": 1,
        "2": 1
      },
      "initial_weight": 0.4166666666666667
    },
    "37608.17": {
      "votes": {
        "0": 1,
        "1": 1,
        "4": 1
      },
      "initial_weight": 0.4166666666666667
    },
    "37608.9": {
      "votes": {
        "4": 1,
        "3": 1
      },
      "initial_weight": 0.875
    },
    "37608.11": {
      "votes": {
        "2": 1,
        "3": 1
      },
      "initial_weight": 0.625
    },
    "37608.13": {
      "votes": {
        "2": 2
      },
      "initial_weight": 0.5
    },
    "37608.61": {
      "votes": {
        "3": 1,
        "2": 1
      },
      "initial_weight": 0.625
    },
    "37608.103": {
      "votes": {
        "2": 1
      },
      "initial_weight": 0.5
    },
    "37608.153": {
      "votes": {
        "1": 1
      },
      "initial_weight": 0.25
    },
    "37608.199": {
      "votes": {},
      "initial_weight": 0.5
    },
    "37608.19": {
      "votes": {
        "2": 1,
        "3": 1
      },
      "initial_weight": 0.625
    },
    "37608.23": {
      "votes": {
        "2": 2
      },
      "initial_weight": 0.5
    },
    "37608.59": {
      "votes": {
        "1": 2
      },
      "initial_weight": 0.25
    },
    "37608.196": {
      "votes": {},
      "initial_weight": 0.5
    },
    "37608.39": {
      "votes": {
        "2": 1,
        "3": 1
      },
      "initial_weight": 0.625
    },
    "37608.41": {
      "votes": {
        "2": 1,
        "0": 1
      },
      "initial_weight": 0.25
    },
    "37608.43": {
      "votes": {
        "4": 1,
        "3": 1
      },
      "initial_weight": 0.875
    },
    "37608.51": {
      "votes": {
        "1": 1,
        "2": 1
      },
      "initial_weight": 0.375
    },
    "37608.161": {
      "votes": {
        "1": 1
      },
      "initial_weight": 0.25
    },
    "37608.189": {
      "votes": {
        "3": 1
      },
      "initial_weight": 0.75
    },
    "37608.25": {
      "votes": {
        "3": 2
      },
      "initial_weight": 0.75
    },
    "37608.63": {
      "votes": {
        "2": 1,
        "3": 1
      },
      "initial_weight": 0.625
    },
    "37608.119": {
      "votes": {
        "3": 1
      },
      "initial_weight": 0.75
    },
    "37608.206": {
      "votes": {},
      "initial_weight": 0.5
    },
    "37608.222": {
      "votes": {},
      "initial_weight": 0.5
    },
    "37608.135": {
      "votes": {
        "2": 1
      },
      "initial_weight": 0.5
    },
    "37608.29": {
      "votes": {
        "3": 1,
        "2": 1
      },
      "initial_weight": 0.625
    },
    "37608.31": {
      "votes": {
        "3": 2
      },
      "initial_weight": 0.75
    },
    "37608.71": {
      "votes": {
        "3": 1,
        "2": 1
      },
      "initial_weight": 0.625
    },
    "37608.187": {
      "votes": {},
      "initial_weight": 0.5
    },
    "37608.81": {
      "votes": {
        "2": 2
      },
      "initial_weight": 0.5
    },
    "37608.218": {
      "votes": {},
      "initial_weight": 0.5
    },
    "37608.105": {
      "votes": {
        "2": 1
      },
      "initial_weight": 0.5
    },
    "37608.159": {
      "votes": {
        "2": 1
      },
      "initial_weight": 0.5
    },
    "37608.192": {
      "votes": {},
      "initial_weight": 0.5
    },
    "37608.155": {
      "votes": {
        "4": 1
      },
      "initial_weight": 1.0
    },
    "37608.163": {
      "votes": {
        "1": 1
      },
      "initial_weight": 0.25
    },
    "37608.216": {
      "votes": {},
      "initial_weight": 0.5
    },
    "37608.27": {
      "votes": {
        "3": 2
      },
      "initial_weight": 0.75
    },
    "37608.157": {
      "votes": {
        "3": 1
      },
      "initial_weight": 0.75
    },
    "37608.203": {
      "votes": {},
      "initial_weight": 0.5
    },
    "37608.35": {
      "votes": {
        "2": 1
      },
      "initial_weight": 0.5
    },
    "37608.67": {
      "votes": {
        "3": 1,
        "2": 1
      },
      "initial_weight": 0.625
    },
    "37608.171": {
      "votes": {
        "2": 1
      },
      "initial_weight": 0.5
    },
    "37608.214": {
      "votes": {},
      "initial_weight": 0.5
    },
    "37608.49": {
      "votes": {
        "4": 2
      },
      "initial_weight": 1.0
    },
    "37608.83": {
      "votes": {
        "4": 1,
        "2": 1
      },
      "initial_weight": 0.75
    },
    "37608.129": {
      "votes": {
        "2": 1
      },
      "initial_weight": 0.5
    },
    "37608.45": {
      "votes": {
        "2": 1,
        "4": 1
      },
      "initial_weight": 0.75
    },
    "37608.55": {
      "votes": {
        "4": 1,
        "3": 1
      },
      "initial_weight": 0.875
    },
    "37608.85": {
      "votes": {
        "3": 1,
        "1": 1
      },
      "initial_weight": 0.5
    },
    "37608.57": {
      "votes": {
        "2": 1,
        "3": 1
      },
      "initial_weight": 0.625
    },
    "37608.69": {
      "votes": {
        "2": 1
      },
      "initial_weight": 0.5
    },
    "37608.165": {
      "votes": {
        "3": 1
      },
      "initial_weight": 0.75
    },
    "37608.185": {
      "votes": {},
      "initial_weight": 0.5
    },
    "37608.201": {
      "votes": {},
      "initial_weight": 0.5
    },
    "37608.65": {
      "votes": {},
      "initial_weight": 0.5
    },
    "37608.73": {
      "votes": {},
      "initial_weight": 0.5
    },
    "37608.75": {
      "votes": {},
      "initial_weight": 0.5
    },
    "37608.175": {
      "votes": {},
      "initial_weight": 0.5
    },
    "37608.145": {
      "votes": {},
      "initial_weight": 0.5
    },
    "37608.210": {
      "votes": {},
      "initial_weight": 0.5
    },
    "37608.208": {
      "votes": {},
      "initial_weight": 0.5
    },
    "37608.133": {
      "votes": {},
      "initial_weight": 0.5
    },
    "37608.33": {
      "votes": {},
      "initial_weight": 0.5
    },
    "37608.141": {
      "votes": {},
      "initial_weight": 0.5
    },
    "37608.137": {
      "votes": {},
      "initial_weight": 0.5
    },
    "37608.143": {
      "votes": {},
      "initial_weight": 0.5
    },
    "37608.224": {
      "votes": {},
      "initial_weight": 0.5
    },
    "37608.194": {
      "votes": {},
      "initial_weight": 0.5
    },
    "37608.37": {
      "votes": {},
      "initial_weight": 0.5
    },
    "37608.125": {
      "votes": {},
      "initial_weight": 0.5
    },
    "37608.53": {
      "votes": {},
      "initial_weight": 0.5
    },
    "37608.97": {
      "votes": {},
      "initial_weight": 0.5
    },
    "37608.220": {
      "votes": {},
      "initial_weight": 0.5
    },
    "37608.47": {
      "votes": {},
      "initial_weight": 0.5
    },
    "37608.95": {
      "votes": {},
      "initial_weight": 0.5
    },
    "37608.111": {
      "votes": {},
      "initial_weight": 0.5
    },
    "37608.173": {
      "votes": {},
      "initial_weight": 0.5
    },
    "37608.183": {
      "votes": {},
      "initial_weight": 0.5
    },
    "37608.79": {
      "votes": {},
      "initial_weight": 0.5
    },
    "37608.121": {
      "votes": {},
      "initial_weight": 0.5
    },
    "37608.127": {
      "votes": {},
      "initial_weight": 0.5
    },
    "37608.131": {
      "votes": {},
      "initial_weight": 0.5
    },
    "37608.77": {
      "votes": {},
      "initial_weight": 0.5
    },
    "37608.89": {
      "votes": {},
      "initial_weight": 0.5
    },
    "37608.87": {
      "votes": {},
      "initial_weight": 0.5
    },
    "37608.147": {
      "votes": {},
      "initial_weight": 0.5
    },
    "37608.212": {
      "votes": {},
      "initial_weight": 0.5
    },
    "37608.99": {
      "votes": {},