{
  "nodes": {
    "39687.0": {
      "votes": {},
      "initial_weight": 0.5
    },
    "39687.3": {
      "votes": {
        "3": 1,
        "4": 2,
        "0": 3,
        "2": 1
      },
      "initial_weight": 0.4642857142857143
    },
    "39687.5": {
      "votes": {
        "2": 1,
        "4": 1,
        "1": 1
      },
      "initial_weight": 0.5833333333333334
    },
    "39687.7": {
      "votes": {
        "3": 1,
        "4": 2
      },
      "initial_weight": 0.9166666666666666
    },
    "39687.9": {
      "votes": {
        "4": 1,
        "3": 1
      },
      "initial_weight": 0.875
    },
    "39687.11": {
      "votes": {
        "0": 1,
        "4": 3,
        "1": 1
      },
      "initial_weight": 0.65
    },
    "39687.27": {
      "votes": {
        "4": 2,
        "1": 2
      },
      "initial_weight": 0.625
    },
    "39687.39": {
      "votes": {
        "3": 1,
        "1": 1,
        "4": 2,
        "2": 1
      },
      "initial_weight": 0.7
    },
    "39687.162": {
      "votes": {
        "4": 2
      },
      "initial_weight": 1.0
    },
    "39687.35": {
      "votes": {
        "4": 1,
        "2": 1
      },
      "initial_weight": 0.75
    },
    "39687.122": {
      "votes": {
        "0": 1
      },
      "initial_weight": 0.0
    },
    "39687.125": {
      "votes": {},
      "initial_weight": 0.5
    },
    "39687.33": {
      "votes": {
        "4": 2,
        "2": 1,
        "1": 1
      },
      "initial_weight": 0.6875
    },
    "39687.193": {
      "votes": {},
      "initial_weight": 0.5
    },
    "39687.17": {
      "votes": {
        "1": 1,
        "2": 1,
        "4": 1
      },
      "initial_weight": 0.5833333333333334
    },
    "39687.19": {
      "votes": {
        "4": 1,
        "1": 2
      },
      "initial_weight": 0.5
    },
    "39687.23": {
      "votes": {
        "1": 1,
        "4": 1,
        "0": 1
      },
      "initial_weight": 0.4166666666666667
    },
    "39687.57": {
      "votes": {
        "4": 2,
        "1": 1
      },
      "initial_weight": 0.75
    },
    "39687.76": {
      "votes": {
        "2": 1,
        "1": 1
      },
      "initial_weight": 0.375
    },
    "39687.160": {
      "votes": {},
      "initial_weight": 0.5
    },
    "39687.164": {
      "votes": {},
      "initial_weight": 0.5
    },
    "39687.173": {
      "votes": {
        "3": 1
      },
      "initial_weight": 0.75
    },
    "39687.55": {
      "votes": {
        "3": 3,
        "0": 1
      },
      "initial_weight": 0.5625
    },
    "39687.127": {
      "votes": {},
      "initial_weight": 0.5
    },
    "39687.41": {
      "votes": {
        "0": 1,
        "1": 1
      },
      "initial_weight": 0.125
    },
    "39687.60": {
      "votes": {
        "1": 1,
        "2": 1
      },
      "initial_weight": 0.375
    },
    "39687.62": {
      "votes": {
        "0": 2
      },
      "initial_weight": 0.0
    },
    "39687.116": {
      "votes": {
        "4": 1
      },
      "initial_weight": 1.0
    },
    "39687.166": {
      "votes": {
        "4": 2
      },
      "initial_weight": 1.0
    },
    "39687.179": {
      "votes": {
        "4": 1
      },
      "initial_weight": 1.0
    },
    "39687.185": {
      "votes": {},
      "initial_weight": 0.5
    },
    "39687.201": {
      "votes": {},
      "initial_weight": 0.5
    },
    "39687.74": {
      "votes": {
        "2": 1
      },
      "initial_weight": 0.5
    },
    "39687.78": {
      "votes": {
        "1": 1
      },
      "initial_weight": 0.25
    },
    "39687.89": {
      "votes": {},
      "initial_weight": 0.5
    },
    "39687.94": {
      "votes": {
        "1": 1
      },
      "initial_weight": 0.25
    },
    "39687.191": {
      "votes": {},
      "initial_weight": 0.5
    },
    "39687.181": {
      "votes": {
        "4": 1
      },
      "initial_weight": 1.0
    },
    "39687.189": {
      "votes": {},
      "initial_weight": 0.5
    },
    "39687.135": {
      "votes": {},
      "initial_weight": 0.5
    },
    "39687.25": {
      "votes": {
        "2": 1
      },
      "initial_weight": 0.5
    },
    "39687.21": {
      "votes": {},
      "initial_weight": 0.5
    },
    "39687.169": {
      "votes": {},
      "initial_weight": 0.5
    },
    "39687.207": {
      "votes": {},
      "initial_weight": 0.5
    },
    "39687.203": {
      "votes": {},
      "initial_weight": 0.5
    },
    "39687.43": {
      "votes": {},
      "initial_weight": 0.5
    },
    "39687.45": {
      "votes": {},
      "initial_weight": 0.5
    },
    "39687.51": {
      "votes": {},
      "initial_weight": 0.5
    },
    "39687.64": {
      "votes": {
        "1": 1
      },
      "initial_weight": 0.25
    },
    "39687.66": {
      "votes": {
        "0": 1
      },
      "initial_weight": 0.0
    },
    "39687.68": {
      "votes": {},
      "initial_weight": 0.5
    },
    "39687.171": {
      "votes": {
        "4": 1
      },
      "initial_weight": 1.0
    },
    "39687.118": {
      "votes": {
        "3": 1
      },
      "initial_weight": 0.75
    },
    "39687.114": {
      "votes": {
        "2": 1
      },
      "initial_weight": 0.5
    },
    "39687.80": {
      "votes": {
        "0": 1
      },
      "initial_weight": 0.0
    },
    "39687.91": {
      "votes": {
        "0": 1
      },
      "initial_weight": 0.0
    },
    "39687.147": {
      "votes": {},
      "initial_weight": 0.5
    },
    "39687.100": {
      "votes": {
        "2": 1
      },
      "initial_weight": 0.5
    },
    "39687.104": {
      "votes": {
        "0": 1
      },
      "initial_weight": 0.0
    },
    "39687.98": {
      "votes": {
        "1": 1
      },
      "initial_weight": 0.25
    },
    "39687.175": {
      "votes": {},
      "initial_weight": 0.5
    },
    "39687.49": {
      "votes": {
        "1": 1
      },
      "initial_weight": 0.25
    },
    "39687.53": {
      "votes": {
        "2": 1
      },
      "initial_weight": 0.5
    },
    "39687.85": {
      "votes": {
        "1": 1
      },
      "initial_weight": 0.25
    },
    "39687.70": {
      "votes": {
        "4": 1
      },
      "initial_weight": 1.0
    },
    "39687.82": {
      "votes": {
        "1": 1
      },
      "initial_weight": 0.25
    },
    "39687.141": {
      "votes": {},
      "initial_weight": 0.5
    },
    "39687.102": {
      "votes": {
        "3": 1
      },
      "initial_weight": 0.75
    },
    "39687.108": {
      "votes": {
        "0": 1
      },
      "initial_weight": 0.0
    },
    "39687.106": {
      "votes": {
        "0": 1
      },
      "initial_weight": 0.0
    },
    "39687.47": {
      "votes": {},
      "initial_weight": 0.5
    },
    "39687.120": {
      "votes": {
        "0": 1
      },
      "initial_weight": 0.0
    },
    "39687.110": {
      "votes": {},
      "initial_weight": 0.5
    },
    "39687.112": {
      "votes": {},
      "initial_weight": 0.5
    }
  },
  "edges": {
    "39687.3": {
      "successor_id": "39687.0",
      "relation": 0.0
    },
    "39687.5": {
      "successor_id": "39687.3",
      "relation": 1.0
    },
    "39687.7": {
      "successor_id": "39687.3",
      "relation": 1.0
    },
    "39687.9": {
      "successor_id": "39687.3",
      "relation": 1.0
    },
    "39687.11": {
      "successor_id": "39687.3",
      "relation": -1.0
    },
    "39687.27": {
      "successor_id": "39687.3",
      "relation": -1.0
    },
    "39687.39": {
      "successor_id": "39687.3",
      "relation": -1.0
    },
    "39687.162": {
      "successor_id": "39687.3",
      "relation": -1.0
    },
    "39687.35": {
      "successor_id": "39687.5",
      "relation": 1.0
    },
    "39687.122": {
      "successor_id": "39687.5",
      "relation": 1.0
    },
    "39687.125": {
      "successor_id": "39687.5",
      "relation": -1.0
    },
    "39687.33": {
      "successor_id": "39687.9",
      "relation": -1.0
    },
    "39687.193": {
      "successor_id": "39687.9",