{
  "nodes": {
    "5581.0": {
      "votes": {},
      "initial_weight": 0.5
    },
    "5581.1": {
      "votes": {
        "3": 1,
        "4": 2
      },
      "initial_weight": 0.9166666666666666
    },
    "5581.3": {
      "votes": {
        "4": 1,
        "3": 2
      },
      "initial_weight": 0.8333333333333334
    },
    "5581.4": {
      "votes": {
        "0": 1,
        "2": 1
      },
      "initial_weight": 0.25
    },
    "5581.5": {
      "votes": {
        "3": 1,
        "1": 1,
        "0": 1
      },
      "initial_weight": 0.3333333333333333
    },
    "5581.14": {
      "votes": {
        "3": 1,
        "1": 1,
        "0": 1
      },
      "initial_weight": 0.3333333333333333
    },
    "5581.32": {
      "votes": {
        "3": 1,
        "4": 1
      },
      "initial_weight": 0.875
    },
    "5581.38": {
      "votes": {
        "4": 1
      },
      "initial_weight": 1.0
    },
    "5581.44": {
      "votes": {},
      "initial_weight": 0.5
    },
    "5581.6": {
      "votes": {
        "0": 2,
        "4": 1
      },
      "initial_weight": 0.3333333333333333
    },
    "5581.12": {
      "votes": {
        "4": 1,
        "0": 2
      },
      "initial_weight": 0.3333333333333333
    },
    "5581.13": {
      "votes": {
        "3": 2,
        "4": 1
      },
      "initial_weight": 0.8333333333333334
    },
    "5581.18": {
      "votes": {
        "4": 2,
        "2": 1
      },
      "initial_weight": 0.8333333333333334
    },
    "5581.23": {
      "votes": {
        "2": 1,
        "0": 1
      },
      "initial_weight": 0.25
    },
    "5581.7": {
      "votes": {
        "3": 1,
        "4": 2
      },
      "initial_weight": 0.9166666666666666
    },
    "5581.8": {
      "votes": {
        "2": 1,
        "4": 3
      },
      "initial_weight": 0.875
    },
    "5581.9": {
      "votes": {
        "3": 2,
        "4": 1
      },
      "initial_weight": 0.8333333333333334
    },
    "5581.10": {
      "votes": {
        "1": 1,
        "0": 1
      },
      "initial_weight": 0.125
    },
    "5581.34": {
      "votes": {
        "4": 1
      },
      "initial_weight": 1.0
    },
    "5581.15": {
      "votes": {
        "0": 1,
        "4": 1
      },
      "initial_weight": 0.5
    },
    "5581.16": {
      "votes": {
        "4": 2,
        "2": 1
      },
      "initial_weight": 0.8333333333333334
    },
    "5581.30": {
      "votes": {
        "4": 1
      },
      "initial_weight": 1.0
    },
    "5581.31": {
      "votes": {
        "0": 1
      },
      "initial_weight": 0.0
    },
    "5581.41": {
      "votes": {},
      "initial_weight": 0.5
    },
    "5581.33": {
      "votes": {
        "4": 1
      },
      "initial_weight": 1.0
    },
    "5581.2": {
      "votes": {
        "4": 1
      },
      "initial_weight": 1.0
    },
    "5581.43": {
      "votes": {},
      "initial_weight": 0.5
    },
    "5581.36": {
      "votes": {},
      "initial_weight": 0.5
    },
    "5581.20": {
      "votes": {},
      "initial_weight": 0.5
    },
    "5581.19": {
      "votes": {
        "4": 1
      },
      "initial_weight": 1.0
    },
    "5581.21": {
      "votes": {},
      "initial_weight": 0.5
    },
    "5581.22": {
      "votes": {},
      "initial_weight": 0.5
    },
    "5581.17": {
      "votes": {
        "4": 1
      },
      "initial_weight": 1.0
    },
    "5581.24": {
      "votes": {
        "3": 1
      },
      "initial_weight": 0.75
    },
    "5581.28": {
      "votes": {},
      "initial_weight": 0.5
    },
    "5581.35": {
      "votes": {},
      "initial_weight": 0.5
    }
  },
  "edges": {
    "5581.1": {
      "successor_id": "5581.0",
      "relation": 0.0
    },
    "5581.3": {
      "successor_id": "5581.1",
      "relation": 1.0
    },
    "5581.4": {
      "successor_id": "5581.1",
      "relation": -1.0
    },
    "5581.5": {
      "successor_id": "5581.1",
      "relation": -1.0
    },
    "5581.14": {
      "successor_id": "5581.1",
      "relation": -1.0
    },
    "5581.32": {
      "successor_id": "5581.1",
      "relation": 1.0
    },
    "5581.38": {
      "successor_id": "5581.1",
      "relation": 1.0
    },
    "5581.44": {
      "successor_id": "5581.1",
      "relation": 1.0
    },
    "5581.6": {
      "successor_id": "5581.3",
      "relation": -1.0
    },
    "5581.12": {
      "successor_id": "5581.3",
      "relation": -1.0
    },
    "5581.13": {
      "successor_id": "5581.3",
      "relation": 1.0
    },
    "5581.18": {
      "successor_id": "5581.4",
      "relation": -1.0
    },
    "5581.23": {
      "successor_id": "5581.4",
      "relation": 1.0
    },
    "5581.7": {
      "successor_id": "5581.5",
      "relation": -1.0
    },
    "5581.8": {
      "successor_id": "5581.5",
      "relation": -1.0
    },
    "5581.9": {
      "successor_id": "5581.5",
      "relation": -1.0
    },
    "5581.10": {
      "successor_id": "5581.5",
      "relation": 1.0
    },
    "5581.34": {
      "successor_id": "5581.5",
      "relation": -1.0
    },
    "5581.15": {
      "successor_id": "5581.14",
      "relation": -1.0
    },
    "5581.16": {
      "successor_id": "5581.14",
      "relation": -1.0
    },
    "5581.30": {
      "successor_id": "5581.14",
      "relation": -1.0
    },
    "5581.31": {
      "successor_id": "5581.14",
      "relation": 1.0
    },
    "5581.41": {
      "successor_id": "5581.14",
      "relation": 1.0
    },
    "5581.33": {
      "successor_id": "5581.32",
      "relation": 1.0
    },
    "5581.2": {
      "successor_id": "5581.38",
      "relation": 1.0
    },
    "5581.43": {
      "successor_id": "5581.38",
      "relation": 1.0
    },
    "5581.36": {
      "successor_id": "5581.23",
      "relation": -1.0
    },
    "5581.20": {
      "successor_id": "5581.7",
      "relation": 1.0
    },
    "5581.19": {
      "successor_id": "5581.9",
      "relation": 1.0
    },
    "5581.21": {
      "successor_id": "5581.10",
      "relation": 1.0
    },
    "5581.22": {
      "successor_id": "5581.10",
      "relation": -1.0
    },
    "5581.17": {
      "successor_id": "5581.15",
      "relation": 1.0
    },
    "5581.24": {
      "successor_id": "5581.2",
      "relation": 1.0
    },
    "5581.28": {
      "successor_id": "5581.2",
      "relation": 1.0
    },
    "5581.35": {
      "successor_id": "5581.2",
      "relation": -1.0
    }
  }
}