{
  "nodes": {
    "6298.0": {
      "votes": {},
      "initial_weight": 0.5
    },
    "6298.1": {
      "votes": {
        "4": 10,
        "3": 4,
        "1": 3,
        "0": 5
      },
      "initial_weight": 0.625
    },
    "6298.9": {
      "votes": {
        "3": 2,
        "4": 2
      },
      "initial_weight": 0.875
    },
    "6298.16": {
      "votes": {
        "4": 3,
        "0": 5,
        "3": 2,
        "2": 1
      },
      "initial_weight": 0.45454545454545453
    },
    "6298.18": {
      "votes": {
        "0": 2,
        "4": 1,
        "3": 5,
        "2": 1
      },
      "initial_weight": 0.5833333333333334
    },
    "6298.29": {
      "votes": {
        "4": 9,
        "0": 1,
        "2": 1
      },
      "initial_weight": 0.8636363636363636
    },
    "6298.38": {
      "votes": {
        "3": 2,
        "1": 1,
        "0": 2,
        "4": 2
      },
      "initial_weight": 0.5357142857142857
    },
    "6298.114": {
      "votes": {
        "4": 2
      },
      "initial_weight": 1.0
    },
    "6298.8": {
      "votes": {
        "1": 1,
        "4": 2
      },
      "initial_weight": 0.75
    },
    "6298.23": {
      "votes": {
        "4": 1
      },
      "initial_weight": 1.0
    },
    "6298.2": {
      "votes": {},
      "initial_weight": 0.5
    },
    "6298.92": {
      "votes": {},
      "initial_weight": 0.5
    },
    "6298.86": {
      "votes": {
        "4": 1,
        "3": 1
      },
      "initial_weight": 0.875
    },
    "6298.89": {
      "votes": {
        "1": 1
      },
      "initial_weight": 0.25
    },
    "6298.91": {
      "votes": {
        "4": 3
      },
      "initial_weight": 1.0
    },
    "6298.325": {
      "votes": {
        "2": 1
      },
      "initial_weight": 0.5
    },
    "6298.24": {
      "votes": {
        "2": 1,
        "1": 1,
        "3": 2
      },
      "initial_weight": 0.5625
    },
    "6298.62": {
      "votes": {},
      "initial_weight": 0.5
    },
    "6298.319": {
      "votes": {
        "0": 1
      },
      "initial_weight": 0.0
    },
    "6298.135": {
      "votes": {
        "3": 1
      },
      "initial_weight": 0.75
    },
    "6298.413": {
      "votes": {},
      "initial_weight": 0.5
    },
    "6298.345": {
      "votes": {
        "3": 1
      },
      "initial_weight": 0.75
    },
    "6298.378": {
      "votes": {},
      "initial_weight": 0.5
    },
    "6298.387": {
      "votes": {
        "2": 1
      },
      "initial_weight": 0.5
    },
    "6298.81": {
      "votes": {},
      "initial_weight": 0.5
    },
    "6298.519": {
      "votes": {},
      "initial_weight": 0.5
    },
    "6298.71": {
      "votes": {
        "4": 1,
        "0": 1
      },
      "initial_weight": 0.5
    },
    "6298.28": {
      "votes": {},
      "initial_weight": 0.5
    },
    "6298.476": {
      "votes": {
        "4": 1
      },
      "initial_weight": 1.0
    },
    "6298.495": {
      "votes": {
        "3": 1
      },
      "initial_weight": 0.75
    },
    "6298.115": {
      "votes": {
        "2": 1,
        "4": 1
      },
      "initial_weight": 0.75
    },
    "6298.15": {
      "votes": {
        "1": 1
      },
      "initial_weight": 0.25
    },
    "6298.439": {
      "votes": {
        "4": 1
      },
      "initial_weight": 1.0
    },
    "6298.376": {
      "votes": {
        "3": 1
      },
      "initial_weight": 0.75
    },
    "6298.513": {
      "votes": {
        "2": 1
      },
      "initial_weight": 0.5
    },
    "6298.109": {
      "votes": {},
      "initial_weight": 0.5
    },
    "6298.113": {
      "votes": {},
      "initial_weight": 0.5
    },
    "6298.46": {
      "votes": {
        "4": 1,
        "3": 1
      },
      "initial_weight": 0.875
    },
    "6298.101": {
      "votes": {
        "0": 1
      },
      "initial_weight": 0.0
    },
    "6298.400": {
      "votes": {
        "0": 1
      },
      "initial_weight": 0.0
    },
    "6298.402": {
      "votes": {
        "2": 1
      },
      "initial_weight": 0.5
    },
    "6298.323": {
      "votes": {},
      "initial_weight": 0.5
    },
    "6298.117": {
      "votes": {},
      "initial_weight": 0.5
    },
    "6298.79": {
      "votes": {},
      "initial_weight": 0.5
    },
    "6298.82": {
      "votes": {},
      "initial_weight": 0.5
    },
    "6298.428": {
      "votes": {},
      "initial_weight": 0.5
    },
    "6298.430": {
      "votes": {},
      "initial_weight": 0.5
    },
    "6298.85": {
      "votes": {
        "1": 1
      },
      "initial_weight": 0.25
    },
    "6298.75": {
      "votes": {
        "1": 1
      },
      "initial_weight": 0.25
    },
    "6298.90": {
      "votes": {},
      "initial_weight": 0.5
    },
    "6298.478": {
      "votes": {},
      "initial_weight": 0.5
    },
    "6298.136": {
      "votes": {},
      "initial_weight": 0.5
    },
    "6298.40": {
      "votes": {},
      "initial_weight": 0.5
    },
    "6298.521": {
      "votes": {},
      "initial_weight": 0.5
    },
    "6298.480": {
      "votes": {
        "4": 1
      },
      "initial_weight": 1.0
    },
    "6298.482": {
      "votes": {
        "3": 1
      },
      "initial_weight": 0.75
    },
    "6298.25": {
      "votes": {
        "4": 1
      },
      "initial_weight": 1.0
    },
    "6298.370": {
      "votes": {},
      "initial_weight": 0.5
    },
    "6298.33": {
      "votes": {},
      "initial_weight": 0.5
    },
    "6298.166": {
      "votes": {},
      "initial_weight": 0.5
    },
    "6298.321": {
      "votes": {},
      "initial_weight": 0.5
    },
    "6298.471": {
      "votes": {},
      "initial_weight": 0.5
    },
    "6298.32": {
      "votes": {},
      "initial_weight": 0.5
    },
    "6298.306": {
      "votes": {},
      "initial_weight": 0.5
    },
    "6298.463": {
      "votes": {
        "2": 1
      },
      "initial_weight": 0.5
    },
    "6298.469": {
      "votes": {
        "2": 1
      },
      "initial_weight": 0.5
    },
    "6298.133": {
      "votes": {},
      "initial_weight": 0.5
    },
    "6298.389": {
      "votes": {},
      "initial_weight": 0.5
    },
    "6298.380": {
      "votes": {},
      "initial_weight": 0.5
    },
    "6298.78": {
      "votes": {},
      "initial_weight": 0.5
    },
    "6298.83": {
      "votes": {},
      "initial_weight": 0.5
    },
    "6298.509": {
      "votes": {},
      "initial_weight": 0.5
    },
    "6298.84": {
      "votes": {},
      "initial_weight": 0.5
    },
    "6298.507": {
      "votes": {},
      "initial_weight": 0.5
    },
    "6298.493": {
      "votes": {},
      "initial_weight": 0.5
    },
    "6298.501": {
      "votes": {},
      "initial_weight": 0.5
    },
    "6298.484": {
      "votes": {
        "4": 1
      },
      "initial_weight": 1.0
    },
    "6298.486": {
      "votes": {},
      "initial_weight": 0.5
    },
    "6298.125": {
      "votes": {
        "4": 1
      },
      "initial_weight": 1.0
    },
    "6298.491": {
      "votes": {},
      "initial_weight": 0.5
    },
    "6298.497": {
      "votes": {},
      "initial_weight": 0.5
    },
    "6298.499": {
      "votes": {
        "3": 1
      },
      "initial_weight": 0.75
    },
    "6298.126": {
      "votes": {
        "4": 1
      },
      "initial_weight": 1.0
    },
    "6298.140": {
      "votes": {},
      "initial_weight": 0.5
    },
    "6298.451": {
      "votes": {},
      "initial_weight": 0.5
    },
    "6298.453": {
      "votes": {},
      "initial_weight": 0.5
    },
    "6298.26": {
      "votes": {
        "2": 1,
        "4": 3
      },
      "initial_weight": 0.875
    },
    "6298.455": {
      "votes": {},
      "initial_weight": 0.5
    },
    "6298.37": {
      "votes": {
        "4": 1
      },
      "initial_weight": 1.0
    },
    "6298.347": {
      "votes": {
        "4": 1
      },
      "initial_weight": 1.0
    },
    "6298.505": {
      "votes": {
        "2": 1
      },
      "initial_weight": 0.5
    },