{
  "nodes": {
    "8457.0": {
      "votes": {},
      "initial_weight": 0.5
    },
    "8457.1": {
      "votes": {
        "3": 1,
        "0": 2
      },
      "initial_weight": 0.25
    },
    "8457.2": {
      "votes": {
        "4": 3,
        "1": 1,
        "2": 2,
        "3": 1
      },
      "initial_weight": 0.7142857142857143
    },
    "8457.3": {
      "votes": {
        "2": 1,
        "0": 3
      },
      "initial_weight": 0.125
    },
    "8457.5": {
      "votes": {
        "3": 1,
        "4": 4,
        "2": 1
      },
      "initial_weight": 0.875
    },
    "8457.6": {
      "votes": {
        "3": 1,
        "1": 1,
        "2": 1
      },
      "initial_weight": 0.5
    },
    "8457.14": {
      "votes": {
        "3": 3,
        "0": 1
      },
      "initial_weight": 0.5625
    },
    "8457.39": {
      "votes": {
        "0": 2,
        "2": 1
      },
      "initial_weight": 0.16666666666666666
    },
    "8457.69": {
      "votes": {
        "2": 2,
        "3": 1,
        "1": 2
      },
      "initial_weight": 0.45
    },
    "8457.85": {
      "votes": {
        "3": 1,
        "2": 2,
        "0": 1,
        "4": 2
      },
      "initial_weight": 0.625
    },
    "8457.103": {
      "votes": {
        "0": 1,
        "2": 1,
        "1": 4,
        "3": 1,
        "4": 1
      },
      "initial_weight": 0.40625
    },
    "8457.122": {
      "votes": {
        "4": 2,
        "0": 2,
        "3": 3
      },
      "initial_weight": 0.6071428571428571
    },
    "8457.149": {
      "votes": {
        "3": 1,
        "0": 3
      },
      "initial_weight": 0.1875
    },
    "8457.161": {
      "votes": {
        "0": 1,
        "4": 2,
        "2": 1,
        "3": 1
      },
      "initial_weight": 0.65
    },
    "8457.170": {
      "votes": {
        "4": 8,
        "0": 1
      },
      "initial_weight": 0.8888888888888888
    },
    "8457.178": {
      "votes": {
        "0": 2,
        "1": 1
      },
      "initial_weight": 0.08333333333333333
    },
    "8457.245": {
      "votes": {},
      "initial_weight": 0.5
    },
    "8457.35": {
      "votes": {},
      "initial_weight": 0.5
    },
    "8457.36": {
      "votes": {
        "1": 1
      },
      "initial_weight": 0.25
    },
    "8457.37": {
      "votes": {
        "2": 1
      },
      "initial_weight": 0.5
    },
    "8457.38": {
      "votes": {},
      "initial_weight": 0.5
    },
    "8457.47": {
      "votes": {},
      "initial_weight": 0.5
    },
    "8457.48": {
      "votes": {},
      "initial_weight": 0.5
    },
    "8457.176": {
      "votes": {},
      "initial_weight": 0.5
    },
    "8457.244": {
      "votes": {},
      "initial_weight": 0.5
    },
    "8457.24": {
      "votes": {},
      "initial_weight": 0.5
    },
    "8457.229": {
      "votes": {},
      "initial_weight": 0.5
    },
    "8457.10": {
      "votes": {
        "1": 1
      },
      "initial_weight": 0.25
    },
    "8457.11": {
      "votes": {},
      "initial_weight": 0.5
    },
    "8457.84": {
      "votes": {},
      "initial_weight": 0.5
    },
    "8457.177": {
      "votes": {},
      "initial_weight": 0.5
    },
    "8457.31": {
      "votes": {},
      "initial_weight": 0.5
    },
    "8457.56": {
      "votes": {},
      "initial_weight": 0.5
    },
    "8457.74": {
      "votes": {},
      "initial_weight": 0.5
    },
    "8457.109": {
      "votes": {},
      "initial_weight": 0.5
    },
    "8457.15": {
      "votes": {},
      "initial_weight": 0.5
    },
    "8457.42": {
      "votes": {},
      "initial_weight": 0.5
    },
    "8457.139": {
      "votes": {},
      "initial_weight": 0.5
    },
    "8457.154": {
      "votes": {},
      "initial_weight": 0.5
    },
    "8457.217": {
      "votes": {
        "4": 1
      },
      "initial_weight": 1.0
    },
    "8457.4": {
      "votes": {
        "0": 1
      },
      "initial_weight": 0.0
    },
    "8457.75": {
      "votes": {
        "2": 1
      },
      "initial_weight": 0.5
    },
    "8457.86": {
      "votes": {
        "2": 1
      },
      "initial_weight": 0.5
    },
    "8457.88": {
      "votes": {},
      "initial_weight": 0.5
    },
    "8457.129": {
      "votes": {
        "3": 1
      },
      "initial_weight": 0.75
    },
    "8457.105": {
      "votes": {},
      "initial_weight": 0.5
    },
    "8457.127": {
      "votes": {
        "3": 1
      },
      "initial_weight": 0.75
    },
    "8457.108": {
      "votes": {},
      "initial_weight": 0.5
    },
    "8457.117": {
      "votes": {},
      "initial_weight": 0.5
    },
    "8457.134": {
      "votes": {},
      "initial_weight": 0.5
    },
    "8457.216": {
      "votes": {
        "4": 1
      },
      "initial_weight": 1.0
    },
    "8457.238": {
      "votes": {},
      "initial_weight": 0.5
    },
    "8457.119": {
      "votes": {
        "4": 1,
        "2": 1
      },
      "initial_weight": 0.75
    },
    "8457.140": {
      "votes": {
        "4": 1
      },
      "initial_weight": 1.0
    },
    "8457.203": {
      "votes": {
        "3": 1
      },
      "initial_weight": 0.75
    },
    "8457.68": {
      "votes": {
        "4": 1
      },
      "initial_weight": 1.0
    },
    "8457.167": {
      "votes": {
        "3": 1,
        "4": 1
      },
      "initial_weight": 0.875
    },
    "8457.146": {
      "votes": {},
      "initial_weight": 0.5
    },
    "8457.166": {
      "votes": {},
      "initial_weight": 0.5
    },
    "8457.164": {
      "votes": {
        "4": 1
      },
      "initial_weight": 1.0
    },
    "8457.165": {
      "votes": {
        "4": 1
      },
      "initial_weight": 1.0
    },
    "8457.231": {
      "votes": {},
      "initial_weight": 0.5
    },
    "8457.206": {
      "votes": {},
      "initial_weight": 0.5
    },
    "8457.9": {
      "votes": {},
      "initial_weight": 0.5
    },
    "8457.49": {
      "votes": {},
      "initial_weight": 0.5
    },
    "8457.65": {
      "votes": {},
      "initial_weight": 0.5
    },
    "8457.66": {
      "votes": {},
      "initial_weight": 0.5
    },
    "8457.23": {
      "votes": {},
      "initial_weight": 0.5
    },
    "8457.27": {
      "votes": {},
      "initial_weight": 0.5
    },
    "8457.29": {
      "votes": {},
      "initial_weight": 0.5
    },
    "8457.30": {
      "votes": {},
      "initial_weight": 0.5
    },
    "8457.57": {
      "votes": {},
      "initial_weight": 0.5
    },
    "8457.18": {
      "votes": {},
      "initial_weight": 0.5
    },
    "8457.32": {
      "votes": {},
      "initial_weight": 0.5
    },
    "8457.78": {
      "votes": {},
      "initial_weight": 0.5
    },
    "8457.79": {
      "votes": {},
      "initial_weight": 0.5
    },
    "8457.192": {
      "votes": {},
      "initial_weight": 0.5
    },
    "8457.13": {
      "votes": {},
      "initial_weight": 0.5
    },
    "8457.34": {
      "votes": {},
      "initial_weight": 0.5
    },
    "8457.145": {
      "votes": {},
      "initial_weight": 0.5
    },
    "8457.72": {
      "votes": {},
      "initial_weight": 0.5
    },
    "8457.144": {
      "votes": {},
      "initial_weight": 0.5
    },
    "8457.89": {
      "votes": {},
      "initial_weight": 0.5
    },
    "8457.130": {
      "votes": {},
      "initial_weight": 0.5
    },
    "8457.143": {
      "votes": {},
      "initial_weight": 0.5
    },
    "8457.138": {
      "votes": {},
      "initial_weight": 0.5
    },
    "8457.201": {
      "votes": {
        "4": 1
      },
      "initial_weight": 1.0
    },
    "8457.204": {
      "votes": {},
      "initial_weight": 0.5
    },
    "8457.141": {
      "votes": {},
      "initial_weight": 0.5
    },
    "8457.187": {
      "votes": {},
      "initial_weight": 0.5
    },
    "8457.101": {
      "votes": {
        "4": 1
      },
      "initial_weight": 1.0
    },
    "8457.125": {
      "votes": {},
      "initial_weight": 0.5
    },
    "8457.163": {
      "votes": {},
      "initial_weight": 0.5
    },