{
  "nodes": {
    "8911.0": {
      "votes": {},
      "initial_weight": 0.5
    },
    "8911.1": {
      "votes": {
        "4": 3,
        "0": 15,
        "3": 1,
        "2": 2,
        "1": 1
      },
      "initial_weight": 0.22727272727272727
    },
    "8911.6": {
      "votes": {
        "1": 2,
        "0": 1,
        "4": 9
      },
      "initial_weight": 0.7916666666666666
    },
    "8911.7": {
      "votes": {
        "0": 2,
        "4": 14
      },
      "initial_weight": 0.875
    },
    "8911.10": {
      "votes": {
        "0": 4,
        "2": 1,
        "1": 2,
        "3": 1,
        "4": 1
      },
      "initial_weight": 0.3055555555555556
    },
    "8911.21": {
      "votes": {
        "0": 6,
        "4": 3,
        "1": 5
      },
      "initial_weight": 0.30357142857142855
    },
    "8911.24": {
      "votes": {
        "4": 7,
        "3": 1,
        "2": 2,
        "0": 2
      },
      "initial_weight": 0.7291666666666666
    },
    "8911.11": {
      "votes": {
        "0": 1,
        "4": 6,
        "1": 1,
        "2": 1,
        "3": 3
      },
      "initial_weight": 0.75
    },
    "8911.69": {
      "votes": {
        "0": 5,
        "2": 4,
        "3": 3,
        "4": 3
      },
      "initial_weight": 0.48333333333333334
    },
    "8911.322": {
      "votes": {},
      "initial_weight": 0.5
    },
    "8911.83": {
      "votes": {
        "0": 1
      },
      "initial_weight": 0.0
    },
    "8911.125": {
      "votes": {
        "0": 1
      },
      "initial_weight": 0.0
    },
    "8911.269": {
      "votes": {},
      "initial_weight": 0.5
    },
    "8911.294": {
      "votes": {},
      "initial_weight": 0.5
    },
    "8911.14": {
      "votes": {
        "2": 1,
        "0": 3
      },
      "initial_weight": 0.125
    },
    "8911.17": {
      "votes": {
        "4": 3
      },
      "initial_weight": 1.0
    },
    "8911.76": {
      "votes": {
        "0": 2
      },
      "initial_weight": 0.0
    },
    "8911.139": {
      "votes": {
        "0": 2
      },
      "initial_weight": 0.0
    },
    "8911.81": {
      "votes": {
        "4": 1
      },
      "initial_weight": 1.0
    },
    "8911.107": {
      "votes": {
        "4": 1
      },
      "initial_weight": 1.0
    },
    "8911.289": {
      "votes": {},
      "initial_weight": 0.5
    },
    "8911.53": {
      "votes": {
        "2": 1
      },
      "initial_weight": 0.5
    },
    "8911.333": {
      "votes": {},
      "initial_weight": 0.5
    },
    "8911.40": {
      "votes": {
        "2": 1,
        "4": 1
      },
      "initial_weight": 0.75
    },
    "8911.51": {
      "votes": {
        "3": 1,
        "4": 3
      },
      "initial_weight": 0.9375
    },
    "8911.56": {
      "votes": {
        "3": 1,
        "1": 1,
        "4": 1,
        "0": 1
      },
      "initial_weight": 0.5
    },
    "8911.66": {
      "votes": {
        "0": 1,
        "4": 1
      },
      "initial_weight": 0.5
    },
    "8911.114": {
      "votes": {
        "3": 1
      },
      "initial_weight": 0.75
    },
    "8911.15": {
      "votes": {
        "0": 1
      },
      "initial_weight": 0.0
    },
    "8911.13": {
      "votes": {
        "4": 3,
        "0": 1
      },
      "initial_weight": 0.75
    },
    "8911.50": {
      "votes": {
        "3": 1,
        "0": 1,
        "4": 2
      },
      "initial_weight": 0.6875
    },
    "8911.291": {
      "votes": {},
      "initial_weight": 0.5
    },
    "8911.9": {
      "votes": {
        "4": 1
      },
      "initial_weight": 1.0
    },
    "8911.29": {
      "votes": {
        "4": 1
      },
      "initial_weight": 1.0
    },
    "8911.38": {
      "votes": {
        "4": 1
      },
      "initial_weight": 1.0
    },
    "8911.37": {
      "votes": {
        "3": 1
      },
      "initial_weight": 0.75
    },
    "8911.84": {
      "votes": {
        "1": 1
      },
      "initial_weight": 0.25
    },
    "8911.57": {
      "votes": {
        "4": 1
      },
      "initial_weight": 1.0
    },
    "8911.75": {
      "votes": {
        "1": 1
      },
      "initial_weight": 0.25
    },
    "8911.86": {
      "votes": {
        "4": 4
      },
      "initial_weight": 1.0
    },
    "8911.91": {
      "votes": {
        "3": 1,
        "4": 1
      },
      "initial_weight": 0.875
    },
    "8911.263": {
      "votes": {},
      "initial_weight": 0.5
    },
    "8911.320": {
      "votes": {
        "1": 1
      },
      "initial_weight": 0.25
    },
    "8911.115": {
      "votes": {},
      "initial_weight": 0.5
    },
    "8911.314": {
      "votes": {
        "1": 1
      },
      "initial_weight": 0.25
    },
    "8911.138": {
      "votes": {},
      "initial_weight": 0.5
    },
    "8911.271": {
      "votes": {},
      "initial_weight": 0.5
    },
    "8911.298": {
      "votes": {},
      "initial_weight": 0.5
    },
    "8911.300": {
      "votes": {},
      "initial_weight": 0.5
    },
    "8911.312": {
      "votes": {},
      "initial_weight": 0.5
    },
    "8911.316": {
      "votes": {},
      "initial_weight": 0.5
    },
    "8911.35": {
      "votes": {},
      "initial_weight": 0.5
    },
    "8911.39": {
      "votes": {
        "4": 2
      },
      "initial_weight": 1.0
    },
    "8911.58": {
      "votes": {
        "3": 1
      },
      "initial_weight": 0.75
    },
    "8911.64": {
      "votes": {},
      "initial_weight": 0.5
    },
    "8911.67": {
      "votes": {
        "4": 1,
        "0": 1
      },
      "initial_weight": 0.5
    },
    "8911.16": {
      "votes": {},
      "initial_weight": 0.5
    },
    "8911.117": {
      "votes": {},
      "initial_weight": 0.5
    },
    "8911.285": {
      "votes": {},
      "initial_weight": 0.5
    },
    "8911.331": {
      "votes": {},
      "initial_weight": 0.5
    },
    "8911.343": {
      "votes": {},
      "initial_weight": 0.5
    },
    "8911.52": {
      "votes": {
        "0": 3
      },
      "initial_weight": 0.0
    },
    "8911.59": {
      "votes": {
        "3": 1,
        "4": 6
      },
      "initial_weight": 0.9642857142857143
    },
    "8911.100": {
      "votes": {
        "4": 1,
        "0": 1,
        "1": 1
      },
      "initial_weight": 0.4166666666666667
    },
    "8911.109": {
      "votes": {
        "2": 1,
        "4": 1
      },
      "initial_weight": 0.75
    },
    "8911.273": {
      "votes": {},
      "initial_weight": 0.5
    },
    "8911.339": {
      "votes": {
        "3": 1
      },
      "initial_weight": 0.75
    },
    "8911.337": {
      "votes": {},
      "initial_weight": 0.5
    },
    "8911.97": {
      "votes": {
        "4": 1
      },
      "initial_weight": 1.0
    },
    "8911.283": {
      "votes": {
        "4": 1
      },
      "initial_weight": 1.0
    },
    "8911.335": {
      "votes": {},
      "initial_weight": 0.5
    },
    "8911.30": {
      "votes": {
        "4": 1,
        "0": 2
      },
      "initial_weight": 0.3333333333333333
    },
    "8911.41": {
      "votes": {
        "4": 4
      },
      "initial_weight": 1.0
    },
    "8911.88": {
      "votes": {
        "4": 2
      },
      "initial_weight": 1.0
    },
    "8911.90": {
      "votes": {
        "4": 1
      },
      "initial_weight": 1.0
    },
    "8911.265": {
      "votes": {},
      "initial_weight": 0.5
    },
    "8911.310": {
      "votes": {
        "0": 1
      },
      "initial_weight": 0.0
    },
    "8911.8": {
      "votes": {},
      "initial_weight": 0.5
    },
    "8911.118": {
      "votes": {
        "4": 1
      },
      "initial_weight": 1.0
    },
    "8911.96": {
      "votes": {
        "0": 1
      },
      "initial_weight": 0.0
    },
    "8911.144": {
      "votes": {},
      "initial_weight": 0.5
    },
    "8911.119": {
      "votes": {},
      "initial_weight": 0.5
    },
    "8911.281": {
      "votes": {},
      "initial_weight": 0.5
    },
    "8911.329": {
      "votes": {},
      "initial_weight": 0.5
    },