min,max,mean,median,std,q25,q75
2,3545,81.9946833102173,23.0,168.5621594256034,8.0,80.0
