{
  "nodes": {
    "10154.0": {
      "votes": {},
      "initial_weight": 0.5,
      "final_weight": 0.5
    },
    "10154.1": {
      "votes": {
        "4": 3,
        "0": 1
      },
      "initial_weight": 0.75,
      "final_weight": 0.12384102798619812
    },
    "10154.6": {
      "votes": {
        "1": 1,
        "3": 1,
        "4": 1
      },
      "initial_weight": 0.6666666666666666,
      "final_weight": 0.881901387658695
    },
    "10154.8": {
      "votes": {
        "4": 2,
        "3": 2
      },
      "initial_weight": 0.875,
      "final_weight": 0.9080882352941176
    },
    "10154.11": {
      "votes": {
        "1": 1,
        "0": 1,
        "4": 3
      },
      "initial_weight": 0.65,
      "final_weight": 0.5698630136986301
    },
    "10154.14": {
      "votes": {
        "4": 1,
        "1": 1,
        "3": 2
      },
      "initial_weight": 0.6875,
      "final_weight": 0.1692307692307693
    },
    "10154.15": {
      "votes": {
        "3": 1,
        "4": 1,
        "0": 1
      },
      "initial_weight": 0.5833333333333334,
      "final_weight": 0.6732810124787767
    },
    "10154.38": {
      "votes": {
        "0": 1,
        "1": 1,
        "2": 1
      },
      "initial_weight": 0.25,
      "final_weight": 0.52
    },
    "10154.39": {
      "votes": {
        "4": 1,
        "1": 2
      },
      "initial_weight": 0.5,
      "final_weight": 0.38875212448286756
    },
    "10154.167": {
      "votes": {},
      "initial_weight": 0.5,
      "final_weight": 0.6
    },
    "10154.13": {
      "votes": {
        "3": 1
      },
      "initial_weight": 0.75,
      "final_weight": 0.6
    },
    "10154.57": {
      "votes": {
        "3": 1
      },
      "initial_weight": 0.75,
      "final_weight": 0.75
    },
    "10154.36": {
      "votes": {
        "4": 2,
        "1": 1
      },
      "initial_weight": 0.75,
      "final_weight": 0.6
    },
    "10154.75": {
      "votes": {
        "0": 1
      },
      "initial_weight": 0.0,
      "final_weight": 0.0
    },
    "10154.33": {
      "votes": {
        "0": 1,
        "3": 1
      },
      "initial_weight": 0.375,
      "final_weight": 0.375
    },
    "10154.72": {
      "votes": {
        "2": 1
      },
      "initial_weight": 0.5,
      "final_weight": 0.5
    },
    "10154.174": {
      "votes": {},
      "initial_weight": 0.5,
      "final_weight": 0.5
    },
    "10154.24": {
      "votes": {
        "3": 1
      },
      "initial_weight": 0.75,
      "final_weight": 0.75
    },
    "10154.161": {
      "votes": {},
      "initial_weight": 0.5,
      "final_weight": 0.5
    },
    "10154.163": {
      "votes": {},
      "initial_weight": 0.5,
      "final_weight": 0.5
    },
    "10154.9": {
      "votes": {
        "3": 1
      },
      "initial_weight": 0.75,
      "final_weight": 0.375
    },
    "10154.37": {
      "votes": {},
      "initial_weight": 0.5,
      "final_weight": 0.6
    },
    "10154.46": {
      "votes": {},
      "initial_weight": 0.5,
      "final_weight": 0.49969604875704643
    },
    "10154.53": {
      "votes": {
        "3": 1
      },
      "initial_weight": 0.75,
      "final_weight": 0.75
    },
    "10154.60": {
      "votes": {},
      "initial_weight": 0.5,
      "final_weight": 0.5
    },
    "10154.5": {
      "votes": {},
      "initial_weight": 0.5,
      "final_weight": 0.33557046979865773
    },
    "10154.42": {
      "votes": {
        "3": 1
      },
      "initial_weight": 0.75,
      "final_weight": 0.75
    },
    "10154.41": {
      "votes": {
        "4": 1,
        "0": 1,
        "3": 2
      },
      "initial_weight": 0.625,
      "final_weight": 0.625
    },
    "10154.62": {
      "votes": {
        "0": 1
      },
      "initial_weight": 0.0,
      "final_weight": 0.0
    },
    "10154.20": {
      "votes": {},
      "initial_weight": 0.5,
      "final_weight": 0.4976331360946746
    },
    "10154.22": {
      "votes": {},
      "initial_weight": 0.5,
      "final_weight": 0.09242144177449169
    },
    "10154.172": {
      "votes": {},
      "initial_weight": 0.5,
      "final_weight": 0.5
    },
    "10154.169": {
      "votes": {},
      "initial_weight": 0.5,
      "final_weight": 0.5
    },
    "10154.69": {
      "votes": {},
      "initial_weight": 0.5,
      "final_weight": 0.5
    },
    "10154.159": {
      "votes": {},
      "initial_weight": 0.5,
      "final_weight": 0.5
    },
    "10154.25": {
      "votes": {
        "4": 1
      },
      "initial_weight": 1.0,
      "final_weight": 1.0
    },
    "10154.45": {
      "votes": {},
      "initial_weight": 0.5,
      "final_weight": 0.5
    },
    "10154.4": {
      "votes": {
        "4": 1
      },
      "initial_weight": 1.0,
      "final_weight": 0.4753368238841029
    },
    "10154.56": {
      "votes": {},
      "initial_weight": 0.5,
      "final_weight": 0.5
    },
    "10154.35": {
      "votes": {
        "4": 1
      },
      "initial_weight": 1.0,
      "final_weight": 0.8
    },
    "10154.58": {
      "votes": {},
      "initial_weight": 0.5,
      "final_weight": 0.5
    },
    "10154.59": {
      "votes": {
        "2": 1
      },
      "initial_weight": 0.5,
      "final_weight": 0.25
    },
    "10154.67": {
      "votes": {},
      "initial_weight": 0.5,
      "final_weight": 0.75
    },
    "10154.21": {
      "votes": {},
      "initial_weight": 0.5,
      "final_weight": 0.43103448275862066
    },
    "10154.44": {
      "votes": {},
      "initial_weight": 0.5,
      "final_weight": 0.5
    },
    "10154.23": {
      "votes": {},
      "initial_weight": 0.5,
      "final_weight": 0.6
    },
    "10154.40": {
      "votes": {
        "4": 1
      },
      "initial_weight": 1.0,
      "final_weight": 1.0
    },
    "10154.84": {
      "votes": {},
      "initial_weight": 0.5,
      "final_weight": 0.5
    },
    "10154.29": {
      "votes": {},
      "initial_weight": 0.5,
      "final_weight": 0.5
    },
    "10154.31": {
      "votes": {},
      "initial_weight": 0.5,
      "final_weight": 0.5506052386543054
    },
    "10154.43": {
      "votes": {},
      "initial_weight": 0.5,
      "final_weight": 0.5
    },
    "10154.149": {
      "votes": {},
      "initial_weight": 0.5,
      "final_weight": 0.5
    },
    "10154.151": {
      "votes": {},
      "initial_weight": 0.5,
      "final_weight": 0.5
    },
    "10154.73": {
      "votes": {},
      "initial_weight": 0.5,
      "final_weight": 0.5
    },
    "10154.74": {
      "votes": {},
      "initial_weight": 0.5,
      "final_weight": 0.5
    },
    "10154.26": {
      "votes": {},
      "initial_weight": 0.5,
      "final_weight": 0.4
    },
    "10154.30": {
      "votes": {},
      "initial_weight": 0.5,
      "final_weight": 0.5
    },
    "10154.63": {
      "votes": {},
      "initial_weight": 0.5,
      "final_weight": 0.5
    }
  },
  "edges": {
    "10154.1": {
      "successor_id": "10154.0",
      "relation": 0.0
    },
    "10154.6": {
      "successor_id": "10154.1",
      "relation": -1.0
    },
    "10154.8": {
      "successor_id": "10154.1",
      "relation": -1.0
    },
    "10154.11": {
      "successor_id": "10154.1",
      "relation": -1.0
    },
    "10154.14": {
      "successor_id": "10154.1",
      "relation": 1.0
    },
    "10154.15": {
      "successor_id": "10154.1",
      "relation": 1.0
    },
    "10154.38": {
      "successor_id": "10154.1",
      "relation": -1.0
    },
    "10154.39": {
      "successor_id": "10154.1",
      "relation": 1.0
    },
    "10154.167": {
      "successor_id": "10154.1",
      "relation": -1.0
    },
    "10154.13": {
      "successor_id": "10154.6",
      "relation": 1.0
    },
    "10154.57": {
      "successor_id": "10154.6",
      "relation": 1.0
    },
    "10154.36": {
      "successor_id": "10154.8",
      "relation": 1.0
    },
    "10154.75": {
      "successor_id": "10154.8",
      "relation": -1.0
    },
    "10154.33": {
      "successor_id": "10154.11",
      "relation": -1.0
    },