{
  "nodes": {
    "10373.0": {
      "votes": {},
      "initial_weight": 0.5,
      "final_weight": 0.5
    },
    "10373.1": {
      "votes": {
        "4": 1
      },
      "initial_weight": 1.0,
      "final_weight": 1.0
    },
    "10373.3": {
      "votes": {},
      "initial_weight": 0.5,
      "final_weight": 0.47058823529411764
    },
    "10373.8": {
      "votes": {
        "4": 1
      },
      "initial_weight": 1.0,
      "final_weight": 1.0
    },
    "10373.13": {
      "votes": {
        "4": 1
      },
      "initial_weight": 1.0,
      "final_weight": 0.8
    },
    "10373.14": {
      "votes": {
        "2": 1
      },
      "initial_weight": 0.5,
      "final_weight": 0.5243470131084319
    },
    "10373.15": {
      "votes": {
        "3": 1
      },
      "initial_weight": 0.75,
      "final_weight": 0.8083688076679524
    },
    "10373.16": {
      "votes": {
        "2": 1
      },
      "initial_weight": 0.5,
      "final_weight": 0.12307692307692308
    },
    "10373.41": {
      "votes": {},
      "initial_weight": 0.5,
      "final_weight": 0.6000000000000001
    },
    "10373.51": {
      "votes": {},
      "initial_weight": 0.5,
      "final_weight": 0.5
    },
    "10373.91": {
      "votes": {},
      "initial_weight": 0.5,
      "final_weight": 0.5
    },
    "10373.7": {
      "votes": {
        "4": 1
      },
      "initial_weight": 1.0,
      "final_weight": 1.0
    },
    "10373.21": {
      "votes": {
        "3": 1
      },
      "initial_weight": 0.75,
      "final_weight": 0.75
    },
    "10373.37": {
      "votes": {},
      "initial_weight": 0.5,
      "final_weight": 0.5
    },
    "10373.17": {
      "votes": {
        "3": 1
      },
      "initial_weight": 0.75,
      "final_weight": 0.4247787610619469
    },
    "10373.4": {
      "votes": {
        "4": 1
      },
      "initial_weight": 1.0,
      "final_weight": 0.8471438996881842
    },
    "10373.40": {
      "votes": {},
      "initial_weight": 0.5,
      "final_weight": 0.5
    },
    "10373.28": {
      "votes": {
        "2": 1
      },
      "initial_weight": 0.5,
      "final_weight": 0.5
    },
    "10373.31": {
      "votes": {},
      "initial_weight": 0.5,
      "final_weight": 0.7737556561085973
    },
    "10373.93": {
      "votes": {},
      "initial_weight": 0.5,
      "final_weight": 0.5
    },
    "10373.29": {
      "votes": {
        "2": 1
      },
      "initial_weight": 0.5,
      "final_weight": 0.2762430939226519
    },
    "10373.32": {
      "votes": {
        "4": 1
      },
      "initial_weight": 1.0,
      "final_weight": 0.8
    },
    "10373.27": {
      "votes": {
        "3": 1
      },
      "initial_weight": 0.75,
      "final_weight": 0.75
    },
    "10373.30": {
      "votes": {
        "4": 1
      },
      "initial_weight": 1.0,
      "final_weight": 1.0
    },
    "10373.42": {
      "votes": {},
      "initial_weight": 0.5,
      "final_weight": 0.5
    },
    "10373.47": {
      "votes": {},
      "initial_weight": 0.5,
      "final_weight": 0.6
    },
    "10373.52": {
      "votes": {},
      "initial_weight": 0.5,
      "final_weight": 0.6
    },
    "10373.18": {
      "votes": {
        "4": 1,
        "3": 1
      },
      "initial_weight": 0.875,
      "final_weight": 0.875
    },
    "10373.45": {
      "votes": {},
      "initial_weight": 0.5,
      "final_weight": 0.6
    },
    "10373.46": {
      "votes": {},
      "initial_weight": 0.5,
      "final_weight": 0.5
    },
    "10373.33": {
      "votes": {},
      "initial_weight": 0.5,
      "final_weight": 0.4
    },
    "10373.38": {
      "votes": {},
      "initial_weight": 0.5,
      "final_weight": 0.5
    },
    "10373.44": {
      "votes": {},
      "initial_weight": 0.5,
      "final_weight": 0.5
    },
    "10373.43": {
      "votes": {},
      "initial_weight": 0.5,
      "final_weight": 0.5
    },
    "10373.48": {
      "votes": {},
      "initial_weight": 0.5,
      "final_weight": 0.5
    },
    "10373.53": {
      "votes": {},
      "initial_weight": 0.5,
      "final_weight": 0.5
    },
    "10373.35": {
      "votes": {},
      "initial_weight": 0.5,
      "final_weight": 0.5
    }
  },
  "edges": {
    "10373.1": {
      "successor_id": "10373.0",
      "relation": 0.0
    },
    "10373.3": {
      "successor_id": "10373.8",
      "relation": -1.0
    },
    "10373.8": {
      "successor_id": "10373.1",
      "relation": 1.0
    },
    "10373.13": {
      "successor_id": "10373.1",
      "relation": 1.0
    },
    "10373.14": {
      "successor_id": "10373.15",
      "relation": -1.0
    },
    "10373.15": {
      "successor_id": "10373.1",
      "relation": 1.0
    },
    "10373.16": {
      "successor_id": "10373.1",
      "relation": -1.0
    },
    "10373.41": {
      "successor_id": "10373.1",
      "relation": 1.0
    },
    "10373.51": {
      "successor_id": "10373.1",
      "relation": -1.0
    },
    "10373.91": {
      "successor_id": "10373.1",
      "relation": 1.0
    },
    "10373.7": {
      "successor_id": "10373.3",
      "relation": 1.0
    },
    "10373.21": {
      "successor_id": "10373.3",
      "relation": -1.0
    },
    "10373.37": {
      "successor_id": "10373.3",
      "relation": -1.0
    },
    "10373.17": {
      "successor_id": "10373.4",
      "relation": -1.0
    },
    "10373.4": {
      "successor_id": "10373.8",
      "relation": 1.0
    },
    "10373.40": {
      "successor_id": "10373.13",
      "relation": -1.0
    },
    "10373.28": {
      "successor_id": "10373.14",
      "relation": 1.0
    },
    "10373.31": {
      "successor_id": "10373.14",
      "relation": -1.0
    },
    "10373.93": {
      "successor_id": "10373.14",
      "relation": 1.0
    },
    "10373.29": {
      "successor_id": "10373.15",
      "relation": 1.0
    },
    "10373.32": {
      "successor_id": "10373.15",
      "relation": 1.0
    },
    "10373.27": {
      "successor_id": "10373.16",
      "relation": -1.0
    },
    "10373.30": {
      "successor_id": "10373.16",
      "relation": -1.0
    },
    "10373.42": {
      "successor_id": "10373.41",
      "relation": 1.0
    },
    "10373.47": {
      "successor_id": "10373.41",
      "relation": 1.0
    },
    "10373.52": {
      "successor_id": "10373.41",
      "relation": -1.0
    },
    "10373.18": {
      "successor_id": "10373.17",
      "relation": -1.0
    },
    "10373.45": {
      "successor_id": "10373.31",
      "relation": 1.0
    },
    "10373.46": {
      "successor_id": "10373.31",
      "relation": 1.0
    },
    "10373.33": {
      "successor_id": "10373.29",
      "relation": -1.0
    },
    "10373.38": {
      "successor_id": "10373.29",
      "relation": -1.0
    },
    "10373.44": {
      "successor_id": "10373.45",
      "relation": 1.0
    },
    "10373.43": {
      "successor_id": "10373.32",
      "relation": -1.0
    },
    "10373.48": {
      "successor_id": "10373.47",
      "relation": 1.0
    },
    "10373.53": {
      "successor_id": "10373.52",
      "relation": 1.0
    },
    "10373.35": {
      "successor_id": "10373.33",
      "relation": -1.0
    }
  }
}