{
  "nodes": {
    "12218.0": {
      "votes": {},
      "initial_weight": 0.5,
      "final_weight": 0.5
    },
    "12218.1": {
      "votes": {
        "3": 1
      },
      "initial_weight": 0.75,
      "final_weight": 0.8294504510547756
    },
    "12218.2": {
      "votes": {
        "3": 1,
        "4": 2
      },
      "initial_weight": 0.9166666666666666,
      "final_weight": 0.6740196078431372
    },
    "12218.3": {
      "votes": {
        "4": 1,
        "0": 1,
        "3": 1
      },
      "initial_weight": 0.5833333333333334,
      "final_weight": 0.8114630467571644
    },
    "12218.4": {
      "votes": {
        "3": 1,
        "2": 1
      },
      "initial_weight": 0.625,
      "final_weight": 0.625
    },
    "12218.5": {
      "votes": {
        "0": 1,
        "1": 1
      },
      "initial_weight": 0.125,
      "final_weight": 0.30000000000000004
    },
    "12218.6": {
      "votes": {
        "1": 1,
        "4": 2
      },
      "initial_weight": 0.75,
      "final_weight": 0.7524752475247525
    },
    "12218.7": {
      "votes": {
        "2": 1,
        "3": 1,
        "4": 3
      },
      "initial_weight": 0.85,
      "final_weight": 0.6799999999999999
    },
    "12218.8": {
      "votes": {
        "4": 2,
        "0": 1,
        "3": 1
      },
      "initial_weight": 0.6875,
      "final_weight": 0.13749999999999996
    },
    "12218.9": {
      "votes": {
        "4": 1,
        "3": 1
      },
      "initial_weight": 0.875,
      "final_weight": 0.7
    },
    "12218.30": {
      "votes": {
        "1": 1
      },
      "initial_weight": 0.25,
      "final_weight": 0.25
    },
    "12218.29": {
      "votes": {},
      "initial_weight": 0.5,
      "final_weight": 0.5
    },
    "12218.33": {
      "votes": {},
      "initial_weight": 0.5,
      "final_weight": 0.5
    },
    "12218.36": {
      "votes": {},
      "initial_weight": 0.5,
      "final_weight": 0.6
    },
    "12218.31": {
      "votes": {},
      "initial_weight": 0.5,
      "final_weight": 0.5
    },
    "12218.38": {
      "votes": {},
      "initial_weight": 0.5,
      "final_weight": 0.6
    },
    "12218.14": {
      "votes": {},
      "initial_weight": 0.5,
      "final_weight": 0.5
    },
    "12218.34": {
      "votes": {},
      "initial_weight": 0.5,
      "final_weight": 0.5
    },
    "12218.16": {
      "votes": {},
      "initial_weight": 0.5,
      "final_weight": 0.5
    },
    "12218.11": {
      "votes": {},
      "initial_weight": 0.5,
      "final_weight": 0.4
    },
    "12218.19": {
      "votes": {},
      "initial_weight": 0.5,
      "final_weight": 0.5
    },
    "12218.10": {
      "votes": {},
      "initial_weight": 0.5,
      "final_weight": 0.5
    },
    "12218.35": {
      "votes": {},
      "initial_weight": 0.5,
      "final_weight": 0.5
    },
    "12218.32": {
      "votes": {},
      "initial_weight": 0.5,
      "final_weight": 0.5
    },
    "12218.28": {
      "votes": {
        "4": 1
      },
      "initial_weight": 1.0,
      "final_weight": 1.0
    },
    "12218.80": {
      "votes": {
        "4": 1
      },
      "initial_weight": 1.0,
      "final_weight": 1.0
    },
    "12218.40": {
      "votes": {},
      "initial_weight": 0.5,
      "final_weight": 0.5
    },
    "12218.41": {
      "votes": {},
      "initial_weight": 0.5,
      "final_weight": 0.5
    },
    "12218.42": {
      "votes": {},
      "initial_weight": 0.5,
      "final_weight": 0.5
    },
    "12218.37": {
      "votes": {},
      "initial_weight": 0.5,
      "final_weight": 0.5
    },
    "12218.39": {
      "votes": {},
      "initial_weight": 0.5,
      "final_weight": 0.5
    },
    "12218.17": {
      "votes": {},
      "initial_weight": 0.5,
      "final_weight": 0.5
    },
    "12218.15": {
      "votes": {},
      "initial_weight": 0.5,
      "final_weight": 0.5
    },
    "12218.18": {
      "votes": {},
      "initial_weight": 0.5,
      "final_weight": 0.5
    },
    "12218.82": {
      "votes": {
        "4": 1
      },
      "initial_weight": 1.0,
      "final_weight": 1.0
    },
    "12218.84": {
      "votes": {
        "4": 1
      },
      "initial_weight": 1.0,
      "final_weight": 1.0
    }
  },
  "edges": {
    "12218.1": {
      "successor_id": "12218.0",
      "relation": 0.0
    },
    "12218.2": {
      "successor_id": "12218.1",
      "relation": 1.0
    },
    "12218.3": {
      "successor_id": "12218.1",
      "relation": -1.0
    },
    "12218.4": {
      "successor_id": "12218.1",
      "relation": -1.0
    },
    "12218.5": {
      "successor_id": "12218.1",
      "relation": -1.0
    },
    "12218.6": {
      "successor_id": "12218.1",
      "relation": 1.0
    },
    "12218.7": {
      "successor_id": "12218.1",
      "relation": 1.0
    },
    "12218.8": {
      "successor_id": "12218.1",
      "relation": -1.0
    },
    "12218.9": {
      "successor_id": "12218.1",
      "relation": 1.0
    },
    "12218.30": {
      "successor_id": "12218.1",
      "relation": -1.0
    },
    "12218.29": {
      "successor_id": "12218.2",
      "relation": -1.0
    },
    "12218.33": {
      "successor_id": "12218.2",
      "relation": 1.0
    },
    "12218.36": {
      "successor_id": "12218.2",
      "relation": -1.0
    },
    "12218.31": {
      "successor_id": "12218.3",
      "relation": 1.0
    },
    "12218.38": {
      "successor_id": "12218.3",
      "relation": 1.0
    },
    "12218.14": {
      "successor_id": "12218.4",
      "relation": -1.0
    },
    "12218.34": {
      "successor_id": "12218.4",
      "relation": 1.0
    },
    "12218.16": {
      "successor_id": "12218.5",
      "relation": 1.0
    },
    "12218.11": {
      "successor_id": "12218.6",
      "relation": -1.0
    },
    "12218.19": {
      "successor_id": "12218.6",
      "relation": 1.0
    },
    "12218.10": {
      "successor_id": "12218.6",
      "relation": -1.0
    },
    "12218.35": {
      "successor_id": "12218.6",
      "relation": 1.0
    },
    "12218.32": {
      "successor_id": "12218.7",
      "relation": -1.0
    },
    "12218.28": {
      "successor_id": "12218.8",
      "relation": -1.0
    },
    "12218.80": {
      "successor_id": "12218.8",
      "relation": -1.0
    },
    "12218.40": {
      "successor_id": "12218.9",
      "relation": -1.0
    },
    "12218.41": {
      "successor_id": "12218.9",
      "relation": -1.0
    },
    "12218.42": {
      "successor_id": "12218.9",
      "relation": 1.0
    },
    "12218.37": {
      "successor_id": "12218.36",
      "relation": 1.0
    },
    "12218.39": {
      "successor_id": "12218.38",
      "relation": 1.0
    },
    "12218.17": {
      "successor_id": "12218.11",
      "relation": -1.0
    },
    "12218.15": {
      "successor_id": "12218.10",
      "relation": -1.0
    },
    "12218.18": {
      "successor_id": "12218.10",
      "relation": 1.0
    },
    "12218.82": {
      "successor_id": "12218.80",
      "relation": 1.0
    },
    "12218.84": {
      "successor_id": "12218.80",
      "relation": -1.0
    }
  }
}