{
  "nodes": {
    "12650.0": {
      "votes": {},
      "initial_weight": 0.5,
      "final_weight": 0.5
    },
    "12650.1": {
      "votes": {
        "2": 1
      },
      "initial_weight": 0.5,
      "final_weight": 0.8524673763296371
    },
    "12650.2": {
      "votes": {
        "3": 1
      },
      "initial_weight": 0.75,
      "final_weight": 0.9546307329859745
    },
    "12650.3": {
      "votes": {
        "2": 1
      },
      "initial_weight": 0.5,
      "final_weight": 0.09242144177449169
    },
    "12650.6": {
      "votes": {
        "3": 1
      },
      "initial_weight": 0.75,
      "final_weight": 0.7913421256788208
    },
    "12650.7": {
      "votes": {
        "2": 1
      },
      "initial_weight": 0.5,
      "final_weight": 0.5032497179996778
    },
    "12650.9": {
      "votes": {
        "2": 1
      },
      "initial_weight": 0.5,
      "final_weight": 0.69294930876803
    },
    "12650.10": {
      "votes": {
        "2": 1
      },
      "initial_weight": 0.5,
      "final_weight": 0.6648930542128249
    },
    "12650.19": {
      "votes": {
        "3": 1,
        "1": 1
      },
      "initial_weight": 0.5,
      "final_weight": 0.9434920650788732
    },
    "12650.20": {
      "votes": {
        "3": 1
      },
      "initial_weight": 0.75,
      "final_weight": 0.75
    },
    "12650.96": {
      "votes": {},
      "initial_weight": 0.5,
      "final_weight": 0.6
    },
    "12650.123": {
      "votes": {},
      "initial_weight": 0.5,
      "final_weight": 0.6
    },
    "12650.37": {
      "votes": {},
      "initial_weight": 0.5,
      "final_weight": 0.7737556561085973
    },
    "12650.224": {
      "votes": {},
      "initial_weight": 0.5,
      "final_weight": 0.6
    },
    "12650.24": {
      "votes": {
        "3": 1
      },
      "initial_weight": 0.75,
      "final_weight": 0.75
    },
    "12650.27": {
      "votes": {
        "4": 1
      },
      "initial_weight": 1.0,
      "final_weight": 1.0
    },
    "12650.43": {
      "votes": {},
      "initial_weight": 0.5,
      "final_weight": 0.25
    },
    "12650.157": {
      "votes": {},
      "initial_weight": 0.5,
      "final_weight": 0.5
    },
    "12650.202": {
      "votes": {},
      "initial_weight": 0.5,
      "final_weight": 0.5
    },
    "12650.214": {
      "votes": {},
      "initial_weight": 0.5,
      "final_weight": 0.6
    },
    "12650.17": {
      "votes": {
        "2": 1
      },
      "initial_weight": 0.5,
      "final_weight": 0.8048780487804879
    },
    "12650.135": {
      "votes": {},
      "initial_weight": 0.5,
      "final_weight": 0.5
    },
    "12650.147": {
      "votes": {
        "3": 1
      },
      "initial_weight": 0.75,
      "final_weight": 0.75
    },
    "12650.12": {
      "votes": {
        "2": 1
      },
      "initial_weight": 0.5,
      "final_weight": 0.6323529411764706
    },
    "12650.26": {
      "votes": {
        "3": 1
      },
      "initial_weight": 0.75,
      "final_weight": 0.551470588235294
    },
    "12650.11": {
      "votes": {
        "1": 1
      },
      "initial_weight": 0.25,
      "final_weight": 0.18382352941176472
    },
    "12650.16": {
      "votes": {
        "3": 1
      },
      "initial_weight": 0.75,
      "final_weight": 0.75
    },
    "12650.86": {
      "votes": {},
      "initial_weight": 0.5,
      "final_weight": 0.8048780487804879
    },
    "12650.117": {
      "votes": {},
      "initial_weight": 0.5,
      "final_weight": 0.75
    },
    "12650.127": {
      "votes": {},
      "initial_weight": 0.5,
      "final_weight": 0.5783404361995488
    },
    "12650.149": {
      "votes": {},
      "initial_weight": 0.5,
      "final_weight": 0.75
    },
    "12650.25": {
      "votes": {
        "3": 1
      },
      "initial_weight": 0.75,
      "final_weight": 0.5514705882352942
    },
    "12650.28": {
      "votes": {
        "3": 1
      },
      "initial_weight": 0.75,
      "final_weight": 0.75
    },
    "12650.29": {
      "votes": {
        "2": 1
      },
      "initial_weight": 0.5,
      "final_weight": 0.5
    },
    "12650.18": {
      "votes": {},
      "initial_weight": 0.5,
      "final_weight": 0.5
    },
    "12650.220": {
      "votes": {},
      "initial_weight": 0.5,
      "final_weight": 0.6
    },
    "12650.33": {
      "votes": {
        "4": 1
      },
      "initial_weight": 1.0,
      "final_weight": 1.0
    },
    "12650.40": {
      "votes": {
        "2": 1
      },
      "initial_weight": 0.5,
      "final_weight": 0.6323529411764706
    },
    "12650.102": {
      "votes": {},
      "initial_weight": 0.5,
      "final_weight": 0.6323529411764706
    },
    "12650.115": {
      "votes": {},
      "initial_weight": 0.5,
      "final_weight": 0.5
    },
    "12650.121": {
      "votes": {},
      "initial_weight": 0.5,
      "final_weight": 0.5
    },
    "12650.181": {
      "votes": {},
      "initial_weight": 0.5,
      "final_weight": 0.801484402100556
    },
    "12650.98": {
      "votes": {},
      "initial_weight": 0.5,
      "final_weight": 0.5
    },
    "12650.125": {
      "votes": {},
      "initial_weight": 0.5,
      "final_weight": 0.5
    },
    "12650.45": {
      "votes": {},
      "initial_weight": 0.5,
      "final_weight": 0.6
    },
    "12650.145": {
      "votes": {},
      "initial_weight": 0.5,
      "final_weight": 0.5
    },
    "12650.226": {
      "votes": {},
      "initial_weight": 0.5,
      "final_weight": 0.5
    },
    "12650.141": {
      "votes": {},
      "initial_weight": 0.5,
      "final_weight": 0.5
    },
    "12650.155": {
      "votes": {},
      "initial_weight": 0.5,
      "final_weight": 0.5
    },
    "12650.173": {
      "votes": {},
      "initial_weight": 0.5,
      "final_weight": 0.5
    },
    "12650.204": {
      "votes": {},
      "initial_weight": 0.5,
      "final_weight": 0.5
    },
    "12650.218": {
      "votes": {},
      "initial_weight": 0.5,
      "final_weight": 0.5
    },
    "12650.216": {
      "votes": {},
      "initial_weight": 0.5,
      "final_weight": 0.5
    },
    "12650.21": {
      "votes": {
        "3": 1
      },
      "initial_weight": 0.75,
      "final_weight": 0.75
    },
    "12650.100": {
      "votes": {},
      "initial_weight": 0.5,
      "final_weight": 0.5
    },
    "12650.175": {
      "votes": {},
      "initial_weight": 0.5,
      "final_weight": 0.6
    },
    "12650.44": {
      "votes": {},
      "initial_weight": 0.5,
      "final_weight": 0.5
    },
    "12650.113": {
      "votes": {},
      "initial_weight": 0.5,
      "final_weight": 0.5
    },
    "12650.167": {
      "votes": {},
      "initial_weight": 0.5,
      "final_weight": 0.6
    },
    "12650.30": {
      "votes": {
        "2": 1
      },
      "initial_weight": 0.5,
      "final_weight": 0.5
    },
    "12650.109": {
      "votes": {},
      "initial_weight": 0.5,
      "final_weight": 0.4
    },
    "12650.171": {
      "votes": {},
      "initial_weight": 0.5,
      "final_weight": 0.5
    },
    "12650.23": {
      "votes": {
        "2": 1
      },
      "initial_weight": 0.5,
      "final_weight": 0.5
    },
    "12650.133": {
      "votes": {},
      "initial_weight": 0.5,
      "final_weight": 0.5
    },
    "12650.88": {
      "votes": {},
      "initial_weight": 0.5,
      "final_weight": 0.5
    },
    "12650.90": {
      "votes": {},
      "initial_weight": 0.5,
      "final_weight": 0.75
    },
    "12650.119": {
      "votes": {},
      "initial_weight": 0.5,
      "final_weight": 0.5
    },
    "12650.165": {
      "votes": {},
      "initial_weight": 0.5,
      "final_weight": 0.5
    },
    "12650.129": {
      "votes": {},
      "initial_weight": 0.5,
      "final_weight": 0.43103448275862066
    },
    "12650.161": {
      "votes": {},
      "initial_weight": 0.5,
      "final_weight": 0.5
    },
    "12650.206": {
      "votes": {},
      "initial_weight": 0.5,
      "final_weight": 0.5
    },
    "12650.151": {
      "votes": {},