{
  "nodes": {
    "13237.0": {
      "votes": {},
      "initial_weight": 0.5,
      "final_weight": 0.5
    },
    "13237.1": {
      "votes": {
        "2": 1,
        "0": 3,
        "4": 5,
        "3": 2
      },
      "initial_weight": 0.6363636363636364,
      "final_weight": 0.18621601372907998
    },
    "13237.2": {
      "votes": {
        "2": 1,
        "3": 1,
        "0": 4
      },
      "initial_weight": 0.20833333333333334,
      "final_weight": 0.19607843137254902
    },
    "13237.3": {
      "votes": {
        "4": 1,
        "0": 3,
        "3": 2
      },
      "initial_weight": 0.4166666666666667,
      "final_weight": 0.2359882005899705
    },
    "13237.5": {
      "votes": {
        "0": 1,
        "4": 2
      },
      "initial_weight": 0.6666666666666666,
      "final_weight": 0.6666666666666666
    },
    "13237.7": {
      "votes": {
        "0": 1,
        "2": 1,
        "1": 1,
        "4": 2
      },
      "initial_weight": 0.55,
      "final_weight": 0.7895010395010394
    },
    "13237.9": {
      "votes": {
        "3": 1,
        "4": 3,
        "-2": 1,
        "0": 1,
        "2": 1
      },
      "initial_weight": 0.7083333333333334,
      "final_weight": 0.864097025812921
    },
    "13237.15": {
      "votes": {
        "1": 1,
        "3": 1,
        "4": 3,
        "2": 1
      },
      "initial_weight": 0.75,
      "final_weight": 0.7383207361319479
    },
    "13237.30": {
      "votes": {
        "4": 1,
        "0": 2,
        "1": 1
      },
      "initial_weight": 0.3125,
      "final_weight": 0.41545778084358886
    },
    "13237.42": {
      "votes": {
        "3": 2,
        "1": 1,
        "4": 2,
        "0": 1,
        "2": 1
      },
      "initial_weight": 0.6071428571428571,
      "final_weight": 0.6857142857142857
    },
    "13237.43": {
      "votes": {
        "0": 1,
        "4": 1,
        "3": 2
      },
      "initial_weight": 0.625,
      "final_weight": 0.76
    },
    "13237.44": {
      "votes": {
        "3": 3
      },
      "initial_weight": 0.75,
      "final_weight": 0.84
    },
    "13237.78": {
      "votes": {
        "0": 1,
        "2": 2,
        "1": 1,
        "3": 2,
        "4": 2
      },
      "initial_weight": 0.59375,
      "final_weight": 0.610648918469218
    },
    "13237.130": {
      "votes": {
        "0": 1,
        "1": 1
      },
      "initial_weight": 0.125,
      "final_weight": 0.5625
    },
    "13237.223": {
      "votes": {},
      "initial_weight": 0.5,
      "final_weight": 0.5
    },
    "13237.11": {
      "votes": {
        "2": 1
      },
      "initial_weight": 0.5,
      "final_weight": 0.5
    },
    "13237.12": {
      "votes": {
        "0": 1,
        "2": 1
      },
      "initial_weight": 0.25,
      "final_weight": 0.25
    },
    "13237.16": {
      "votes": {
        "4": 1,
        "3": 1
      },
      "initial_weight": 0.875,
      "final_weight": 0.875
    },
    "13237.26": {
      "votes": {
        "2": 1,
        "4": 1
      },
      "initial_weight": 0.75,
      "final_weight": 0.75
    },
    "13237.47": {
      "votes": {
        "3": 1
      },
      "initial_weight": 0.75,
      "final_weight": 0.75
    },
    "13237.13": {
      "votes": {
        "2": 1
      },
      "initial_weight": 0.5,
      "final_weight": 0.5
    },
    "13237.41": {
      "votes": {
        "0": 1
      },
      "initial_weight": 0.0,
      "final_weight": 0.0
    },
    "13237.54": {
      "votes": {
        "0": 1
      },
      "initial_weight": 0.0,
      "final_weight": 0.5
    },
    "13237.24": {
      "votes": {
        "1": 1,
        "4": 1,
        "2": 1
      },
      "initial_weight": 0.5833333333333334,
      "final_weight": 0.4666666666666667
    },
    "13237.69": {
      "votes": {},
      "initial_weight": 0.5,
      "final_weight": 0.5
    },
    "13237.76": {
      "votes": {
        "4": 1
      },
      "initial_weight": 1.0,
      "final_weight": 0.8
    },
    "13237.124": {
      "votes": {
        "2": 1
      },
      "initial_weight": 0.5,
      "final_weight": 0.9
    },
    "13237.18": {
      "votes": {
        "2": 1,
        "1": 1,
        "4": 1
      },
      "initial_weight": 0.5833333333333334,
      "final_weight": 0.5833333333333334
    },
    "13237.19": {
      "votes": {
        "0": 2
      },
      "initial_weight": 0.0,
      "final_weight": 0.2
    },
    "13237.20": {
      "votes": {
        "0": 2
      },
      "initial_weight": 0.0,
      "final_weight": 0.0
    },
    "13237.32": {
      "votes": {
        "0": 1
      },
      "initial_weight": 0.0,
      "final_weight": 0.0
    },
    "13237.17": {
      "votes": {},
      "initial_weight": 0.5,
      "final_weight": 0.6872454599011296
    },
    "13237.27": {
      "votes": {
        "0": 1,
        "2": 1
      },
      "initial_weight": 0.25,
      "final_weight": 0.0975609756097561
    },
    "13237.28": {
      "votes": {
        "1": 1,
        "0": 1,
        "4": 1,
        "3": 2
      },
      "initial_weight": 0.55,
      "final_weight": 0.64
    },
    "13237.34": {
      "votes": {
        "4": 1
      },
      "initial_weight": 1.0,
      "final_weight": 1.0
    },
    "13237.63": {
      "votes": {
        "1": 1,
        "3": 2
      },
      "initial_weight": 0.5833333333333334,
      "final_weight": 0.5833333333333334
    },
    "13237.8": {
      "votes": {
        "1": 1
      },
      "initial_weight": 0.25,
      "final_weight": 0.25
    },
    "13237.4": {
      "votes": {
        "2": 1
      },
      "initial_weight": 0.5,
      "final_weight": 0.5
    },
    "13237.58": {
      "votes": {
        "2": 1,
        "3": 1
      },
      "initial_weight": 0.625,
      "final_weight": 0.830316742081448
    },
    "13237.64": {
      "votes": {
        "2": 1,
        "1": 1
      },
      "initial_weight": 0.375,
      "final_weight": 0.5
    },
    "13237.180": {
      "votes": {},
      "initial_weight": 0.5,
      "final_weight": 0.5
    },
    "13237.45": {
      "votes": {
        "3": 1
      },
      "initial_weight": 0.75,
      "final_weight": 0.75
    },
    "13237.161": {
      "votes": {
        "2": 1,
        "4": 1
      },
      "initial_weight": 0.75,
      "final_weight": 0.75
    },
    "13237.163": {
      "votes": {
        "4": 1,
        "2": 1
      },
      "initial_weight": 0.75,
      "final_weight": 0.75
    },
    "13237.176": {
      "votes": {
        "3": 1
      },
      "initial_weight": 0.75,
      "final_weight": 0.75
    },
    "13237.6": {
      "votes": {
        "0": 1,
        "1": 2
      },
      "initial_weight": 0.16666666666666666,
      "final_weight": 0.33333333333333337
    },
    "13237.81": {
      "votes": {
        "1": 1,
        "4": 1
      },
      "initial_weight": 0.625,
      "final_weight": 0.625
    },
    "13237.140": {
      "votes": {
        "1": 1,
        "3": 1
      },
      "initial_weight": 0.5,
      "final_weight": 0.5
    },
    "13237.174": {
      "votes": {
        "2": 1
      },
      "initial_weight": 0.5,
      "final_weight": 0.5
    },
    "13237.155": {
      "votes": {},
      "initial_weight": 0.5,
      "final_weight": 0.4
    },
    "13237.157": {
      "votes": {},
      "initial_weight": 0.5,
      "final_weight": 0.6
    },
    "13237.25": {
      "votes": {},
      "initial_weight": 0.5,
      "final_weight": 0.5
    },
    "13237.186": {
      "votes": {},
      "initial_weight": 0.5,
      "final_weight": 0.5
    },
    "13237.212": {
      "votes": {},
      "initial_weight": 0.5,
      "final_weight": 0.5
    },
    "13237.188": {
      "votes": {},
      "initial_weight": 0.5,
      "final_weight": 0.5
    },
    "13237.178": {
      "votes": {
        "4": 1
      },
      "initial_weight": 1.0,
      "final_weight": 1.0
    },
    "13237.23": {
      "votes": {},
      "initial_weight": 0.5,
      "final_weight": 0.5
    },
    "13237.49": {
      "votes": {},
      "initial_weight": 0.5,