{
  "nodes": {
    "13627.0": {
      "votes": {},
      "initial_weight": 0.5,
      "final_weight": 0.5
    },
    "13627.1": {
      "votes": {
        "2": 2,
        "1": 2,
        "0": 4,
        "3": 2
      },
      "initial_weight": 0.3,
      "final_weight": 0.054110555853178616
    },
    "13627.2": {
      "votes": {
        "4": 4,
        "1": 1,
        "2": 2
      },
      "initial_weight": 0.75,
      "final_weight": 0.45068675859498963
    },
    "13627.12": {
      "votes": {
        "4": 10,
        "3": 1
      },
      "initial_weight": 0.9772727272727273,
      "final_weight": 0.9960193442111127
    },
    "13627.26": {
      "votes": {
        "3": 2,
        "4": 1,
        "0": 1,
        "1": 3
      },
      "initial_weight": 0.4642857142857143,
      "final_weight": 0.1856410407679247
    },
    "13627.138": {
      "votes": {
        "3": 2,
        "4": 1
      },
      "initial_weight": 0.8333333333333334,
      "final_weight": 0.8333333333333334
    },
    "13627.140": {
      "votes": {
        "1": 1,
        "3": 1,
        "4": 2
      },
      "initial_weight": 0.75,
      "final_weight": 0.9386891588009205
    },
    "13627.13": {
      "votes": {
        "4": 3,
        "3": 1
      },
      "initial_weight": 0.9375,
      "final_weight": 0.9375
    },
    "13627.23": {
      "votes": {
        "4": 1,
        "3": 1
      },
      "initial_weight": 0.875,
      "final_weight": 0.8823529411764706
    },
    "13627.25": {
      "votes": {
        "4": 1
      },
      "initial_weight": 1.0,
      "final_weight": 1.0
    },
    "13627.4": {
      "votes": {},
      "initial_weight": 0.5,
      "final_weight": 0.11842658439966608
    },
    "13627.5": {
      "votes": {
        "3": 1
      },
      "initial_weight": 0.75,
      "final_weight": 0.9135135135135135
    },
    "13627.14": {
      "votes": {
        "4": 1
      },
      "initial_weight": 1.0,
      "final_weight": 0.8
    },
    "13627.17": {
      "votes": {
        "4": 1
      },
      "initial_weight": 1.0,
      "final_weight": 1.0
    },
    "13627.111": {
      "votes": {
        "4": 1
      },
      "initial_weight": 1.0,
      "final_weight": 1.0
    },
    "13627.3": {
      "votes": {
        "0": 1,
        "4": 1
      },
      "initial_weight": 0.5,
      "final_weight": 0.6
    },
    "13627.125": {
      "votes": {
        "4": 1
      },
      "initial_weight": 1.0,
      "final_weight": 1.0
    },
    "13627.157": {
      "votes": {},
      "initial_weight": 0.5,
      "final_weight": 0.6951219512195123
    },
    "13627.161": {
      "votes": {
        "0": 1,
        "1": 1
      },
      "initial_weight": 0.125,
      "final_weight": 0.125
    },
    "13627.28": {
      "votes": {
        "3": 1,
        "1": 1,
        "4": 1,
        "0": 1
      },
      "initial_weight": 0.5,
      "final_weight": 0.2831858407079646
    },
    "13627.29": {
      "votes": {
        "2": 1,
        "1": 1,
        "0": 2,
        "4": 1
      },
      "initial_weight": 0.35,
      "final_weight": 0.175
    },
    "13627.30": {
      "votes": {
        "4": 7,
        "2": 1,
        "3": 1
      },
      "initial_weight": 0.9166666666666666,
      "final_weight": 0.9333333333333333
    },
    "13627.129": {
      "votes": {
        "4": 1
      },
      "initial_weight": 1.0,
      "final_weight": 1.0
    },
    "13627.149": {
      "votes": {
        "1": 1
      },
      "initial_weight": 0.25,
      "final_weight": 0.25
    },
    "13627.142": {
      "votes": {
        "4": 1
      },
      "initial_weight": 1.0,
      "final_weight": 1.0
    },
    "13627.144": {
      "votes": {
        "3": 1
      },
      "initial_weight": 0.75,
      "final_weight": 0.75
    },
    "13627.15": {
      "votes": {
        "3": 1
      },
      "initial_weight": 0.75,
      "final_weight": 0.7543039319872477
    },
    "13627.147": {
      "votes": {
        "2": 1
      },
      "initial_weight": 0.5,
      "final_weight": 0.5
    },
    "13627.151": {
      "votes": {
        "1": 1
      },
      "initial_weight": 0.25,
      "final_weight": 0.25
    },
    "13627.20": {
      "votes": {},
      "initial_weight": 0.5,
      "final_weight": 0.5
    },
    "13627.105": {
      "votes": {},
      "initial_weight": 0.5,
      "final_weight": 0.5
    },
    "13627.187": {
      "votes": {
        "3": 1
      },
      "initial_weight": 0.75,
      "final_weight": 0.75
    },
    "13627.189": {
      "votes": {},
      "initial_weight": 0.5,
      "final_weight": 0.5
    },
    "13627.39": {
      "votes": {},
      "initial_weight": 0.5,
      "final_weight": 0.4
    },
    "13627.180": {
      "votes": {},
      "initial_weight": 0.5,
      "final_weight": 0.5
    },
    "13627.91": {
      "votes": {},
      "initial_weight": 0.5,
      "final_weight": 0.5
    },
    "13627.27": {
      "votes": {
        "4": 4,
        "2": 1
      },
      "initial_weight": 0.9,
      "final_weight": 0.92
    },
    "13627.38": {
      "votes": {
        "3": 1,
        "4": 1
      },
      "initial_weight": 0.875,
      "final_weight": 0.875
    },
    "13627.6": {
      "votes": {
        "3": 1,
        "1": 1,
        "2": 2
      },
      "initial_weight": 0.5,
      "final_weight": 0.25
    },
    "13627.18": {
      "votes": {
        "3": 1
      },
      "initial_weight": 0.75,
      "final_weight": 0.375
    },
    "13627.44": {
      "votes": {
        "1": 2
      },
      "initial_weight": 0.25,
      "final_weight": 0.25
    },
    "13627.107": {
      "votes": {
        "3": 1
      },
      "initial_weight": 0.75,
      "final_weight": 0.75
    },
    "13627.178": {
      "votes": {
        "3": 1
      },
      "initial_weight": 0.75,
      "final_weight": 0.75
    },
    "13627.93": {
      "votes": {},
      "initial_weight": 0.5,
      "final_weight": 0.5
    },
    "13627.185": {
      "votes": {
        "4": 1
      },
      "initial_weight": 1.0,
      "final_weight": 1.0
    },
    "13627.201": {
      "votes": {
        "3": 1
      },
      "initial_weight": 0.75,
      "final_weight": 0.7058823529411765
    },
    "13627.153": {
      "votes": {
        "4": 1
      },
      "initial_weight": 1.0,
      "final_weight": 1.0
    },
    "13627.236": {
      "votes": {},
      "initial_weight": 0.5,
      "final_weight": 0.5
    },
    "13627.197": {
      "votes": {},
      "initial_weight": 0.5,
      "final_weight": 0.5
    },
    "13627.252": {
      "votes": {},
      "initial_weight": 0.5,
      "final_weight": 0.5
    },
    "13627.159": {
      "votes": {
        "4": 2
      },
      "initial_weight": 1.0,
      "final_weight": 0.8
    },
    "13627.191": {
      "votes": {},
      "initial_weight": 0.5,
      "final_weight": 0.5
    },
    "13627.254": {
      "votes": {},
      "initial_weight": 0.5,
      "final_weight": 0.5
    },
    "13627.31": {
      "votes": {
        "4": 1,
        "3": 1
      },
      "initial_weight": 0.875,
      "final_weight": 0.875
    },
    "13627.169": {
      "votes": {
        "4": 1
      },
      "initial_weight": 1.0,
      "final_weight": 1.0
    },
    "13627.46": {
      "votes": {},
      "initial_weight": 0.5,
      "final_weight": 0.5
    },
    "13627.131": {
      "votes": {
        "3": 1
      },
      "initial_weight": 0.75,
      "final_weight": 0.75
    },
    "13627.133": {
      "votes": {
        "3": 1
      },
      "initial_weight": 0.75,
      "final_weight": 0.75
    },
    "13627.171": {
      "votes": {
        "4": 1
      },
      "initial_weight": 1.0,
      "final_weight": 1.0
    },
    "13627.174": {
      "votes": {
        "1": 1
      },
      "initial_weight": 0.25,
      "final_weight": 0.25
    },
    "13627.163": {
      "votes": {},
      "initial_weight": 0.5,
      "final_weight": 0.5
    },
    "13627.165": {
      "votes": {},
      "initial_weight": 0.5,
      "final_weight": 0.25
    },
    "13627.97": {
      "votes": {},