{
  "nodes": {
    "15246.0": {
      "votes": {},
      "initial_weight": 0.5,
      "final_weight": 0.5
    },
    "15246.1": {
      "votes": {
        "0": 3,
        "4": 6,
        "1": 3,
        "2": 1
      },
      "initial_weight": 0.5576923076923077,
      "final_weight": 0.6158086781990447
    },
    "15246.2": {
      "votes": {
        "3": 1,
        "4": 4
      },
      "initial_weight": 0.95,
      "final_weight": 0.9530238722499119
    },
    "15246.4": {
      "votes": {
        "1": 1,
        "3": 1,
        "0": 2,
        "4": 1
      },
      "initial_weight": 0.4,
      "final_weight": 0.15609756097560978
    },
    "15246.5": {
      "votes": {
        "4": 2,
        "1": 2,
        "2": 1,
        "0": 1
      },
      "initial_weight": 0.5,
      "final_weight": 0.49230769230769234
    },
    "15246.6": {
      "votes": {
        "4": 6
      },
      "initial_weight": 1.0,
      "final_weight": 1.0
    },
    "15246.7": {
      "votes": {
        "4": 1,
        "3": 1,
        "1": 1,
        "2": 1
      },
      "initial_weight": 0.625,
      "final_weight": 0.21114864864864863
    },
    "15246.8": {
      "votes": {
        "4": 2,
        "2": 1,
        "3": 1
      },
      "initial_weight": 0.8125,
      "final_weight": 0.90625
    },
    "15246.9": {
      "votes": {
        "0": 1,
        "2": 1,
        "1": 2,
        "3": 2,
        "4": 4
      },
      "initial_weight": 0.65,
      "final_weight": 0.72
    },
    "15246.10": {
      "votes": {
        "2": 2
      },
      "initial_weight": 0.5,
      "final_weight": 0.8567563631835666
    },
    "15246.63": {
      "votes": {
        "4": 4,
        "3": 1,
        "1": 1,
        "2": 1,
        "0": 1
      },
      "initial_weight": 0.6875,
      "final_weight": 0.7567041522491349
    },
    "15246.139": {
      "votes": {
        "4": 4,
        "2": 1
      },
      "initial_weight": 0.9,
      "final_weight": 0.95
    },
    "15246.204": {
      "votes": {
        "3": 2,
        "4": 1
      },
      "initial_weight": 0.8333333333333334,
      "final_weight": 0.881379512612427
    },
    "15246.209": {
      "votes": {
        "2": 1,
        "3": 1
      },
      "initial_weight": 0.625,
      "final_weight": 0.625
    },
    "15246.33": {
      "votes": {
        "2": 1,
        "4": 2
      },
      "initial_weight": 0.8333333333333334,
      "final_weight": 0.8333333333333334
    },
    "15246.42": {
      "votes": {
        "2": 1,
        "4": 2
      },
      "initial_weight": 0.8333333333333334,
      "final_weight": 0.27713625866050806
    },
    "15246.52": {
      "votes": {
        "2": 1
      },
      "initial_weight": 0.5,
      "final_weight": 0.5
    },
    "15246.151": {
      "votes": {
        "3": 1
      },
      "initial_weight": 0.75,
      "final_weight": 0.75
    },
    "15246.30": {
      "votes": {
        "2": 1,
        "3": 1
      },
      "initial_weight": 0.625,
      "final_weight": 0.625
    },
    "15246.51": {
      "votes": {
        "3": 1,
        "1": 1
      },
      "initial_weight": 0.5,
      "final_weight": 0.5
    },
    "15246.16": {
      "votes": {
        "3": 1,
        "4": 1,
        "2": 1
      },
      "initial_weight": 0.75,
      "final_weight": 0.8
    },
    "15246.23": {
      "votes": {
        "1": 1,
        "2": 1
      },
      "initial_weight": 0.375,
      "final_weight": 0.3
    },
    "15246.24": {
      "votes": {
        "2": 1,
        "1": 1
      },
      "initial_weight": 0.375,
      "final_weight": 0.3
    },
    "15246.174": {
      "votes": {
        "4": 2
      },
      "initial_weight": 1.0,
      "final_weight": 1.0
    },
    "15246.39": {
      "votes": {
        "1": 1,
        "2": 1,
        "0": 1
      },
      "initial_weight": 0.25,
      "final_weight": 0.25
    },
    "15246.41": {
      "votes": {
        "3": 1
      },
      "initial_weight": 0.75,
      "final_weight": 0.75
    },
    "15246.170": {
      "votes": {},
      "initial_weight": 0.5,
      "final_weight": 0.5
    },
    "15246.211": {
      "votes": {
        "4": 1
      },
      "initial_weight": 1.0,
      "final_weight": 1.0
    },
    "15246.11": {
      "votes": {
        "3": 1,
        "4": 1
      },
      "initial_weight": 0.875,
      "final_weight": 0.875
    },
    "15246.12": {
      "votes": {
        "3": 1,
        "4": 1,
        "0": 1
      },
      "initial_weight": 0.5833333333333334,
      "final_weight": 0.6666666666666667
    },
    "15246.13": {
      "votes": {
        "4": 1,
        "0": 2
      },
      "initial_weight": 0.3333333333333333,
      "final_weight": 0.3333333333333333
    },
    "15246.19": {
      "votes": {
        "0": 1,
        "4": 1
      },
      "initial_weight": 0.5,
      "final_weight": 0.37185030902314276
    },
    "15246.49": {
      "votes": {
        "0": 1
      },
      "initial_weight": 0.0,
      "final_weight": 0.2
    },
    "15246.58": {
      "votes": {
        "3": 1
      },
      "initial_weight": 0.75,
      "final_weight": 0.75
    },
    "15246.158": {
      "votes": {
        "2": 1,
        "3": 1
      },
      "initial_weight": 0.625,
      "final_weight": 0.625
    },
    "15246.160": {
      "votes": {
        "0": 1
      },
      "initial_weight": 0.0,
      "final_weight": 0.0
    },
    "15246.65": {
      "votes": {
        "1": 1,
        "4": 1,
        "0": 1
      },
      "initial_weight": 0.4166666666666667,
      "final_weight": 0.4166666666666667
    },
    "15246.66": {
      "votes": {
        "4": 1,
        "0": 1,
        "3": 1
      },
      "initial_weight": 0.5833333333333334,
      "final_weight": 0.6666666666666667
    },
    "15246.67": {
      "votes": {
        "0": 1
      },
      "initial_weight": 0.0,
      "final_weight": 0.0
    },
    "15246.69": {
      "votes": {
        "1": 1,
        "2": 1
      },
      "initial_weight": 0.375,
      "final_weight": 0.3
    },
    "15246.70": {
      "votes": {
        "0": 2
      },
      "initial_weight": 0.0,
      "final_weight": 0.0
    },
    "15246.180": {
      "votes": {
        "4": 1,
        "3": 1,
        "0": 1
      },
      "initial_weight": 0.5833333333333334,
      "final_weight": 0.5833333333333334
    },
    "15246.145": {
      "votes": {},
      "initial_weight": 0.5,
      "final_weight": 0.5
    },
    "15246.194": {
      "votes": {},
      "initial_weight": 0.5,
      "final_weight": 0.5
    },
    "15246.196": {
      "votes": {},
      "initial_weight": 0.5,
      "final_weight": 0.5
    },
    "15246.3": {
      "votes": {},
      "initial_weight": 0.5,
      "final_weight": 0.32
    },
    "15246.20": {
      "votes": {},
      "initial_weight": 0.5,
      "final_weight": 0.3164284370720526
    },
    "15246.43": {
      "votes": {
        "4": 2,
        "3": 1
      },
      "initial_weight": 0.9166666666666666,
      "final_weight": 0.9166666666666666
    },
    "15246.156": {
      "votes": {},
      "initial_weight": 0.5,
      "final_weight": 0.5
    },
    "15246.27": {
      "votes": {},
      "initial_weight": 0.5,
      "final_weight": 0.5
    },
    "15246.26": {
      "votes": {},
      "initial_weight": 0.5,
      "final_weight": 0.5
    },
    "15246.25": {
      "votes": {},
      "initial_weight": 0.5,
      "final_weight": 0.5
    },
    "15246.40": {
      "votes": {},
      "initial_weight": 0.5,
      "final_weight": 0.5
    },
    "15246.47": {
      "votes": {
        "0": 1
      },
      "initial_weight": 0.0,
      "final_weight": 0.5870494807574832
    },
    "15246.72": {
      "votes": {},
      "initial_weight": 0.5,
      "final_weight": 0.5
    },
    "15246.166": {
      "votes": {},
      "initial_weight": 0.5,
      "final_weight": 0.4
    },
    "15246.68": {
      "votes": {},
      "initial_weight": 0.5,
      "final_weight": 0.5
    },
    "15246.216": {
      "votes": {},
      "initial_weight": 0.5,
      "final_weight": 0.5
    },