{
  "nodes": {
    "15876.0": {
      "votes": {},
      "initial_weight": 0.5,
      "final_weight": 0.5
    },
    "15876.1": {
      "votes": {
        "0": 4,
        "4": 1
      },
      "initial_weight": 0.2,
      "final_weight": 0.02073101213842249
    },
    "15876.2": {
      "votes": {
        "1": 1,
        "4": 1
      },
      "initial_weight": 0.625,
      "final_weight": 0.1030927835051546
    },
    "15876.3": {
      "votes": {
        "4": 2,
        "2": 2
      },
      "initial_weight": 0.75,
      "final_weight": 0.0597133757961783
    },
    "15876.5": {
      "votes": {
        "0": 1,
        "4": 1,
        "3": 1
      },
      "initial_weight": 0.5833333333333334,
      "final_weight": 0.3488001275611895
    },
    "15876.10": {
      "votes": {
        "4": 5,
        "3": 1
      },
      "initial_weight": 0.9583333333333334,
      "final_weight": 0.9569706126318285
    },
    "15876.12": {
      "votes": {
        "4": 5,
        "0": 1,
        "2": 1
      },
      "initial_weight": 0.7857142857142857,
      "final_weight": 0.9773773093713382
    },
    "15876.13": {
      "votes": {
        "3": 1,
        "4": 1
      },
      "initial_weight": 0.875,
      "final_weight": 0.5335365853658536
    },
    "15876.29": {
      "votes": {
        "1": 1,
        "4": 1
      },
      "initial_weight": 0.625,
      "final_weight": 0.5882352941176471
    },
    "15876.49": {
      "votes": {
        "4": 1,
        "1": 1
      },
      "initial_weight": 0.625,
      "final_weight": 0.625
    },
    "15876.149": {
      "votes": {
        "4": 1
      },
      "initial_weight": 1.0,
      "final_weight": 1.0
    },
    "15876.165": {
      "votes": {
        "0": 1
      },
      "initial_weight": 0.0,
      "final_weight": 0.0
    },
    "15876.169": {
      "votes": {
        "3": 1
      },
      "initial_weight": 0.75,
      "final_weight": 0.75
    },
    "15876.8": {
      "votes": {
        "2": 1
      },
      "initial_weight": 0.5,
      "final_weight": 0.25
    },
    "15876.9": {
      "votes": {
        "4": 1
      },
      "initial_weight": 1.0,
      "final_weight": 1.0
    },
    "15876.21": {
      "votes": {
        "2": 1
      },
      "initial_weight": 0.5,
      "final_weight": 0.5
    },
    "15876.35": {
      "votes": {
        "4": 1
      },
      "initial_weight": 1.0,
      "final_weight": 1.0
    },
    "15876.155": {
      "votes": {
        "4": 1
      },
      "initial_weight": 1.0,
      "final_weight": 1.0
    },
    "15876.6": {
      "votes": {
        "4": 1
      },
      "initial_weight": 1.0,
      "final_weight": 1.0
    },
    "15876.7": {
      "votes": {
        "2": 1
      },
      "initial_weight": 0.5,
      "final_weight": 0.5
    },
    "15876.14": {
      "votes": {
        "3": 1
      },
      "initial_weight": 0.75,
      "final_weight": 0.6
    },
    "15876.19": {
      "votes": {
        "4": 1
      },
      "initial_weight": 1.0,
      "final_weight": 1.0
    },
    "15876.57": {
      "votes": {
        "4": 1
      },
      "initial_weight": 1.0,
      "final_weight": 1.0
    },
    "15876.4": {
      "votes": {
        "2": 1
      },
      "initial_weight": 0.5,
      "final_weight": 0.75
    },
    "15876.151": {
      "votes": {
        "3": 1
      },
      "initial_weight": 0.75,
      "final_weight": 0.75
    },
    "15876.38": {
      "votes": {},
      "initial_weight": 0.5,
      "final_weight": 0.5
    },
    "15876.39": {
      "votes": {},
      "initial_weight": 0.5,
      "final_weight": 0.32
    },
    "15876.50": {
      "votes": {
        "2": 1
      },
      "initial_weight": 0.5,
      "final_weight": 0.037735849056603765
    },
    "15876.17": {
      "votes": {
        "3": 1
      },
      "initial_weight": 0.75,
      "final_weight": 0.75
    },
    "15876.30": {
      "votes": {
        "3": 1
      },
      "initial_weight": 0.75,
      "final_weight": 0.6606972756715564
    },
    "15876.54": {
      "votes": {
        "3": 1
      },
      "initial_weight": 0.75,
      "final_weight": 0.75
    },
    "15876.59": {
      "votes": {
        "3": 1
      },
      "initial_weight": 0.75,
      "final_weight": 0.75
    },
    "15876.16": {
      "votes": {},
      "initial_weight": 0.5,
      "final_weight": 0.4
    },
    "15876.22": {
      "votes": {},
      "initial_weight": 0.5,
      "final_weight": 0.4
    },
    "15876.32": {
      "votes": {
        "2": 1
      },
      "initial_weight": 0.5,
      "final_weight": 0.5
    },
    "15876.53": {
      "votes": {
        "4": 1
      },
      "initial_weight": 1.0,
      "final_weight": 1.0
    },
    "15876.55": {
      "votes": {
        "3": 1
      },
      "initial_weight": 0.75,
      "final_weight": 0.75
    },
    "15876.167": {
      "votes": {
        "4": 1
      },
      "initial_weight": 1.0,
      "final_weight": 1.0
    },
    "15876.171": {
      "votes": {},
      "initial_weight": 0.5,
      "final_weight": 0.5
    },
    "15876.175": {
      "votes": {},
      "initial_weight": 0.5,
      "final_weight": 0.5
    },
    "15876.62": {
      "votes": {
        "4": 1
      },
      "initial_weight": 1.0,
      "final_weight": 1.0
    },
    "15876.43": {
      "votes": {},
      "initial_weight": 0.5,
      "final_weight": 0.5
    },
    "15876.65": {
      "votes": {},
      "initial_weight": 0.5,
      "final_weight": 0.5
    },
    "15876.15": {
      "votes": {},
      "initial_weight": 0.5,
      "final_weight": 0.5
    },
    "15876.20": {
      "votes": {},
      "initial_weight": 0.5,
      "final_weight": 0.5
    },
    "15876.18": {
      "votes": {},
      "initial_weight": 0.5,
      "final_weight": 0.5
    },
    "15876.48": {
      "votes": {},
      "initial_weight": 0.5,
      "final_weight": 0.6
    },
    "15876.144": {
      "votes": {},
      "initial_weight": 0.5,
      "final_weight": 0.5
    },
    "15876.27": {
      "votes": {},
      "initial_weight": 0.5,
      "final_weight": 0.5
    },
    "15876.28": {
      "votes": {},
      "initial_weight": 0.5,
      "final_weight": 0.5
    },
    "15876.157": {
      "votes": {
        "3": 1
      },
      "initial_weight": 0.75,
      "final_weight": 0.75
    },
    "15876.60": {
      "votes": {},
      "initial_weight": 0.5,
      "final_weight": 0.5
    },
    "15876.142": {
      "votes": {},
      "initial_weight": 0.5,
      "final_weight": 0.5
    },
    "15876.146": {
      "votes": {},
      "initial_weight": 0.5,
      "final_weight": 0.5
    },
    "15876.153": {
      "votes": {
        "4": 1
      },
      "initial_weight": 1.0,
      "final_weight": 1.0
    },
    "15876.163": {
      "votes": {
        "4": 1
      },
      "initial_weight": 1.0,
      "final_weight": 1.0
    },
    "15876.31": {
      "votes": {},
      "initial_weight": 0.5,
      "final_weight": 0.36764705882352944
    },
    "15876.25": {
      "votes": {},
      "initial_weight": 0.5,
      "final_weight": 0.5
    },
    "15876.26": {
      "votes": {},
      "initial_weight": 0.5,
      "final_weight": 0.5
    },
    "15876.66": {
      "votes": {},
      "initial_weight": 0.5,
      "final_weight": 0.5
    },
    "15876.159": {
      "votes": {
        "3": 1
      },
      "initial_weight": 0.75,
      "final_weight": 0.6
    },
    "15876.33": {
      "votes": {},
      "initial_weight": 0.5,
      "final_weight": 0.6
    },
    "15876.161": {
      "votes": {
        "2": 1
      },
      "initial_weight": 0.5,
      "final_weight": 0.5
    },
    "15876.51": {
      "votes": {},
      "initial_weight": 0.5,
      "final_weight": 0.5
    }
  },
  "edges": {
    "15876.1": {
      "successor_id": "15876.0",
      "relation": 0.0
    },
    "15876.2": {
      "successor_id": "15876.1",
      "relation": 1.0
    },
    "15876.3": {
      "successor_id": "15876.1",
      "relation": 1.0
    },
    "15876.5": {
      "successor_id": "15876.1",
      "relation": -1.0
    },