{
  "nodes": {
    "16080.0": {
      "votes": {},
      "initial_weight": 0.5,
      "final_weight": 0.5
    },
    "16080.1": {
      "votes": {
        "0": 1,
        "3": 1
      },
      "initial_weight": 0.375,
      "final_weight": 0.4708420352773667
    },
    "16080.2": {
      "votes": {
        "2": 1,
        "1": 1
      },
      "initial_weight": 0.375,
      "final_weight": 0.24
    },
    "16080.3": {
      "votes": {
        "1": 1,
        "3": 1
      },
      "initial_weight": 0.5,
      "final_weight": 0.5
    },
    "16080.4": {
      "votes": {
        "4": 1,
        "3": 1
      },
      "initial_weight": 0.875,
      "final_weight": 0.56
    },
    "16080.5": {
      "votes": {
        "1": 1,
        "3": 1
      },
      "initial_weight": 0.5,
      "final_weight": 0.4
    },
    "16080.6": {
      "votes": {
        "3": 1,
        "4": 1,
        "2": 1
      },
      "initial_weight": 0.75,
      "final_weight": 0.6875154879318035
    },
    "16080.7": {
      "votes": {
        "0": 2,
        "4": 1,
        "1": 2
      },
      "initial_weight": 0.3,
      "final_weight": 0.15
    },
    "16080.8": {
      "votes": {
        "0": 1,
        "4": 2
      },
      "initial_weight": 0.6666666666666666,
      "final_weight": 0.6666666666666666
    },
    "16080.9": {
      "votes": {
        "0": 1,
        "3": 1
      },
      "initial_weight": 0.375,
      "final_weight": 0.1875
    },
    "16080.12": {
      "votes": {
        "1": 2
      },
      "initial_weight": 0.25,
      "final_weight": 0.125
    },
    "16080.15": {
      "votes": {
        "1": 1,
        "3": 1
      },
      "initial_weight": 0.5,
      "final_weight": 0.351493848857645
    },
    "16080.28": {
      "votes": {
        "2": 2
      },
      "initial_weight": 0.5,
      "final_weight": 0.5
    },
    "16080.31": {
      "votes": {
        "3": 1
      },
      "initial_weight": 0.75,
      "final_weight": 0.9024390243902439
    },
    "16080.38": {
      "votes": {
        "3": 1
      },
      "initial_weight": 0.75,
      "final_weight": 0.75
    },
    "16080.11": {
      "votes": {
        "3": 1
      },
      "initial_weight": 0.75,
      "final_weight": 0.75
    },
    "16080.24": {
      "votes": {
        "0": 1
      },
      "initial_weight": 0.0,
      "final_weight": 0.0
    },
    "16080.41": {
      "votes": {
        "2": 1
      },
      "initial_weight": 0.5,
      "final_weight": 0.5
    },
    "16080.10": {
      "votes": {
        "3": 1
      },
      "initial_weight": 0.75,
      "final_weight": 0.5514705882352942
    },
    "16080.23": {
      "votes": {
        "1": 1
      },
      "initial_weight": 0.25,
      "final_weight": 0.25
    },
    "16080.18": {
      "votes": {
        "4": 1
      },
      "initial_weight": 1.0,
      "final_weight": 1.0
    },
    "16080.39": {
      "votes": {
        "4": 1
      },
      "initial_weight": 1.0,
      "final_weight": 1.0
    },
    "16080.13": {
      "votes": {
        "4": 1
      },
      "initial_weight": 1.0,
      "final_weight": 1.0
    },
    "16080.25": {
      "votes": {
        "2": 1
      },
      "initial_weight": 0.5,
      "final_weight": 0.4
    },
    "16080.37": {
      "votes": {
        "1": 1
      },
      "initial_weight": 0.25,
      "final_weight": 0.25
    },
    "16080.29": {
      "votes": {
        "0": 1
      },
      "initial_weight": 0.0,
      "final_weight": 0.0
    },
    "16080.32": {
      "votes": {},
      "initial_weight": 0.5,
      "final_weight": 0.5
    },
    "16080.35": {
      "votes": {
        "3": 1
      },
      "initial_weight": 0.75,
      "final_weight": 0.75
    },
    "16080.26": {
      "votes": {},
      "initial_weight": 0.5,
      "final_weight": 0.5
    },
    "16080.20": {
      "votes": {},
      "initial_weight": 0.5,
      "final_weight": 0.6
    },
    "16080.27": {
      "votes": {},
      "initial_weight": 0.5,
      "final_weight": 0.5
    },
    "16080.36": {
      "votes": {},
      "initial_weight": 0.5,
      "final_weight": 0.5
    },
    "16080.40": {
      "votes": {},
      "initial_weight": 0.5,
      "final_weight": 0.5
    },
    "16080.21": {
      "votes": {},
      "initial_weight": 0.5,
      "final_weight": 0.5
    }
  },
  "edges": {
    "16080.1": {
      "successor_id": "16080.0",
      "relation": 0.0
    },
    "16080.2": {
      "successor_id": "16080.1",
      "relation": 1.0
    },
    "16080.3": {
      "successor_id": "16080.1",
      "relation": 1.0
    },
    "16080.4": {
      "successor_id": "16080.1",
      "relation": -1.0
    },
    "16080.5": {
      "successor_id": "16080.1",
      "relation": -1.0
    },
    "16080.6": {
      "successor_id": "16080.1",
      "relation": -1.0
    },
    "16080.7": {
      "successor_id": "16080.1",
      "relation": -1.0
    },
    "16080.8": {
      "successor_id": "16080.1",
      "relation": 1.0
    },
    "16080.9": {
      "successor_id": "16080.1",
      "relation": 1.0
    },
    "16080.12": {
      "successor_id": "16080.1",
      "relation": -1.0
    },
    "16080.15": {
      "successor_id": "16080.1",
      "relation": 1.0
    },
    "16080.28": {
      "successor_id": "16080.1",
      "relation": -1.0
    },
    "16080.31": {
      "successor_id": "16080.1",
      "relation": 1.0
    },
    "16080.38": {
      "successor_id": "16080.2",
      "relation": -1.0
    },
    "16080.11": {
      "successor_id": "16080.4",
      "relation": -1.0
    },
    "16080.24": {
      "successor_id": "16080.4",
      "relation": 1.0
    },
    "16080.41": {
      "successor_id": "16080.5",
      "relation": -1.0
    },
    "16080.10": {
      "successor_id": "16080.6",
      "relation": -1.0
    },
    "16080.23": {
      "successor_id": "16080.6",
      "relation": 1.0
    },
    "16080.18": {
      "successor_id": "16080.7",
      "relation": -1.0
    },
    "16080.39": {
      "successor_id": "16080.9",
      "relation": -1.0
    },
    "16080.13": {
      "successor_id": "16080.12",
      "relation": -1.0
    },
    "16080.25": {
      "successor_id": "16080.15",
      "relation": -1.0
    },
    "16080.37": {
      "successor_id": "16080.15",
      "relation": -1.0
    },
    "16080.29": {
      "successor_id": "16080.28",
      "relation": 1.0
    },
    "16080.32": {
      "successor_id": "16080.31",
      "relation": 1.0
    },
    "16080.35": {
      "successor_id": "16080.31",
      "relation": 1.0
    },
    "16080.26": {
      "successor_id": "16080.24",
      "relation": -1.0
    },
    "16080.20": {
      "successor_id": "16080.10",
      "relation": -1.0
    },
    "16080.27": {
      "successor_id": "16080.25",
      "relation": -1.0
    },
    "16080.36": {
      "successor_id": "16080.35",
      "relation": 1.0
    },
    "16080.40": {
      "successor_id": "16080.35",
      "relation": -1.0
    },
    "16080.21": {
      "successor_id": "16080.20",
      "relation": 1.0
    }
  }
}