{
  "nodes": {
    "16227.0": {
      "votes": {},
      "initial_weight": 0.5,
      "final_weight": 0.5
    },
    "16227.1": {
      "votes": {},
      "initial_weight": 0.5,
      "final_weight": 0.7676283805566575
    },
    "16227.2": {
      "votes": {
        "4": 1
      },
      "initial_weight": 1.0,
      "final_weight": 1.0
    },
    "16227.3": {
      "votes": {},
      "initial_weight": 0.5,
      "final_weight": 0.34897610070629426
    },
    "16227.9": {
      "votes": {
        "1": 1
      },
      "initial_weight": 0.25,
      "final_weight": 0.35344827586206895
    },
    "16227.19": {
      "votes": {
        "1": 1
      },
      "initial_weight": 0.25,
      "final_weight": 0.19497899004257802
    },
    "16227.22": {
      "votes": {
        "0": 1
      },
      "initial_weight": 0.0,
      "final_weight": 0.0
    },
    "16227.26": {
      "votes": {},
      "initial_weight": 0.5,
      "final_weight": 0.5
    },
    "16227.27": {
      "votes": {},
      "initial_weight": 0.5,
      "final_weight": 0.47058823529411764
    },
    "16227.7": {
      "votes": {
        "4": 1
      },
      "initial_weight": 1.0,
      "final_weight": 0.8
    },
    "16227.4": {
      "votes": {
        "2": 1
      },
      "initial_weight": 0.5,
      "final_weight": 0.4
    },
    "16227.6": {
      "votes": {
        "3": 1
      },
      "initial_weight": 0.75,
      "final_weight": 0.24825263942720355
    },
    "16227.31": {
      "votes": {
        "0": 1
      },
      "initial_weight": 0.0,
      "final_weight": 0.0060997881778773605
    },
    "16227.41": {
      "votes": {
        "1": 1
      },
      "initial_weight": 0.25,
      "final_weight": 0.25
    },
    "16227.43": {
      "votes": {
        "3": 1
      },
      "initial_weight": 0.75,
      "final_weight": 0.75
    },
    "16227.10": {
      "votes": {
        "0": 1
      },
      "initial_weight": 0.0,
      "final_weight": 0.0
    },
    "16227.15": {
      "votes": {
        "2": 1
      },
      "initial_weight": 0.5,
      "final_weight": 0.4
    },
    "16227.20": {
      "votes": {
        "0": 1
      },
      "initial_weight": 0.0,
      "final_weight": 0.0
    },
    "16227.21": {
      "votes": {
        "3": 1
      },
      "initial_weight": 0.75,
      "final_weight": 0.75
    },
    "16227.29": {
      "votes": {
        "1": 1
      },
      "initial_weight": 0.25,
      "final_weight": 0.21878494989017946
    },
    "16227.42": {
      "votes": {
        "1": 1
      },
      "initial_weight": 0.25,
      "final_weight": 0.25
    },
    "16227.8": {
      "votes": {},
      "initial_weight": 0.5,
      "final_weight": 0.5
    },
    "16227.5": {
      "votes": {},
      "initial_weight": 0.5,
      "final_weight": 0.5
    },
    "16227.13": {
      "votes": {},
      "initial_weight": 0.5,
      "final_weight": 0.4216595638004513
    },
    "16227.14": {
      "votes": {},
      "initial_weight": 0.5,
      "final_weight": 0.5
    },
    "16227.24": {
      "votes": {},
      "initial_weight": 0.5,
      "final_weight": 0.5
    },
    "16227.32": {
      "votes": {},
      "initial_weight": 0.5,
      "final_weight": 0.5
    },
    "16227.35": {
      "votes": {},
      "initial_weight": 0.5,
      "final_weight": 0.4216595638004513
    },
    "16227.28": {
      "votes": {},
      "initial_weight": 0.5,
      "final_weight": 0.5
    },
    "16227.23": {
      "votes": {},
      "initial_weight": 0.5,
      "final_weight": 0.5
    },
    "16227.33": {
      "votes": {},
      "initial_weight": 0.5,
      "final_weight": 0.5
    },
    "16227.30": {
      "votes": {},
      "initial_weight": 0.5,
      "final_weight": 0.37772288344936
    },
    "16227.16": {
      "votes": {},
      "initial_weight": 0.5,
      "final_weight": 0.43103448275862066
    },
    "16227.36": {
      "votes": {},
      "initial_weight": 0.5,
      "final_weight": 0.43103448275862066
    },
    "16227.34": {
      "votes": {},
      "initial_weight": 0.5,
      "final_weight": 0.5689655172413793
    },
    "16227.17": {
      "votes": {},
      "initial_weight": 0.5,
      "final_weight": 0.4
    },
    "16227.38": {
      "votes": {},
      "initial_weight": 0.5,
      "final_weight": 0.4
    },
    "16227.37": {
      "votes": {},
      "initial_weight": 0.5,
      "final_weight": 0.4
    },
    "16227.18": {
      "votes": {},
      "initial_weight": 0.5,
      "final_weight": 0.5
    },
    "16227.39": {
      "votes": {},
      "initial_weight": 0.5,
      "final_weight": 0.5
    },
    "16227.40": {
      "votes": {},
      "initial_weight": 0.5,
      "final_weight": 0.5
    }
  },
  "edges": {
    "16227.1": {
      "successor_id": "16227.0",
      "relation": 0.0
    },
    "16227.2": {
      "successor_id": "16227.1",
      "relation": 1.0
    },
    "16227.3": {
      "successor_id": "16227.1",
      "relation": -1.0
    },
    "16227.9": {
      "successor_id": "16227.1",
      "relation": -1.0
    },
    "16227.19": {
      "successor_id": "16227.1",
      "relation": -1.0
    },
    "16227.22": {
      "successor_id": "16227.1",
      "relation": -1.0
    },
    "16227.26": {
      "successor_id": "16227.1",
      "relation": 1.0
    },
    "16227.27": {
      "successor_id": "16227.1",
      "relation": 1.0
    },
    "16227.7": {
      "successor_id": "16227.2",
      "relation": 1.0
    },
    "16227.4": {
      "successor_id": "16227.3",
      "relation": -1.0
    },
    "16227.6": {
      "successor_id": "16227.3",
      "relation": 1.0
    },
    "16227.31": {
      "successor_id": "16227.3",
      "relation": -1.0
    },
    "16227.41": {
      "successor_id": "16227.3",
      "relation": 1.0
    },
    "16227.43": {
      "successor_id": "16227.3",
      "relation": -1.0
    },
    "16227.10": {
      "successor_id": "16227.9",
      "relation": -1.0
    },
    "16227.15": {
      "successor_id": "16227.9",
      "relation": 1.0
    },
    "16227.20": {
      "successor_id": "16227.19",
      "relation": -1.0
    },
    "16227.21": {
      "successor_id": "16227.19",
      "relation": -1.0
    },
    "16227.29": {
      "successor_id": "16227.19",
      "relation": 1.0
    },
    "16227.42": {
      "successor_id": "16227.27",
      "relation": -1.0
    },
    "16227.8": {
      "successor_id": "16227.7",
      "relation": -1.0
    },
    "16227.5": {
      "successor_id": "16227.4",
      "relation": -1.0
    },
    "16227.13": {
      "successor_id": "16227.6",
      "relation": -1.0
    },
    "16227.14": {
      "successor_id": "16227.6",
      "relation": -1.0
    },
    "16227.24": {
      "successor_id": "16227.6",
      "relation": -1.0
    },
    "16227.32": {
      "successor_id": "16227.31",
      "relation": 1.0
    },
    "16227.35": {
      "successor_id": "16227.31",
      "relation": -1.0
    },
    "16227.28": {
      "successor_id": "16227.10",
      "relation": -1.0
    },
    "16227.23": {
      "successor_id": "16227.15",
      "relation": -1.0
    },
    "16227.33": {
      "successor_id": "16227.20",
      "relation": -1.0
    },
    "16227.30": {
      "successor_id": "16227.29",
      "relation": -1.0
    },
    "16227.16": {
      "successor_id": "16227.13",
      "relation": -1.0
    },
    "16227.36": {
      "successor_id": "16227.35",
      "relation": -1.0
    },
    "16227.34": {
      "successor_id": "16227.30",
      "relation": -1.0
    },
    "16227.17": {
      "successor_id": "16227.16",
      "relation": -1.0
    },
    "16227.38": {
      "successor_id": "16227.36",
      "relation": -1.0
    },
    "16227.37": {
      "successor_id": "16227.34",
      "relation": 1.0
    },
    "16227.18": {
      "successor_id": "16227.17",
      "relation": -1.0
    },
    "16227.39": {
      "successor_id": "16227.38",
      "relation": -1.0
    },
    "16227.40": {
      "successor_id": "16227.37",
      "relation": -1.0
    }
  }
}