{
  "nodes": {
    "16591.0": {
      "votes": {},
      "initial_weight": 0.5,
      "final_weight": 0.5
    },
    "16591.1": {
      "votes": {
        "3": 1
      },
      "initial_weight": 0.75,
      "final_weight": 0.9311243385148775
    },
    "16591.3": {
      "votes": {
        "3": 2
      },
      "initial_weight": 0.75,
      "final_weight": 0.646551724137931
    },
    "16591.2": {
      "votes": {
        "1": 1
      },
      "initial_weight": 0.25,
      "final_weight": 0.25
    },
    "16591.4": {
      "votes": {
        "4": 1,
        "0": 1,
        "1": 1
      },
      "initial_weight": 0.4166666666666667,
      "final_weight": 0.41254125412541254
    },
    "16591.14": {
      "votes": {
        "2": 1,
        "4": 1,
        "3": 1
      },
      "initial_weight": 0.75,
      "final_weight": 0.29268292682926833
    },
    "16591.16": {
      "votes": {
        "0": 1,
        "1": 1
      },
      "initial_weight": 0.125,
      "final_weight": 0.03792623842859816
    },
    "16591.18": {
      "votes": {
        "1": 1,
        "2": 1
      },
      "initial_weight": 0.375,
      "final_weight": 0.5
    },
    "16591.27": {
      "votes": {
        "4": 1,
        "2": 1
      },
      "initial_weight": 0.75,
      "final_weight": 0.375
    },
    "16591.28": {
      "votes": {
        "4": 1,
        "1": 1
      },
      "initial_weight": 0.625,
      "final_weight": 0.1923076923076923
    },
    "16591.29": {
      "votes": {
        "0": 1
      },
      "initial_weight": 0.0,
      "final_weight": 0.0
    },
    "16591.20": {
      "votes": {},
      "initial_weight": 0.5,
      "final_weight": 0.4
    },
    "16591.17": {
      "votes": {
        "0": 1
      },
      "initial_weight": 0.0,
      "final_weight": 0.0
    },
    "16591.34": {
      "votes": {
        "3": 1
      },
      "initial_weight": 0.75,
      "final_weight": 0.6
    },
    "16591.49": {
      "votes": {},
      "initial_weight": 0.5,
      "final_weight": 0.5
    },
    "16591.15": {
      "votes": {
        "4": 1
      },
      "initial_weight": 1.0,
      "final_weight": 1.0
    },
    "16591.19": {
      "votes": {
        "3": 2
      },
      "initial_weight": 0.75,
      "final_weight": 0.75
    },
    "16591.36": {
      "votes": {},
      "initial_weight": 0.5,
      "final_weight": 0.5
    },
    "16591.47": {
      "votes": {},
      "initial_weight": 0.5,
      "final_weight": 0.5
    },
    "16591.25": {
      "votes": {},
      "initial_weight": 0.5,
      "final_weight": 0.5
    },
    "16591.37": {
      "votes": {},
      "initial_weight": 0.5,
      "final_weight": 0.5
    },
    "16591.45": {
      "votes": {},
      "initial_weight": 0.5,
      "final_weight": 0.5152132787582313
    },
    "16591.24": {
      "votes": {},
      "initial_weight": 0.5,
      "final_weight": 0.5
    },
    "16591.35": {
      "votes": {
        "2": 1
      },
      "initial_weight": 0.5,
      "final_weight": 0.5
    },
    "16591.42": {
      "votes": {},
      "initial_weight": 0.5,
      "final_weight": 0.5
    },
    "16591.39": {
      "votes": {},
      "initial_weight": 0.5,
      "final_weight": 0.5
    },
    "16591.40": {
      "votes": {},
      "initial_weight": 0.5,
      "final_weight": 0.5
    },
    "16591.41": {
      "votes": {},
      "initial_weight": 0.5,
      "final_weight": 0.5
    },
    "16591.22": {
      "votes": {},
      "initial_weight": 0.5,
      "final_weight": 0.5
    },
    "16591.23": {
      "votes": {},
      "initial_weight": 0.5,
      "final_weight": 0.5
    },
    "16591.33": {
      "votes": {},
      "initial_weight": 0.5,
      "final_weight": 0.5
    },
    "16591.109": {
      "votes": {},
      "initial_weight": 0.5,
      "final_weight": 0.5
    },
    "16591.111": {
      "votes": {},
      "initial_weight": 0.5,
      "final_weight": 0.5
    },
    "16591.48": {
      "votes": {},
      "initial_weight": 0.5,
      "final_weight": 0.5
    },
    "16591.93": {
      "votes": {},
      "initial_weight": 0.5,
      "final_weight": 0.1771479185119575
    },
    "16591.95": {
      "votes": {},
      "initial_weight": 0.5,
      "final_weight": 0.6
    },
    "16591.99": {
      "votes": {},
      "initial_weight": 0.5,
      "final_weight": 0.75
    },
    "16591.97": {
      "votes": {},
      "initial_weight": 0.5,
      "final_weight": 0.5
    },
    "16591.101": {
      "votes": {},
      "initial_weight": 0.5,
      "final_weight": 0.5
    },
    "16591.103": {
      "votes": {},
      "initial_weight": 0.5,
      "final_weight": 0.5
    }
  },
  "edges": {
    "16591.1": {
      "successor_id": "16591.0",
      "relation": 0.0
    },
    "16591.3": {
      "successor_id": "16591.1",
      "relation": 1.0
    },
    "16591.2": {
      "successor_id": "16591.1",
      "relation": -1.0
    },
    "16591.4": {
      "successor_id": "16591.1",
      "relation": 1.0
    },
    "16591.14": {
      "successor_id": "16591.1",
      "relation": -1.0
    },
    "16591.16": {
      "successor_id": "16591.1",
      "relation": 1.0
    },
    "16591.18": {
      "successor_id": "16591.1",
      "relation": 1.0
    },
    "16591.27": {
      "successor_id": "16591.1",
      "relation": 1.0
    },
    "16591.28": {
      "successor_id": "16591.1",
      "relation": 1.0
    },
    "16591.29": {
      "successor_id": "16591.1",
      "relation": -1.0
    },
    "16591.20": {
      "successor_id": "16591.3",
      "relation": -1.0
    },
    "16591.17": {
      "successor_id": "16591.2",
      "relation": 1.0
    },
    "16591.34": {
      "successor_id": "16591.4",
      "relation": -1.0
    },
    "16591.49": {
      "successor_id": "16591.4",
      "relation": 1.0
    },
    "16591.15": {
      "successor_id": "16591.14",
      "relation": -1.0
    },
    "16591.19": {
      "successor_id": "16591.14",
      "relation": 1.0
    },
    "16591.36": {
      "successor_id": "16591.14",
      "relation": -1.0
    },
    "16591.47": {
      "successor_id": "16591.14",
      "relation": -1.0
    },
    "16591.25": {
      "successor_id": "16591.16",
      "relation": -1.0
    },
    "16591.37": {
      "successor_id": "16591.16",
      "relation": -1.0
    },
    "16591.45": {
      "successor_id": "16591.16",
      "relation": -1.0
    },
    "16591.24": {
      "successor_id": "16591.18",
      "relation": 1.0
    },
    "16591.35": {
      "successor_id": "16591.27",
      "relation": -1.0
    },
    "16591.42": {
      "successor_id": "16591.27",
      "relation": -1.0
    },
    "16591.39": {
      "successor_id": "16591.28",
      "relation": -1.0
    },
    "16591.40": {
      "successor_id": "16591.28",
      "relation": -1.0
    },
    "16591.41": {
      "successor_id": "16591.28",
      "relation": -1.0
    },
    "16591.22": {
      "successor_id": "16591.20",
      "relation": 1.0
    },
    "16591.23": {
      "successor_id": "16591.20",
      "relation": 1.0
    },
    "16591.33": {
      "successor_id": "16591.20",
      "relation": -1.0
    },
    "16591.109": {
      "successor_id": "16591.20",
      "relation": -1.0
    },
    "16591.111": {
      "successor_id": "16591.20",
      "relation": -1.0
    },
    "16591.48": {
      "successor_id": "16591.34",
      "relation": -1.0
    },
    "16591.93": {
      "successor_id": "16591.45",
      "relation": 1.0
    },
    "16591.95": {
      "successor_id": "16591.93",
      "relation": -1.0
    },
    "16591.99": {
      "successor_id": "16591.93",
      "relation": -1.0
    },
    "16591.97": {
      "successor_id": "16591.95",
      "relation": 1.0
    },
    "16591.101": {
      "successor_id": "16591.99",
      "relation": 1.0
    },
    "16591.103": {
      "successor_id": "16591.99",
      "relation": 1.0
    }
  }
}