{
  "nodes": {
    "16646.0": {
      "votes": {},
      "initial_weight": 0.5,
      "final_weight": 0.5
    },
    "16646.1": {
      "votes": {
        "2": 1,
        "1": 2,
        "0": 6,
        "4": 4,
        "3": 1
      },
      "initial_weight": 0.4107142857142857,
      "final_weight": 0.12007298765272173
    },
    "16646.2": {
      "votes": {
        "3": 4,
        "4": 9,
        "0": 1
      },
      "initial_weight": 0.8571428571428571,
      "final_weight": 0.8002371072910492
    },
    "16646.3": {
      "votes": {
        "2": 2,
        "1": 2,
        "0": 4,
        "4": 1,
        "3": 1
      },
      "initial_weight": 0.325,
      "final_weight": 0.14132892676987302
    },
    "16646.4": {
      "votes": {
        "0": 5,
        "4": 2,
        "2": 1,
        "3": 1
      },
      "initial_weight": 0.3611111111111111,
      "final_weight": 0.0888888888888889
    },
    "16646.5": {
      "votes": {
        "4": 2,
        "1": 5
      },
      "initial_weight": 0.4642857142857143,
      "final_weight": 0.048587686758921
    },
    "16646.9": {
      "votes": {
        "4": 2,
        "3": 3,
        "2": 1,
        "1": 1
      },
      "initial_weight": 0.7142857142857143,
      "final_weight": 0.21978021978021978
    },
    "16646.10": {
      "votes": {
        "4": 2,
        "3": 3,
        "2": 1,
        "1": 3
      },
      "initial_weight": 0.6111111111111112,
      "final_weight": 0.26530796828363834
    },
    "16646.21": {
      "votes": {
        "4": 6,
        "0": 1,
        "3": 2
      },
      "initial_weight": 0.8333333333333334,
      "final_weight": 0.5333333333333334
    },
    "16646.24": {
      "votes": {
        "3": 1,
        "4": 2,
        "0": 3,
        "1": 1
      },
      "initial_weight": 0.42857142857142855,
      "final_weight": 0.13186813186813184
    },
    "16646.26": {
      "votes": {
        "4": 6,
        "2": 1,
        "0": 1
      },
      "initial_weight": 0.8125,
      "final_weight": 0.9399308790195436
    },
    "16646.29": {
      "votes": {
        "3": 1,
        "0": 1
      },
      "initial_weight": 0.375,
      "final_weight": 0.3
    },
    "16646.46": {
      "votes": {
        "3": 1
      },
      "initial_weight": 0.75,
      "final_weight": 0.8
    },
    "16646.49": {
      "votes": {
        "4": 3,
        "2": 1
      },
      "initial_weight": 0.875,
      "final_weight": 0.875
    },
    "16646.50": {
      "votes": {
        "0": 2,
        "1": 1,
        "2": 1,
        "3": 2
      },
      "initial_weight": 0.375,
      "final_weight": 0.35294117647058826
    },
    "16646.53": {
      "votes": {
        "3": 1,
        "2": 1
      },
      "initial_weight": 0.625,
      "final_weight": 0.625
    },
    "16646.77": {
      "votes": {
        "4": 4,
        "0": 1
      },
      "initial_weight": 0.8,
      "final_weight": 0.8
    },
    "16646.22": {
      "votes": {},
      "initial_weight": 0.5,
      "final_weight": 0.5
    },
    "16646.32": {
      "votes": {
        "0": 1
      },
      "initial_weight": 0.0,
      "final_weight": 0.0
    },
    "16646.35": {
      "votes": {},
      "initial_weight": 0.5,
      "final_weight": 0.5
    },
    "16646.52": {
      "votes": {},
      "initial_weight": 0.5,
      "final_weight": 0.5
    },
    "16646.54": {
      "votes": {
        "4": 2,
        "0": 1
      },
      "initial_weight": 0.6666666666666666,
      "final_weight": 0.6666666666666666
    },
    "16646.45": {
      "votes": {},
      "initial_weight": 0.5,
      "final_weight": 0.4
    },
    "16646.8": {
      "votes": {
        "4": 5
      },
      "initial_weight": 1.0,
      "final_weight": 0.64
    },
    "16646.58": {
      "votes": {
        "2": 1
      },
      "initial_weight": 0.5,
      "final_weight": 0.5
    },
    "16646.17": {
      "votes": {
        "4": 4
      },
      "initial_weight": 1.0,
      "final_weight": 1.0
    },
    "16646.31": {
      "votes": {
        "4": 1
      },
      "initial_weight": 1.0,
      "final_weight": 1.0
    },
    "16646.67": {
      "votes": {
        "0": 1
      },
      "initial_weight": 0.0,
      "final_weight": 0.0
    },
    "16646.90": {
      "votes": {
        "1": 1
      },
      "initial_weight": 0.25,
      "final_weight": 0.25
    },
    "16646.12": {
      "votes": {
        "4": 1,
        "3": 1
      },
      "initial_weight": 0.875,
      "final_weight": 0.875
    },
    "16646.13": {
      "votes": {
        "4": 1
      },
      "initial_weight": 1.0,
      "final_weight": 0.8
    },
    "16646.33": {
      "votes": {
        "3": 1
      },
      "initial_weight": 0.75,
      "final_weight": 0.75
    },
    "16646.182": {
      "votes": {},
      "initial_weight": 0.5,
      "final_weight": 0.5
    },
    "16646.39": {
      "votes": {},
      "initial_weight": 0.5,
      "final_weight": 0.5
    },
    "16646.40": {
      "votes": {},
      "initial_weight": 0.5,
      "final_weight": 0.5
    },
    "16646.178": {
      "votes": {},
      "initial_weight": 0.5,
      "final_weight": 0.5
    },
    "16646.11": {
      "votes": {},
      "initial_weight": 0.5,
      "final_weight": 0.25
    },
    "16646.20": {
      "votes": {
        "3": 1,
        "0": 1,
        "4": 1
      },
      "initial_weight": 0.5833333333333334,
      "final_weight": 0.2916666666666667
    },
    "16646.41": {
      "votes": {},
      "initial_weight": 0.5,
      "final_weight": 0.6
    },
    "16646.84": {
      "votes": {
        "1": 1
      },
      "initial_weight": 0.25,
      "final_weight": 0.25
    },
    "16646.174": {
      "votes": {},
      "initial_weight": 0.5,
      "final_weight": 0.5
    },
    "16646.68": {
      "votes": {},
      "initial_weight": 0.5,
      "final_weight": 0.4
    },
    "16646.71": {
      "votes": {},
      "initial_weight": 0.5,
      "final_weight": 0.5
    },
    "16646.72": {
      "votes": {},
      "initial_weight": 0.5,
      "final_weight": 0.4
    },
    "16646.73": {
      "votes": {},
      "initial_weight": 0.5,
      "final_weight": 0.4
    },
    "16646.74": {
      "votes": {},
      "initial_weight": 0.5,
      "final_weight": 0.6
    },
    "16646.27": {
      "votes": {
        "0": 1,
        "4": 2
      },
      "initial_weight": 0.6666666666666666,
      "final_weight": 0.6666666666666666
    },
    "16646.28": {
      "votes": {
        "4": 2
      },
      "initial_weight": 1.0,
      "final_weight": 0.8
    },
    "16646.38": {
      "votes": {
        "0": 1
      },
      "initial_weight": 0.0,
      "final_weight": 0.0
    },
    "16646.43": {
      "votes": {
        "0": 1,
        "4": 2
      },
      "initial_weight": 0.6666666666666666,
      "final_weight": 0.40650406504065034
    },
    "16646.78": {
      "votes": {
        "3": 1,
        "1": 1,
        "4": 1
      },
      "initial_weight": 0.6666666666666666,
      "final_weight": 0.6666666666666666
    },
    "16646.89": {
      "votes": {
        "1": 1
      },
      "initial_weight": 0.25,
      "final_weight": 0.25
    },
    "16646.88": {
      "votes": {},
      "initial_weight": 0.5,
      "final_weight": 0.5
    },
    "16646.180": {
      "votes": {},
      "initial_weight": 0.5,
      "final_weight": 0.5
    },
    "16646.86": {
      "votes": {
        "2": 1
      },
      "initial_weight": 0.5,
      "final_weight": 0.5
    },
    "16646.172": {
      "votes": {
        "3": 1
      },
      "initial_weight": 0.75,
      "final_weight": 0.75
    },
    "16646.37": {
      "votes": {},
      "initial_weight": 0.5,
      "final_weight": 0.5
    },
    "16646.16": {
      "votes": {
        "3": 1
      },
      "initial_weight": 0.75,
      "final_weight": 0.75
    },
    "16646.176": {
      "votes": {},
      "initial_weight": 0.5,
      "final_weight": 0.5
    },
    "16646.15": {
      "votes": {},
      "initial_weight": 0.5,
      "final_weight": 0.5
    },
    "16646.14": {
      "votes": {},