{
  "nodes": {
    "16664.0": {
      "votes": {},
      "initial_weight": 0.5,
      "final_weight": 0.5
    },
    "16664.1": {
      "votes": {
        "4": 4,
        "0": 1
      },
      "initial_weight": 0.8,
      "final_weight": 0.9525565239882439
    },
    "16664.2": {
      "votes": {
        "4": 2,
        "2": 3
      },
      "initial_weight": 0.7,
      "final_weight": 0.4661271676300578
    },
    "16664.3": {
      "votes": {
        "3": 3,
        "2": 1,
        "1": 1,
        "4": 2
      },
      "initial_weight": 0.7142857142857143,
      "final_weight": 0.21978021978021978
    },
    "16664.4": {
      "votes": {
        "3": 1,
        "4": 5,
        "1": 1
      },
      "initial_weight": 0.8571428571428571,
      "final_weight": 0.8747553816046967
    },
    "16664.5": {
      "votes": {
        "4": 1,
        "2": 1,
        "0": 4
      },
      "initial_weight": 0.25,
      "final_weight": 0.21047708138447146
    },
    "16664.6": {
      "votes": {
        "4": 2,
        "3": 1,
        "1": 3
      },
      "initial_weight": 0.5833333333333334,
      "final_weight": 0.3283918962524965
    },
    "16664.9": {
      "votes": {
        "4": 2,
        "2": 2,
        "3": 1
      },
      "initial_weight": 0.75,
      "final_weight": 0.375
    },
    "16664.14": {
      "votes": {
        "2": 1,
        "1": 1,
        "4": 3,
        "3": 1
      },
      "initial_weight": 0.75,
      "final_weight": 0.6
    },
    "16664.15": {
      "votes": {
        "1": 3,
        "2": 1,
        "0": 1,
        "4": 1
      },
      "initial_weight": 0.375,
      "final_weight": 0.09432479169941832
    },
    "16664.22": {
      "votes": {
        "0": 1,
        "1": 4
      },
      "initial_weight": 0.2,
      "final_weight": 0.128
    },
    "16664.25": {
      "votes": {
        "1": 1,
        "0": 2,
        "2": 1
      },
      "initial_weight": 0.1875,
      "final_weight": 0.18192844147968465
    },
    "16664.30": {
      "votes": {
        "3": 1,
        "0": 3
      },
      "initial_weight": 0.1875,
      "final_weight": 0.07640112795206204
    },
    "16664.31": {
      "votes": {
        "0": 3,
        "4": 1
      },
      "initial_weight": 0.25,
      "final_weight": 0.125
    },
    "16664.32": {
      "votes": {
        "1": 2,
        "4": 1,
        "0": 1
      },
      "initial_weight": 0.375,
      "final_weight": 0.4565955712539057
    },
    "16664.33": {
      "votes": {
        "4": 1,
        "0": 1,
        "2": 1,
        "1": 1
      },
      "initial_weight": 0.4375,
      "final_weight": 0.64
    },
    "16664.39": {
      "votes": {
        "0": 1,
        "4": 3,
        "2": 1
      },
      "initial_weight": 0.7,
      "final_weight": 0.5599999999999999
    },
    "16664.77": {
      "votes": {
        "3": 1
      },
      "initial_weight": 0.75,
      "final_weight": 0.75
    },
    "16664.152": {
      "votes": {
        "0": 1
      },
      "initial_weight": 0.0,
      "final_weight": 0.0
    },
    "16664.10": {
      "votes": {
        "1": 1,
        "2": 1
      },
      "initial_weight": 0.375,
      "final_weight": 0.375
    },
    "16664.11": {
      "votes": {
        "2": 2,
        "0": 1
      },
      "initial_weight": 0.3333333333333333,
      "final_weight": 0.3333333333333333
    },
    "16664.66": {
      "votes": {},
      "initial_weight": 0.5,
      "final_weight": 0.5
    },
    "16664.75": {
      "votes": {},
      "initial_weight": 0.5,
      "final_weight": 0.5
    },
    "16664.154": {
      "votes": {
        "0": 1
      },
      "initial_weight": 0.0,
      "final_weight": 0.0
    },
    "16664.57": {
      "votes": {
        "4": 1
      },
      "initial_weight": 1.0,
      "final_weight": 1.0
    },
    "16664.166": {
      "votes": {},
      "initial_weight": 0.5,
      "final_weight": 0.5
    },
    "16664.24": {
      "votes": {
        "1": 1,
        "4": 1
      },
      "initial_weight": 0.625,
      "final_weight": 0.625
    },
    "16664.52": {
      "votes": {
        "3": 1
      },
      "initial_weight": 0.75,
      "final_weight": 0.75
    },
    "16664.74": {
      "votes": {},
      "initial_weight": 0.5,
      "final_weight": 0.5
    },
    "16664.19": {
      "votes": {
        "2": 1
      },
      "initial_weight": 0.5,
      "final_weight": 0.4
    },
    "16664.43": {
      "votes": {
        "4": 2,
        "2": 1
      },
      "initial_weight": 0.8333333333333334,
      "final_weight": 0.8333333333333334
    },
    "16664.7": {
      "votes": {
        "3": 1,
        "2": 1
      },
      "initial_weight": 0.625,
      "final_weight": 0.3810975609756097
    },
    "16664.12": {
      "votes": {
        "4": 1,
        "0": 1
      },
      "initial_weight": 0.5,
      "final_weight": 0.5
    },
    "16664.68": {
      "votes": {
        "4": 1
      },
      "initial_weight": 1.0,
      "final_weight": 1.0
    },
    "16664.55": {
      "votes": {
        "4": 1
      },
      "initial_weight": 1.0,
      "final_weight": 1.0
    },
    "16664.46": {
      "votes": {
        "4": 1,
        "0": 1
      },
      "initial_weight": 0.5,
      "final_weight": 0.5
    },
    "16664.16": {
      "votes": {
        "3": 1
      },
      "initial_weight": 0.75,
      "final_weight": 0.75
    },
    "16664.17": {
      "votes": {
        "2": 1,
        "4": 1
      },
      "initial_weight": 0.75,
      "final_weight": 0.6
    },
    "16664.18": {
      "votes": {
        "2": 1,
        "1": 1
      },
      "initial_weight": 0.375,
      "final_weight": 0.375
    },
    "16664.23": {
      "votes": {
        "4": 2,
        "1": 1
      },
      "initial_weight": 0.75,
      "final_weight": 0.75
    },
    "16664.26": {
      "votes": {
        "0": 1,
        "2": 1
      },
      "initial_weight": 0.25,
      "final_weight": 0.25
    },
    "16664.27": {
      "votes": {
        "3": 1,
        "0": 1
      },
      "initial_weight": 0.375,
      "final_weight": 0.375
    },
    "16664.29": {
      "votes": {
        "4": 1,
        "2": 1
      },
      "initial_weight": 0.75,
      "final_weight": 0.8
    },
    "16664.34": {
      "votes": {
        "4": 1,
        "2": 1
      },
      "initial_weight": 0.75,
      "final_weight": 0.7058823529411765
    },
    "16664.67": {
      "votes": {
        "2": 1
      },
      "initial_weight": 0.5,
      "final_weight": 0.5
    },
    "16664.44": {
      "votes": {
        "1": 1,
        "3": 1
      },
      "initial_weight": 0.5,
      "final_weight": 0.5
    },
    "16664.70": {
      "votes": {},
      "initial_weight": 0.5,
      "final_weight": 0.5
    },
    "16664.36": {
      "votes": {
        "1": 1
      },
      "initial_weight": 0.25,
      "final_weight": 0.2
    },
    "16664.37": {
      "votes": {
        "1": 1
      },
      "initial_weight": 0.25,
      "final_weight": 0.25
    },
    "16664.38": {
      "votes": {
        "3": 1,
        "0": 1
      },
      "initial_weight": 0.375,
      "final_weight": 0.1875
    },
    "16664.47": {
      "votes": {
        "1": 1
      },
      "initial_weight": 0.25,
      "final_weight": 0.25
    },
    "16664.53": {
      "votes": {
        "0": 1
      },
      "initial_weight": 0.0,
      "final_weight": 0.0
    },
    "16664.61": {
      "votes": {
        "4": 1
      },
      "initial_weight": 1.0,
      "final_weight": 1.0
    },
    "16664.76": {
      "votes": {
        "1": 1
      },
      "initial_weight": 0.25,
      "final_weight": 0.25
    },
    "16664.59": {
      "votes": {
        "2": 1
      },
      "initial_weight": 0.5,
      "final_weight": 0.5
    },
    "16664.63": {
      "votes": {},
      "initial_weight": 0.5,
      "final_weight": 0.5
    },
    "16664.65": {
      "votes": {},
      "initial_weight": 0.5,
      "final_weight": 0.5
    },
    "16664.158": {
      "votes": {},
      "initial_weight": 0.5,
      "final_weight": 0.5
    },
    "16664.162": {
      "votes": {},