{
  "nodes": {
    "17627.0": {
      "votes": {},
      "initial_weight": 0.5,
      "final_weight": 0.5
    },
    "17627.1": {
      "votes": {
        "3": 2,
        "0": 1
      },
      "initial_weight": 0.5,
      "final_weight": 0.7422266114819137
    },
    "17627.18": {
      "votes": {
        "2": 1,
        "3": 2,
        "4": 3,
        "0": 1
      },
      "initial_weight": 0.7142857142857143,
      "final_weight": 0.769460187399325
    },
    "17627.19": {
      "votes": {
        "1": 1,
        "0": 1,
        "4": 1,
        "3": 1
      },
      "initial_weight": 0.5,
      "final_weight": 0.4538279932546374
    },
    "17627.20": {
      "votes": {
        "3": 2,
        "4": 1,
        "0": 1
      },
      "initial_weight": 0.625,
      "final_weight": 0.7582854164033868
    },
    "17627.21": {
      "votes": {
        "3": 1,
        "4": 3,
        "2": 1
      },
      "initial_weight": 0.85,
      "final_weight": 0.8744623287245596
    },
    "17627.22": {
      "votes": {},
      "initial_weight": 0.5,
      "final_weight": 0.648506151142355
    },
    "17627.23": {
      "votes": {
        "2": 1,
        "1": 1,
        "0": 1,
        "4": 1,
        "3": 1
      },
      "initial_weight": 0.5,
      "final_weight": 0.6000000000000001
    },
    "17627.24": {
      "votes": {
        "4": 3,
        "0": 1,
        "1": 1,
        "2": 1
      },
      "initial_weight": 0.625,
      "final_weight": 0.7242647058823529
    },
    "17627.42": {
      "votes": {
        "4": 2,
        "2": 2
      },
      "initial_weight": 0.75,
      "final_weight": 0.6
    },
    "17627.90": {
      "votes": {
        "0": 1
      },
      "initial_weight": 0.0,
      "final_weight": 0.5618307590258694
    },
    "17627.197": {
      "votes": {},
      "initial_weight": 0.5,
      "final_weight": 0.5
    },
    "17627.30": {
      "votes": {},
      "initial_weight": 0.5,
      "final_weight": 0.48921090506608844
    },
    "17627.82": {
      "votes": {},
      "initial_weight": 0.5,
      "final_weight": 0.5
    },
    "17627.89": {
      "votes": {},
      "initial_weight": 0.5,
      "final_weight": 0.5
    },
    "17627.91": {
      "votes": {},
      "initial_weight": 0.5,
      "final_weight": 0.5689655172413793
    },
    "17627.41": {
      "votes": {
        "3": 1,
        "1": 1
      },
      "initial_weight": 0.5,
      "final_weight": 0.25
    },
    "17627.113": {
      "votes": {},
      "initial_weight": 0.5,
      "final_weight": 0.5
    },
    "17627.26": {
      "votes": {
        "2": 1,
        "4": 1
      },
      "initial_weight": 0.75,
      "final_weight": 0.7425742574257426
    },
    "17627.29": {
      "votes": {
        "0": 1,
        "3": 1
      },
      "initial_weight": 0.375,
      "final_weight": 0.3232758620689655
    },
    "17627.43": {
      "votes": {
        "3": 1,
        "4": 1,
        "2": 1
      },
      "initial_weight": 0.75,
      "final_weight": 0.7647058823529411
    },
    "17627.27": {
      "votes": {
        "4": 1
      },
      "initial_weight": 1.0,
      "final_weight": 1.0
    },
    "17627.51": {
      "votes": {
        "1": 1,
        "0": 1
      },
      "initial_weight": 0.125,
      "final_weight": 0.1
    },
    "17627.57": {
      "votes": {
        "4": 1,
        "3": 1,
        "2": 1
      },
      "initial_weight": 0.75,
      "final_weight": 0.75
    },
    "17627.64": {
      "votes": {},
      "initial_weight": 0.5,
      "final_weight": 0.75
    },
    "17627.98": {
      "votes": {},
      "initial_weight": 0.5,
      "final_weight": 0.5
    },
    "17627.50": {
      "votes": {
        "3": 1
      },
      "initial_weight": 0.75,
      "final_weight": 0.375
    },
    "17627.53": {
      "votes": {
        "4": 1,
        "3": 1
      },
      "initial_weight": 0.875,
      "final_weight": 0.875
    },
    "17627.54": {
      "votes": {
        "2": 1
      },
      "initial_weight": 0.5,
      "final_weight": 0.6
    },
    "17627.87": {
      "votes": {},
      "initial_weight": 0.5,
      "final_weight": 0.6
    },
    "17627.28": {
      "votes": {
        "4": 1,
        "2": 1
      },
      "initial_weight": 0.75,
      "final_weight": 0.6
    },
    "17627.84": {
      "votes": {},
      "initial_weight": 0.5,
      "final_weight": 0.5
    },
    "17627.114": {
      "votes": {},
      "initial_weight": 0.5,
      "final_weight": 0.5
    },
    "17627.115": {
      "votes": {},
      "initial_weight": 0.5,
      "final_weight": 0.5
    },
    "17627.96": {
      "votes": {},
      "initial_weight": 0.5,
      "final_weight": 0.5
    },
    "17627.49": {
      "votes": {
        "4": 1
      },
      "initial_weight": 1.0,
      "final_weight": 1.0
    },
    "17627.62": {
      "votes": {
        "4": 1
      },
      "initial_weight": 1.0,
      "final_weight": 1.0
    },
    "17627.85": {
      "votes": {},
      "initial_weight": 0.5,
      "final_weight": 0.5
    },
    "17627.74": {
      "votes": {},
      "initial_weight": 0.5,
      "final_weight": 0.5
    },
    "17627.25": {
      "votes": {},
      "initial_weight": 0.5,
      "final_weight": 0.6323529411764706
    },
    "17627.201": {
      "votes": {},
      "initial_weight": 0.5,
      "final_weight": 0.5
    },
    "17627.203": {
      "votes": {},
      "initial_weight": 0.5,
      "final_weight": 0.5
    },
    "17627.31": {
      "votes": {
        "2": 1
      },
      "initial_weight": 0.5,
      "final_weight": 0.5
    },
    "17627.59": {
      "votes": {},
      "initial_weight": 0.5,
      "final_weight": 0.4
    },
    "17627.44": {
      "votes": {},
      "initial_weight": 0.5,
      "final_weight": 0.5
    },
    "17627.47": {
      "votes": {},
      "initial_weight": 0.5,
      "final_weight": 0.5
    },
    "17627.63": {
      "votes": {},
      "initial_weight": 0.5,
      "final_weight": 0.6
    },
    "17627.106": {
      "votes": {},
      "initial_weight": 0.5,
      "final_weight": 0.5
    },
    "17627.40": {
      "votes": {},
      "initial_weight": 0.5,
      "final_weight": 0.4
    },
    "17627.48": {
      "votes": {
        "4": 1,
        "2": 1
      },
      "initial_weight": 0.75,
      "final_weight": 0.75
    },
    "17627.108": {
      "votes": {
        "4": 2
      },
      "initial_weight": 1.0,
      "final_weight": 1.0
    },
    "17627.97": {
      "votes": {},
      "initial_weight": 0.5,
      "final_weight": 0.5
    },
    "17627.58": {
      "votes": {},
      "initial_weight": 0.5,
      "final_weight": 0.75
    },
    "17627.33": {
      "votes": {},
      "initial_weight": 0.5,
      "final_weight": 0.5
    },
    "17627.32": {
      "votes": {},
      "initial_weight": 0.5,
      "final_weight": 0.5
    },
    "17627.52": {
      "votes": {},
      "initial_weight": 0.5,
      "final_weight": 0.5
    },
    "17627.107": {
      "votes": {},
      "initial_weight": 0.5,
      "final_weight": 0.5
    },
    "17627.55": {
      "votes": {},
      "initial_weight": 0.5,
      "final_weight": 0.5
    },
    "17627.104": {
      "votes": {},
      "initial_weight": 0.5,
      "final_weight": 0.5
    },
    "17627.119": {
      "votes": {},
      "initial_weight": 0.5,
      "final_weight": 0.5
    },
    "17627.105": {
      "votes": {},
      "initial_weight": 0.5,
      "final_weight": 0.5
    },
    "17627.56": {
      "votes": {},
      "initial_weight": 0.5,
      "final_weight": 0.6
    },
    "17627.70": {
      "votes": {},
      "initial_weight": 0.5,
      "final_weight": 0.5
    },
    "17627.110": {
      "votes": {},
      "initial_weight": 0.5,
      "final_weight": 0.5
    },
    "17627.86": {
      "votes": {},
      "initial_weight": 0.5,
      "final_weight": 0.5
    },
    "17627.103": {
      "votes": {},
      "initial_weight": 0.5,
      "final_weight": 0.5
    },
    "17627.69": {
      "votes": {},
      "initial_weight": 0.5,
      "final_weight": 0.5
    },
    "17627.60": {
      "votes": {},