{
  "nodes": {
    "17682.0": {
      "votes": {},
      "initial_weight": 0.5,
      "final_weight": 0.5
    },
    "17682.1": {
      "votes": {
        "2": 1,
        "4": 1,
        "0": 1,
        "1": 1
      },
      "initial_weight": 0.4375,
      "final_weight": 0.10298316835882526
    },
    "17682.2": {
      "votes": {
        "4": 5,
        "2": 1
      },
      "initial_weight": 0.9166666666666666,
      "final_weight": 0.9741300957683955
    },
    "17682.3": {
      "votes": {
        "4": 1,
        "3": 1,
        "1": 2
      },
      "initial_weight": 0.5625,
      "final_weight": 0.5578583960608976
    },
    "17682.9": {
      "votes": {
        "3": 1,
        "2": 2
      },
      "initial_weight": 0.5833333333333334,
      "final_weight": 0.5833333333333334
    },
    "17682.10": {
      "votes": {
        "4": 3,
        "3": 1
      },
      "initial_weight": 0.9375,
      "final_weight": 0.9375
    },
    "17682.12": {
      "votes": {
        "0": 1,
        "1": 2,
        "3": 1
      },
      "initial_weight": 0.3125,
      "final_weight": 0.16020506247997435
    },
    "17682.20": {
      "votes": {
        "1": 1,
        "0": 2
      },
      "initial_weight": 0.08333333333333333,
      "final_weight": 0.08333333333333333
    },
    "17682.27": {
      "votes": {
        "2": 1,
        "3": 1
      },
      "initial_weight": 0.625,
      "final_weight": 0.625
    },
    "17682.33": {
      "votes": {},
      "initial_weight": 0.5,
      "final_weight": 0.5
    },
    "17682.76": {
      "votes": {},
      "initial_weight": 0.5,
      "final_weight": 0.4
    },
    "17682.11": {
      "votes": {
        "1": 2,
        "0": 1
      },
      "initial_weight": 0.16666666666666666,
      "final_weight": 0.05128205128205128
    },
    "17682.23": {
      "votes": {
        "2": 2,
        "4": 1
      },
      "initial_weight": 0.6666666666666666,
      "final_weight": 0.6666666666666666
    },
    "17682.25": {
      "votes": {
        "4": 1,
        "3": 1
      },
      "initial_weight": 0.875,
      "final_weight": 0.875
    },
    "17682.4": {
      "votes": {
        "3": 1,
        "2": 1
      },
      "initial_weight": 0.625,
      "final_weight": 0.21621621621621623
    },
    "17682.5": {
      "votes": {
        "1": 1,
        "0": 1
      },
      "initial_weight": 0.125,
      "final_weight": 0.125
    },
    "17682.7": {
      "votes": {
        "3": 1,
        "0": 1
      },
      "initial_weight": 0.375,
      "final_weight": 0.375
    },
    "17682.8": {
      "votes": {
        "3": 1,
        "1": 1
      },
      "initial_weight": 0.5,
      "final_weight": 0.5
    },
    "17682.24": {
      "votes": {
        "4": 1,
        "2": 1
      },
      "initial_weight": 0.75,
      "final_weight": 0.75
    },
    "17682.26": {
      "votes": {
        "4": 1,
        "3": 1
      },
      "initial_weight": 0.875,
      "final_weight": 0.875
    },
    "17682.13": {
      "votes": {
        "3": 1,
        "2": 1
      },
      "initial_weight": 0.625,
      "final_weight": 0.625
    },
    "17682.14": {
      "votes": {
        "4": 1,
        "2": 1,
        "0": 1
      },
      "initial_weight": 0.5,
      "final_weight": 0.5
    },
    "17682.21": {
      "votes": {},
      "initial_weight": 0.5,
      "final_weight": 0.5
    },
    "17682.31": {
      "votes": {},
      "initial_weight": 0.5,
      "final_weight": 0.6
    },
    "17682.34": {
      "votes": {},
      "initial_weight": 0.5,
      "final_weight": 0.5
    },
    "17682.35": {
      "votes": {},
      "initial_weight": 0.5,
      "final_weight": 0.5
    },
    "17682.30": {
      "votes": {},
      "initial_weight": 0.5,
      "final_weight": 0.5
    },
    "17682.22": {
      "votes": {},
      "initial_weight": 0.5,
      "final_weight": 0.5
    },
    "17682.28": {
      "votes": {
        "4": 1
      },
      "initial_weight": 1.0,
      "final_weight": 1.0
    },
    "17682.6": {
      "votes": {
        "4": 1,
        "3": 1
      },
      "initial_weight": 0.875,
      "final_weight": 0.875
    },
    "17682.15": {
      "votes": {
        "2": 1
      },
      "initial_weight": 0.5,
      "final_weight": 0.5
    },
    "17682.32": {
      "votes": {},
      "initial_weight": 0.5,
      "final_weight": 0.5
    }
  },
  "edges": {
    "17682.1": {
      "successor_id": "17682.0",
      "relation": 0.0
    },
    "17682.2": {
      "successor_id": "17682.0",
      "relation": 0.0
    },
    "17682.3": {
      "successor_id": "17682.0",
      "relation": 0.0
    },
    "17682.9": {
      "successor_id": "17682.1",
      "relation": -1.0
    },
    "17682.10": {
      "successor_id": "17682.1",
      "relation": -1.0
    },
    "17682.12": {
      "successor_id": "17682.1",
      "relation": 1.0
    },
    "17682.20": {
      "successor_id": "17682.1",
      "relation": 1.0
    },
    "17682.27": {
      "successor_id": "17682.1",
      "relation": -1.0
    },
    "17682.33": {
      "successor_id": "17682.1",
      "relation": 1.0
    },
    "17682.76": {
      "successor_id": "17682.1",
      "relation": -1.0
    },
    "17682.11": {
      "successor_id": "17682.2",
      "relation": -1.0
    },
    "17682.23": {
      "successor_id": "17682.2",
      "relation": 1.0
    },
    "17682.25": {
      "successor_id": "17682.2",
      "relation": 1.0
    },
    "17682.4": {
      "successor_id": "17682.3",
      "relation": -1.0
    },
    "17682.5": {
      "successor_id": "17682.3",
      "relation": 1.0
    },
    "17682.7": {
      "successor_id": "17682.3",
      "relation": -1.0
    },
    "17682.8": {
      "successor_id": "17682.3",
      "relation": 1.0
    },
    "17682.24": {
      "successor_id": "17682.3",
      "relation": 1.0
    },
    "17682.26": {
      "successor_id": "17682.3",
      "relation": -1.0
    },
    "17682.13": {
      "successor_id": "17682.12",
      "relation": 1.0
    },
    "17682.14": {
      "successor_id": "17682.12",
      "relation": -1.0
    },
    "17682.21": {
      "successor_id": "17682.12",
      "relation": -1.0
    },
    "17682.31": {
      "successor_id": "17682.12",
      "relation": -1.0
    },
    "17682.34": {
      "successor_id": "17682.33",
      "relation": 1.0
    },
    "17682.35": {
      "successor_id": "17682.33",
      "relation": -1.0
    },
    "17682.30": {
      "successor_id": "17682.76",
      "relation": -1.0
    },
    "17682.22": {
      "successor_id": "17682.11",
      "relation": -1.0
    },
    "17682.28": {
      "successor_id": "17682.11",
      "relation": -1.0
    },
    "17682.6": {
      "successor_id": "17682.4",
      "relation": -1.0
    },
    "17682.15": {
      "successor_id": "17682.4",
      "relation": -1.0
    },
    "17682.32": {
      "successor_id": "17682.31",
      "relation": 1.0
    }
  }
}