{
  "nodes": {
    "17848.0": {
      "votes": {},
      "initial_weight": 0.5,
      "final_weight": 0.5
    },
    "17848.1": {
      "votes": {
        "4": 4
      },
      "initial_weight": 1.0,
      "final_weight": 1.0
    },
    "17848.3": {
      "votes": {
        "4": 1,
        "1": 1
      },
      "initial_weight": 0.625,
      "final_weight": 0.07959678307810947
    },
    "17848.4": {
      "votes": {
        "3": 1,
        "4": 3
      },
      "initial_weight": 0.9375,
      "final_weight": 0.9461206896551724
    },
    "17848.6": {
      "votes": {
        "2": 1,
        "4": 2
      },
      "initial_weight": 0.8333333333333334,
      "final_weight": 0.7305936073059361
    },
    "17848.10": {
      "votes": {
        "4": 1,
        "0": 2
      },
      "initial_weight": 0.3333333333333333,
      "final_weight": 0.08720524626761544
    },
    "17848.11": {
      "votes": {},
      "initial_weight": 0.5,
      "final_weight": 0.6799999999999999
    },
    "17848.13": {
      "votes": {
        "4": 1,
        "1": 2
      },
      "initial_weight": 0.5,
      "final_weight": 0.17297297297297298
    },
    "17848.24": {
      "votes": {
        "3": 1,
        "4": 1
      },
      "initial_weight": 0.875,
      "final_weight": 0.56
    },
    "17848.27": {
      "votes": {
        "3": 1
      },
      "initial_weight": 0.75,
      "final_weight": 0.5660804589025586
    },
    "17848.30": {
      "votes": {
        "3": 1,
        "1": 1,
        "4": 1
      },
      "initial_weight": 0.6666666666666666,
      "final_weight": 0.42666666666666664
    },
    "17848.31": {
      "votes": {
        "2": 1
      },
      "initial_weight": 0.5,
      "final_weight": 0.504950495049505
    },
    "17848.12": {
      "votes": {
        "4": 1,
        "2": 1
      },
      "initial_weight": 0.75,
      "final_weight": 0.75
    },
    "17848.14": {
      "votes": {},
      "initial_weight": 0.5,
      "final_weight": 0.09999999999999998
    },
    "17848.20": {
      "votes": {
        "4": 1,
        "0": 1
      },
      "initial_weight": 0.5,
      "final_weight": 0.5
    },
    "17848.25": {
      "votes": {},
      "initial_weight": 0.5,
      "final_weight": 0.5
    },
    "17848.33": {
      "votes": {},
      "initial_weight": 0.5,
      "final_weight": 0.36764705882352944
    },
    "17848.5": {
      "votes": {
        "4": 1
      },
      "initial_weight": 1.0,
      "final_weight": 1.0
    },
    "17848.8": {
      "votes": {},
      "initial_weight": 0.5,
      "final_weight": 0.5
    },
    "17848.64": {
      "votes": {},
      "initial_weight": 0.5,
      "final_weight": 0.6
    },
    "17848.2": {
      "votes": {
        "4": 3
      },
      "initial_weight": 1.0,
      "final_weight": 1.0
    },
    "17848.58": {
      "votes": {},
      "initial_weight": 0.5,
      "final_weight": 0.6
    },
    "17848.28": {
      "votes": {
        "2": 1
      },
      "initial_weight": 0.5,
      "final_weight": 0.5
    },
    "17848.48": {
      "votes": {
        "4": 1,
        "1": 1
      },
      "initial_weight": 0.625,
      "final_weight": 0.625
    },
    "17848.105": {
      "votes": {
        "2": 1
      },
      "initial_weight": 0.5,
      "final_weight": 0.5
    },
    "17848.113": {
      "votes": {
        "4": 2
      },
      "initial_weight": 1.0,
      "final_weight": 1.0
    },
    "17848.19": {
      "votes": {
        "4": 1
      },
      "initial_weight": 1.0,
      "final_weight": 1.0
    },
    "17848.61": {
      "votes": {
        "3": 1
      },
      "initial_weight": 0.75,
      "final_weight": 0.75
    },
    "17848.15": {
      "votes": {
        "4": 2
      },
      "initial_weight": 1.0,
      "final_weight": 1.0
    },
    "17848.26": {
      "votes": {},
      "initial_weight": 0.5,
      "final_weight": 0.5
    },
    "17848.111": {
      "votes": {
        "4": 1,
        "3": 1
      },
      "initial_weight": 0.875,
      "final_weight": 0.875
    },
    "17848.29": {
      "votes": {},
      "initial_weight": 0.5,
      "final_weight": 0.5
    },
    "17848.52": {
      "votes": {
        "1": 1
      },
      "initial_weight": 0.25,
      "final_weight": 0.25
    },
    "17848.34": {
      "votes": {
        "2": 1
      },
      "initial_weight": 0.5,
      "final_weight": 0.32
    },
    "17848.66": {
      "votes": {
        "1": 1
      },
      "initial_weight": 0.25,
      "final_weight": 0.25
    },
    "17848.53": {
      "votes": {
        "3": 1
      },
      "initial_weight": 0.75,
      "final_weight": 0.75
    },
    "17848.57": {
      "votes": {},
      "initial_weight": 0.5,
      "final_weight": 0.5
    },
    "17848.109": {
      "votes": {
        "2": 1
      },
      "initial_weight": 0.5,
      "final_weight": 0.4
    },
    "17848.16": {
      "votes": {
        "4": 1
      },
      "initial_weight": 1.0,
      "final_weight": 1.0
    },
    "17848.21": {
      "votes": {
        "4": 1
      },
      "initial_weight": 1.0,
      "final_weight": 1.0
    },
    "17848.54": {
      "votes": {},
      "initial_weight": 0.5,
      "final_weight": 0.6
    },
    "17848.23": {
      "votes": {},
      "initial_weight": 0.5,
      "final_weight": 0.5
    },
    "17848.65": {
      "votes": {},
      "initial_weight": 0.5,
      "final_weight": 0.5
    },
    "17848.63": {
      "votes": {},
      "initial_weight": 0.5,
      "final_weight": 0.5
    },
    "17848.43": {
      "votes": {
        "4": 1
      },
      "initial_weight": 1.0,
      "final_weight": 1.0
    },
    "17848.47": {
      "votes": {
        "3": 1
      },
      "initial_weight": 0.75,
      "final_weight": 0.75
    },
    "17848.123": {
      "votes": {
        "2": 1
      },
      "initial_weight": 0.5,
      "final_weight": 0.5
    }
  },
  "edges": {
    "17848.1": {
      "successor_id": "17848.0",
      "relation": 0.0
    },
    "17848.3": {
      "successor_id": "17848.1",
      "relation": -1.0
    },
    "17848.4": {
      "successor_id": "17848.1",
      "relation": 1.0
    },
    "17848.6": {
      "successor_id": "17848.1",
      "relation": -1.0
    },
    "17848.10": {
      "successor_id": "17848.1",
      "relation": -1.0
    },
    "17848.11": {
      "successor_id": "17848.10",
      "relation": -1.0
    },
    "17848.13": {
      "successor_id": "17848.1",
      "relation": -1.0
    },
    "17848.24": {
      "successor_id": "17848.1",
      "relation": 1.0
    },
    "17848.27": {
      "successor_id": "17848.1",
      "relation": 1.0
    },
    "17848.30": {
      "successor_id": "17848.1",
      "relation": 1.0
    },
    "17848.31": {
      "successor_id": "17848.1",
      "relation": -1.0
    },
    "17848.12": {
      "successor_id": "17848.3",
      "relation": -1.0
    },
    "17848.14": {
      "successor_id": "17848.3",
      "relation": 1.0
    },
    "17848.20": {
      "successor_id": "17848.3",
      "relation": -1.0
    },
    "17848.25": {
      "successor_id": "17848.54",
      "relation": 1.0
    },
    "17848.33": {
      "successor_id": "17848.3",
      "relation": -1.0
    },
    "17848.5": {
      "successor_id": "17848.3",
      "relation": -1.0
    },
    "17848.8": {
      "successor_id": "17848.3",
      "relation": 1.0
    },
    "17848.64": {
      "successor_id": "17848.3",
      "relation": -1.0
    },
    "17848.2": {
      "successor_id": "17848.4",
      "relation": 1.0
    },
    "17848.58": {
      "successor_id": "17848.4",
      "relation": -1.0
    },
    "17848.28": {
      "successor_id": "17848.6",
      "relation": -1.0
    },
    "17848.48": {
      "successor_id": "17848.6",
      "relation": 1.0
    },
    "17848.105": {
      "successor_id": "17848.6",
      "relation": 1.0
    },
    "17848.113": {
      "successor_id": "17848.6",
      "relation": -1.0
    },
    "17848.19": {
      "successor_id": "17848.10",
      "relation": -1.0
    },
    "17848.61": {
      "successor_id": "17848.11",
      "relation": 1.0
    },