{
  "nodes": {
    "18429.0": {
      "votes": {},
      "initial_weight": 0.5,
      "final_weight": 0.5
    },
    "18429.1": {
      "votes": {
        "2": 3,
        "1": 2,
        "0": 9,
        "4": 7,
        "3": 3
      },
      "initial_weight": 0.46875,
      "final_weight": 0.6407907821028247
    },
    "18429.46": {
      "votes": {
        "0": 6,
        "2": 2,
        "1": 1,
        "3": 3,
        "4": 5
      },
      "initial_weight": 0.5,
      "final_weight": 0.6865976056492651
    },
    "18429.2": {
      "votes": {},
      "initial_weight": 0.5,
      "final_weight": 0.494552696696324
    },
    "18429.303": {
      "votes": {
        "4": 2
      },
      "initial_weight": 1.0,
      "final_weight": 1.0
    },
    "18429.91": {
      "votes": {},
      "initial_weight": 0.5,
      "final_weight": 0.4999877465996814
    },
    "18429.51": {
      "votes": {
        "4": 2,
        "0": 1,
        "1": 1,
        "2": 1,
        "3": 1
      },
      "initial_weight": 0.5833333333333334,
      "final_weight": 0.6666666666666667
    },
    "18429.53": {
      "votes": {},
      "initial_weight": 0.5,
      "final_weight": 0.6
    },
    "18429.268": {
      "votes": {},
      "initial_weight": 0.5,
      "final_weight": 0.49504950495049505
    },
    "18429.351": {
      "votes": {},
      "initial_weight": 0.5,
      "final_weight": 0.6
    },
    "18429.531": {
      "votes": {},
      "initial_weight": 0.5,
      "final_weight": 0.6
    },
    "18429.134": {
      "votes": {},
      "initial_weight": 0.5,
      "final_weight": 0.49504950495049505
    },
    "18429.67": {
      "votes": {},
      "initial_weight": 0.5,
      "final_weight": 0.6
    },
    "18429.27": {
      "votes": {},
      "initial_weight": 0.5,
      "final_weight": 0.5297414015651621
    },
    "18429.15": {
      "votes": {},
      "initial_weight": 0.5,
      "final_weight": 0.4750008218007298
    },
    "18429.25": {
      "votes": {},
      "initial_weight": 0.5,
      "final_weight": 0.504950495049505
    },
    "18429.430": {
      "votes": {},
      "initial_weight": 0.5,
      "final_weight": 0.5
    },
    "18429.446": {
      "votes": {},
      "initial_weight": 0.5,
      "final_weight": 0.504950495049505
    },
    "18429.438": {
      "votes": {},
      "initial_weight": 0.5,
      "final_weight": 0.504950495049505
    },
    "18429.486": {
      "votes": {},
      "initial_weight": 0.5,
      "final_weight": 0.49504950495049505
    },
    "18429.498": {
      "votes": {},
      "initial_weight": 0.5,
      "final_weight": 0.5
    },
    "18429.345": {
      "votes": {},
      "initial_weight": 0.5,
      "final_weight": 0.5
    },
    "18429.347": {
      "votes": {},
      "initial_weight": 0.5,
      "final_weight": 0.5
    },
    "18429.55": {
      "votes": {},
      "initial_weight": 0.5,
      "final_weight": 0.5
    },
    "18429.330": {
      "votes": {},
      "initial_weight": 0.5,
      "final_weight": 0.5
    },
    "18429.37": {
      "votes": {},
      "initial_weight": 0.5,
      "final_weight": 0.5
    },
    "18429.459": {
      "votes": {},
      "initial_weight": 0.5,
      "final_weight": 0.5
    },
    "18429.58": {
      "votes": {},
      "initial_weight": 0.5,
      "final_weight": 0.4
    },
    "18429.349": {
      "votes": {},
      "initial_weight": 0.5,
      "final_weight": 0.5
    },
    "18429.463": {
      "votes": {},
      "initial_weight": 0.5,
      "final_weight": 0.5
    },
    "18429.22": {
      "votes": {},
      "initial_weight": 0.5,
      "final_weight": 0.5
    },
    "18429.527": {
      "votes": {},
      "initial_weight": 0.5,
      "final_weight": 0.5
    },
    "18429.529": {
      "votes": {},
      "initial_weight": 0.5,
      "final_weight": 0.5
    },
    "18429.545": {
      "votes": {},
      "initial_weight": 0.5,
      "final_weight": 0.5
    },
    "18429.32": {
      "votes": {},
      "initial_weight": 0.5,
      "final_weight": 0.5
    },
    "18429.374": {
      "votes": {},
      "initial_weight": 0.5,
      "final_weight": 0.5
    },
    "18429.66": {
      "votes": {},
      "initial_weight": 0.5,
      "final_weight": 0.5
    },
    "18429.135": {
      "votes": {},
      "initial_weight": 0.5,
      "final_weight": 0.5
    },
    "18429.525": {
      "votes": {},
      "initial_weight": 0.5,
      "final_weight": 0.5
    },
    "18429.543": {
      "votes": {},
      "initial_weight": 0.5,
      "final_weight": 0.5
    },
    "18429.33": {
      "votes": {},
      "initial_weight": 0.5,
      "final_weight": 0.6
    },
    "18429.453": {
      "votes": {},
      "initial_weight": 0.5,
      "final_weight": 0.5
    },
    "18429.380": {
      "votes": {},
      "initial_weight": 0.5,
      "final_weight": 0.5
    },
    "18429.451": {
      "votes": {},
      "initial_weight": 0.5,
      "final_weight": 0.5
    },
    "18429.78": {
      "votes": {
        "3": 1,
        "4": 3,
        "2": 1
      },
      "initial_weight": 0.85,
      "final_weight": 0.8514851485148515
    },
    "18429.383": {
      "votes": {},
      "initial_weight": 0.5,
      "final_weight": 0.5
    },
    "18429.423": {
      "votes": {},
      "initial_weight": 0.5,
      "final_weight": 0.5
    },
    "18429.311": {
      "votes": {},
      "initial_weight": 0.5,
      "final_weight": 0.6
    },
    "18429.61": {
      "votes": {},
      "initial_weight": 0.5,
      "final_weight": 0.5
    },
    "18429.318": {
      "votes": {},
      "initial_weight": 0.5,
      "final_weight": 0.6
    },
    "18429.278": {
      "votes": {},
      "initial_weight": 0.5,
      "final_weight": 0.6
    },
    "18429.18": {
      "votes": {},
      "initial_weight": 0.5,
      "final_weight": 0.47058823529411764
    },
    "18429.11": {
      "votes": {},
      "initial_weight": 0.5,
      "final_weight": 0.6
    },
    "18429.387": {
      "votes": {},
      "initial_weight": 0.5,
      "final_weight": 0.5
    },
    "18429.397": {
      "votes": {},
      "initial_weight": 0.5,
      "final_weight": 0.5
    },
    "18429.75": {
      "votes": {},
      "initial_weight": 0.5,
      "final_weight": 0.5
    },
    "18429.432": {
      "votes": {},
      "initial_weight": 0.5,
      "final_weight": 0.5
    },
    "18429.428": {
      "votes": {},
      "initial_weight": 0.5,
      "final_weight": 0.5
    },
    "18429.235": {
      "votes": {},
      "initial_weight": 0.5,
      "final_weight": 0.5
    },
    "18429.494": {
      "votes": {},
      "initial_weight": 0.5,
      "final_weight": 0.5
    },
    "18429.496": {
      "votes": {},
      "initial_weight": 0.5,
      "final_weight": 0.5
    },
    "18429.502": {
      "votes": {},
      "initial_weight": 0.5,
      "final_weight": 0.6
    },
    "18429.237": {
      "votes": {},
      "initial_weight": 0.5,
      "final_weight": 0.6
    },
    "18429.239": {
      "votes": {},
      "initial_weight": 0.5,
      "final_weight": 0.5
    },
    "18429.436": {
      "votes": {},
      "initial_weight": 0.5,
      "final_weight": 0.5
    },
    "18429.521": {
      "votes": {},
      "initial_weight": 0.5,
      "final_weight": 0.5
    },
    "18429.448": {
      "votes": {},
      "initial_weight": 0.5,
      "final_weight": 0.5
    },
    "18429.489": {
      "votes": {},
      "initial_weight": 0.5,
      "final_weight": 0.5
    },
    "18429.491": {
      "votes": {},
      "initial_weight": 0.5,
      "final_weight": 0.6
    },
    "18429.517": {
      "votes": {},
      "initial_weight": 0.5,
      "final_weight": 0.5
    },
    "18429.10": {
      "votes": {},
      "initial_weight": 0.5,
      "final_weight": 0.5
    },
    "18429.92": {
      "votes": {},
      "initial_weight": 0.5,
      "final_weight": 0.5
    },
    "18429.59": {
      "votes": {
        "2": 1
      },
      "initial_weight": 0.5,
      "final_weight": 0.5
    },
    "18429.57": {
      "votes": {},
      "initial_weight": 0.5,
      "final_weight": 0.5
    },