{
  "nodes": {
    "18668.0": {
      "votes": {},
      "initial_weight": 0.5,
      "final_weight": 0.5
    },
    "18668.1": {
      "votes": {},
      "initial_weight": 0.5,
      "final_weight": 0.2234246128614677
    },
    "18668.2": {
      "votes": {
        "4": 2,
        "0": 1
      },
      "initial_weight": 0.6666666666666666,
      "final_weight": 0.3333333333333333
    },
    "18668.3": {
      "votes": {
        "4": 1,
        "2": 1,
        "3": 1
      },
      "initial_weight": 0.75,
      "final_weight": 0.6
    },
    "18668.4": {
      "votes": {
        "1": 1
      },
      "initial_weight": 0.25,
      "final_weight": 0.25
    },
    "18668.5": {
      "votes": {
        "0": 1,
        "4": 2
      },
      "initial_weight": 0.6666666666666666,
      "final_weight": 0.6666337081376008
    },
    "18668.6": {
      "votes": {
        "4": 1,
        "3": 1
      },
      "initial_weight": 0.875,
      "final_weight": 0.7455621301775148
    },
    "18668.8": {
      "votes": {
        "4": 1,
        "1": 1
      },
      "initial_weight": 0.625,
      "final_weight": 0.625
    },
    "18668.9": {
      "votes": {
        "1": 1,
        "4": 1
      },
      "initial_weight": 0.625,
      "final_weight": 0.14132278123233466
    },
    "18668.21": {
      "votes": {
        "3": 1,
        "4": 1,
        "1": 1
      },
      "initial_weight": 0.6666666666666666,
      "final_weight": 0.5333333333333333
    },
    "18668.22": {
      "votes": {
        "2": 1,
        "4": 1
      },
      "initial_weight": 0.75,
      "final_weight": 0.75
    },
    "18668.13": {
      "votes": {
        "4": 1
      },
      "initial_weight": 1.0,
      "final_weight": 1.0
    },
    "18668.20": {
      "votes": {},
      "initial_weight": 0.5,
      "final_weight": 0.5
    },
    "18668.25": {
      "votes": {},
      "initial_weight": 0.5,
      "final_weight": 0.5
    },
    "18668.37": {
      "votes": {},
      "initial_weight": 0.5,
      "final_weight": 0.5
    },
    "18668.15": {
      "votes": {},
      "initial_weight": 0.5,
      "final_weight": 0.37467843406703377
    },
    "18668.40": {
      "votes": {},
      "initial_weight": 0.5,
      "final_weight": 0.5
    },
    "18668.41": {
      "votes": {},
      "initial_weight": 0.5,
      "final_weight": 0.36764705882352944
    },
    "18668.44": {
      "votes": {},
      "initial_weight": 0.5,
      "final_weight": 0.5
    },
    "18668.18": {
      "votes": {
        "4": 1,
        "0": 2
      },
      "initial_weight": 0.3333333333333333,
      "final_weight": 0.16666666666666666
    },
    "18668.24": {
      "votes": {
        "1": 1
      },
      "initial_weight": 0.25,
      "final_weight": 0.25
    },
    "18668.23": {
      "votes": {},
      "initial_weight": 0.5,
      "final_weight": 0.5
    },
    "18668.28": {
      "votes": {},
      "initial_weight": 0.5,
      "final_weight": 0.5
    },
    "18668.11": {
      "votes": {
        "3": 1
      },
      "initial_weight": 0.75,
      "final_weight": 0.75
    },
    "18668.12": {
      "votes": {
        "2": 1
      },
      "initial_weight": 0.5,
      "final_weight": 0.6
    },
    "18668.14": {
      "votes": {
        "2": 1
      },
      "initial_weight": 0.5,
      "final_weight": 0.5
    },
    "18668.30": {
      "votes": {},
      "initial_weight": 0.5,
      "final_weight": 0.5
    },
    "18668.38": {
      "votes": {},
      "initial_weight": 0.5,
      "final_weight": 0.5
    },
    "18668.39": {
      "votes": {},
      "initial_weight": 0.5,
      "final_weight": 0.5
    },
    "18668.26": {
      "votes": {},
      "initial_weight": 0.5,
      "final_weight": 0.5783404361995488
    },
    "18668.42": {
      "votes": {},
      "initial_weight": 0.5,
      "final_weight": 0.6
    },
    "18668.101": {
      "votes": {
        "4": 1
      },
      "initial_weight": 1.0,
      "final_weight": 1.0
    },
    "18668.29": {
      "votes": {},
      "initial_weight": 0.5,
      "final_weight": 0.5
    },
    "18668.27": {
      "votes": {},
      "initial_weight": 0.5,
      "final_weight": 0.43103448275862066
    },
    "18668.43": {
      "votes": {},
      "initial_weight": 0.5,
      "final_weight": 0.5
    },
    "18668.46": {
      "votes": {},
      "initial_weight": 0.5,
      "final_weight": 0.4
    },
    "18668.48": {
      "votes": {},
      "initial_weight": 0.5,
      "final_weight": 0.5
    }
  },
  "edges": {
    "18668.1": {
      "successor_id": "18668.0",
      "relation": 0.0
    },
    "18668.2": {
      "successor_id": "18668.1",
      "relation": 1.0
    },
    "18668.3": {
      "successor_id": "18668.1",
      "relation": -1.0
    },
    "18668.4": {
      "successor_id": "18668.1",
      "relation": -1.0
    },
    "18668.5": {
      "successor_id": "18668.1",
      "relation": 1.0
    },
    "18668.6": {
      "successor_id": "18668.1",
      "relation": -1.0
    },
    "18668.8": {
      "successor_id": "18668.1",
      "relation": 1.0
    },
    "18668.9": {
      "successor_id": "18668.1",
      "relation": 1.0
    },
    "18668.21": {
      "successor_id": "18668.1",
      "relation": -1.0
    },
    "18668.22": {
      "successor_id": "18668.1",
      "relation": -1.0
    },
    "18668.13": {
      "successor_id": "18668.2",
      "relation": -1.0
    },
    "18668.20": {
      "successor_id": "18668.3",
      "relation": -1.0
    },
    "18668.25": {
      "successor_id": "18668.3",
      "relation": 1.0
    },
    "18668.37": {
      "successor_id": "18668.3",
      "relation": -1.0
    },
    "18668.15": {
      "successor_id": "18668.5",
      "relation": -1.0
    },
    "18668.40": {
      "successor_id": "18668.5",
      "relation": 1.0
    },
    "18668.41": {
      "successor_id": "18668.5",
      "relation": 1.0
    },
    "18668.44": {
      "successor_id": "18668.5",
      "relation": -1.0
    },
    "18668.18": {
      "successor_id": "18668.6",
      "relation": -1.0
    },
    "18668.24": {
      "successor_id": "18668.6",
      "relation": -1.0
    },
    "18668.23": {
      "successor_id": "18668.8",
      "relation": 1.0
    },
    "18668.28": {
      "successor_id": "18668.8",
      "relation": -1.0
    },
    "18668.11": {
      "successor_id": "18668.9",
      "relation": -1.0
    },
    "18668.12": {
      "successor_id": "18668.9",
      "relation": -1.0
    },
    "18668.14": {
      "successor_id": "18668.9",
      "relation": -1.0
    },
    "18668.30": {
      "successor_id": "18668.21",
      "relation": -1.0
    },
    "18668.38": {
      "successor_id": "18668.37",
      "relation": 1.0
    },
    "18668.39": {
      "successor_id": "18668.37",
      "relation": -1.0
    },
    "18668.26": {
      "successor_id": "18668.15",
      "relation": -1.0
    },
    "18668.42": {
      "successor_id": "18668.41",
      "relation": -1.0
    },
    "18668.101": {
      "successor_id": "18668.18",
      "relation": -1.0
    },
    "18668.29": {
      "successor_id": "18668.12",
      "relation": 1.0
    },
    "18668.27": {
      "successor_id": "18668.26",
      "relation": 1.0
    },
    "18668.43": {
      "successor_id": "18668.42",
      "relation": 1.0
    },
    "18668.46": {
      "successor_id": "18668.27",
      "relation": -1.0
    },
    "18668.48": {
      "successor_id": "18668.46",
      "relation": -1.0
    }
  }
}