{
  "nodes": {
    "18944.0": {
      "votes": {},
      "initial_weight": 0.5,
      "final_weight": 0.5
    },
    "18944.1": {
      "votes": {
        "1": 1,
        "2": 1,
        "0": 2,
        "4": 1
      },
      "initial_weight": 0.35,
      "final_weight": 0.09817153677052448
    },
    "18944.5": {
      "votes": {
        "1": 2,
        "4": 2,
        "0": 3
      },
      "initial_weight": 0.35714285714285715,
      "final_weight": 0.17857142857142858
    },
    "18944.6": {
      "votes": {
        "0": 3,
        "4": 1,
        "1": 1,
        "2": 1
      },
      "initial_weight": 0.2916666666666667,
      "final_weight": 0.9433078806890427
    },
    "18944.12": {
      "votes": {
        "1": 1,
        "0": 2
      },
      "initial_weight": 0.08333333333333333,
      "final_weight": 0.13186597445568402
    },
    "18944.65": {
      "votes": {
        "4": 4
      },
      "initial_weight": 1.0,
      "final_weight": 1.0
    },
    "18944.87": {
      "votes": {
        "0": 3
      },
      "initial_weight": 0.0,
      "final_weight": 0.0
    },
    "18944.152": {
      "votes": {
        "4": 3,
        "3": 1
      },
      "initial_weight": 0.9375,
      "final_weight": 0.46875
    },
    "18944.206": {
      "votes": {
        "0": 3
      },
      "initial_weight": 0.0,
      "final_weight": 0.0
    },
    "18944.226": {
      "votes": {
        "4": 1,
        "0": 1
      },
      "initial_weight": 0.5,
      "final_weight": 0.5
    },
    "18944.41": {
      "votes": {
        "4": 1
      },
      "initial_weight": 1.0,
      "final_weight": 1.0
    },
    "18944.156": {
      "votes": {
        "4": 1
      },
      "initial_weight": 1.0,
      "final_weight": 1.0
    },
    "18944.222": {
      "votes": {
        "0": 1
      },
      "initial_weight": 0.0,
      "final_weight": 0.0
    },
    "18944.238": {
      "votes": {
        "4": 1
      },
      "initial_weight": 1.0,
      "final_weight": 1.0
    },
    "18944.14": {
      "votes": {
        "0": 2
      },
      "initial_weight": 0.0,
      "final_weight": 0.0
    },
    "18944.164": {
      "votes": {
        "4": 1
      },
      "initial_weight": 1.0,
      "final_weight": 1.0
    },
    "18944.178": {
      "votes": {
        "0": 1
      },
      "initial_weight": 0.0,
      "final_weight": 0.0
    },
    "18944.17": {
      "votes": {
        "4": 1
      },
      "initial_weight": 1.0,
      "final_weight": 0.7977524502133216
    },
    "18944.200": {
      "votes": {
        "4": 1
      },
      "initial_weight": 1.0,
      "final_weight": 0.7925849912277798
    },
    "18944.150": {
      "votes": {
        "4": 1
      },
      "initial_weight": 1.0,
      "final_weight": 0.8
    },
    "18944.44": {
      "votes": {},
      "initial_weight": 0.5,
      "final_weight": 0.13644142814989674
    },
    "18944.11": {
      "votes": {
        "3": 1,
        "4": 1
      },
      "initial_weight": 0.875,
      "final_weight": 0.875
    },
    "18944.69": {
      "votes": {},
      "initial_weight": 0.5,
      "final_weight": 0.5
    },
    "18944.85": {
      "votes": {},
      "initial_weight": 0.5,
      "final_weight": 0.6
    },
    "18944.61": {
      "votes": {
        "4": 1
      },
      "initial_weight": 1.0,
      "final_weight": 1.0
    },
    "18944.13": {
      "votes": {},
      "initial_weight": 0.5,
      "final_weight": 0.15024633543046761
    },
    "18944.154": {
      "votes": {
        "4": 1
      },
      "initial_weight": 1.0,
      "final_weight": 1.0
    },
    "18944.242": {
      "votes": {},
      "initial_weight": 0.5,
      "final_weight": 0.6
    },
    "18944.174": {
      "votes": {},
      "initial_weight": 0.5,
      "final_weight": 0.5
    },
    "18944.184": {
      "votes": {},
      "initial_weight": 0.5,
      "final_weight": 0.5
    },
    "18944.208": {
      "votes": {},
      "initial_weight": 0.5,
      "final_weight": 0.5
    },
    "18944.210": {
      "votes": {},
      "initial_weight": 0.5,
      "final_weight": 0.5
    },
    "18944.228": {
      "votes": {
        "0": 1
      },
      "initial_weight": 0.0,
      "final_weight": 0.0
    },
    "18944.158": {
      "votes": {},
      "initial_weight": 0.5,
      "final_weight": 0.5
    },
    "18944.224": {
      "votes": {},
      "initial_weight": 0.5,
      "final_weight": 0.5
    },
    "18944.166": {
      "votes": {},
      "initial_weight": 0.5,
      "final_weight": 0.5
    },
    "18944.16": {
      "votes": {
        "4": 1
      },
      "initial_weight": 1.0,
      "final_weight": 1.0
    },
    "18944.77": {
      "votes": {
        "4": 1,
        "3": 1
      },
      "initial_weight": 0.875,
      "final_weight": 0.875
    },
    "18944.176": {
      "votes": {
        "1": 1
      },
      "initial_weight": 0.25,
      "final_weight": 0.25
    },
    "18944.18": {
      "votes": {},
      "initial_weight": 0.5,
      "final_weight": 0.10845986984815614
    },
    "18944.19": {
      "votes": {},
      "initial_weight": 0.5,
      "final_weight": 0.4
    },
    "18944.180": {
      "votes": {},
      "initial_weight": 0.5,
      "final_weight": 0.49504950495049505
    },
    "18944.10": {
      "votes": {},
      "initial_weight": 0.5,
      "final_weight": 0.5115606936416185
    },
    "18944.194": {
      "votes": {},
      "initial_weight": 0.5,
      "final_weight": 0.5
    },
    "18944.196": {
      "votes": {},
      "initial_weight": 0.5,
      "final_weight": 0.5
    },
    "18944.198": {
      "votes": {},
      "initial_weight": 0.5,
      "final_weight": 0.5
    },
    "18944.45": {
      "votes": {},
      "initial_weight": 0.5,
      "final_weight": 0.36764705882352944
    },
    "18944.46": {
      "votes": {},
      "initial_weight": 0.5,
      "final_weight": 0.5
    },
    "18944.70": {
      "votes": {
        "4": 1
      },
      "initial_weight": 1.0,
      "final_weight": 1.0
    },
    "18944.71": {
      "votes": {
        "4": 1
      },
      "initial_weight": 1.0,
      "final_weight": 1.0
    },
    "18944.84": {
      "votes": {},
      "initial_weight": 0.5,
      "final_weight": 0.5
    },
    "18944.86": {
      "votes": {},
      "initial_weight": 0.5,
      "final_weight": 0.5
    },
    "18944.3": {
      "votes": {
        "2": 1,
        "3": 1
      },
      "initial_weight": 0.625,
      "final_weight": 0.7242647058823529
    },
    "18944.49": {
      "votes": {
        "4": 1,
        "1": 1
      },
      "initial_weight": 0.625,
      "final_weight": 0.5
    },
    "18944.60": {
      "votes": {
        "4": 1
      },
      "initial_weight": 1.0,
      "final_weight": 1.0
    },
    "18944.64": {
      "votes": {
        "2": 1,
        "4": 1
      },
      "initial_weight": 0.75,
      "final_weight": 0.75
    },
    "18944.246": {
      "votes": {},
      "initial_weight": 0.5,
      "final_weight": 0.5
    },
    "18944.58": {
      "votes": {},
      "initial_weight": 0.5,
      "final_weight": 0.5
    },
    "18944.62": {
      "votes": {},
      "initial_weight": 0.5,
      "final_weight": 0.5
    },
    "18944.63": {
      "votes": {},
      "initial_weight": 0.5,
      "final_weight": 0.5
    },
    "18944.78": {
      "votes": {},
      "initial_weight": 0.5,
      "final_weight": 0.5
    },
    "18944.59": {
      "votes": {},
      "initial_weight": 0.5,
      "final_weight": 0.5
    },
    "18944.160": {
      "votes": {},
      "initial_weight": 0.5,
      "final_weight": 0.4
    },
    "18944.74": {
      "votes": {},
      "initial_weight": 0.5,
      "final_weight": 0.5
    },
    "18944.188": {
      "votes": {},
      "initial_weight": 0.5,
      "final_weight": 0.5
    },
    "18944.190": {
      "votes": {},
      "initial_weight": 0.5,
      "final_weight": 0.6
    },
    "18944.48": {
      "votes": {
        "0": 1
      },
      "initial_weight": 0.0,
      "final_weight": 0.0
    },
    "18944.4": {
      "votes": {},
      "initial_weight": 0.5,