{
  "nodes": {
    "19017.0": {
      "votes": {},
      "initial_weight": 0.5,
      "final_weight": 0.5
    },
    "19017.1": {
      "votes": {
        "4": 3,
        "1": 1
      },
      "initial_weight": 0.8125,
      "final_weight": 0.9686596800238848
    },
    "19017.2": {
      "votes": {
        "1": 1,
        "4": 3
      },
      "initial_weight": 0.8125,
      "final_weight": 0.85
    },
    "19017.3": {
      "votes": {
        "4": 1,
        "2": 1,
        "1": 1
      },
      "initial_weight": 0.5833333333333334,
      "final_weight": 0.08045977011494254
    },
    "19017.4": {
      "votes": {
        "2": 2
      },
      "initial_weight": 0.5,
      "final_weight": 0.15384615384615385
    },
    "19017.5": {
      "votes": {
        "4": 1,
        "3": 1,
        "2": 1
      },
      "initial_weight": 0.75,
      "final_weight": 0.75
    },
    "19017.6": {
      "votes": {
        "2": 1,
        "4": 3,
        "0": 1
      },
      "initial_weight": 0.7,
      "final_weight": 0.5599999999999999
    },
    "19017.9": {
      "votes": {
        "3": 2,
        "2": 1
      },
      "initial_weight": 0.6666666666666666,
      "final_weight": 0.26016260162601623
    },
    "19017.11": {
      "votes": {
        "0": 2
      },
      "initial_weight": 0.0,
      "final_weight": 0.0
    },
    "19017.15": {
      "votes": {
        "0": 1,
        "4": 2
      },
      "initial_weight": 0.6666666666666666,
      "final_weight": 0.6666666666666666
    },
    "19017.16": {
      "votes": {
        "4": 1,
        "0": 1
      },
      "initial_weight": 0.5,
      "final_weight": 0.5
    },
    "19017.17": {
      "votes": {
        "0": 1,
        "2": 1
      },
      "initial_weight": 0.25,
      "final_weight": 0.4
    },
    "19017.80": {
      "votes": {},
      "initial_weight": 0.5,
      "final_weight": 0.5
    },
    "19017.26": {
      "votes": {
        "4": 1
      },
      "initial_weight": 1.0,
      "final_weight": 1.0
    },
    "19017.32": {
      "votes": {},
      "initial_weight": 0.5,
      "final_weight": 0.5
    },
    "19017.33": {
      "votes": {
        "4": 1
      },
      "initial_weight": 1.0,
      "final_weight": 1.0
    },
    "19017.27": {
      "votes": {
        "4": 1
      },
      "initial_weight": 1.0,
      "final_weight": 1.0
    },
    "19017.68": {
      "votes": {},
      "initial_weight": 0.5,
      "final_weight": 0.5
    },
    "19017.70": {
      "votes": {},
      "initial_weight": 0.5,
      "final_weight": 0.5
    },
    "19017.23": {
      "votes": {
        "4": 1,
        "2": 1
      },
      "initial_weight": 0.75,
      "final_weight": 0.75
    },
    "19017.30": {
      "votes": {},
      "initial_weight": 0.5,
      "final_weight": 0.5
    },
    "19017.12": {
      "votes": {
        "4": 3,
        "2": 1
      },
      "initial_weight": 0.875,
      "final_weight": 0.875
    },
    "19017.13": {
      "votes": {
        "0": 1,
        "1": 1
      },
      "initial_weight": 0.125,
      "final_weight": 0.125
    },
    "19017.18": {
      "votes": {},
      "initial_weight": 0.5,
      "final_weight": 0.5
    },
    "19017.22": {
      "votes": {
        "0": 1
      },
      "initial_weight": 0.0,
      "final_weight": 0.0
    },
    "19017.28": {
      "votes": {
        "3": 1
      },
      "initial_weight": 0.75,
      "final_weight": 0.75
    },
    "19017.72": {
      "votes": {},
      "initial_weight": 0.5,
      "final_weight": 0.5
    },
    "19017.8": {
      "votes": {},
      "initial_weight": 0.5,
      "final_weight": 0.5
    },
    "19017.7": {
      "votes": {
        "0": 1,
        "4": 1
      },
      "initial_weight": 0.5,
      "final_weight": 0.5
    },
    "19017.14": {
      "votes": {
        "4": 2,
        "1": 1
      },
      "initial_weight": 0.75,
      "final_weight": 0.75
    },
    "19017.25": {
      "votes": {
        "3": 1
      },
      "initial_weight": 0.75,
      "final_weight": 0.75
    },
    "19017.31": {
      "votes": {
        "0": 1
      },
      "initial_weight": 0.0,
      "final_weight": 0.0
    }
  },
  "edges": {
    "19017.1": {
      "successor_id": "19017.0",
      "relation": 0.0
    },
    "19017.2": {
      "successor_id": "19017.1",
      "relation": 1.0
    },
    "19017.3": {
      "successor_id": "19017.1",
      "relation": -1.0
    },
    "19017.4": {
      "successor_id": "19017.1",
      "relation": -1.0
    },
    "19017.5": {
      "successor_id": "19017.1",
      "relation": 1.0
    },
    "19017.6": {
      "successor_id": "19017.1",
      "relation": 1.0
    },
    "19017.9": {
      "successor_id": "19017.1",
      "relation": -1.0
    },
    "19017.11": {
      "successor_id": "19017.1",
      "relation": -1.0
    },
    "19017.15": {
      "successor_id": "19017.1",
      "relation": 1.0
    },
    "19017.16": {
      "successor_id": "19017.1",
      "relation": -1.0
    },
    "19017.17": {
      "successor_id": "19017.1",
      "relation": 1.0
    },
    "19017.80": {
      "successor_id": "19017.2",
      "relation": 1.0
    },
    "19017.26": {
      "successor_id": "19017.3",
      "relation": -1.0
    },
    "19017.32": {
      "successor_id": "19017.3",
      "relation": -1.0
    },
    "19017.33": {
      "successor_id": "19017.3",
      "relation": -1.0
    },
    "19017.27": {
      "successor_id": "19017.4",
      "relation": -1.0
    },
    "19017.68": {
      "successor_id": "19017.4",
      "relation": -1.0
    },
    "19017.70": {
      "successor_id": "19017.6",
      "relation": -1.0
    },
    "19017.23": {
      "successor_id": "19017.9",
      "relation": -1.0
    },
    "19017.30": {
      "successor_id": "19017.9",
      "relation": -1.0
    },
    "19017.12": {
      "successor_id": "19017.11",
      "relation": -1.0
    },
    "19017.13": {
      "successor_id": "19017.11",
      "relation": 1.0
    },
    "19017.18": {
      "successor_id": "19017.11",
      "relation": 1.0
    },
    "19017.22": {
      "successor_id": "19017.11",
      "relation": 1.0
    },
    "19017.28": {
      "successor_id": "19017.11",
      "relation": -1.0
    },
    "19017.72": {
      "successor_id": "19017.11",
      "relation": -1.0
    },
    "19017.8": {
      "successor_id": "19017.11",
      "relation": 1.0
    },
    "19017.7": {
      "successor_id": "19017.17",
      "relation": 1.0
    },
    "19017.14": {
      "successor_id": "19017.8",
      "relation": 1.0
    },
    "19017.25": {
      "successor_id": "19017.8",
      "relation": -1.0
    },
    "19017.31": {
      "successor_id": "19017.8",
      "relation": -1.0
    }
  }
}