{
  "nodes": {
    "21075.0": {
      "votes": {},
      "initial_weight": 0.5,
      "final_weight": 0.5
    },
    "21075.1": {
      "votes": {
        "4": 1
      },
      "initial_weight": 1.0,
      "final_weight": 0.6438784334987346
    },
    "21075.3": {
      "votes": {
        "4": 1
      },
      "initial_weight": 1.0,
      "final_weight": 0.9992156498735294
    },
    "21075.4": {
      "votes": {
        "2": 1
      },
      "initial_weight": 0.5,
      "final_weight": 0.7737556561085973
    },
    "21075.5": {
      "votes": {
        "2": 1
      },
      "initial_weight": 0.5,
      "final_weight": 0.6
    },
    "21075.6": {
      "votes": {
        "4": 2,
        "2": 1
      },
      "initial_weight": 0.8333333333333334,
      "final_weight": 0.8397435897435898
    },
    "21075.7": {
      "votes": {
        "4": 3,
        "2": 1
      },
      "initial_weight": 0.875,
      "final_weight": 0.875
    },
    "21075.16": {
      "votes": {
        "3": 1
      },
      "initial_weight": 0.75,
      "final_weight": 0.8505142310452045
    },
    "21075.61": {
      "votes": {},
      "initial_weight": 0.5,
      "final_weight": 0.9024409483528645
    },
    "21075.133": {
      "votes": {},
      "initial_weight": 0.5,
      "final_weight": 0.75
    },
    "21075.10": {
      "votes": {
        "4": 1
      },
      "initial_weight": 1.0,
      "final_weight": 1.0
    },
    "21075.14": {
      "votes": {
        "1": 1
      },
      "initial_weight": 0.25,
      "final_weight": 0.21551724137931033
    },
    "21075.15": {
      "votes": {
        "4": 1,
        "1": 1
      },
      "initial_weight": 0.625,
      "final_weight": 0.8125
    },
    "21075.30": {
      "votes": {},
      "initial_weight": 0.5,
      "final_weight": 0.75
    },
    "21075.26": {
      "votes": {
        "4": 1
      },
      "initial_weight": 1.0,
      "final_weight": 1.0
    },
    "21075.27": {
      "votes": {
        "2": 1
      },
      "initial_weight": 0.5,
      "final_weight": 0.4
    },
    "21075.37": {
      "votes": {},
      "initial_weight": 0.5,
      "final_weight": 0.5
    },
    "21075.45": {
      "votes": {},
      "initial_weight": 0.5,
      "final_weight": 0.5
    },
    "21075.55": {
      "votes": {},
      "initial_weight": 0.5,
      "final_weight": 0.5
    },
    "21075.58": {
      "votes": {},
      "initial_weight": 0.5,
      "final_weight": 0.5
    },
    "21075.59": {
      "votes": {},
      "initial_weight": 0.5,
      "final_weight": 0.5
    },
    "21075.50": {
      "votes": {},
      "initial_weight": 0.5,
      "final_weight": 0.4
    },
    "21075.67": {
      "votes": {},
      "initial_weight": 0.5,
      "final_weight": 0.6
    },
    "21075.49": {
      "votes": {},
      "initial_weight": 0.5,
      "final_weight": 0.5
    },
    "21075.84": {
      "votes": {},
      "initial_weight": 0.5,
      "final_weight": 0.5
    },
    "21075.17": {
      "votes": {},
      "initial_weight": 0.5,
      "final_weight": 0.5
    },
    "21075.18": {
      "votes": {
        "2": 1
      },
      "initial_weight": 0.5,
      "final_weight": 0.4
    },
    "21075.25": {
      "votes": {
        "1": 1
      },
      "initial_weight": 0.25,
      "final_weight": 0.52
    },
    "21075.2": {
      "votes": {
        "4": 1
      },
      "initial_weight": 1.0,
      "final_weight": 0.9900990099009901
    },
    "21075.54": {
      "votes": {},
      "initial_weight": 0.5,
      "final_weight": 0.5
    },
    "21075.60": {
      "votes": {
        "4": 1
      },
      "initial_weight": 1.0,
      "final_weight": 1.0
    },
    "21075.33": {
      "votes": {},
      "initial_weight": 0.5,
      "final_weight": 0.6
    },
    "21075.51": {
      "votes": {},
      "initial_weight": 0.5,
      "final_weight": 0.43103448275862066
    },
    "21075.135": {
      "votes": {},
      "initial_weight": 0.5,
      "final_weight": 0.5
    },
    "21075.143": {
      "votes": {},
      "initial_weight": 0.5,
      "final_weight": 0.5
    },
    "21075.11": {
      "votes": {},
      "initial_weight": 0.5,
      "final_weight": 0.5
    },
    "21075.8": {
      "votes": {},
      "initial_weight": 0.5,
      "final_weight": 0.5
    },
    "21075.56": {
      "votes": {},
      "initial_weight": 0.5,
      "final_weight": 0.5
    },
    "21075.139": {
      "votes": {},
      "initial_weight": 0.5,
      "final_weight": 0.5
    },
    "21075.57": {
      "votes": {},
      "initial_weight": 0.5,
      "final_weight": 0.4
    },
    "21075.31": {
      "votes": {},
      "initial_weight": 0.5,
      "final_weight": 0.5
    },
    "21075.32": {
      "votes": {},
      "initial_weight": 0.5,
      "final_weight": 0.5
    },
    "21075.83": {
      "votes": {},
      "initial_weight": 0.5,
      "final_weight": 0.5
    },
    "21075.68": {
      "votes": {},
      "initial_weight": 0.5,
      "final_weight": 0.5
    },
    "21075.19": {
      "votes": {},
      "initial_weight": 0.5,
      "final_weight": 0.5
    },
    "21075.22": {
      "votes": {
        "4": 1
      },
      "initial_weight": 1.0,
      "final_weight": 0.8
    },
    "21075.39": {
      "votes": {},
      "initial_weight": 0.5,
      "final_weight": 0.4
    },
    "21075.44": {
      "votes": {
        "4": 1
      },
      "initial_weight": 1.0,
      "final_weight": 0.5
    },
    "21075.47": {
      "votes": {
        "4": 1
      },
      "initial_weight": 1.0,
      "final_weight": 1.0
    },
    "21075.34": {
      "votes": {
        "4": 1
      },
      "initial_weight": 1.0,
      "final_weight": 1.0
    },
    "21075.36": {
      "votes": {},
      "initial_weight": 0.5,
      "final_weight": 0.5
    },
    "21075.38": {
      "votes": {},
      "initial_weight": 0.5,
      "final_weight": 0.5
    },
    "21075.52": {
      "votes": {},
      "initial_weight": 0.5,
      "final_weight": 0.4
    },
    "21075.137": {
      "votes": {},
      "initial_weight": 0.5,
      "final_weight": 0.5
    },
    "21075.40": {
      "votes": {},
      "initial_weight": 0.5,
      "final_weight": 0.5
    },
    "21075.43": {
      "votes": {},
      "initial_weight": 0.5,
      "final_weight": 0.5
    },
    "21075.46": {
      "votes": {},
      "initial_weight": 0.5,
      "final_weight": 0.5
    },
    "21075.141": {
      "votes": {},
      "initial_weight": 0.5,
      "final_weight": 0.5
    },
    "21075.53": {
      "votes": {},
      "initial_weight": 0.5,
      "final_weight": 0.5
    }
  },
  "edges": {
    "21075.1": {
      "successor_id": "21075.0",
      "relation": 0.0
    },
    "21075.3": {
      "successor_id": "21075.1",
      "relation": 1.0
    },
    "21075.4": {
      "successor_id": "21075.1",
      "relation": 1.0
    },
    "21075.5": {
      "successor_id": "21075.16",
      "relation": -1.0
    },
    "21075.6": {
      "successor_id": "21075.1",
      "relation": -1.0
    },
    "21075.7": {
      "successor_id": "21075.1",
      "relation": -1.0
    },
    "21075.16": {
      "successor_id": "21075.1",
      "relation": 1.0
    },
    "21075.61": {
      "successor_id": "21075.1",
      "relation": -1.0
    },
    "21075.133": {
      "successor_id": "21075.1",
      "relation": -1.0
    },
    "21075.10": {
      "successor_id": "21075.3",
      "relation": 1.0
    },
    "21075.14": {
      "successor_id": "21075.3",
      "relation": -1.0
    },
    "21075.15": {
      "successor_id": "21075.3",
      "relation": -1.0
    },
    "21075.30": {
      "successor_id": "21075.25",
      "relation": 1.0
    },
    "21075.26": {
      "successor_id": "21075.4",
      "relation": 1.0
    },
    "21075.27": {
      "successor_id": "21075.4",
      "relation": -1.0
    },
    "21075.37": {
      "successor_id": "21075.33",
      "relation": 1.0
    },
    "21075.45": {
      "successor_id": "21075.4",
      "relation": 1.0
    },
    "21075.55": {
      "successor_id": "21075.15",
      "relation": 1.0
    },