{
  "nodes": {
    "21178.0": {
      "votes": {},
      "initial_weight": 0.5,
      "final_weight": 0.5
    },
    "21178.1": {
      "votes": {
        "4": 1,
        "3": 1,
        "2": 1,
        "1": 1
      },
      "initial_weight": 0.625,
      "final_weight": 0.9485339329135155
    },
    "21178.2": {
      "votes": {},
      "initial_weight": 0.5,
      "final_weight": 0.11792452830188677
    },
    "21178.4": {
      "votes": {
        "4": 2,
        "1": 1,
        "2": 1,
        "0": 1
      },
      "initial_weight": 0.55,
      "final_weight": 0.16923076923076924
    },
    "21178.6": {
      "votes": {
        "3": 1
      },
      "initial_weight": 0.75,
      "final_weight": 0.8939893278616176
    },
    "21178.8": {
      "votes": {},
      "initial_weight": 0.5,
      "final_weight": 0.8460310421388042
    },
    "21178.9": {
      "votes": {
        "2": 1
      },
      "initial_weight": 0.5,
      "final_weight": 0.49997648686011664
    },
    "21178.13": {
      "votes": {
        "2": 1
      },
      "initial_weight": 0.5,
      "final_weight": 0.4
    },
    "21178.17": {
      "votes": {},
      "initial_weight": 0.5,
      "final_weight": 0.5294117647058824
    },
    "21178.21": {
      "votes": {},
      "initial_weight": 0.5,
      "final_weight": 0.8048780487804879
    },
    "21178.49": {
      "votes": {
        "1": 1
      },
      "initial_weight": 0.25,
      "final_weight": 0.625
    },
    "21178.72": {
      "votes": {
        "0": 1,
        "4": 2
      },
      "initial_weight": 0.6666666666666666,
      "final_weight": 0.8333333333333333
    },
    "21178.80": {
      "votes": {},
      "initial_weight": 0.5,
      "final_weight": 0.9416058394160585
    },
    "21178.163": {
      "votes": {},
      "initial_weight": 0.5,
      "final_weight": 0.5
    },
    "21178.11": {
      "votes": {
        "1": 1
      },
      "initial_weight": 0.25,
      "final_weight": 0.2
    },
    "21178.77": {
      "votes": {
        "4": 1
      },
      "initial_weight": 1.0,
      "final_weight": 1.0
    },
    "21178.79": {
      "votes": {
        "4": 1
      },
      "initial_weight": 1.0,
      "final_weight": 1.0
    },
    "21178.53": {
      "votes": {
        "0": 1,
        "3": 1
      },
      "initial_weight": 0.375,
      "final_weight": 0.375
    },
    "21178.66": {
      "votes": {
        "3": 1,
        "4": 1
      },
      "initial_weight": 0.875,
      "final_weight": 0.875
    },
    "21178.71": {
      "votes": {
        "4": 1
      },
      "initial_weight": 1.0,
      "final_weight": 1.0
    },
    "21178.10": {
      "votes": {
        "3": 1,
        "2": 1
      },
      "initial_weight": 0.625,
      "final_weight": 0.625
    },
    "21178.5": {
      "votes": {
        "0": 1,
        "3": 1
      },
      "initial_weight": 0.375,
      "final_weight": 0.5404411764705882
    },
    "21178.61": {
      "votes": {
        "2": 1,
        "4": 1
      },
      "initial_weight": 0.75,
      "final_weight": 0.75
    },
    "21178.30": {
      "votes": {
        "3": 2
      },
      "initial_weight": 0.75,
      "final_weight": 0.75
    },
    "21178.7": {
      "votes": {
        "4": 1
      },
      "initial_weight": 1.0,
      "final_weight": 0.9991356957649092
    },
    "21178.24": {
      "votes": {},
      "initial_weight": 0.5,
      "final_weight": 0.5
    },
    "21178.38": {
      "votes": {},
      "initial_weight": 0.5,
      "final_weight": 0.5068577322302442
    },
    "21178.59": {
      "votes": {
        "2": 1
      },
      "initial_weight": 0.5,
      "final_weight": 0.5
    },
    "21178.152": {
      "votes": {},
      "initial_weight": 0.5,
      "final_weight": 0.5
    },
    "21178.32": {
      "votes": {
        "2": 1
      },
      "initial_weight": 0.5,
      "final_weight": 0.5
    },
    "21178.25": {
      "votes": {
        "2": 1,
        "4": 1
      },
      "initial_weight": 0.75,
      "final_weight": 0.75
    },
    "21178.22": {
      "votes": {
        "4": 1
      },
      "initial_weight": 1.0,
      "final_weight": 1.0
    },
    "21178.76": {
      "votes": {
        "1": 1
      },
      "initial_weight": 0.25,
      "final_weight": 0.25
    },
    "21178.52": {
      "votes": {
        "4": 1
      },
      "initial_weight": 1.0,
      "final_weight": 1.0
    },
    "21178.73": {
      "votes": {
        "0": 1
      },
      "initial_weight": 0.0,
      "final_weight": 0.0
    },
    "21178.159": {
      "votes": {},
      "initial_weight": 0.5,
      "final_weight": 0.5
    },
    "21178.161": {
      "votes": {},
      "initial_weight": 0.5,
      "final_weight": 0.5
    },
    "21178.81": {
      "votes": {
        "4": 1
      },
      "initial_weight": 1.0,
      "final_weight": 1.0
    },
    "21178.82": {
      "votes": {
        "2": 1
      },
      "initial_weight": 0.5,
      "final_weight": 0.5
    },
    "21178.83": {
      "votes": {
        "2": 1
      },
      "initial_weight": 0.5,
      "final_weight": 0.5
    },
    "21178.84": {
      "votes": {
        "3": 1
      },
      "initial_weight": 0.75,
      "final_weight": 0.75
    },
    "21178.12": {
      "votes": {},
      "initial_weight": 0.5,
      "final_weight": 0.5
    },
    "21178.85": {
      "votes": {},
      "initial_weight": 0.5,
      "final_weight": 0.6
    },
    "21178.42": {
      "votes": {},
      "initial_weight": 0.5,
      "final_weight": 0.5
    },
    "21178.43": {
      "votes": {},
      "initial_weight": 0.5,
      "final_weight": 0.5
    },
    "21178.23": {
      "votes": {},
      "initial_weight": 0.5,
      "final_weight": 0.6
    },
    "21178.19": {
      "votes": {},
      "initial_weight": 0.5,
      "final_weight": 0.5
    },
    "21178.34": {
      "votes": {},
      "initial_weight": 0.5,
      "final_weight": 0.5294117647058824
    },
    "21178.44": {
      "votes": {},
      "initial_weight": 0.5,
      "final_weight": 0.5
    },
    "21178.60": {
      "votes": {},
      "initial_weight": 0.5,
      "final_weight": 0.5
    },
    "21178.154": {
      "votes": {
        "4": 1
      },
      "initial_weight": 1.0,
      "final_weight": 1.0
    },
    "21178.86": {
      "votes": {},
      "initial_weight": 0.5,
      "final_weight": 0.5
    },
    "21178.54": {
      "votes": {},
      "initial_weight": 0.5,
      "final_weight": 0.5
    },
    "21178.35": {
      "votes": {},
      "initial_weight": 0.5,
      "final_weight": 0.25
    },
    "21178.36": {
      "votes": {},
      "initial_weight": 0.5,
      "final_weight": 0.5
    },
    "21178.67": {
      "votes": {},
      "initial_weight": 0.5,
      "final_weight": 0.5
    }
  },
  "edges": {
    "21178.1": {
      "successor_id": "21178.0",
      "relation": 0.0
    },
    "21178.2": {
      "successor_id": "21178.38",
      "relation": 1.0
    },
    "21178.4": {
      "successor_id": "21178.1",
      "relation": -1.0
    },
    "21178.6": {
      "successor_id": "21178.1",
      "relation": -1.0
    },
    "21178.8": {
      "successor_id": "21178.1",
      "relation": 1.0
    },
    "21178.9": {
      "successor_id": "21178.1",
      "relation": 1.0
    },
    "21178.13": {
      "successor_id": "21178.1",
      "relation": -1.0
    },
    "21178.17": {
      "successor_id": "21178.1",
      "relation": 1.0
    },
    "21178.21": {
      "successor_id": "21178.1",
      "relation": -1.0
    },
    "21178.49": {
      "successor_id": "21178.1",
      "relation": 1.0
    },
    "21178.72": {
      "successor_id": "21178.1",
      "relation": 1.0
    },
    "21178.80": {
      "successor_id": "21178.1",
      "relation": 1.0
    },
    "21178.163": {
      "successor_id": "21178.1",
      "relation": 1.0
    },
    "21178.11": {
      "successor_id": "21178.2",
      "relation": 1.0
    },
    "21178.77": {
      "successor_id": "21178.2",
      "relation": -1.0
    },
    "21178.79": {
      "successor_id": "21178.2",
      "relation": -1.0
    },