{
  "nodes": {
    "21845.0": {
      "votes": {},
      "initial_weight": 0.5,
      "final_weight": 0.5
    },
    "21845.1": {
      "votes": {
        "4": 6,
        "0": 1,
        "1": 1
      },
      "initial_weight": 0.78125,
      "final_weight": 0.8213818045644945
    },
    "21845.2": {
      "votes": {
        "2": 1,
        "4": 2
      },
      "initial_weight": 0.8333333333333334,
      "final_weight": 0.8346816420399474
    },
    "21845.3": {
      "votes": {
        "0": 3,
        "4": 4
      },
      "initial_weight": 0.5714285714285714,
      "final_weight": 0.5887629749125319
    },
    "21845.4": {
      "votes": {
        "0": 3,
        "1": 2,
        "3": 2,
        "4": 3
      },
      "initial_weight": 0.5,
      "final_weight": 0.2831858407079646
    },
    "21845.5": {
      "votes": {
        "4": 1
      },
      "initial_weight": 1.0,
      "final_weight": 1.0
    },
    "21845.6": {
      "votes": {
        "3": 1,
        "4": 4,
        "0": 1,
        "2": 1
      },
      "initial_weight": 0.75,
      "final_weight": 0.9024390243902439
    },
    "21845.11": {
      "votes": {
        "3": 1
      },
      "initial_weight": 0.75,
      "final_weight": 0.41781113389299396
    },
    "21845.47": {
      "votes": {
        "3": 1,
        "4": 1,
        "0": 1
      },
      "initial_weight": 0.5833333333333334,
      "final_weight": 0.5833333333333334
    },
    "21845.132": {
      "votes": {
        "1": 1
      },
      "initial_weight": 0.25,
      "final_weight": 0.07883968226428459
    },
    "21845.23": {
      "votes": {
        "4": 1,
        "1": 2
      },
      "initial_weight": 0.5,
      "final_weight": 0.3596903564776434
    },
    "21845.48": {
      "votes": {
        "4": 1,
        "2": 1
      },
      "initial_weight": 0.75,
      "final_weight": 0.75
    },
    "21845.60": {
      "votes": {
        "2": 1,
        "1": 1
      },
      "initial_weight": 0.375,
      "final_weight": 0.3
    },
    "21845.17": {
      "votes": {},
      "initial_weight": 0.5,
      "final_weight": 0.5
    },
    "21845.22": {
      "votes": {
        "0": 1
      },
      "initial_weight": 0.0,
      "final_weight": 0.0
    },
    "21845.7": {
      "votes": {},
      "initial_weight": 0.5,
      "final_weight": 0.29469083050815703
    },
    "21845.20": {
      "votes": {
        "3": 1,
        "4": 1
      },
      "initial_weight": 0.875,
      "final_weight": 0.875
    },
    "21845.18": {
      "votes": {
        "0": 3
      },
      "initial_weight": 0.0,
      "final_weight": 0.0
    },
    "21845.61": {
      "votes": {},
      "initial_weight": 0.5,
      "final_weight": 0.5
    },
    "21845.55": {
      "votes": {},
      "initial_weight": 0.5,
      "final_weight": 0.5
    },
    "21845.59": {
      "votes": {
        "3": 1
      },
      "initial_weight": 0.75,
      "final_weight": 0.75
    },
    "21845.36": {
      "votes": {
        "3": 1,
        "0": 1
      },
      "initial_weight": 0.375,
      "final_weight": 0.375
    },
    "21845.46": {
      "votes": {
        "4": 2,
        "0": 1
      },
      "initial_weight": 0.6666666666666666,
      "final_weight": 0.6666666666666666
    },
    "21845.65": {
      "votes": {},
      "initial_weight": 0.5,
      "final_weight": 0.6
    },
    "21845.8": {
      "votes": {},
      "initial_weight": 0.5,
      "final_weight": 0.6265713529671464
    },
    "21845.137": {
      "votes": {},
      "initial_weight": 0.5,
      "final_weight": 0.5
    },
    "21845.139": {
      "votes": {},
      "initial_weight": 0.5,
      "final_weight": 0.5
    },
    "21845.141": {
      "votes": {},
      "initial_weight": 0.5,
      "final_weight": 0.6
    },
    "21845.147": {
      "votes": {},
      "initial_weight": 0.5,
      "final_weight": 0.5
    },
    "21845.43": {
      "votes": {},
      "initial_weight": 0.5,
      "final_weight": 0.3892733564013841
    },
    "21845.45": {
      "votes": {
        "1": 1
      },
      "initial_weight": 0.25,
      "final_weight": 0.23529411764705882
    },
    "21845.130": {
      "votes": {},
      "initial_weight": 0.5,
      "final_weight": 0.5
    },
    "21845.37": {
      "votes": {
        "0": 1
      },
      "initial_weight": 0.0,
      "final_weight": 0.0
    },
    "21845.56": {
      "votes": {
        "0": 1
      },
      "initial_weight": 0.0,
      "final_weight": 0.0
    },
    "21845.67": {
      "votes": {},
      "initial_weight": 0.5,
      "final_weight": 0.5
    },
    "21845.40": {
      "votes": {
        "4": 2
      },
      "initial_weight": 1.0,
      "final_weight": 1.0
    },
    "21845.134": {
      "votes": {},
      "initial_weight": 0.5,
      "final_weight": 0.5
    },
    "21845.149": {
      "votes": {},
      "initial_weight": 0.5,
      "final_weight": 0.5
    },
    "21845.143": {
      "votes": {},
      "initial_weight": 0.5,
      "final_weight": 0.5
    },
    "21845.54": {
      "votes": {
        "0": 1,
        "4": 2
      },
      "initial_weight": 0.6666666666666666,
      "final_weight": 0.5333333333333333
    },
    "21845.53": {
      "votes": {
        "1": 1
      },
      "initial_weight": 0.25,
      "final_weight": 0.25
    },
    "21845.58": {
      "votes": {},
      "initial_weight": 0.5,
      "final_weight": 0.5
    }
  },
  "edges": {
    "21845.1": {
      "successor_id": "21845.0",
      "relation": 0.0
    },
    "21845.2": {
      "successor_id": "21845.7",
      "relation": -1.0
    },
    "21845.3": {
      "successor_id": "21845.1",
      "relation": 1.0
    },
    "21845.4": {
      "successor_id": "21845.1",
      "relation": 1.0
    },
    "21845.5": {
      "successor_id": "21845.3",
      "relation": 1.0
    },
    "21845.6": {
      "successor_id": "21845.1",
      "relation": -1.0
    },
    "21845.11": {
      "successor_id": "21845.8",
      "relation": -1.0
    },
    "21845.47": {
      "successor_id": "21845.1",
      "relation": 1.0
    },
    "21845.132": {
      "successor_id": "21845.1",
      "relation": -1.0
    },
    "21845.23": {
      "successor_id": "21845.2",
      "relation": -1.0
    },
    "21845.48": {
      "successor_id": "21845.2",
      "relation": 1.0
    },
    "21845.60": {
      "successor_id": "21845.2",
      "relation": -1.0
    },
    "21845.17": {
      "successor_id": "21845.3",
      "relation": -1.0
    },
    "21845.22": {
      "successor_id": "21845.3",
      "relation": -1.0
    },
    "21845.7": {
      "successor_id": "21845.3",
      "relation": -1.0
    },
    "21845.20": {
      "successor_id": "21845.4",
      "relation": -1.0
    },
    "21845.18": {
      "successor_id": "21845.5",
      "relation": -1.0
    },
    "21845.61": {
      "successor_id": "21845.5",
      "relation": 1.0
    },
    "21845.55": {
      "successor_id": "21845.6",
      "relation": 1.0
    },
    "21845.59": {
      "successor_id": "21845.6",
      "relation": 1.0
    },
    "21845.36": {
      "successor_id": "21845.11",
      "relation": 1.0
    },
    "21845.46": {
      "successor_id": "21845.11",
      "relation": -1.0
    },
    "21845.65": {
      "successor_id": "21845.11",
      "relation": -1.0
    },
    "21845.8": {
      "successor_id": "21845.132",
      "relation": 1.0
    },
    "21845.137": {
      "successor_id": "21845.132",
      "relation": -1.0
    },
    "21845.139": {
      "successor_id": "21845.132",
      "relation": -1.0
    },
    "21845.141": {
      "successor_id": "21845.132",
      "relation": -1.0
    },
    "21845.147": {
      "successor_id": "21845.132",
      "relation": -1.0
    },
    "21845.43": {
      "successor_id": "21845.23",
      "relation": -1.0
    },
    "21845.45": {
      "successor_id": "21845.23",
      "relation": -1.0
    },
    "21845.130": {
      "successor_id": "21845.60",
      "relation": -1.0
    },
    "21845.37": {
      "successor_id": "21845.18",
      "relation": 1.0
    },
    "21845.56": {
      "successor_id": "21845.18",