{
  "nodes": {
    "22386.0": {
      "votes": {},
      "initial_weight": 0.5,
      "final_weight": 0.5
    },
    "22386.1": {
      "votes": {
        "0": 1,
        "1": 1,
        "3": 1
      },
      "initial_weight": 0.3333333333333333,
      "final_weight": 0.21869532018112225
    },
    "22386.3": {
      "votes": {
        "0": 1
      },
      "initial_weight": 0.0,
      "final_weight": 0.0
    },
    "22386.5": {
      "votes": {
        "3": 1
      },
      "initial_weight": 0.75,
      "final_weight": 0.8534240150093808
    },
    "22386.7": {
      "votes": {},
      "initial_weight": 0.5,
      "final_weight": 0.46419652224335006
    },
    "22386.8": {
      "votes": {
        "1": 1
      },
      "initial_weight": 0.25,
      "final_weight": 0.07253292120909635
    },
    "22386.9": {
      "votes": {},
      "initial_weight": 0.5,
      "final_weight": 0.37772288344936
    },
    "22386.17": {
      "votes": {},
      "initial_weight": 0.5,
      "final_weight": 0.24974813708562404
    },
    "22386.18": {
      "votes": {
        "3": 2
      },
      "initial_weight": 0.75,
      "final_weight": 0.7334963325183375
    },
    "22386.15": {
      "votes": {},
      "initial_weight": 0.5,
      "final_weight": 0.6856951055334357
    },
    "22386.2": {
      "votes": {
        "1": 1
      },
      "initial_weight": 0.25,
      "final_weight": 0.25
    },
    "22386.23": {
      "votes": {
        "4": 2
      },
      "initial_weight": 1.0,
      "final_weight": 1.0
    },
    "22386.196": {
      "votes": {},
      "initial_weight": 0.5,
      "final_weight": 0.5
    },
    "22386.219": {
      "votes": {},
      "initial_weight": 0.5,
      "final_weight": 0.5
    },
    "22386.10": {
      "votes": {
        "0": 1
      },
      "initial_weight": 0.0,
      "final_weight": 0.0
    },
    "22386.40": {
      "votes": {
        "3": 1
      },
      "initial_weight": 0.75,
      "final_weight": 0.84
    },
    "22386.122": {
      "votes": {},
      "initial_weight": 0.5,
      "final_weight": 0.6
    },
    "22386.186": {
      "votes": {},
      "initial_weight": 0.5,
      "final_weight": 0.5
    },
    "22386.206": {
      "votes": {},
      "initial_weight": 0.5,
      "final_weight": 0.5
    },
    "22386.31": {
      "votes": {
        "2": 1
      },
      "initial_weight": 0.5,
      "final_weight": 0.6
    },
    "22386.22": {
      "votes": {},
      "initial_weight": 0.5,
      "final_weight": 0.5
    },
    "22386.34": {
      "votes": {},
      "initial_weight": 0.5,
      "final_weight": 0.5
    },
    "22386.63": {
      "votes": {},
      "initial_weight": 0.5,
      "final_weight": 0.5
    },
    "22386.6": {
      "votes": {},
      "initial_weight": 0.5,
      "final_weight": 0.43103448275862066
    },
    "22386.139": {
      "votes": {},
      "initial_weight": 0.5,
      "final_weight": 0.5
    },
    "22386.27": {
      "votes": {
        "0": 1
      },
      "initial_weight": 0.0,
      "final_weight": 0.0
    },
    "22386.42": {
      "votes": {
        "3": 1
      },
      "initial_weight": 0.75,
      "final_weight": 0.6103468076244006
    },
    "22386.132": {
      "votes": {},
      "initial_weight": 0.5,
      "final_weight": 0.6
    },
    "22386.153": {
      "votes": {},
      "initial_weight": 0.5,
      "final_weight": 0.6
    },
    "22386.166": {
      "votes": {},
      "initial_weight": 0.5,
      "final_weight": 0.8093388479758282
    },
    "22386.25": {
      "votes": {},
      "initial_weight": 0.5,
      "final_weight": 0.6
    },
    "22386.35": {
      "votes": {},
      "initial_weight": 0.5,
      "final_weight": 0.5
    },
    "22386.20": {
      "votes": {},
      "initial_weight": 0.5,
      "final_weight": 0.5
    },
    "22386.24": {
      "votes": {},
      "initial_weight": 0.5,
      "final_weight": 0.25
    },
    "22386.39": {
      "votes": {},
      "initial_weight": 0.5,
      "final_weight": 0.822198842714361
    },
    "22386.141": {
      "votes": {},
      "initial_weight": 0.5,
      "final_weight": 0.6000000000000001
    },
    "22386.209": {
      "votes": {},
      "initial_weight": 0.5,
      "final_weight": 0.54644412191582
    },
    "22386.157": {
      "votes": {},
      "initial_weight": 0.5,
      "final_weight": 0.5
    },
    "22386.50": {
      "votes": {},
      "initial_weight": 0.5,
      "final_weight": 0.5
    },
    "22386.127": {
      "votes": {},
      "initial_weight": 0.5,
      "final_weight": 0.4
    },
    "22386.188": {
      "votes": {},
      "initial_weight": 0.5,
      "final_weight": 0.4
    },
    "22386.41": {
      "votes": {
        "3": 1
      },
      "initial_weight": 0.75,
      "final_weight": 0.75
    },
    "22386.32": {
      "votes": {},
      "initial_weight": 0.5,
      "final_weight": 0.5
    },
    "22386.33": {
      "votes": {},
      "initial_weight": 0.5,
      "final_weight": 0.5
    },
    "22386.198": {
      "votes": {},
      "initial_weight": 0.5,
      "final_weight": 0.5
    },
    "22386.204": {
      "votes": {},
      "initial_weight": 0.5,
      "final_weight": 0.5
    },
    "22386.44": {
      "votes": {},
      "initial_weight": 0.5,
      "final_weight": 0.5783404361995488
    },
    "22386.70": {
      "votes": {},
      "initial_weight": 0.5,
      "final_weight": 0.6
    },
    "22386.194": {
      "votes": {},
      "initial_weight": 0.5,
      "final_weight": 0.5
    },
    "22386.134": {
      "votes": {},
      "initial_weight": 0.5,
      "final_weight": 0.5
    },
    "22386.155": {
      "votes": {},
      "initial_weight": 0.5,
      "final_weight": 0.5
    },
    "22386.168": {
      "votes": {},
      "initial_weight": 0.5,
      "final_weight": 0.7737556561085973
    },
    "22386.170": {
      "votes": {},
      "initial_weight": 0.5,
      "final_weight": 0.5
    },
    "22386.67": {
      "votes": {},
      "initial_weight": 0.5,
      "final_weight": 0.5
    },
    "22386.58": {
      "votes": {},
      "initial_weight": 0.5,
      "final_weight": 0.5
    },
    "22386.159": {
      "votes": {},
      "initial_weight": 0.5,
      "final_weight": 0.5
    },
    "22386.28": {
      "votes": {},
      "initial_weight": 0.5,
      "final_weight": 0.5
    },
    "22386.54": {
      "votes": {},
      "initial_weight": 0.5,
      "final_weight": 0.5
    },
    "22386.147": {
      "votes": {},
      "initial_weight": 0.5,
      "final_weight": 0.5
    },
    "22386.178": {
      "votes": {},
      "initial_weight": 0.5,
      "final_weight": 0.8461538461538461
    },
    "22386.143": {
      "votes": {},
      "initial_weight": 0.5,
      "final_weight": 0.6
    },
    "22386.145": {
      "votes": {},
      "initial_weight": 0.5,
      "final_weight": 0.5
    },
    "22386.151": {
      "votes": {},
      "initial_weight": 0.5,
      "final_weight": 0.6
    },
    "22386.211": {
      "votes": {},
      "initial_weight": 0.5,
      "final_weight": 0.32
    },
    "22386.130": {
      "votes": {},
      "initial_weight": 0.5,
      "final_weight": 0.5
    },
    "22386.200": {
      "votes": {},
      "initial_weight": 0.5,
      "final_weight": 0.5
    },
    "22386.202": {
      "votes": {},
      "initial_weight": 0.5,
      "final_weight": 0.5
    },
    "22386.190": {
      "votes": {},
      "initial_weight": 0.5,
      "final_weight": 0.5
    },
    "22386.45": {
      "votes": {},
      "initial_weight": 0.5,
      "final_weight": 0.43103448275862066
    },
    "22386.43": {
      "votes": {},
      "initial_weight": 0.5,
      "final_weight": 0.5
    },
    "22386.172": {
      "votes": {},
      "initial_weight": 0.5,
      "final_weight": 0.6
    },
    "22386.174": {
      "votes": {},
      "initial_weight": 0.5,
      "final_weight": 0.5
    },
    "22386.180": {
      "votes": {},
      "initial_weight": 0.5,
      "final_weight": 0.5
    },
    "22386.182": {
      "votes": {},
      "initial_weight": 0.5,
      "final_weight": 0.5
    },