{
  "nodes": {
    "22969.0": {
      "votes": {},
      "initial_weight": 0.5,
      "final_weight": 0.5
    },
    "22969.1": {
      "votes": {
        "2": 1,
        "0": 3,
        "4": 2
      },
      "initial_weight": 0.4166666666666667,
      "final_weight": 0.1217820297463727
    },
    "22969.2": {
      "votes": {
        "0": 1,
        "4": 1,
        "3": 1
      },
      "initial_weight": 0.5833333333333334,
      "final_weight": 0.09621993127147765
    },
    "22969.3": {
      "votes": {
        "4": 1,
        "0": 1,
        "2": 1
      },
      "initial_weight": 0.5,
      "final_weight": 0.6623757067470386
    },
    "22969.4": {
      "votes": {
        "0": 3,
        "4": 1
      },
      "initial_weight": 0.25,
      "final_weight": 0.1874751369631452
    },
    "22969.5": {
      "votes": {
        "0": 1,
        "3": 1,
        "4": 1
      },
      "initial_weight": 0.5833333333333334,
      "final_weight": 0.567565311937094
    },
    "22969.7": {
      "votes": {
        "3": 1,
        "4": 3,
        "0": 1
      },
      "initial_weight": 0.75,
      "final_weight": 0.84
    },
    "22969.16": {
      "votes": {
        "4": 1,
        "1": 1,
        "2": 1
      },
      "initial_weight": 0.5833333333333334,
      "final_weight": 0.5945945945945946
    },
    "22969.142": {
      "votes": {},
      "initial_weight": 0.5,
      "final_weight": 0.6
    },
    "22969.154": {
      "votes": {},
      "initial_weight": 0.5,
      "final_weight": 0.5
    },
    "22969.177": {
      "votes": {},
      "initial_weight": 0.5,
      "final_weight": 0.6
    },
    "22969.20": {
      "votes": {
        "3": 2,
        "4": 2
      },
      "initial_weight": 0.875,
      "final_weight": 0.875
    },
    "22969.27": {
      "votes": {
        "4": 1,
        "1": 1,
        "3": 1
      },
      "initial_weight": 0.6666666666666666,
      "final_weight": 0.3333333333333333
    },
    "22969.29": {
      "votes": {
        "4": 2,
        "2": 1
      },
      "initial_weight": 0.8333333333333334,
      "final_weight": 0.8333333333333334
    },
    "22969.45": {
      "votes": {
        "4": 1,
        "3": 1
      },
      "initial_weight": 0.875,
      "final_weight": 0.875
    },
    "22969.15": {
      "votes": {
        "4": 1,
        "0": 1
      },
      "initial_weight": 0.5,
      "final_weight": 0.18587360594795538
    },
    "22969.17": {
      "votes": {
        "3": 1,
        "4": 2,
        "0": 1
      },
      "initial_weight": 0.6875,
      "final_weight": 0.6875
    },
    "22969.117": {
      "votes": {
        "4": 1
      },
      "initial_weight": 1.0,
      "final_weight": 1.0
    },
    "22969.119": {
      "votes": {},
      "initial_weight": 0.5,
      "final_weight": 0.5
    },
    "22969.121": {
      "votes": {},
      "initial_weight": 0.5,
      "final_weight": 0.5
    },
    "22969.123": {
      "votes": {},
      "initial_weight": 0.5,
      "final_weight": 0.5
    },
    "22969.125": {
      "votes": {
        "2": 1
      },
      "initial_weight": 0.5,
      "final_weight": 0.8048780487804879
    },
    "22969.136": {
      "votes": {},
      "initial_weight": 0.5,
      "final_weight": 0.5
    },
    "22969.6": {
      "votes": {
        "0": 2,
        "4": 1
      },
      "initial_weight": 0.3333333333333333,
      "final_weight": 0.15082956259426844
    },
    "22969.19": {
      "votes": {
        "4": 2,
        "0": 1
      },
      "initial_weight": 0.6666666666666666,
      "final_weight": 0.7333333333333333
    },
    "22969.129": {
      "votes": {},
      "initial_weight": 0.5,
      "final_weight": 0.6
    },
    "22969.158": {
      "votes": {
        "4": 1
      },
      "initial_weight": 1.0,
      "final_weight": 0.6050003849491898
    },
    "22969.28": {
      "votes": {
        "0": 1,
        "4": 2
      },
      "initial_weight": 0.6666666666666666,
      "final_weight": 0.6666666666666666
    },
    "22969.33": {
      "votes": {},
      "initial_weight": 0.5,
      "final_weight": 0.4999877465996814
    },
    "22969.13": {
      "votes": {
        "4": 1,
        "0": 1
      },
      "initial_weight": 0.5,
      "final_weight": 0.5
    },
    "22969.36": {
      "votes": {
        "3": 1
      },
      "initial_weight": 0.75,
      "final_weight": 0.75
    },
    "22969.127": {
      "votes": {},
      "initial_weight": 0.5,
      "final_weight": 0.5
    },
    "22969.32": {
      "votes": {},
      "initial_weight": 0.5,
      "final_weight": 0.5
    },
    "22969.44": {
      "votes": {
        "0": 1,
        "4": 1
      },
      "initial_weight": 0.5,
      "final_weight": 0.25
    },
    "22969.60": {
      "votes": {
        "3": 1,
        "0": 1,
        "4": 1
      },
      "initial_weight": 0.5833333333333334,
      "final_weight": 0.5833333333333334
    },
    "22969.201": {
      "votes": {},
      "initial_weight": 0.5,
      "final_weight": 0.5
    },
    "22969.156": {
      "votes": {},
      "initial_weight": 0.5,
      "final_weight": 0.5
    },
    "22969.187": {
      "votes": {},
      "initial_weight": 0.5,
      "final_weight": 0.5
    },
    "22969.191": {
      "votes": {},
      "initial_weight": 0.5,
      "final_weight": 0.5
    },
    "22969.197": {
      "votes": {},
      "initial_weight": 0.5,
      "final_weight": 0.5
    },
    "22969.199": {
      "votes": {},
      "initial_weight": 0.5,
      "final_weight": 0.5
    },
    "22969.46": {
      "votes": {
        "4": 1
      },
      "initial_weight": 1.0,
      "final_weight": 1.0
    },
    "22969.22": {
      "votes": {
        "3": 1
      },
      "initial_weight": 0.75,
      "final_weight": 0.8
    },
    "22969.23": {
      "votes": {
        "0": 1,
        "4": 1
      },
      "initial_weight": 0.5,
      "final_weight": 0.5
    },
    "22969.57": {
      "votes": {
        "0": 1
      },
      "initial_weight": 0.0,
      "final_weight": 0.0
    },
    "22969.42": {
      "votes": {},
      "initial_weight": 0.5,
      "final_weight": 0.75
    },
    "22969.207": {
      "votes": {},
      "initial_weight": 0.5,
      "final_weight": 0.5
    },
    "22969.30": {
      "votes": {},
      "initial_weight": 0.5,
      "final_weight": 0.5
    },
    "22969.131": {
      "votes": {},
      "initial_weight": 0.5,
      "final_weight": 0.6
    },
    "22969.53": {
      "votes": {},
      "initial_weight": 0.5,
      "final_weight": 0.5
    },
    "22969.203": {
      "votes": {},
      "initial_weight": 0.5,
      "final_weight": 0.5
    },
    "22969.170": {
      "votes": {},
      "initial_weight": 0.5,
      "final_weight": 0.8080170235101702
    },
    "22969.55": {
      "votes": {},
      "initial_weight": 0.5,
      "final_weight": 0.5
    },
    "22969.179": {
      "votes": {},
      "initial_weight": 0.5,
      "final_weight": 0.49504950495049505
    },
    "22969.54": {
      "votes": {
        "4": 1
      },
      "initial_weight": 1.0,
      "final_weight": 1.0
    },
    "22969.193": {
      "votes": {},
      "initial_weight": 0.5,
      "final_weight": 0.5
    },
    "22969.209": {
      "votes": {},
      "initial_weight": 0.5,
      "final_weight": 0.5
    },
    "22969.59": {
      "votes": {},
      "initial_weight": 0.5,
      "final_weight": 0.5
    },
    "22969.58": {
      "votes": {
        "0": 1,
        "4": 1
      },
      "initial_weight": 0.5,
      "final_weight": 0.5
    },
    "22969.138": {
      "votes": {},
      "initial_weight": 0.5,
      "final_weight": 0.5
    },
    "22969.52": {
      "votes": {},
      "initial_weight": 0.5,
      "final_weight": 0.5
    },
    "22969.205": {
      "votes": {},
      "initial_weight": 0.5,
      "final_weight": 0.5
    },
    "22969.133": {
      "votes": {},
      "initial_weight": 0.5,
      "final_weight": 0.5
    },
    "22969.160": {
      "votes": {},
      "initial_weight": 0.5,
      "final_weight": 0.7666481687014428
    },
    "22969.173": {
      "votes": {},