{
  "nodes": {
    "2366.0": {
      "votes": {},
      "initial_weight": 0.5,
      "final_weight": 0.5
    },
    "2366.1": {
      "votes": {
        "1": 1
      },
      "initial_weight": 0.25,
      "final_weight": 0.029207696464798816
    },
    "2366.2": {
      "votes": {
        "4": 1
      },
      "initial_weight": 1.0,
      "final_weight": 1.0
    },
    "2366.4": {
      "votes": {},
      "initial_weight": 0.5,
      "final_weight": 0.5294117647058824
    },
    "2366.7": {
      "votes": {},
      "initial_weight": 0.5,
      "final_weight": 0.4
    },
    "2366.12": {
      "votes": {},
      "initial_weight": 0.5,
      "final_weight": 0.561978455503577
    },
    "2366.17": {
      "votes": {},
      "initial_weight": 0.5,
      "final_weight": 0.47058823529411764
    },
    "2366.21": {
      "votes": {
        "1": 1
      },
      "initial_weight": 0.25,
      "final_weight": 0.25
    },
    "2366.25": {
      "votes": {
        "1": 1
      },
      "initial_weight": 0.25,
      "final_weight": 0.35344827586206895
    },
    "2366.27": {
      "votes": {
        "1": 1
      },
      "initial_weight": 0.25,
      "final_weight": 0.7692307692307692
    },
    "2366.34": {
      "votes": {
        "4": 1
      },
      "initial_weight": 1.0,
      "final_weight": 0.6925876155571048
    },
    "2366.67": {
      "votes": {
        "1": 1
      },
      "initial_weight": 0.25,
      "final_weight": 0.13812154696132597
    },
    "2366.97": {
      "votes": {
        "1": 1
      },
      "initial_weight": 0.25,
      "final_weight": 0.2
    },
    "2366.113": {
      "votes": {},
      "initial_weight": 0.5,
      "final_weight": 0.4
    },
    "2366.117": {
      "votes": {
        "3": 1
      },
      "initial_weight": 0.75,
      "final_weight": 0.6
    },
    "2366.325": {
      "votes": {},
      "initial_weight": 0.5,
      "final_weight": 0.36764705882352944
    },
    "2366.3": {
      "votes": {},
      "initial_weight": 0.5,
      "final_weight": 0.4
    },
    "2366.15": {
      "votes": {},
      "initial_weight": 0.5,
      "final_weight": 0.25
    },
    "2366.18": {
      "votes": {},
      "initial_weight": 0.5,
      "final_weight": 0.5412844036697247
    },
    "2366.31": {
      "votes": {},
      "initial_weight": 0.5,
      "final_weight": 0.5
    },
    "2366.33": {
      "votes": {},
      "initial_weight": 0.5,
      "final_weight": 0.5
    },
    "2366.41": {
      "votes": {},
      "initial_weight": 0.5,
      "final_weight": 0.4
    },
    "2366.73": {
      "votes": {},
      "initial_weight": 0.5,
      "final_weight": 0.25
    },
    "2366.93": {
      "votes": {},
      "initial_weight": 0.5,
      "final_weight": 0.5
    },
    "2366.5": {
      "votes": {},
      "initial_weight": 0.5,
      "final_weight": 0.25
    },
    "2366.20": {
      "votes": {},
      "initial_weight": 0.5,
      "final_weight": 0.5
    },
    "2366.85": {
      "votes": {},
      "initial_weight": 0.5,
      "final_weight": 0.5
    },
    "2366.6": {
      "votes": {},
      "initial_weight": 0.5,
      "final_weight": 0.5
    },
    "2366.10": {
      "votes": {},
      "initial_weight": 0.5,
      "final_weight": 0.4
    },
    "2366.11": {
      "votes": {},
      "initial_weight": 0.5,
      "final_weight": 0.5
    },
    "2366.37": {
      "votes": {},
      "initial_weight": 0.5,
      "final_weight": 0.5
    },
    "2366.75": {
      "votes": {},
      "initial_weight": 0.5,
      "final_weight": 0.6
    },
    "2366.105": {
      "votes": {},
      "initial_weight": 0.5,
      "final_weight": 0.5
    },
    "2366.123": {
      "votes": {},
      "initial_weight": 0.5,
      "final_weight": 0.5
    },
    "2366.13": {
      "votes": {},
      "initial_weight": 0.5,
      "final_weight": 0.4761600232549689
    },
    "2366.83": {
      "votes": {},
      "initial_weight": 0.5,
      "final_weight": 0.5
    },
    "2366.91": {
      "votes": {},
      "initial_weight": 0.5,
      "final_weight": 0.6
    },
    "2366.64": {
      "votes": {},
      "initial_weight": 0.5,
      "final_weight": 0.25
    },
    "2366.61": {
      "votes": {},
      "initial_weight": 0.5,
      "final_weight": 0.5
    },
    "2366.22": {
      "votes": {},
      "initial_weight": 0.5,
      "final_weight": 0.5
    },
    "2366.23": {
      "votes": {},
      "initial_weight": 0.5,
      "final_weight": 0.5
    },
    "2366.95": {
      "votes": {
        "4": 1
      },
      "initial_weight": 1.0,
      "final_weight": 1.0
    },
    "2366.26": {
      "votes": {
        "2": 1
      },
      "initial_weight": 0.5,
      "final_weight": 0.4
    },
    "2366.28": {
      "votes": {},
      "initial_weight": 0.5,
      "final_weight": 0.5
    },
    "2366.29": {
      "votes": {},
      "initial_weight": 0.5,
      "final_weight": 0.5
    },
    "2366.60": {
      "votes": {},
      "initial_weight": 0.5,
      "final_weight": 0.5
    },
    "2366.35": {
      "votes": {},
      "initial_weight": 0.5,
      "final_weight": 0.5
    },
    "2366.36": {
      "votes": {},
      "initial_weight": 0.5,
      "final_weight": 0.5
    },
    "2366.62": {
      "votes": {},
      "initial_weight": 0.5,
      "final_weight": 0.5
    },
    "2366.74": {
      "votes": {},
      "initial_weight": 0.5,
      "final_weight": 0.29574978372637695
    },
    "2366.162": {
      "votes": {},
      "initial_weight": 0.5,
      "final_weight": 0.5
    },
    "2366.159": {
      "votes": {},
      "initial_weight": 0.5,
      "final_weight": 0.4
    },
    "2366.81": {
      "votes": {},
      "initial_weight": 0.5,
      "final_weight": 0.5
    },
    "2366.92": {
      "votes": {},
      "initial_weight": 0.5,
      "final_weight": 0.5
    },
    "2366.94": {
      "votes": {},
      "initial_weight": 0.5,
      "final_weight": 0.4
    },
    "2366.154": {
      "votes": {},
      "initial_weight": 0.5,
      "final_weight": 0.5
    },
    "2366.109": {
      "votes": {},
      "initial_weight": 0.5,
      "final_weight": 0.5
    },
    "2366.118": {
      "votes": {},
      "initial_weight": 0.5,
      "final_weight": 0.5
    },
    "2366.156": {
      "votes": {},
      "initial_weight": 0.5,
      "final_weight": 0.5
    },
    "2366.160": {
      "votes": {},
      "initial_weight": 0.5,
      "final_weight": 0.5
    },
    "2366.321": {
      "votes": {},
      "initial_weight": 0.5,
      "final_weight": 0.5
    },
    "2366.122": {
      "votes": {},
      "initial_weight": 0.5,
      "final_weight": 0.5
    },
    "2366.126": {
      "votes": {},
      "initial_weight": 0.5,
      "final_weight": 0.5
    },
    "2366.327": {
      "votes": {},
      "initial_weight": 0.5,
      "final_weight": 0.6
    },
    "2366.54": {
      "votes": {},
      "initial_weight": 0.5,
      "final_weight": 0.5
    },
    "2366.49": {
      "votes": {},
      "initial_weight": 0.5,
      "final_weight": 0.5
    },
    "2366.50": {
      "votes": {},
      "initial_weight": 0.5,
      "final_weight": 0.5
    },
    "2366.19": {
      "votes": {},
      "initial_weight": 0.5,
      "final_weight": 0.4
    },
    "2366.24": {
      "votes": {},
      "initial_weight": 0.5,
      "final_weight": 0.4
    },
    "2366.86": {
      "votes": {},
      "initial_weight": 0.5,
      "final_weight": 0.5
    },
    "2366.32": {
      "votes": {},
      "initial_weight": 0.5,
      "final_weight": 0.4
    },
    "2366.52": {
      "votes": {},
      "initial_weight": 0.5,
      "final_weight": 0.4
    },
    "2366.51": {
      "votes": {},
      "initial_weight": 0.5,
      "final_weight": 0.5
    },
    "2366.119": {
      "votes": {},
      "initial_weight": 0.5,
      "final_weight": 0.5
    },
    "2366.143": {
      "votes": {},
      "initial_weight": 0.5,
      "final_weight": 0.5
    },
    "2366.38": {
      "votes": {},
      "initial_weight": 0.5,
      "final_weight": 0.5
    },
    "2366.82": {
      "votes": {},
      "initial_weight": 0.5,