{
  "nodes": {
    "23982.0": {
      "votes": {},
      "initial_weight": 0.5,
      "final_weight": 0.5
    },
    "23982.1": {
      "votes": {
        "2": 1,
        "0": 1,
        "1": 2
      },
      "initial_weight": 0.25,
      "final_weight": 0.4907269520493149
    },
    "23982.2": {
      "votes": {
        "0": 1,
        "4": 1,
        "3": 2
      },
      "initial_weight": 0.625,
      "final_weight": 0.47399450225303774
    },
    "23982.3": {
      "votes": {
        "2": 1,
        "0": 1,
        "4": 3
      },
      "initial_weight": 0.7,
      "final_weight": 0.08164736888014068
    },
    "23982.5": {
      "votes": {
        "3": 2,
        "4": 2
      },
      "initial_weight": 0.875,
      "final_weight": 0.8823529411764706
    },
    "23982.7": {
      "votes": {
        "0": 1,
        "1": 1,
        "3": 1
      },
      "initial_weight": 0.3333333333333333,
      "final_weight": 0.6666666666666667
    },
    "23982.8": {
      "votes": {
        "4": 3,
        "1": 1
      },
      "initial_weight": 0.8125,
      "final_weight": 0.8125
    },
    "23982.13": {
      "votes": {
        "2": 1,
        "4": 1,
        "0": 1
      },
      "initial_weight": 0.5,
      "final_weight": 0.079548278327223
    },
    "23982.16": {
      "votes": {
        "4": 5,
        "3": 1
      },
      "initial_weight": 0.9583333333333334,
      "final_weight": 0.988806805462279
    },
    "23982.96": {
      "votes": {
        "1": 1,
        "4": 2,
        "2": 1
      },
      "initial_weight": 0.6875,
      "final_weight": 0.55
    },
    "23982.121": {
      "votes": {
        "3": 1,
        "2": 1,
        "1": 1
      },
      "initial_weight": 0.5,
      "final_weight": 0.6
    },
    "23982.19": {
      "votes": {},
      "initial_weight": 0.5,
      "final_weight": 0.6
    },
    "23982.29": {
      "votes": {},
      "initial_weight": 0.5,
      "final_weight": 0.6644295302013423
    },
    "23982.120": {
      "votes": {},
      "initial_weight": 0.5,
      "final_weight": 0.5
    },
    "23982.11": {
      "votes": {
        "4": 1,
        "3": 1
      },
      "initial_weight": 0.875,
      "final_weight": 0.7
    },
    "23982.12": {
      "votes": {
        "2": 1
      },
      "initial_weight": 0.5,
      "final_weight": 0.7737556561085973
    },
    "23982.27": {
      "votes": {},
      "initial_weight": 0.5,
      "final_weight": 0.6
    },
    "23982.40": {
      "votes": {},
      "initial_weight": 0.5,
      "final_weight": 0.5
    },
    "23982.47": {
      "votes": {},
      "initial_weight": 0.5,
      "final_weight": 0.5
    },
    "23982.50": {
      "votes": {},
      "initial_weight": 0.5,
      "final_weight": 0.5
    },
    "23982.65": {
      "votes": {},
      "initial_weight": 0.5,
      "final_weight": 0.5
    },
    "23982.107": {
      "votes": {},
      "initial_weight": 0.5,
      "final_weight": 0.49504950495049505
    },
    "23982.9": {
      "votes": {},
      "initial_weight": 0.5,
      "final_weight": 0.2831858407079646
    },
    "23982.118": {
      "votes": {},
      "initial_weight": 0.5,
      "final_weight": 0.6
    },
    "23982.26": {
      "votes": {
        "3": 1
      },
      "initial_weight": 0.75,
      "final_weight": 0.75
    },
    "23982.44": {
      "votes": {},
      "initial_weight": 0.5,
      "final_weight": 0.5
    },
    "23982.46": {
      "votes": {},
      "initial_weight": 0.5,
      "final_weight": 0.5
    },
    "23982.53": {
      "votes": {},
      "initial_weight": 0.5,
      "final_weight": 0.6
    },
    "23982.6": {
      "votes": {},
      "initial_weight": 0.5,
      "final_weight": 0.75
    },
    "23982.92": {
      "votes": {},
      "initial_weight": 0.5,
      "final_weight": 0.75
    },
    "23982.30": {
      "votes": {},
      "initial_weight": 0.5,
      "final_weight": 0.5
    },
    "23982.31": {
      "votes": {},
      "initial_weight": 0.5,
      "final_weight": 0.5
    },
    "23982.42": {
      "votes": {},
      "initial_weight": 0.5,
      "final_weight": 0.5
    },
    "23982.45": {
      "votes": {},
      "initial_weight": 0.5,
      "final_weight": 0.5
    },
    "23982.25": {
      "votes": {
        "4": 1,
        "3": 1
      },
      "initial_weight": 0.875,
      "final_weight": 0.9
    },
    "23982.24": {
      "votes": {
        "4": 1
      },
      "initial_weight": 1.0,
      "final_weight": 1.0
    },
    "23982.52": {
      "votes": {},
      "initial_weight": 0.5,
      "final_weight": 0.5
    },
    "23982.117": {
      "votes": {},
      "initial_weight": 0.5,
      "final_weight": 0.5
    },
    "23982.21": {
      "votes": {
        "4": 2,
        "3": 1
      },
      "initial_weight": 0.9166666666666666,
      "final_weight": 0.9166666666666666
    },
    "23982.51": {
      "votes": {},
      "initial_weight": 0.5,
      "final_weight": 0.5
    },
    "23982.62": {
      "votes": {},
      "initial_weight": 0.5,
      "final_weight": 0.5
    },
    "23982.64": {
      "votes": {},
      "initial_weight": 0.5,
      "final_weight": 0.5
    },
    "23982.61": {
      "votes": {},
      "initial_weight": 0.5,
      "final_weight": 0.6
    },
    "23982.71": {
      "votes": {},
      "initial_weight": 0.5,
      "final_weight": 0.25
    },
    "23982.72": {
      "votes": {},
      "initial_weight": 0.5,
      "final_weight": 0.6
    },
    "23982.74": {
      "votes": {},
      "initial_weight": 0.5,
      "final_weight": 0.5
    },
    "23982.77": {
      "votes": {},
      "initial_weight": 0.5,
      "final_weight": 0.5
    },
    "23982.78": {
      "votes": {},
      "initial_weight": 0.5,
      "final_weight": 0.5
    },
    "23982.57": {
      "votes": {},
      "initial_weight": 0.5,
      "final_weight": 0.6323529411764706
    },
    "23982.18": {
      "votes": {
        "4": 1
      },
      "initial_weight": 1.0,
      "final_weight": 1.0
    },
    "23982.22": {
      "votes": {
        "1": 1
      },
      "initial_weight": 0.25,
      "final_weight": 0.25
    },
    "23982.87": {
      "votes": {
        "4": 1
      },
      "initial_weight": 1.0,
      "final_weight": 1.0
    },
    "23982.213": {
      "votes": {
        "4": 1
      },
      "initial_weight": 1.0,
      "final_weight": 1.0
    },
    "23982.98": {
      "votes": {},
      "initial_weight": 0.5,
      "final_weight": 0.5
    },
    "23982.122": {
      "votes": {},
      "initial_weight": 0.5,
      "final_weight": 0.5
    },
    "23982.123": {
      "votes": {},
      "initial_weight": 0.5,
      "final_weight": 0.5
    },
    "23982.217": {
      "votes": {},
      "initial_weight": 0.5,
      "final_weight": 0.5
    },
    "23982.88": {
      "votes": {},
      "initial_weight": 0.5,
      "final_weight": 0.5
    },
    "23982.33": {
      "votes": {},
      "initial_weight": 0.5,
      "final_weight": 0.6
    },
    "23982.34": {
      "votes": {},
      "initial_weight": 0.5,
      "final_weight": 0.5
    },
    "23982.36": {
      "votes": {},
      "initial_weight": 0.5,
      "final_weight": 0.5
    },
    "23982.68": {
      "votes": {},
      "initial_weight": 0.5,
      "final_weight": 0.5
    },
    "23982.91": {
      "votes": {},
      "initial_weight": 0.5,
      "final_weight": 0.5
    },
    "23982.97": {
      "votes": {},
      "initial_weight": 0.5,
      "final_weight": 0.5
    },
    "23982.20": {
      "votes": {},
      "initial_weight": 0.5,
      "final_weight": 0.5
    },
    "23982.37": {
      "votes": {},
      "initial_weight": 0.5,
      "final_weight": 0.5
    },
    "23982.38": {
      "votes": {},
      "initial_weight": 0.5,
      "final_weight": 0.6
    },
    "23982.28": {
      "votes": {},
      "initial_weight": 0.5,
      "final_weight": 0.5
    },
    "23982.106": {
      "votes": {},
      "initial_weight": 0.5,
      "final_weight": 0.5
    },
    "23982.4": {
      "votes": {},
      "initial_weight": 0.5,
      "final_weight": 0.6
    },