{
  "nodes": {
    "24599.0": {
      "votes": {},
      "initial_weight": 0.5,
      "final_weight": 0.5
    },
    "24599.1": {
      "votes": {
        "0": 2
      },
      "initial_weight": 0.0,
      "final_weight": 0.0
    },
    "24599.2": {
      "votes": {},
      "initial_weight": 0.5,
      "final_weight": 0.12220116482162346
    },
    "24599.70": {
      "votes": {},
      "initial_weight": 0.5,
      "final_weight": 0.8535129973283822
    },
    "24599.81": {
      "votes": {},
      "initial_weight": 0.5,
      "final_weight": 0.9067844302309258
    },
    "24599.86": {
      "votes": {
        "3": 1
      },
      "initial_weight": 0.75,
      "final_weight": 0.7645307307906635
    },
    "24599.97": {
      "votes": {},
      "initial_weight": 0.5,
      "final_weight": 0.9072523028504456
    },
    "24599.102": {
      "votes": {},
      "initial_weight": 0.5,
      "final_weight": 0.7237569060773481
    },
    "24599.110": {
      "votes": {},
      "initial_weight": 0.5,
      "final_weight": 0.4
    },
    "24599.116": {
      "votes": {},
      "initial_weight": 0.5,
      "final_weight": 0.5
    },
    "24599.117": {
      "votes": {},
      "initial_weight": 0.5,
      "final_weight": 0.6
    },
    "24599.218": {
      "votes": {},
      "initial_weight": 0.5,
      "final_weight": 0.5
    },
    "24599.3": {
      "votes": {},
      "initial_weight": 0.5,
      "final_weight": 0.4093484419263456
    },
    "24599.10": {
      "votes": {},
      "initial_weight": 0.5,
      "final_weight": 0.4
    },
    "24599.38": {
      "votes": {},
      "initial_weight": 0.5,
      "final_weight": 0.4
    },
    "24599.39": {
      "votes": {},
      "initial_weight": 0.5,
      "final_weight": 0.5
    },
    "24599.40": {
      "votes": {},
      "initial_weight": 0.5,
      "final_weight": 0.5
    },
    "24599.41": {
      "votes": {},
      "initial_weight": 0.5,
      "final_weight": 0.36764705882352944
    },
    "24599.4": {
      "votes": {},
      "initial_weight": 0.5,
      "final_weight": 0.5080366878491138
    },
    "24599.16": {
      "votes": {},
      "initial_weight": 0.5,
      "final_weight": 0.44543429844098
    },
    "24599.109": {
      "votes": {},
      "initial_weight": 0.5,
      "final_weight": 0.6
    },
    "24599.111": {
      "votes": {},
      "initial_weight": 0.5,
      "final_weight": 0.5
    },
    "24599.112": {
      "votes": {},
      "initial_weight": 0.5,
      "final_weight": 0.5
    },
    "24599.64": {
      "votes": {},
      "initial_weight": 0.5,
      "final_weight": 0.6
    },
    "24599.54": {
      "votes": {},
      "initial_weight": 0.5,
      "final_weight": 0.5
    },
    "24599.67": {
      "votes": {},
      "initial_weight": 0.5,
      "final_weight": 0.5
    },
    "24599.6": {
      "votes": {},
      "initial_weight": 0.5,
      "final_weight": 0.48899755501222497
    },
    "24599.7": {
      "votes": {},
      "initial_weight": 0.5,
      "final_weight": 0.39841431026402124
    },
    "24599.36": {
      "votes": {},
      "initial_weight": 0.5,
      "final_weight": 0.75
    },
    "24599.65": {
      "votes": {},
      "initial_weight": 0.5,
      "final_weight": 0.6
    },
    "24599.20": {
      "votes": {},
      "initial_weight": 0.5,
      "final_weight": 0.6644295302013423
    },
    "24599.22": {
      "votes": {},
      "initial_weight": 0.5,
      "final_weight": 0.5
    },
    "24599.220": {
      "votes": {},
      "initial_weight": 0.5,
      "final_weight": 0.43103448275862066
    },
    "24599.228": {
      "votes": {},
      "initial_weight": 0.5,
      "final_weight": 0.5
    },
    "24599.103": {
      "votes": {},
      "initial_weight": 0.5,
      "final_weight": 0.5
    },
    "24599.104": {
      "votes": {},
      "initial_weight": 0.5,
      "final_weight": 0.4
    },
    "24599.113": {
      "votes": {},
      "initial_weight": 0.5,
      "final_weight": 0.5
    },
    "24599.232": {
      "votes": {},
      "initial_weight": 0.5,
      "final_weight": 0.5
    },
    "24599.21": {
      "votes": {},
      "initial_weight": 0.5,
      "final_weight": 0.47058823529411764
    },
    "24599.58": {
      "votes": {},
      "initial_weight": 0.5,
      "final_weight": 0.5
    },
    "24599.47": {
      "votes": {},
      "initial_weight": 0.5,
      "final_weight": 0.5
    },
    "24599.46": {
      "votes": {},
      "initial_weight": 0.5,
      "final_weight": 0.5
    },
    "24599.68": {
      "votes": {},
      "initial_weight": 0.5,
      "final_weight": 0.5
    },
    "24599.44": {
      "votes": {},
      "initial_weight": 0.5,
      "final_weight": 0.6
    },
    "24599.5": {
      "votes": {},
      "initial_weight": 0.5,
      "final_weight": 0.5
    },
    "24599.9": {
      "votes": {},
      "initial_weight": 0.5,
      "final_weight": 0.49504950495049505
    },
    "24599.37": {
      "votes": {},
      "initial_weight": 0.5,
      "final_weight": 0.4743887525545588
    },
    "24599.55": {
      "votes": {},
      "initial_weight": 0.5,
      "final_weight": 0.5972504226255022
    },
    "24599.18": {
      "votes": {},
      "initial_weight": 0.5,
      "final_weight": 0.4
    },
    "24599.49": {
      "votes": {},
      "initial_weight": 0.5,
      "final_weight": 0.75
    },
    "24599.52": {
      "votes": {},
      "initial_weight": 0.5,
      "final_weight": 0.5
    },
    "24599.106": {
      "votes": {},
      "initial_weight": 0.5,
      "final_weight": 0.5
    },
    "24599.118": {
      "votes": {},
      "initial_weight": 0.5,
      "final_weight": 0.5
    },
    "24599.66": {
      "votes": {},
      "initial_weight": 0.5,
      "final_weight": 0.5
    },
    "24599.107": {
      "votes": {},
      "initial_weight": 0.5,
      "final_weight": 0.5
    },
    "24599.108": {
      "votes": {},
      "initial_weight": 0.5,
      "final_weight": 0.5
    },
    "24599.11": {
      "votes": {},
      "initial_weight": 0.5,
      "final_weight": 0.5
    },
    "24599.14": {
      "votes": {},
      "initial_weight": 0.5,
      "final_weight": 0.5
    },
    "24599.15": {
      "votes": {},
      "initial_weight": 0.5,
      "final_weight": 0.5
    },
    "24599.28": {
      "votes": {},
      "initial_weight": 0.5,
      "final_weight": 0.4
    },
    "24599.32": {
      "votes": {},
      "initial_weight": 0.5,
      "final_weight": 0.5
    },
    "24599.42": {
      "votes": {},
      "initial_weight": 0.5,
      "final_weight": 0.5
    },
    "24599.43": {
      "votes": {},
      "initial_weight": 0.5,
      "final_weight": 0.5
    },
    "24599.61": {
      "votes": {},
      "initial_weight": 0.5,
      "final_weight": 0.75
    },
    "24599.80": {
      "votes": {},
      "initial_weight": 0.5,
      "final_weight": 0.5
    },
    "24599.8": {
      "votes": {},
      "initial_weight": 0.5,
      "final_weight": 0.504950495049505
    },
    "24599.56": {
      "votes": {},
      "initial_weight": 0.5,
      "final_weight": 0.5
    },
    "24599.105": {
      "votes": {},
      "initial_weight": 0.5,
      "final_weight": 0.5
    },
    "24599.69": {
      "votes": {},
      "initial_weight": 0.5,
      "final_weight": 0.5
    },
    "24599.24": {
      "votes": {},
      "initial_weight": 0.5,
      "final_weight": 0.6
    },
    "24599.26": {
      "votes": {},
      "initial_weight": 0.5,
      "final_weight": 0.4
    },
    "24599.35": {
      "votes": {},
      "initial_weight": 0.5,
      "final_weight": 0.5
    },
    "24599.23": {
      "votes": {},
      "initial_weight": 0.5,
      "final_weight": 0.5
    },
    "24599.34": {
      "votes": {},
      "initial_weight": 0.5,
      "final_weight": 0.5
    },
    "24599.226": {
      "votes": {},
      "initial_weight": 0.5,
      "final_weight": 0.4
    },
    "24599.114": {
      "votes": {},
      "initial_weight": 0.5,
      "final_weight": 0.5
    },
    "24599.57": {
      "votes": {},
      "initial_weight": 0.5,
      "final_weight": 0.25
    },