{
  "nodes": {
    "25156.0": {
      "votes": {},
      "initial_weight": 0.5,
      "final_weight": 0.5
    },
    "25156.3": {
      "votes": {
        "2": 1,
        "3": 1,
        "4": 1,
        "1": 1
      },
      "initial_weight": 0.625,
      "final_weight": 0.9027514846606675
    },
    "25156.4": {
      "votes": {
        "3": 1,
        "4": 1
      },
      "initial_weight": 0.875,
      "final_weight": 0.8945058654738797
    },
    "25156.5": {
      "votes": {
        "3": 2,
        "2": 1
      },
      "initial_weight": 0.6666666666666666,
      "final_weight": 0.8333333333333333
    },
    "25156.6": {
      "votes": {
        "2": 1,
        "3": 1
      },
      "initial_weight": 0.625,
      "final_weight": 0.76
    },
    "25156.7": {
      "votes": {
        "0": 2
      },
      "initial_weight": 0.0,
      "final_weight": 0.0
    },
    "25156.8": {
      "votes": {
        "3": 1,
        "1": 2
      },
      "initial_weight": 0.4166666666666667,
      "final_weight": 0.33333333333333337
    },
    "25156.9": {
      "votes": {
        "1": 1,
        "4": 3
      },
      "initial_weight": 0.8125,
      "final_weight": 0.88
    },
    "25156.16": {
      "votes": {
        "3": 1
      },
      "initial_weight": 0.75,
      "final_weight": 0.84
    },
    "25156.18": {
      "votes": {
        "3": 1
      },
      "initial_weight": 0.75,
      "final_weight": 0.6
    },
    "25156.22": {
      "votes": {
        "1": 1
      },
      "initial_weight": 0.25,
      "final_weight": 0.25
    },
    "25156.33": {
      "votes": {
        "2": 1
      },
      "initial_weight": 0.5,
      "final_weight": 0.5
    },
    "25156.17": {
      "votes": {
        "3": 1
      },
      "initial_weight": 0.75,
      "final_weight": 0.75
    },
    "25156.19": {
      "votes": {
        "1": 1
      },
      "initial_weight": 0.25,
      "final_weight": 0.25
    },
    "25156.29": {
      "votes": {
        "4": 1
      },
      "initial_weight": 1.0,
      "final_weight": 1.0
    },
    "25156.31": {
      "votes": {
        "2": 1
      },
      "initial_weight": 0.5,
      "final_weight": 0.6799999999999999
    },
    "25156.37": {
      "votes": {
        "1": 1
      },
      "initial_weight": 0.25,
      "final_weight": 0.25
    },
    "25156.21": {
      "votes": {
        "4": 1
      },
      "initial_weight": 1.0,
      "final_weight": 1.0
    },
    "25156.27": {
      "votes": {
        "3": 1
      },
      "initial_weight": 0.75,
      "final_weight": 0.75
    },
    "25156.28": {
      "votes": {
        "3": 1
      },
      "initial_weight": 0.75,
      "final_weight": 0.75
    },
    "25156.15": {
      "votes": {
        "3": 1
      },
      "initial_weight": 0.75,
      "final_weight": 0.75
    },
    "25156.20": {
      "votes": {
        "2": 1
      },
      "initial_weight": 0.5,
      "final_weight": 0.5
    },
    "25156.24": {
      "votes": {
        "4": 1
      },
      "initial_weight": 1.0,
      "final_weight": 1.0
    },
    "25156.40": {
      "votes": {},
      "initial_weight": 0.5,
      "final_weight": 0.5
    },
    "25156.14": {
      "votes": {
        "1": 1
      },
      "initial_weight": 0.25,
      "final_weight": 0.25
    },
    "25156.23": {
      "votes": {
        "4": 1
      },
      "initial_weight": 1.0,
      "final_weight": 1.0
    },
    "25156.39": {
      "votes": {
        "3": 1
      },
      "initial_weight": 0.75,
      "final_weight": 0.75
    },
    "25156.12": {
      "votes": {
        "2": 1
      },
      "initial_weight": 0.5,
      "final_weight": 0.5
    },
    "25156.13": {
      "votes": {
        "2": 1
      },
      "initial_weight": 0.5,
      "final_weight": 0.5
    },
    "25156.26": {
      "votes": {
        "3": 1
      },
      "initial_weight": 0.75,
      "final_weight": 0.75
    },
    "25156.36": {
      "votes": {
        "3": 1
      },
      "initial_weight": 0.75,
      "final_weight": 0.75
    },
    "25156.10": {
      "votes": {
        "4": 1
      },
      "initial_weight": 1.0,
      "final_weight": 1.0
    },
    "25156.11": {
      "votes": {
        "3": 1
      },
      "initial_weight": 0.75,
      "final_weight": 0.75
    },
    "25156.30": {
      "votes": {
        "3": 1
      },
      "initial_weight": 0.75,
      "final_weight": 0.75
    },
    "25156.34": {
      "votes": {
        "1": 1
      },
      "initial_weight": 0.25,
      "final_weight": 0.25
    },
    "25156.35": {
      "votes": {
        "3": 1
      },
      "initial_weight": 0.75,
      "final_weight": 0.75
    },
    "25156.87": {
      "votes": {},
      "initial_weight": 0.5,
      "final_weight": 0.5
    },
    "25156.32": {
      "votes": {
        "3": 1
      },
      "initial_weight": 0.75,
      "final_weight": 0.75
    },
    "25156.41": {
      "votes": {},
      "initial_weight": 0.5,
      "final_weight": 0.5
    },
    "25156.42": {
      "votes": {},
      "initial_weight": 0.5,
      "final_weight": 0.5
    },
    "25156.38": {
      "votes": {
        "4": 1
      },
      "initial_weight": 1.0,
      "final_weight": 1.0
    }
  },
  "edges": {
    "25156.3": {
      "successor_id": "25156.0",
      "relation": 0.0
    },
    "25156.4": {
      "successor_id": "25156.0",
      "relation": 0.0
    },
    "25156.5": {
      "successor_id": "25156.0",
      "relation": 0.0
    },
    "25156.6": {
      "successor_id": "25156.0",
      "relation": 0.0
    },
    "25156.7": {
      "successor_id": "25156.0",
      "relation": 0.0
    },
    "25156.8": {
      "successor_id": "25156.0",
      "relation": 0.0
    },
    "25156.9": {
      "successor_id": "25156.0",
      "relation": 0.0
    },
    "25156.16": {
      "successor_id": "25156.3",
      "relation": 1.0
    },
    "25156.18": {
      "successor_id": "25156.3",
      "relation": 1.0
    },
    "25156.22": {
      "successor_id": "25156.3",
      "relation": -1.0
    },
    "25156.33": {
      "successor_id": "25156.3",
      "relation": 1.0
    },
    "25156.17": {
      "successor_id": "25156.4",
      "relation": 1.0
    },
    "25156.19": {
      "successor_id": "25156.4",
      "relation": 1.0
    },
    "25156.29": {
      "successor_id": "25156.4",
      "relation": -1.0
    },
    "25156.31": {
      "successor_id": "25156.4",
      "relation": 1.0
    },
    "25156.37": {
      "successor_id": "25156.4",
      "relation": -1.0
    },
    "25156.21": {
      "successor_id": "25156.5",
      "relation": 1.0
    },
    "25156.27": {
      "successor_id": "25156.5",
      "relation": 1.0
    },
    "25156.28": {
      "successor_id": "25156.5",
      "relation": -1.0
    },
    "25156.15": {
      "successor_id": "25156.6",
      "relation": 1.0
    },
    "25156.20": {
      "successor_id": "25156.6",
      "relation": 1.0
    },
    "25156.24": {
      "successor_id": "25156.6",
      "relation": -1.0
    },
    "25156.40": {
      "successor_id": "25156.6",
      "relation": 1.0
    },
    "25156.14": {
      "successor_id": "25156.7",
      "relation": 1.0
    },
    "25156.23": {
      "successor_id": "25156.7",
      "relation": -1.0
    },
    "25156.39": {
      "successor_id": "25156.7",
      "relation": -1.0
    },
    "25156.12": {
      "successor_id": "25156.8",
      "relation": 1.0
    },
    "25156.13": {
      "successor_id": "25156.8",
      "relation": 1.0
    },
    "25156.26": {
      "successor_id": "25156.8",
      "relation": -1.0
    },
    "25156.36": {
      "successor_id": "25156.8",
      "relation": -1.0
    },
    "25156.10": {
      "successor_id": "25156.9",
      "relation": 1.0
    },
    "25156.11": {
      "successor_id": "25156.9",
      "relation": 1.0
    },
    "25156.30": {
      "successor_id": "25156.9",
      "relation": -1.0
    },
    "25156.34": {
      "successor_id": "25156.9",
      "relation": -1.0
    },
    "25156.35": {
      "successor_id": "25156.16",
      "relation": 1.0
    },