{
  "nodes": {
    "25343.0": {
      "votes": {},
      "initial_weight": 0.5,
      "final_weight": 0.5
    },
    "25343.1": {
      "votes": {
        "0": 2,
        "4": 1
      },
      "initial_weight": 0.3333333333333333,
      "final_weight": 0.18536417733030763
    },
    "25343.2": {
      "votes": {
        "1": 1,
        "2": 1,
        "4": 1
      },
      "initial_weight": 0.5833333333333334,
      "final_weight": 0.6666666666666667
    },
    "25343.4": {
      "votes": {
        "1": 1,
        "0": 1,
        "2": 1
      },
      "initial_weight": 0.25,
      "final_weight": 0.2540578483298304
    },
    "25343.5": {
      "votes": {
        "0": 1,
        "4": 1,
        "1": 1
      },
      "initial_weight": 0.4166666666666667,
      "final_weight": 0.49712643678160917
    },
    "25343.6": {
      "votes": {
        "4": 2
      },
      "initial_weight": 1.0,
      "final_weight": 1.0
    },
    "25343.7": {
      "votes": {
        "4": 4
      },
      "initial_weight": 1.0,
      "final_weight": 1.0
    },
    "25343.8": {
      "votes": {
        "1": 1,
        "2": 1
      },
      "initial_weight": 0.375,
      "final_weight": 0.24
    },
    "25343.9": {
      "votes": {
        "4": 3
      },
      "initial_weight": 1.0,
      "final_weight": 0.9513059737831362
    },
    "25343.149": {
      "votes": {},
      "initial_weight": 0.5,
      "final_weight": 0.4
    },
    "25343.16": {
      "votes": {
        "4": 1
      },
      "initial_weight": 1.0,
      "final_weight": 1.0
    },
    "25343.23": {
      "votes": {},
      "initial_weight": 0.5,
      "final_weight": 0.5
    },
    "25343.14": {
      "votes": {
        "4": 1
      },
      "initial_weight": 1.0,
      "final_weight": 0.8
    },
    "25343.53": {
      "votes": {},
      "initial_weight": 0.5,
      "final_weight": 0.7737556561085973
    },
    "25343.62": {
      "votes": {},
      "initial_weight": 0.5,
      "final_weight": 0.75
    },
    "25343.64": {
      "votes": {},
      "initial_weight": 0.5,
      "final_weight": 0.5
    },
    "25343.76": {
      "votes": {},
      "initial_weight": 0.5,
      "final_weight": 0.5
    },
    "25343.119": {
      "votes": {},
      "initial_weight": 0.5,
      "final_weight": 0.75
    },
    "25343.72": {
      "votes": {},
      "initial_weight": 0.5,
      "final_weight": 0.5
    },
    "25343.74": {
      "votes": {},
      "initial_weight": 0.5,
      "final_weight": 0.5
    },
    "25343.95": {
      "votes": {},
      "initial_weight": 0.5,
      "final_weight": 0.6
    },
    "25343.21": {
      "votes": {},
      "initial_weight": 0.5,
      "final_weight": 0.5
    },
    "25343.82": {
      "votes": {},
      "initial_weight": 0.5,
      "final_weight": 0.6
    },
    "25343.135": {
      "votes": {},
      "initial_weight": 0.5,
      "final_weight": 0.75
    },
    "25343.141": {
      "votes": {},
      "initial_weight": 0.5,
      "final_weight": 0.7737556561085973
    },
    "25343.10": {
      "votes": {
        "4": 1
      },
      "initial_weight": 1.0,
      "final_weight": 1.0
    },
    "25343.19": {
      "votes": {},
      "initial_weight": 0.5,
      "final_weight": 0.5
    },
    "25343.78": {
      "votes": {},
      "initial_weight": 0.5,
      "final_weight": 0.5
    },
    "25343.80": {
      "votes": {},
      "initial_weight": 0.5,
      "final_weight": 0.5
    },
    "25343.86": {
      "votes": {},
      "initial_weight": 0.5,
      "final_weight": 0.5
    },
    "25343.3": {
      "votes": {},
      "initial_weight": 0.5,
      "final_weight": 0.5
    },
    "25343.101": {
      "votes": {},
      "initial_weight": 0.5,
      "final_weight": 0.5
    },
    "25343.125": {
      "votes": {},
      "initial_weight": 0.5,
      "final_weight": 0.5
    },
    "25343.127": {
      "votes": {},
      "initial_weight": 0.5,
      "final_weight": 0.75
    },
    "25343.13": {
      "votes": {
        "1": 1
      },
      "initial_weight": 0.25,
      "final_weight": 0.25
    },
    "25343.22": {
      "votes": {
        "4": 1
      },
      "initial_weight": 1.0,
      "final_weight": 1.0
    },
    "25343.88": {
      "votes": {},
      "initial_weight": 0.5,
      "final_weight": 0.5
    },
    "25343.99": {
      "votes": {},
      "initial_weight": 0.5,
      "final_weight": 0.5
    },
    "25343.20": {
      "votes": {
        "4": 1
      },
      "initial_weight": 1.0,
      "final_weight": 1.0
    },
    "25343.103": {
      "votes": {},
      "initial_weight": 0.5,
      "final_weight": 0.5
    },
    "25343.105": {
      "votes": {},
      "initial_weight": 0.5,
      "final_weight": 0.5
    },
    "25343.107": {
      "votes": {},
      "initial_weight": 0.5,
      "final_weight": 0.7737556561085973
    },
    "25343.157": {
      "votes": {},
      "initial_weight": 0.5,
      "final_weight": 0.5
    },
    "25343.159": {
      "votes": {},
      "initial_weight": 0.5,
      "final_weight": 0.5
    },
    "25343.155": {
      "votes": {},
      "initial_weight": 0.5,
      "final_weight": 0.5
    },
    "25343.17": {
      "votes": {},
      "initial_weight": 0.5,
      "final_weight": 0.6
    },
    "25343.18": {
      "votes": {},
      "initial_weight": 0.5,
      "final_weight": 0.5
    },
    "25343.15": {
      "votes": {},
      "initial_weight": 0.5,
      "final_weight": 0.5
    },
    "25343.55": {
      "votes": {},
      "initial_weight": 0.5,
      "final_weight": 0.5
    },
    "25343.57": {
      "votes": {},
      "initial_weight": 0.5,
      "final_weight": 0.6
    },
    "25343.68": {
      "votes": {},
      "initial_weight": 0.5,
      "final_weight": 0.5
    },
    "25343.117": {
      "votes": {},
      "initial_weight": 0.5,
      "final_weight": 0.5
    },
    "25343.66": {
      "votes": {},
      "initial_weight": 0.5,
      "final_weight": 0.5
    },
    "25343.115": {
      "votes": {},
      "initial_weight": 0.5,
      "final_weight": 0.5
    },
    "25343.121": {
      "votes": {},
      "initial_weight": 0.5,
      "final_weight": 0.5
    },
    "25343.123": {
      "votes": {},
      "initial_weight": 0.5,
      "final_weight": 0.5
    },
    "25343.97": {
      "votes": {},
      "initial_weight": 0.5,
      "final_weight": 0.5
    },
    "25343.84": {
      "votes": {},
      "initial_weight": 0.5,
      "final_weight": 0.5
    },
    "25343.137": {
      "votes": {},
      "initial_weight": 0.5,
      "final_weight": 0.5
    },
    "25343.139": {
      "votes": {},
      "initial_weight": 0.5,
      "final_weight": 0.5
    },
    "25343.143": {
      "votes": {},
      "initial_weight": 0.5,
      "final_weight": 0.5
    },
    "25343.145": {
      "votes": {},
      "initial_weight": 0.5,
      "final_weight": 0.6
    },
    "25343.133": {
      "votes": {},
      "initial_weight": 0.5,
      "final_weight": 0.5
    },
    "25343.129": {
      "votes": {},
      "initial_weight": 0.5,
      "final_weight": 0.5
    },
    "25343.131": {
      "votes": {},
      "initial_weight": 0.5,
      "final_weight": 0.5
    },
    "25343.24": {
      "votes": {},
      "initial_weight": 0.5,
      "final_weight": 0.5
    },
    "25343.109": {
      "votes": {},
      "initial_weight": 0.5,
      "final_weight": 0.6
    },
    "25343.111": {
      "votes": {},
      "initial_weight": 0.5,
      "final_weight": 0.5
    },
    "25343.70": {
      "votes": {},
      "initial_weight": 0.5,
      "final_weight": 0.5
    },
    "25343.60": {
      "votes": {},
      "initial_weight": 0.5,
      "final_weight": 0.5
    },
    "25343.147": {
      "votes": {},
      "initial_weight": 0.5,
      "final_weight": 0.5
    },
    "25343.113": {
      "votes": {},
      "initial_weight": 0.5,
      "final_weight": 0.5
    }
  },
  "edges": {
    "25343.1": {
      "successor_id": "25343.0",
      "relation": 0.0
    },
    "25343.2": {
      "successor_id": "25343.1",
      "relation": 1.0
    },
    "25343.4": {
      "successor_id": "25343.1",