{
  "nodes": {
    "26678.0": {
      "votes": {},
      "initial_weight": 0.5,
      "final_weight": 0.5
    },
    "26678.1": {
      "votes": {
        "4": 1
      },
      "initial_weight": 1.0,
      "final_weight": 1.0
    },
    "26678.3": {
      "votes": {
        "4": 1
      },
      "initial_weight": 1.0,
      "final_weight": 1.0
    },
    "26678.4": {
      "votes": {
        "4": 1
      },
      "initial_weight": 1.0,
      "final_weight": 1.0
    },
    "26678.7": {
      "votes": {
        "4": 3
      },
      "initial_weight": 1.0,
      "final_weight": 1.0
    },
    "26678.11": {
      "votes": {
        "3": 1,
        "1": 1
      },
      "initial_weight": 0.5,
      "final_weight": 0.5294117647058824
    },
    "26678.12": {
      "votes": {},
      "initial_weight": 0.5,
      "final_weight": 0.5030960315044228
    },
    "26678.20": {
      "votes": {},
      "initial_weight": 0.5,
      "final_weight": 0.49504950495049505
    },
    "26678.101": {
      "votes": {},
      "initial_weight": 0.5,
      "final_weight": 0.4999552633164673
    },
    "26678.139": {
      "votes": {},
      "initial_weight": 0.5,
      "final_weight": 0.5327405012126112
    },
    "26678.162": {
      "votes": {},
      "initial_weight": 0.5,
      "final_weight": 0.5
    },
    "26678.76": {
      "votes": {},
      "initial_weight": 0.5,
      "final_weight": 0.6
    },
    "26678.111": {
      "votes": {},
      "initial_weight": 0.5,
      "final_weight": 0.38959025619940557
    },
    "26678.113": {
      "votes": {},
      "initial_weight": 0.5,
      "final_weight": 0.6323529411764706
    },
    "26678.22": {
      "votes": {},
      "initial_weight": 0.5,
      "final_weight": 0.5
    },
    "26678.80": {
      "votes": {},
      "initial_weight": 0.5,
      "final_weight": 0.5
    },
    "26678.92": {
      "votes": {},
      "initial_weight": 0.5,
      "final_weight": 0.5
    },
    "26678.10": {
      "votes": {
        "2": 1
      },
      "initial_weight": 0.5,
      "final_weight": 0.5
    },
    "26678.17": {
      "votes": {
        "3": 1
      },
      "initial_weight": 0.75,
      "final_weight": 0.23076923076923084
    },
    "26678.19": {
      "votes": {},
      "initial_weight": 0.5,
      "final_weight": 0.36764705882352944
    },
    "26678.90": {
      "votes": {},
      "initial_weight": 0.5,
      "final_weight": 0.5
    },
    "26678.2": {
      "votes": {},
      "initial_weight": 0.5,
      "final_weight": 0.29027576197387517
    },
    "26678.160": {
      "votes": {},
      "initial_weight": 0.5,
      "final_weight": 0.5
    },
    "26678.164": {
      "votes": {},
      "initial_weight": 0.5,
      "final_weight": 0.5
    },
    "26678.15": {
      "votes": {},
      "initial_weight": 0.5,
      "final_weight": 0.75
    },
    "26678.96": {
      "votes": {},
      "initial_weight": 0.5,
      "final_weight": 0.5
    },
    "26678.98": {
      "votes": {},
      "initial_weight": 0.5,
      "final_weight": 0.5
    },
    "26678.13": {
      "votes": {},
      "initial_weight": 0.5,
      "final_weight": 0.6
    },
    "26678.14": {
      "votes": {},
      "initial_weight": 0.5,
      "final_weight": 0.5210655743907022
    },
    "26678.88": {
      "votes": {},
      "initial_weight": 0.5,
      "final_weight": 0.5
    },
    "26678.117": {
      "votes": {},
      "initial_weight": 0.5,
      "final_weight": 0.5
    },
    "26678.21": {
      "votes": {},
      "initial_weight": 0.5,
      "final_weight": 0.5
    },
    "26678.27": {
      "votes": {},
      "initial_weight": 0.5,
      "final_weight": 0.6
    },
    "26678.5": {
      "votes": {},
      "initial_weight": 0.5,
      "final_weight": 0.39054054054054055
    },
    "26678.104": {
      "votes": {},
      "initial_weight": 0.5,
      "final_weight": 0.5
    },
    "26678.106": {
      "votes": {},
      "initial_weight": 0.5,
      "final_weight": 0.4
    },
    "26678.142": {
      "votes": {},
      "initial_weight": 0.5,
      "final_weight": 0.36764705882352944
    },
    "26678.150": {
      "votes": {},
      "initial_weight": 0.5,
      "final_weight": 0.6323529411764706
    },
    "26678.78": {
      "votes": {},
      "initial_weight": 0.5,
      "final_weight": 0.5
    },
    "26678.129": {
      "votes": {},
      "initial_weight": 0.5,
      "final_weight": 0.6323529411764706
    },
    "26678.134": {
      "votes": {},
      "initial_weight": 0.5,
      "final_weight": 0.4
    },
    "26678.144": {
      "votes": {},
      "initial_weight": 0.5,
      "final_weight": 0.5
    },
    "26678.146": {
      "votes": {},
      "initial_weight": 0.5,
      "final_weight": 0.6
    },
    "26678.94": {
      "votes": {},
      "initial_weight": 0.5,
      "final_weight": 0.5
    },
    "26678.108": {
      "votes": {},
      "initial_weight": 0.5,
      "final_weight": 0.5
    },
    "26678.18": {
      "votes": {},
      "initial_weight": 0.5,
      "final_weight": 0.4
    },
    "26678.66": {
      "votes": {},
      "initial_weight": 0.5,
      "final_weight": 0.6
    },
    "26678.82": {
      "votes": {},
      "initial_weight": 0.5,
      "final_weight": 0.5
    },
    "26678.123": {
      "votes": {},
      "initial_weight": 0.5,
      "final_weight": 0.6
    },
    "26678.33": {
      "votes": {},
      "initial_weight": 0.5,
      "final_weight": 0.25
    },
    "26678.72": {
      "votes": {},
      "initial_weight": 0.5,
      "final_weight": 0.6
    },
    "26678.84": {
      "votes": {},
      "initial_weight": 0.5,
      "final_weight": 0.5
    },
    "26678.16": {
      "votes": {},
      "initial_weight": 0.5,
      "final_weight": 0.5
    },
    "26678.74": {
      "votes": {},
      "initial_weight": 0.5,
      "final_weight": 0.5
    },
    "26678.26": {
      "votes": {},
      "initial_weight": 0.5,
      "final_weight": 0.5
    },
    "26678.28": {
      "votes": {},
      "initial_weight": 0.5,
      "final_weight": 0.5
    },
    "26678.6": {
      "votes": {},
      "initial_weight": 0.5,
      "final_weight": 0.5
    },
    "26678.25": {
      "votes": {},
      "initial_weight": 0.5,
      "final_weight": 0.5294117647058824
    },
    "26678.29": {
      "votes": {},
      "initial_weight": 0.5,
      "final_weight": 0.5
    },
    "26678.121": {
      "votes": {},
      "initial_weight": 0.5,
      "final_weight": 0.5
    },
    "26678.156": {
      "votes": {},
      "initial_weight": 0.5,
      "final_weight": 0.6
    },
    "26678.152": {
      "votes": {},
      "initial_weight": 0.5,
      "final_weight": 0.6
    },
    "26678.127": {
      "votes": {},
      "initial_weight": 0.5,
      "final_weight": 0.6
    },
    "26678.136": {
      "votes": {},
      "initial_weight": 0.5,
      "final_weight": 0.5
    },
    "26678.148": {
      "votes": {},
      "initial_weight": 0.5,
      "final_weight": 0.5
    },
    "26678.68": {
      "votes": {},
      "initial_weight": 0.5,
      "final_weight": 0.5
    },
    "26678.70": {
      "votes": {},
      "initial_weight": 0.5,
      "final_weight": 0.5
    },
    "26678.125": {
      "votes": {},
      "initial_weight": 0.5,
      "final_weight": 0.5
    },
    "26678.115": {
      "votes": {},
      "initial_weight": 0.5,
      "final_weight": 0.5
    },
    "26678.119": {
      "votes": {},
      "initial_weight": 0.5,
      "final_weight": 0.5
    },
    "26678.86": {
      "votes": {},
      "initial_weight": 0.5,
      "final_weight": 0.5
    },
    "26678.30": {
      "votes": {},
      "initial_weight": 0.5,
      "final_weight": 0.25
    },
    "26678.158": {
      "votes": {},
      "initial_weight": 0.5,
      "final_weight": 0.5
    },
    "26678.154": {
      "votes": {},
      "initial_weight": 0.5,
      "final_weight": 0.5
    },
    "26678.132": {
      "votes": {},
      "initial_weight": 0.5,
      "final_weight": 0.5
    },
    "26678.31": {
      "votes": {},
      "initial_weight": 0.5,
      "final_weight": 0.5
    },