{
  "nodes": {
    "27337.0": {
      "votes": {},
      "initial_weight": 0.5,
      "final_weight": 0.5
    },
    "27337.1": {
      "votes": {
        "2": 1,
        "1": 1,
        "0": 2,
        "3": 1
      },
      "initial_weight": 0.3,
      "final_weight": 0.2327023280769198
    },
    "27337.4": {
      "votes": {
        "1": 1,
        "4": 1,
        "0": 1
      },
      "initial_weight": 0.4166666666666667,
      "final_weight": 0.7083333333333333
    },
    "27337.5": {
      "votes": {
        "3": 1,
        "2": 1,
        "4": 2
      },
      "initial_weight": 0.8125,
      "final_weight": 0.134020618556701
    },
    "27337.6": {
      "votes": {
        "4": 2
      },
      "initial_weight": 1.0,
      "final_weight": 0.9991685912240185
    },
    "27337.11": {
      "votes": {
        "3": 1,
        "4": 1
      },
      "initial_weight": 0.875,
      "final_weight": 0.9
    },
    "27337.12": {
      "votes": {
        "4": 1,
        "2": 1,
        "3": 1
      },
      "initial_weight": 0.75,
      "final_weight": 0.8380481703551037
    },
    "27337.53": {
      "votes": {
        "4": 1,
        "0": 1
      },
      "initial_weight": 0.5,
      "final_weight": 0.75
    },
    "27337.55": {
      "votes": {
        "4": 1,
        "0": 2
      },
      "initial_weight": 0.3333333333333333,
      "final_weight": 0.3333333333333333
    },
    "27337.108": {
      "votes": {},
      "initial_weight": 0.5,
      "final_weight": 0.5
    },
    "27337.123": {
      "votes": {},
      "initial_weight": 0.5,
      "final_weight": 0.7737556561085973
    },
    "27337.22": {
      "votes": {
        "4": 1
      },
      "initial_weight": 1.0,
      "final_weight": 1.0
    },
    "27337.104": {
      "votes": {
        "2": 1
      },
      "initial_weight": 0.5,
      "final_weight": 0.5
    },
    "27337.120": {
      "votes": {},
      "initial_weight": 0.5,
      "final_weight": 0.5
    },
    "27337.7": {
      "votes": {
        "4": 1
      },
      "initial_weight": 1.0,
      "final_weight": 1.0
    },
    "27337.100": {
      "votes": {
        "2": 1
      },
      "initial_weight": 0.5,
      "final_weight": 0.5
    },
    "27337.78": {
      "votes": {},
      "initial_weight": 0.5,
      "final_weight": 0.75
    },
    "27337.10": {
      "votes": {},
      "initial_weight": 0.5,
      "final_weight": 0.5
    },
    "27337.102": {
      "votes": {
        "4": 1,
        "3": 1
      },
      "initial_weight": 0.875,
      "final_weight": 0.875
    },
    "27337.2": {
      "votes": {
        "2": 1
      },
      "initial_weight": 0.5,
      "final_weight": 0.8461538461538461
    },
    "27337.128": {
      "votes": {},
      "initial_weight": 0.5,
      "final_weight": 0.5
    },
    "27337.13": {
      "votes": {
        "3": 1,
        "1": 1
      },
      "initial_weight": 0.5,
      "final_weight": 0.13733905579399142
    },
    "27337.14": {
      "votes": {},
      "initial_weight": 0.5,
      "final_weight": 0.6
    },
    "27337.61": {
      "votes": {
        "4": 1
      },
      "initial_weight": 1.0,
      "final_weight": 1.0
    },
    "27337.83": {
      "votes": {},
      "initial_weight": 0.5,
      "final_weight": 0.5
    },
    "27337.98": {
      "votes": {},
      "initial_weight": 0.5,
      "final_weight": 0.5
    },
    "27337.57": {
      "votes": {
        "1": 1
      },
      "initial_weight": 0.25,
      "final_weight": 0.25
    },
    "27337.59": {
      "votes": {
        "1": 1
      },
      "initial_weight": 0.25,
      "final_weight": 0.25
    },
    "27337.90": {
      "votes": {},
      "initial_weight": 0.5,
      "final_weight": 0.5
    },
    "27337.3": {
      "votes": {},
      "initial_weight": 0.5,
      "final_weight": 0.6
    },
    "27337.118": {
      "votes": {},
      "initial_weight": 0.5,
      "final_weight": 0.5
    },
    "27337.23": {
      "votes": {
        "4": 1
      },
      "initial_weight": 1.0,
      "final_weight": 1.0
    },
    "27337.106": {
      "votes": {},
      "initial_weight": 0.5,
      "final_weight": 0.5
    },
    "27337.21": {
      "votes": {},
      "initial_weight": 0.5,
      "final_weight": 0.5
    },
    "27337.63": {
      "votes": {},
      "initial_weight": 0.5,
      "final_weight": 0.09999999999999998
    },
    "27337.131": {
      "votes": {
        "4": 1
      },
      "initial_weight": 1.0,
      "final_weight": 1.0
    },
    "27337.81": {
      "votes": {},
      "initial_weight": 0.5,
      "final_weight": 0.5
    },
    "27337.65": {
      "votes": {
        "0": 1
      },
      "initial_weight": 0.0,
      "final_weight": 0.0
    },
    "27337.69": {
      "votes": {
        "0": 1
      },
      "initial_weight": 0.0,
      "final_weight": 0.5
    },
    "27337.75": {
      "votes": {
        "4": 1
      },
      "initial_weight": 1.0,
      "final_weight": 1.0
    },
    "27337.28": {
      "votes": {
        "3": 1
      },
      "initial_weight": 0.75,
      "final_weight": 0.875
    },
    "27337.31": {
      "votes": {
        "3": 1
      },
      "initial_weight": 0.75,
      "final_weight": 0.75
    },
    "27337.24": {
      "votes": {},
      "initial_weight": 0.5,
      "final_weight": 0.5
    },
    "27337.20": {
      "votes": {},
      "initial_weight": 0.5,
      "final_weight": 0.5
    },
    "27337.27": {
      "votes": {},
      "initial_weight": 0.5,
      "final_weight": 0.5
    },
    "27337.114": {
      "votes": {},
      "initial_weight": 0.5,
      "final_weight": 0.5
    },
    "27337.92": {
      "votes": {},
      "initial_weight": 0.5,
      "final_weight": 0.5
    },
    "27337.94": {
      "votes": {},
      "initial_weight": 0.5,
      "final_weight": 0.5
    },
    "27337.96": {
      "votes": {
        "4": 1
      },
      "initial_weight": 1.0,
      "final_weight": 1.0
    },
    "27337.67": {
      "votes": {},
      "initial_weight": 0.5,
      "final_weight": 0.5
    },
    "27337.71": {
      "votes": {},
      "initial_weight": 0.5,
      "final_weight": 0.5
    },
    "27337.73": {
      "votes": {},
      "initial_weight": 0.5,
      "final_weight": 0.5
    },
    "27337.29": {
      "votes": {},
      "initial_weight": 0.5,
      "final_weight": 0.5
    },
    "27337.30": {
      "votes": {},
      "initial_weight": 0.5,
      "final_weight": 0.5
    }
  },
  "edges": {
    "27337.1": {
      "successor_id": "27337.0",
      "relation": 0.0
    },
    "27337.4": {
      "successor_id": "27337.1",
      "relation": 1.0
    },
    "27337.5": {
      "successor_id": "27337.1",
      "relation": 1.0
    },
    "27337.6": {
      "successor_id": "27337.1",
      "relation": -1.0
    },
    "27337.11": {
      "successor_id": "27337.1",
      "relation": -1.0
    },
    "27337.12": {
      "successor_id": "27337.1",
      "relation": -1.0
    },
    "27337.53": {
      "successor_id": "27337.1",
      "relation": 1.0
    },
    "27337.55": {
      "successor_id": "27337.1",
      "relation": 1.0
    },
    "27337.108": {
      "successor_id": "27337.1",
      "relation": -1.0
    },
    "27337.123": {
      "successor_id": "27337.1",
      "relation": 1.0
    },
    "27337.22": {
      "successor_id": "27337.4",
      "relation": 1.0
    },
    "27337.104": {
      "successor_id": "27337.4",
      "relation": -1.0
    },
    "27337.120": {
      "successor_id": "27337.4",
      "relation": 1.0
    },
    "27337.7": {
      "successor_id": "27337.5",
      "relation": -1.0
    },
    "27337.100": {
      "successor_id": "27337.5",
      "relation": -1.0
    },
    "27337.78": {
      "successor_id": "27337.5",
      "relation": -1.0
    },
    "27337.10": {
      "successor_id": "27337.78",
      "relation": 1.0
    },
    "27337.102": {
      "successor_id": "27337.6",
      "relation": -1.0
    },
    "27337.2": {
      "successor_id": "27337.6",
      "relation": 1.0
    },
    "27337.128": {
      "successor_id": "27337.11",
      "relation": 1.0
    },