{
  "nodes": {
    "27396.0": {
      "votes": {},
      "initial_weight": 0.5,
      "final_weight": 0.5
    },
    "27396.1": {
      "votes": {
        "0": 3,
        "4": 2
      },
      "initial_weight": 0.4,
      "final_weight": 0.07831780567979407
    },
    "27396.2": {
      "votes": {
        "4": 1,
        "0": 2
      },
      "initial_weight": 0.3333333333333333,
      "final_weight": 0.26666666666666666
    },
    "27396.3": {
      "votes": {
        "0": 2,
        "3": 1
      },
      "initial_weight": 0.25,
      "final_weight": 0.125
    },
    "27396.5": {
      "votes": {
        "2": 1,
        "4": 5
      },
      "initial_weight": 0.9166666666666666,
      "final_weight": 0.7186019924873428
    },
    "27396.6": {
      "votes": {
        "4": 2,
        "3": 1,
        "0": 1
      },
      "initial_weight": 0.6875,
      "final_weight": 0.75
    },
    "27396.7": {
      "votes": {
        "2": 1,
        "4": 6
      },
      "initial_weight": 0.9285714285714286,
      "final_weight": 0.9564459930313589
    },
    "27396.8": {
      "votes": {
        "1": 1,
        "4": 1,
        "0": 2
      },
      "initial_weight": 0.3125,
      "final_weight": 0.22977941176470587
    },
    "27396.9": {
      "votes": {
        "0": 1,
        "4": 2
      },
      "initial_weight": 0.6666666666666666,
      "final_weight": 0.5333333333333333
    },
    "27396.18": {
      "votes": {
        "3": 1,
        "4": 1
      },
      "initial_weight": 0.875,
      "final_weight": 0.7
    },
    "27396.20": {
      "votes": {
        "0": 1,
        "1": 2,
        "4": 1
      },
      "initial_weight": 0.375,
      "final_weight": 0.7560975609756098
    },
    "27396.25": {
      "votes": {
        "0": 3
      },
      "initial_weight": 0.0,
      "final_weight": 0.0
    },
    "27396.26": {
      "votes": {
        "4": 1,
        "0": 1,
        "3": 1,
        "2": 1
      },
      "initial_weight": 0.5625,
      "final_weight": 0.5625
    },
    "27396.46": {
      "votes": {
        "1": 1
      },
      "initial_weight": 0.25,
      "final_weight": 0.25
    },
    "27396.37": {
      "votes": {},
      "initial_weight": 0.5,
      "final_weight": 0.5
    },
    "27396.11": {
      "votes": {
        "4": 1
      },
      "initial_weight": 1.0,
      "final_weight": 1.0
    },
    "27396.17": {
      "votes": {},
      "initial_weight": 0.5,
      "final_weight": 0.5
    },
    "27396.48": {
      "votes": {},
      "initial_weight": 0.5,
      "final_weight": 0.5
    },
    "27396.24": {
      "votes": {
        "2": 1,
        "1": 1
      },
      "initial_weight": 0.375,
      "final_weight": 0.375
    },
    "27396.33": {
      "votes": {
        "0": 1,
        "4": 1
      },
      "initial_weight": 0.5,
      "final_weight": 0.4
    },
    "27396.35": {
      "votes": {},
      "initial_weight": 0.5,
      "final_weight": 0.5
    },
    "27396.21": {
      "votes": {},
      "initial_weight": 0.5,
      "final_weight": 0.5
    },
    "27396.23": {
      "votes": {},
      "initial_weight": 0.5,
      "final_weight": 0.5
    },
    "27396.27": {
      "votes": {},
      "initial_weight": 0.5,
      "final_weight": 0.5
    },
    "27396.12": {
      "votes": {
        "4": 2
      },
      "initial_weight": 1.0,
      "final_weight": 1.0
    },
    "27396.14": {
      "votes": {
        "3": 1
      },
      "initial_weight": 0.75,
      "final_weight": 0.8
    },
    "27396.38": {
      "votes": {},
      "initial_weight": 0.5,
      "final_weight": 0.5
    },
    "27396.43": {
      "votes": {},
      "initial_weight": 0.5,
      "final_weight": 0.5
    },
    "27396.39": {
      "votes": {},
      "initial_weight": 0.5,
      "final_weight": 0.6
    },
    "27396.42": {
      "votes": {},
      "initial_weight": 0.5,
      "final_weight": 0.5
    },
    "27396.52": {
      "votes": {},
      "initial_weight": 0.5,
      "final_weight": 0.5
    },
    "27396.49": {
      "votes": {},
      "initial_weight": 0.5,
      "final_weight": 0.5
    },
    "27396.44": {
      "votes": {},
      "initial_weight": 0.5,
      "final_weight": 0.5
    },
    "27396.4": {
      "votes": {},
      "initial_weight": 0.5,
      "final_weight": 0.75
    },
    "27396.51": {
      "votes": {},
      "initial_weight": 0.5,
      "final_weight": 0.5
    },
    "27396.34": {
      "votes": {
        "4": 1,
        "0": 1
      },
      "initial_weight": 0.5,
      "final_weight": 0.5
    },
    "27396.13": {
      "votes": {},
      "initial_weight": 0.5,
      "final_weight": 0.5
    },
    "27396.45": {
      "votes": {},
      "initial_weight": 0.5,
      "final_weight": 0.5
    },
    "27396.10": {
      "votes": {
        "4": 1
      },
      "initial_weight": 1.0,
      "final_weight": 1.0
    }
  },
  "edges": {
    "27396.1": {
      "successor_id": "27396.0",
      "relation": 0.0
    },
    "27396.2": {
      "successor_id": "27396.1",
      "relation": 1.0
    },
    "27396.3": {
      "successor_id": "27396.1",
      "relation": 1.0
    },
    "27396.5": {
      "successor_id": "27396.1",
      "relation": -1.0
    },
    "27396.6": {
      "successor_id": "27396.1",
      "relation": -1.0
    },
    "27396.7": {
      "successor_id": "27396.1",
      "relation": -1.0
    },
    "27396.8": {
      "successor_id": "27396.1",
      "relation": 1.0
    },
    "27396.9": {
      "successor_id": "27396.1",
      "relation": 1.0
    },
    "27396.18": {
      "successor_id": "27396.1",
      "relation": -1.0
    },
    "27396.20": {
      "successor_id": "27396.1",
      "relation": 1.0
    },
    "27396.25": {
      "successor_id": "27396.1",
      "relation": -1.0
    },
    "27396.26": {
      "successor_id": "27396.1",
      "relation": -1.0
    },
    "27396.46": {
      "successor_id": "27396.1",
      "relation": -1.0
    },
    "27396.37": {
      "successor_id": "27396.2",
      "relation": -1.0
    },
    "27396.11": {
      "successor_id": "27396.3",
      "relation": -1.0
    },
    "27396.17": {
      "successor_id": "27396.3",
      "relation": 1.0
    },
    "27396.48": {
      "successor_id": "27396.3",
      "relation": -1.0
    },
    "27396.24": {
      "successor_id": "27396.5",
      "relation": 1.0
    },
    "27396.33": {
      "successor_id": "27396.5",
      "relation": -1.0
    },
    "27396.35": {
      "successor_id": "27396.5",
      "relation": -1.0
    },
    "27396.21": {
      "successor_id": "27396.6",
      "relation": -1.0
    },
    "27396.23": {
      "successor_id": "27396.6",
      "relation": 1.0
    },
    "27396.27": {
      "successor_id": "27396.6",
      "relation": 1.0
    },
    "27396.12": {
      "successor_id": "27396.7",
      "relation": 1.0
    },
    "27396.14": {
      "successor_id": "27396.7",
      "relation": 1.0
    },
    "27396.38": {
      "successor_id": "27396.7",
      "relation": -1.0
    },
    "27396.43": {
      "successor_id": "27396.7",
      "relation": -1.0
    },
    "27396.39": {
      "successor_id": "27396.8",
      "relation": -1.0
    },
    "27396.42": {
      "successor_id": "27396.8",
      "relation": 1.0
    },
    "27396.52": {
      "successor_id": "27396.8",
      "relation": -1.0
    },
    "27396.49": {
      "successor_id": "27396.9",
      "relation": -1.0
    },
    "27396.44": {
      "successor_id": "27396.18",
      "relation": -1.0
    },
    "27396.4": {
      "successor_id": "27396.20",
      "relation": 1.0
    },
    "27396.51": {
      "successor_id": "27396.20",
      "relation": 1.0
    },
    "27396.34": {
      "successor_id": "27396.33",
      "relation": -1.0
    },
    "27396.13": {
      "successor_id": "27396.14",
      "relation": 1.0
    },
    "27396.45": {
      "successor_id": "27396.39",
      "relation": 1.0
    },
    "27396.10": {
      "successor_id": "27396.4",
      "relation": 1.0
    }
  }
}