{
  "nodes": {
    "27921.0": {
      "votes": {},
      "initial_weight": 0.5,
      "final_weight": 0.5
    },
    "27921.1": {
      "votes": {
        "0": 1
      },
      "initial_weight": 0.0,
      "final_weight": 0.15275212258537038
    },
    "27921.3": {
      "votes": {},
      "initial_weight": 0.5,
      "final_weight": 0.2592134592930686
    },
    "27921.4": {
      "votes": {},
      "initial_weight": 0.5,
      "final_weight": 0.4747191011235955
    },
    "27921.7": {
      "votes": {},
      "initial_weight": 0.5,
      "final_weight": 0.8276029093637147
    },
    "27921.8": {
      "votes": {},
      "initial_weight": 0.5,
      "final_weight": 0.5
    },
    "27921.9": {
      "votes": {},
      "initial_weight": 0.5,
      "final_weight": 0.49504950495049505
    },
    "27921.11": {
      "votes": {
        "4": 1
      },
      "initial_weight": 1.0,
      "final_weight": 0.9900990099009901
    },
    "27921.17": {
      "votes": {},
      "initial_weight": 0.5,
      "final_weight": 0.7666481687014428
    },
    "27921.42": {
      "votes": {},
      "initial_weight": 0.5,
      "final_weight": 0.4
    },
    "27921.10": {
      "votes": {},
      "initial_weight": 0.5,
      "final_weight": 0.36764705882352944
    },
    "27921.6": {
      "votes": {},
      "initial_weight": 0.5,
      "final_weight": 0.75
    },
    "27921.39": {
      "votes": {},
      "initial_weight": 0.5,
      "final_weight": 0.5
    },
    "27921.40": {
      "votes": {},
      "initial_weight": 0.5,
      "final_weight": 0.5
    },
    "27921.152": {
      "votes": {},
      "initial_weight": 0.5,
      "final_weight": 0.8461538461538461
    },
    "27921.12": {
      "votes": {
        "2": 1
      },
      "initial_weight": 0.5,
      "final_weight": 0.25
    },
    "27921.33": {
      "votes": {},
      "initial_weight": 0.5,
      "final_weight": 0.5192307692307693
    },
    "27921.41": {
      "votes": {
        "4": 1
      },
      "initial_weight": 1.0,
      "final_weight": 0.5
    },
    "27921.14": {
      "votes": {},
      "initial_weight": 0.5,
      "final_weight": 0.5
    },
    "27921.26": {
      "votes": {},
      "initial_weight": 0.5,
      "final_weight": 0.6323529411764706
    },
    "27921.100": {
      "votes": {},
      "initial_weight": 0.5,
      "final_weight": 0.5
    },
    "27921.102": {
      "votes": {},
      "initial_weight": 0.5,
      "final_weight": 0.5
    },
    "27921.104": {
      "votes": {},
      "initial_weight": 0.5,
      "final_weight": 0.8461538461538461
    },
    "27921.134": {
      "votes": {},
      "initial_weight": 0.5,
      "final_weight": 0.6
    },
    "27921.15": {
      "votes": {},
      "initial_weight": 0.5,
      "final_weight": 0.5
    },
    "27921.144": {
      "votes": {},
      "initial_weight": 0.5,
      "final_weight": 0.5
    },
    "27921.28": {
      "votes": {},
      "initial_weight": 0.5,
      "final_weight": 0.6
    },
    "27921.30": {
      "votes": {},
      "initial_weight": 0.5,
      "final_weight": 0.4
    },
    "27921.132": {
      "votes": {},
      "initial_weight": 0.5,
      "final_weight": 0.5
    },
    "27921.140": {
      "votes": {},
      "initial_weight": 0.5,
      "final_weight": 0.6
    },
    "27921.18": {
      "votes": {},
      "initial_weight": 0.5,
      "final_weight": 0.6
    },
    "27921.36": {
      "votes": {},
      "initial_weight": 0.5,
      "final_weight": 0.4
    },
    "27921.112": {
      "votes": {},
      "initial_weight": 0.5,
      "final_weight": 0.6
    },
    "27921.138": {
      "votes": {},
      "initial_weight": 0.5,
      "final_weight": 0.5
    },
    "27921.19": {
      "votes": {},
      "initial_weight": 0.5,
      "final_weight": 0.5689655172413793
    },
    "27921.2": {
      "votes": {},
      "initial_weight": 0.5,
      "final_weight": 0.5
    },
    "27921.23": {
      "votes": {},
      "initial_weight": 0.5,
      "final_weight": 0.5
    },
    "27921.120": {
      "votes": {},
      "initial_weight": 0.5,
      "final_weight": 0.5
    },
    "27921.130": {
      "votes": {},
      "initial_weight": 0.5,
      "final_weight": 0.5
    },
    "27921.142": {
      "votes": {},
      "initial_weight": 0.5,
      "final_weight": 0.6
    },
    "27921.13": {
      "votes": {},
      "initial_weight": 0.5,
      "final_weight": 0.5
    },
    "27921.160": {
      "votes": {},
      "initial_weight": 0.5,
      "final_weight": 0.5
    },
    "27921.154": {
      "votes": {},
      "initial_weight": 0.5,
      "final_weight": 0.5
    },
    "27921.156": {
      "votes": {},
      "initial_weight": 0.5,
      "final_weight": 0.5
    },
    "27921.158": {
      "votes": {},
      "initial_weight": 0.5,
      "final_weight": 0.5
    },
    "27921.27": {
      "votes": {},
      "initial_weight": 0.5,
      "final_weight": 0.5
    },
    "27921.98": {
      "votes": {},
      "initial_weight": 0.5,
      "final_weight": 0.5
    },
    "27921.34": {
      "votes": {},
      "initial_weight": 0.5,
      "final_weight": 0.5
    },
    "27921.35": {
      "votes": {},
      "initial_weight": 0.5,
      "final_weight": 0.5
    },
    "27921.86": {
      "votes": {},
      "initial_weight": 0.5,
      "final_weight": 0.5
    },
    "27921.88": {
      "votes": {},
      "initial_weight": 0.5,
      "final_weight": 0.4
    },
    "27921.94": {
      "votes": {},
      "initial_weight": 0.5,
      "final_weight": 0.4
    },
    "27921.92": {
      "votes": {},
      "initial_weight": 0.5,
      "final_weight": 0.5
    },
    "27921.126": {
      "votes": {},
      "initial_weight": 0.5,
      "final_weight": 0.5
    },
    "27921.128": {
      "votes": {},
      "initial_weight": 0.5,
      "final_weight": 0.5
    },
    "27921.162": {
      "votes": {},
      "initial_weight": 0.5,
      "final_weight": 0.5
    },
    "27921.122": {
      "votes": {},
      "initial_weight": 0.5,
      "final_weight": 0.6
    },
    "27921.106": {
      "votes": {},
      "initial_weight": 0.5,
      "final_weight": 0.5
    },
    "27921.108": {
      "votes": {},
      "initial_weight": 0.5,
      "final_weight": 0.5
    },
    "27921.110": {
      "votes": {},
      "initial_weight": 0.5,
      "final_weight": 0.5
    },
    "27921.136": {
      "votes": {},
      "initial_weight": 0.5,
      "final_weight": 0.5
    },
    "27921.29": {
      "votes": {},
      "initial_weight": 0.5,
      "final_weight": 0.5
    },
    "27921.31": {
      "votes": {},
      "initial_weight": 0.5,
      "final_weight": 0.5
    },
    "27921.150": {
      "votes": {},
      "initial_weight": 0.5,
      "final_weight": 0.5
    },
    "27921.116": {
      "votes": {},
      "initial_weight": 0.5,
      "final_weight": 0.5
    },
    "27921.114": {
      "votes": {},
      "initial_weight": 0.5,
      "final_weight": 0.5
    },
    "27921.118": {
      "votes": {},
      "initial_weight": 0.5,
      "final_weight": 0.4
    },
    "27921.22": {
      "votes": {},
      "initial_weight": 0.5,
      "final_weight": 0.5
    },
    "27921.32": {
      "votes": {},
      "initial_weight": 0.5,
      "final_weight": 0.5
    },
    "27921.148": {
      "votes": {},
      "initial_weight": 0.5,
      "final_weight": 0.5
    },
    "27921.90": {
      "votes": {},
      "initial_weight": 0.5,
      "final_weight": 0.5
    },
    "27921.96": {
      "votes": {},
      "initial_weight": 0.5,
      "final_weight": 0.5
    },
    "27921.124": {
      "votes": {},
      "initial_weight": 0.5,
      "final_weight": 0.5
    },
    "27921.146": {
      "votes": {},
      "initial_weight": 0.5,
      "final_weight": 0.5
    }
  },
  "edges": {
    "27921.1": {
      "successor_id": "27921.0",
      "relation": 0.0
    },
    "27921.3": {
      "successor_id": "27921.1",
      "relation": -1.0
    },
    "27921.4": {
      "successor_id": "27921.1",
      "relation": 1.0
    },
    "27921.7": {
      "successor_id": "27921.1",
      "relation": 1.0
    },