{
  "nodes": {
    "28206.0": {
      "votes": {},
      "initial_weight": 0.5,
      "final_weight": 0.5
    },
    "28206.5": {
      "votes": {
        "4": 1,
        "2": 1
      },
      "initial_weight": 0.75,
      "final_weight": 0.9818796458776857
    },
    "28206.6": {
      "votes": {
        "1": 1,
        "3": 1
      },
      "initial_weight": 0.5,
      "final_weight": 0.8769230769230769
    },
    "28206.8": {
      "votes": {
        "2": 2
      },
      "initial_weight": 0.5,
      "final_weight": 0.19475627375932902
    },
    "28206.21": {
      "votes": {
        "3": 2
      },
      "initial_weight": 0.75,
      "final_weight": 0.9652594685051658
    },
    "28206.41": {
      "votes": {
        "3": 2
      },
      "initial_weight": 0.75,
      "final_weight": 0.9571917808219178
    },
    "28206.55": {
      "votes": {
        "2": 1,
        "1": 1
      },
      "initial_weight": 0.375,
      "final_weight": 0.38461538461538464
    },
    "28206.65": {
      "votes": {
        "2": 1,
        "4": 1
      },
      "initial_weight": 0.75,
      "final_weight": 0.1962118041021348
    },
    "28206.134": {
      "votes": {
        "3": 1
      },
      "initial_weight": 0.75,
      "final_weight": 0.8
    },
    "28206.140": {
      "votes": {
        "1": 1
      },
      "initial_weight": 0.25,
      "final_weight": 0.35344827586206895
    },
    "28206.148": {
      "votes": {
        "0": 1
      },
      "initial_weight": 0.0,
      "final_weight": 0.0
    },
    "28206.161": {
      "votes": {
        "1": 1
      },
      "initial_weight": 0.25,
      "final_weight": 0.4
    },
    "28206.31": {
      "votes": {
        "1": 2
      },
      "initial_weight": 0.25,
      "final_weight": 0.25
    },
    "28206.82": {
      "votes": {},
      "initial_weight": 0.5,
      "final_weight": 0.75
    },
    "28206.172": {
      "votes": {
        "3": 1
      },
      "initial_weight": 0.75,
      "final_weight": 0.75
    },
    "28206.29": {
      "votes": {
        "4": 1,
        "3": 1
      },
      "initial_weight": 0.875,
      "final_weight": 0.875
    },
    "28206.110": {
      "votes": {
        "2": 1
      },
      "initial_weight": 0.5,
      "final_weight": 0.5
    },
    "28206.112": {
      "votes": {
        "2": 1
      },
      "initial_weight": 0.5,
      "final_weight": 0.8769230769230769
    },
    "28206.47": {
      "votes": {
        "3": 2
      },
      "initial_weight": 0.75,
      "final_weight": 0.75
    },
    "28206.77": {
      "votes": {
        "4": 1,
        "3": 1
      },
      "initial_weight": 0.875,
      "final_weight": 0.875
    },
    "28206.9": {
      "votes": {
        "2": 1,
        "1": 1
      },
      "initial_weight": 0.375,
      "final_weight": 0.8980239943542696
    },
    "28206.108": {
      "votes": {
        "1": 1
      },
      "initial_weight": 0.25,
      "final_weight": 0.25
    },
    "28206.7": {
      "votes": {
        "1": 1
      },
      "initial_weight": 0.25,
      "final_weight": 0.18383116112569686
    },
    "28206.23": {
      "votes": {
        "1": 1
      },
      "initial_weight": 0.25,
      "final_weight": 0.09997500624843789
    },
    "28206.43": {
      "votes": {
        "3": 2
      },
      "initial_weight": 0.75,
      "final_weight": 0.75
    },
    "28206.45": {
      "votes": {
        "2": 1,
        "4": 1
      },
      "initial_weight": 0.75,
      "final_weight": 0.75
    },
    "28206.88": {
      "votes": {
        "0": 1
      },
      "initial_weight": 0.0,
      "final_weight": 0.2
    },
    "28206.94": {
      "votes": {},
      "initial_weight": 0.5,
      "final_weight": 0.5
    },
    "28206.102": {
      "votes": {
        "4": 1
      },
      "initial_weight": 1.0,
      "final_weight": 1.0
    },
    "28206.61": {
      "votes": {
        "2": 1,
        "1": 1
      },
      "initial_weight": 0.375,
      "final_weight": 0.375
    },
    "28206.63": {
      "votes": {
        "3": 1
      },
      "initial_weight": 0.75,
      "final_weight": 0.75
    },
    "28206.123": {
      "votes": {
        "4": 1
      },
      "initial_weight": 1.0,
      "final_weight": 1.0
    },
    "28206.67": {
      "votes": {
        "1": 1,
        "3": 1
      },
      "initial_weight": 0.5,
      "final_weight": 0.5
    },
    "28206.69": {
      "votes": {
        "2": 1,
        "3": 1
      },
      "initial_weight": 0.625,
      "final_weight": 0.7
    },
    "28206.71": {
      "votes": {
        "2": 2
      },
      "initial_weight": 0.5,
      "final_weight": 0.6799999999999999
    },
    "28206.75": {
      "votes": {
        "2": 1,
        "4": 1
      },
      "initial_weight": 0.75,
      "final_weight": 0.8
    },
    "28206.136": {
      "votes": {
        "2": 1
      },
      "initial_weight": 0.5,
      "final_weight": 0.5
    },
    "28206.166": {
      "votes": {
        "1": 1
      },
      "initial_weight": 0.25,
      "final_weight": 0.4
    },
    "28206.150": {
      "votes": {
        "4": 1
      },
      "initial_weight": 1.0,
      "final_weight": 1.0
    },
    "28206.155": {
      "votes": {
        "3": 1
      },
      "initial_weight": 0.75,
      "final_weight": 0.75
    },
    "28206.159": {
      "votes": {
        "3": 1
      },
      "initial_weight": 0.75,
      "final_weight": 0.75
    },
    "28206.142": {
      "votes": {
        "0": 1
      },
      "initial_weight": 0.0,
      "final_weight": 0.0
    },
    "28206.164": {
      "votes": {
        "2": 1
      },
      "initial_weight": 0.5,
      "final_weight": 0.5
    },
    "28206.84": {
      "votes": {},
      "initial_weight": 0.5,
      "final_weight": 0.5
    },
    "28206.86": {
      "votes": {},
      "initial_weight": 0.5,
      "final_weight": 0.5
    },
    "28206.114": {
      "votes": {
        "4": 1
      },
      "initial_weight": 1.0,
      "final_weight": 1.0
    },
    "28206.116": {
      "votes": {
        "3": 1
      },
      "initial_weight": 0.75,
      "final_weight": 0.75
    },
    "28206.33": {
      "votes": {
        "2": 1
      },
      "initial_weight": 0.5,
      "final_weight": 0.6323529411764706
    },
    "28206.80": {
      "votes": {
        "2": 1
      },
      "initial_weight": 0.5,
      "final_weight": 0.5
    },
    "28206.144": {
      "votes": {},
      "initial_weight": 0.5,
      "final_weight": 0.5
    },
    "28206.146": {
      "votes": {},
      "initial_weight": 0.5,
      "final_weight": 0.6323529411764706
    },
    "28206.39": {
      "votes": {
        "2": 1,
        "0": 1
      },
      "initial_weight": 0.25,
      "final_weight": 0.15004705195184476
    },
    "28206.53": {
      "votes": {
        "4": 1,
        "2": 1
      },
      "initial_weight": 0.75,
      "final_weight": 0.75
    },
    "28206.25": {
      "votes": {
        "3": 2
      },
      "initial_weight": 0.75,
      "final_weight": 0.75
    },
    "28206.27": {
      "votes": {
        "0": 1,
        "1": 1
      },
      "initial_weight": 0.125,
      "final_weight": 0.125
    },
    "28206.104": {
      "votes": {
        "2": 1
      },
      "initial_weight": 0.5,
      "final_weight": 0.6
    },
    "28206.90": {
      "votes": {},
      "initial_weight": 0.5,
      "final_weight": 0.5
    },
    "28206.92": {
      "votes": {},
      "initial_weight": 0.5,
      "final_weight": 0.5
    },
    "28206.118": {
      "votes": {},
      "initial_weight": 0.5,
      "final_weight": 0.5
    },
    "28206.132": {
      "votes": {},
      "initial_weight": 0.5,
      "final_weight": 0.5
    },
    "28206.73": {
      "votes": {
        "3": 1
      },
      "initial_weight": 0.75,
      "final_weight": 0.75
    },
    "28206.125": {
      "votes": {},
      "initial_weight": 0.5,
      "final_weight": 0.5
    },
    "28206.127": {
      "votes": {},
      "initial_weight": 0.5,
      "final_weight": 0.5
    },
    "28206.129": {
      "votes": {},
      "initial_weight": 0.5,