{
  "nodes": {
    "28305.0": {
      "votes": {},
      "initial_weight": 0.5,
      "final_weight": 0.5
    },
    "28305.1": {
      "votes": {
        "4": 1
      },
      "initial_weight": 1.0,
      "final_weight": 1.0
    },
    "28305.2": {
      "votes": {
        "2": 1,
        "4": 1
      },
      "initial_weight": 0.75,
      "final_weight": 0.7425742574257426
    },
    "28305.3": {
      "votes": {},
      "initial_weight": 0.5,
      "final_weight": 0.434149845560659
    },
    "28305.4": {
      "votes": {
        "2": 1
      },
      "initial_weight": 0.5,
      "final_weight": 0.47058823529411764
    },
    "28305.5": {
      "votes": {
        "4": 1,
        "3": 1
      },
      "initial_weight": 0.875,
      "final_weight": 0.8894379365445129
    },
    "28305.6": {
      "votes": {},
      "initial_weight": 0.5,
      "final_weight": 0.1771479185119575
    },
    "28305.7": {
      "votes": {
        "0": 1,
        "2": 1
      },
      "initial_weight": 0.25,
      "final_weight": 0.06153846153846154
    },
    "28305.8": {
      "votes": {
        "4": 1,
        "3": 1
      },
      "initial_weight": 0.875,
      "final_weight": 0.56
    },
    "28305.9": {
      "votes": {
        "4": 1,
        "2": 1
      },
      "initial_weight": 0.75,
      "final_weight": 0.8
    },
    "28305.59": {
      "votes": {
        "4": 2,
        "3": 1
      },
      "initial_weight": 0.9166666666666666,
      "final_weight": 0.9727665270080282
    },
    "28305.110": {
      "votes": {},
      "initial_weight": 0.5,
      "final_weight": 0.8595505617977528
    },
    "28305.134": {
      "votes": {
        "0": 1
      },
      "initial_weight": 0.0,
      "final_weight": 0.0
    },
    "28305.120": {
      "votes": {},
      "initial_weight": 0.5,
      "final_weight": 0.6
    },
    "28305.130": {
      "votes": {},
      "initial_weight": 0.5,
      "final_weight": 0.5
    },
    "28305.27": {
      "votes": {
        "1": 1
      },
      "initial_weight": 0.25,
      "final_weight": 0.25
    },
    "28305.31": {
      "votes": {
        "1": 1
      },
      "initial_weight": 0.25,
      "final_weight": 0.25
    },
    "28305.33": {
      "votes": {
        "3": 1
      },
      "initial_weight": 0.75,
      "final_weight": 0.6
    },
    "28305.73": {
      "votes": {
        "3": 1
      },
      "initial_weight": 0.75,
      "final_weight": 0.75
    },
    "28305.81": {
      "votes": {
        "3": 1
      },
      "initial_weight": 0.75,
      "final_weight": 0.9394561564666009
    },
    "28305.83": {
      "votes": {
        "2": 1
      },
      "initial_weight": 0.5,
      "final_weight": 0.6
    },
    "28305.105": {
      "votes": {
        "2": 1
      },
      "initial_weight": 0.5,
      "final_weight": 0.5
    },
    "28305.99": {
      "votes": {
        "3": 1
      },
      "initial_weight": 0.75,
      "final_weight": 0.75
    },
    "28305.148": {
      "votes": {},
      "initial_weight": 0.5,
      "final_weight": 0.5
    },
    "28305.37": {
      "votes": {
        "3": 1
      },
      "initial_weight": 0.75,
      "final_weight": 0.75
    },
    "28305.53": {
      "votes": {
        "1": 1
      },
      "initial_weight": 0.25,
      "final_weight": 0.8613678373382625
    },
    "28305.79": {
      "votes": {
        "2": 1
      },
      "initial_weight": 0.5,
      "final_weight": 0.5
    },
    "28305.114": {
      "votes": {
        "3": 1
      },
      "initial_weight": 0.75,
      "final_weight": 0.75
    },
    "28305.12": {
      "votes": {
        "1": 1
      },
      "initial_weight": 0.25,
      "final_weight": 0.25
    },
    "28305.41": {
      "votes": {
        "1": 1
      },
      "initial_weight": 0.25,
      "final_weight": 0.25
    },
    "28305.43": {
      "votes": {
        "2": 1
      },
      "initial_weight": 0.5,
      "final_weight": 0.6
    },
    "28305.51": {
      "votes": {
        "2": 1
      },
      "initial_weight": 0.5,
      "final_weight": 0.5
    },
    "28305.142": {
      "votes": {
        "1": 1
      },
      "initial_weight": 0.25,
      "final_weight": 0.25
    },
    "28305.144": {
      "votes": {},
      "initial_weight": 0.5,
      "final_weight": 0.5
    },
    "28305.10": {
      "votes": {
        "3": 1
      },
      "initial_weight": 0.75,
      "final_weight": 0.75
    },
    "28305.11": {
      "votes": {
        "1": 1
      },
      "initial_weight": 0.25,
      "final_weight": 0.4
    },
    "28305.29": {
      "votes": {
        "2": 1
      },
      "initial_weight": 0.5,
      "final_weight": 0.5
    },
    "28305.39": {
      "votes": {
        "2": 1
      },
      "initial_weight": 0.5,
      "final_weight": 0.5
    },
    "28305.69": {
      "votes": {},
      "initial_weight": 0.5,
      "final_weight": 0.6
    },
    "28305.101": {
      "votes": {
        "2": 1
      },
      "initial_weight": 0.5,
      "final_weight": 0.75
    },
    "28305.132": {
      "votes": {},
      "initial_weight": 0.5,
      "final_weight": 0.5
    },
    "28305.158": {
      "votes": {},
      "initial_weight": 0.5,
      "final_weight": 0.5
    },
    "28305.112": {
      "votes": {},
      "initial_weight": 0.5,
      "final_weight": 0.5
    },
    "28305.61": {
      "votes": {
        "3": 1
      },
      "initial_weight": 0.75,
      "final_weight": 0.75
    },
    "28305.63": {
      "votes": {
        "3": 1
      },
      "initial_weight": 0.75,
      "final_weight": 0.8
    },
    "28305.67": {
      "votes": {},
      "initial_weight": 0.5,
      "final_weight": 0.7147439851943245
    },
    "28305.160": {
      "votes": {},
      "initial_weight": 0.5,
      "final_weight": 0.6
    },
    "28305.124": {
      "votes": {
        "1": 1
      },
      "initial_weight": 0.25,
      "final_weight": 0.25
    },
    "28305.126": {
      "votes": {
        "3": 1
      },
      "initial_weight": 0.75,
      "final_weight": 0.75
    },
    "28305.172": {
      "votes": {},
      "initial_weight": 0.5,
      "final_weight": 0.6
    },
    "28305.136": {
      "votes": {
        "1": 1
      },
      "initial_weight": 0.25,
      "final_weight": 0.625
    },
    "28305.150": {
      "votes": {
        "2": 1
      },
      "initial_weight": 0.5,
      "final_weight": 0.5
    },
    "28305.152": {
      "votes": {
        "2": 1
      },
      "initial_weight": 0.5,
      "final_weight": 0.5
    },
    "28305.154": {
      "votes": {
        "2": 1
      },
      "initial_weight": 0.5,
      "final_weight": 0.6
    },
    "28305.122": {
      "votes": {},
      "initial_weight": 0.5,
      "final_weight": 0.5
    },
    "28305.49": {
      "votes": {},
      "initial_weight": 0.5,
      "final_weight": 0.5
    },
    "28305.85": {
      "votes": {},
      "initial_weight": 0.5,
      "final_weight": 0.6
    },
    "28305.87": {
      "votes": {},
      "initial_weight": 0.5,
      "final_weight": 0.5689655172413793
    },
    "28305.95": {
      "votes": {},
      "initial_weight": 0.5,
      "final_weight": 0.6
    },
    "28305.118": {
      "votes": {},
      "initial_weight": 0.5,
      "final_weight": 0.5
    },
    "28305.55": {
      "votes": {},
      "initial_weight": 0.5,
      "final_weight": 0.5
    },
    "28305.57": {
      "votes": {},
      "initial_weight": 0.5,
      "final_weight": 0.5
    },
    "28305.35": {
      "votes": {},
      "initial_weight": 0.5,
      "final_weight": 0.6
    },
    "28305.170": {
      "votes": {},
      "initial_weight": 0.5,
      "final_weight": 0.5
    },
    "28305.156": {
      "votes": {},
      "initial_weight": 0.5,
      "final_weight": 0.5
    },
    "28305.97": {
      "votes": {},
      "initial_weight": 0.5,
      "final_weight": 0.5
    },
    "28305.71": {
      "votes": {},
      "initial_weight": 0.5,
      "final_weight": 0.5
    },
    "28305.103": {
      "votes": {},
      "initial_weight": 0.5,
      "final_weight": 0.5
    },
    "28305.128": {
      "votes": {},