{
  "nodes": {
    "28545.0": {
      "votes": {},
      "initial_weight": 0.5,
      "final_weight": 0.5
    },
    "28545.1": {
      "votes": {},
      "initial_weight": 0.5,
      "final_weight": 0.14667380909209382
    },
    "28545.6": {
      "votes": {
        "4": 1,
        "3": 1,
        "1": 1
      },
      "initial_weight": 0.6666666666666666,
      "final_weight": 0.17611311445886574
    },
    "28545.7": {
      "votes": {
        "2": 1,
        "3": 2
      },
      "initial_weight": 0.6666666666666666,
      "final_weight": 0.6666666666666666
    },
    "28545.8": {
      "votes": {
        "4": 1,
        "3": 1
      },
      "initial_weight": 0.875,
      "final_weight": 0.6250579329522632
    },
    "28545.10": {
      "votes": {
        "1": 2
      },
      "initial_weight": 0.25,
      "final_weight": 0.25
    },
    "28545.19": {
      "votes": {
        "4": 1
      },
      "initial_weight": 1.0,
      "final_weight": 1.0
    },
    "28545.22": {
      "votes": {},
      "initial_weight": 0.5,
      "final_weight": 0.32036625910325256
    },
    "28545.52": {
      "votes": {},
      "initial_weight": 0.5,
      "final_weight": 0.4931740614334471
    },
    "28545.12": {
      "votes": {
        "4": 1
      },
      "initial_weight": 1.0,
      "final_weight": 1.0
    },
    "28545.17": {
      "votes": {},
      "initial_weight": 0.5,
      "final_weight": 0.5
    },
    "28545.34": {
      "votes": {},
      "initial_weight": 0.5,
      "final_weight": 0.5
    },
    "28545.40": {
      "votes": {},
      "initial_weight": 0.5,
      "final_weight": 0.5
    },
    "28545.41": {
      "votes": {},
      "initial_weight": 0.5,
      "final_weight": 0.5689655172413793
    },
    "28545.49": {
      "votes": {},
      "initial_weight": 0.5,
      "final_weight": 0.6
    },
    "28545.11": {
      "votes": {
        "2": 1
      },
      "initial_weight": 0.5,
      "final_weight": 0.5
    },
    "28545.18": {
      "votes": {},
      "initial_weight": 0.5,
      "final_weight": 0.5
    },
    "28545.37": {
      "votes": {},
      "initial_weight": 0.5,
      "final_weight": 0.6323529411764706
    },
    "28545.9": {
      "votes": {},
      "initial_weight": 0.5,
      "final_weight": 0.75
    },
    "28545.36": {
      "votes": {},
      "initial_weight": 0.5,
      "final_weight": 0.5
    },
    "28545.5": {
      "votes": {},
      "initial_weight": 0.5,
      "final_weight": 0.5
    },
    "28545.4": {
      "votes": {},
      "initial_weight": 0.5,
      "final_weight": 0.4
    },
    "28545.3": {
      "votes": {},
      "initial_weight": 0.5,
      "final_weight": 0.08659872841219357
    },
    "28545.35": {
      "votes": {},
      "initial_weight": 0.5,
      "final_weight": 0.5
    },
    "28545.53": {
      "votes": {},
      "initial_weight": 0.5,
      "final_weight": 0.3988081663775349
    },
    "28545.87": {
      "votes": {},
      "initial_weight": 0.5,
      "final_weight": 0.75
    },
    "28545.91": {
      "votes": {},
      "initial_weight": 0.5,
      "final_weight": 0.5
    },
    "28545.92": {
      "votes": {},
      "initial_weight": 0.5,
      "final_weight": 0.75
    },
    "28545.106": {
      "votes": {},
      "initial_weight": 0.5,
      "final_weight": 0.5
    },
    "28545.44": {
      "votes": {},
      "initial_weight": 0.5,
      "final_weight": 0.6323529411764706
    },
    "28545.42": {
      "votes": {},
      "initial_weight": 0.5,
      "final_weight": 0.4
    },
    "28545.50": {
      "votes": {},
      "initial_weight": 0.5,
      "final_weight": 0.5
    },
    "28545.38": {
      "votes": {},
      "initial_weight": 0.5,
      "final_weight": 0.6
    },
    "28545.30": {
      "votes": {},
      "initial_weight": 0.5,
      "final_weight": 0.5
    },
    "28545.184": {
      "votes": {},
      "initial_weight": 0.5,
      "final_weight": 0.5
    },
    "28545.90": {
      "votes": {},
      "initial_weight": 0.5,
      "final_weight": 0.5
    },
    "28545.13": {
      "votes": {
        "3": 1
      },
      "initial_weight": 0.75,
      "final_weight": 0.75
    },
    "28545.15": {
      "votes": {},
      "initial_weight": 0.5,
      "final_weight": 0.5
    },
    "28545.16": {
      "votes": {},
      "initial_weight": 0.5,
      "final_weight": 0.5
    },
    "28545.56": {
      "votes": {},
      "initial_weight": 0.5,
      "final_weight": 0.6651071343962566
    },
    "28545.84": {
      "votes": {},
      "initial_weight": 0.5,
      "final_weight": 0.5
    },
    "28545.85": {
      "votes": {},
      "initial_weight": 0.5,
      "final_weight": 0.6
    },
    "28545.54": {
      "votes": {},
      "initial_weight": 0.5,
      "final_weight": 0.5037217591449618
    },
    "28545.88": {
      "votes": {},
      "initial_weight": 0.5,
      "final_weight": 0.5
    },
    "28545.89": {
      "votes": {},
      "initial_weight": 0.5,
      "final_weight": 0.5
    },
    "28545.94": {
      "votes": {},
      "initial_weight": 0.5,
      "final_weight": 0.5
    },
    "28545.95": {
      "votes": {},
      "initial_weight": 0.5,
      "final_weight": 0.6
    },
    "28545.97": {
      "votes": {},
      "initial_weight": 0.5,
      "final_weight": 0.75
    },
    "28545.100": {
      "votes": {},
      "initial_weight": 0.5,
      "final_weight": 0.5
    },
    "28545.101": {
      "votes": {},
      "initial_weight": 0.5,
      "final_weight": 0.6
    },
    "28545.103": {
      "votes": {},
      "initial_weight": 0.5,
      "final_weight": 0.75
    },
    "28545.45": {
      "votes": {},
      "initial_weight": 0.5,
      "final_weight": 0.6
    },
    "28545.43": {
      "votes": {},
      "initial_weight": 0.5,
      "final_weight": 0.5
    },
    "28545.39": {
      "votes": {},
      "initial_weight": 0.5,
      "final_weight": 0.5
    },
    "28545.57": {
      "votes": {},
      "initial_weight": 0.5,
      "final_weight": 0.7021501162743696
    },
    "28545.86": {
      "votes": {},
      "initial_weight": 0.5,
      "final_weight": 0.5
    },
    "28545.96": {
      "votes": {},
      "initial_weight": 0.5,
      "final_weight": 0.5
    },
    "28545.98": {
      "votes": {},
      "initial_weight": 0.5,
      "final_weight": 0.5
    },
    "28545.99": {
      "votes": {},
      "initial_weight": 0.5,
      "final_weight": 0.5
    },
    "28545.102": {
      "votes": {},
      "initial_weight": 0.5,
      "final_weight": 0.5
    },
    "28545.104": {
      "votes": {},
      "initial_weight": 0.5,
      "final_weight": 0.5
    },
    "28545.105": {
      "votes": {},
      "initial_weight": 0.5,
      "final_weight": 0.5
    },
    "28545.46": {
      "votes": {},
      "initial_weight": 0.5,
      "final_weight": 0.5
    },
    "28545.47": {
      "votes": {},
      "initial_weight": 0.5,
      "final_weight": 0.5
    },
    "28545.48": {
      "votes": {},
      "initial_weight": 0.5,
      "final_weight": 0.5
    },
    "28545.58": {
      "votes": {},
      "initial_weight": 0.5,
      "final_weight": 0.5
    },
    "28545.59": {
      "votes": {},
      "initial_weight": 0.5,
      "final_weight": 0.3238312850332873
    },
    "28545.60": {
      "votes": {},
      "initial_weight": 0.5,
      "final_weight": 0.7375729682483003
    },
    "28545.61": {
      "votes": {},
      "initial_weight": 0.5,
      "final_weight": 0.9514680902693521
    },
    "28545.62": {
      "votes": {},
      "initial_weight": 0.5,
      "final_weight": 0.5
    },
    "28545.63": {
      "votes": {},
      "initial_weight": 0.5,
      "final_weight": 0.6
    },
    "28545.65": {
      "votes": {},
      "initial_weight": 0.5,
      "final_weight": 0.75
    },
    "28545.68": {
      "votes": {},
      "initial_weight": 0.5,
      "final_weight": 0.6
    },
    "28545.70": {
      "votes": {},
      "initial_weight": 0.5,
      "final_weight": 0.6
    },
    "28545.64": {
      "votes": {},
      "initial_weight": 0.5,
      "final_weight": 0.5
    },