{
  "nodes": {
    "28652.0": {
      "votes": {},
      "initial_weight": 0.5,
      "final_weight": 0.5
    },
    "28652.1": {
      "votes": {
        "4": 1
      },
      "initial_weight": 1.0,
      "final_weight": 1.0
    },
    "28652.2": {
      "votes": {
        "4": 2,
        "3": 1,
        "2": 1,
        "1": 1
      },
      "initial_weight": 0.7,
      "final_weight": 0.8342541436464088
    },
    "28652.3": {
      "votes": {
        "4": 3
      },
      "initial_weight": 1.0,
      "final_weight": 1.0
    },
    "28652.7": {
      "votes": {
        "1": 2,
        "3": 2
      },
      "initial_weight": 0.5,
      "final_weight": 0.49875311720698257
    },
    "28652.8": {
      "votes": {
        "2": 1,
        "1": 1,
        "0": 1
      },
      "initial_weight": 0.25,
      "final_weight": 0.0975609756097561
    },
    "28652.10": {
      "votes": {
        "3": 1,
        "2": 2,
        "1": 1
      },
      "initial_weight": 0.5,
      "final_weight": 0.09370453274978408
    },
    "28652.11": {
      "votes": {
        "2": 1,
        "3": 2
      },
      "initial_weight": 0.6666666666666666,
      "final_weight": 0.6697202882618786
    },
    "28652.20": {
      "votes": {
        "2": 2
      },
      "initial_weight": 0.5,
      "final_weight": 0.75
    },
    "28652.28": {
      "votes": {
        "3": 2
      },
      "initial_weight": 0.75,
      "final_weight": 0.7513983840894966
    },
    "28652.30": {
      "votes": {
        "3": 1,
        "2": 1,
        "4": 1
      },
      "initial_weight": 0.75,
      "final_weight": 0.8868778280542986
    },
    "28652.43": {
      "votes": {
        "3": 1
      },
      "initial_weight": 0.75,
      "final_weight": 0.8
    },
    "28652.45": {
      "votes": {
        "2": 1
      },
      "initial_weight": 0.5,
      "final_weight": 0.6
    },
    "28652.187": {
      "votes": {
        "2": 1
      },
      "initial_weight": 0.5,
      "final_weight": 0.5
    },
    "28652.4": {
      "votes": {
        "3": 1,
        "4": 1
      },
      "initial_weight": 0.875,
      "final_weight": 0.875
    },
    "28652.5": {
      "votes": {
        "1": 1,
        "2": 1
      },
      "initial_weight": 0.375,
      "final_weight": 0.20718232044198898
    },
    "28652.6": {
      "votes": {
        "3": 1,
        "4": 1
      },
      "initial_weight": 0.875,
      "final_weight": 0.875
    },
    "28652.49": {
      "votes": {
        "1": 1,
        "2": 1
      },
      "initial_weight": 0.375,
      "final_weight": 0.46120689655172414
    },
    "28652.121": {
      "votes": {
        "1": 1
      },
      "initial_weight": 0.25,
      "final_weight": 0.2
    },
    "28652.135": {
      "votes": {
        "3": 1
      },
      "initial_weight": 0.75,
      "final_weight": 0.75
    },
    "28652.177": {
      "votes": {
        "0": 1
      },
      "initial_weight": 0.0,
      "final_weight": 0.0
    },
    "28652.199": {
      "votes": {},
      "initial_weight": 0.5,
      "final_weight": 0.5
    },
    "28652.9": {
      "votes": {
        "4": 1
      },
      "initial_weight": 1.0,
      "final_weight": 1.0
    },
    "28652.29": {
      "votes": {
        "1": 1
      },
      "initial_weight": 0.25,
      "final_weight": 0.25
    },
    "28652.139": {
      "votes": {
        "2": 1
      },
      "initial_weight": 0.5,
      "final_weight": 0.5
    },
    "28652.14": {
      "votes": {
        "1": 1,
        "0": 1
      },
      "initial_weight": 0.125,
      "final_weight": 0.13366336633663367
    },
    "28652.15": {
      "votes": {
        "3": 2
      },
      "initial_weight": 0.75,
      "final_weight": 0.75
    },
    "28652.47": {
      "votes": {
        "4": 1
      },
      "initial_weight": 1.0,
      "final_weight": 1.0
    },
    "28652.145": {
      "votes": {
        "3": 1,
        "4": 1
      },
      "initial_weight": 0.875,
      "final_weight": 0.3959276018099547
    },
    "28652.155": {
      "votes": {
        "3": 2
      },
      "initial_weight": 0.75,
      "final_weight": 0.861878453038674
    },
    "28652.17": {
      "votes": {
        "2": 1
      },
      "initial_weight": 0.5,
      "final_weight": 0.25
    },
    "28652.41": {
      "votes": {
        "2": 1
      },
      "initial_weight": 0.5,
      "final_weight": 0.15384615384615385
    },
    "28652.21": {
      "votes": {
        "4": 1
      },
      "initial_weight": 1.0,
      "final_weight": 1.0
    },
    "28652.22": {
      "votes": {
        "0": 1
      },
      "initial_weight": 0.0,
      "final_weight": 0.0
    },
    "28652.24": {
      "votes": {
        "1": 1,
        "2": 1
      },
      "initial_weight": 0.375,
      "final_weight": 0.375
    },
    "28652.137": {
      "votes": {
        "3": 1
      },
      "initial_weight": 0.75,
      "final_weight": 0.75
    },
    "28652.175": {
      "votes": {
        "2": 1,
        "1": 1
      },
      "initial_weight": 0.375,
      "final_weight": 0.375
    },
    "28652.37": {
      "votes": {
        "0": 1
      },
      "initial_weight": 0.0,
      "final_weight": 0.2
    },
    "28652.40": {
      "votes": {
        "1": 1
      },
      "initial_weight": 0.25,
      "final_weight": 0.125
    },
    "28652.115": {
      "votes": {
        "2": 1
      },
      "initial_weight": 0.5,
      "final_weight": 0.4
    },
    "28652.31": {
      "votes": {
        "4": 1
      },
      "initial_weight": 1.0,
      "final_weight": 1.0
    },
    "28652.201": {
      "votes": {},
      "initial_weight": 0.5,
      "final_weight": 0.4
    },
    "28652.16": {
      "votes": {},
      "initial_weight": 0.5,
      "final_weight": 0.5
    },
    "28652.44": {
      "votes": {},
      "initial_weight": 0.5,
      "final_weight": 0.5
    },
    "28652.46": {
      "votes": {},
      "initial_weight": 0.5,
      "final_weight": 0.5
    },
    "28652.141": {
      "votes": {},
      "initial_weight": 0.5,
      "final_weight": 0.5
    },
    "28652.143": {
      "votes": {},
      "initial_weight": 0.5,
      "final_weight": 0.5
    },
    "28652.12": {
      "votes": {},
      "initial_weight": 0.5,
      "final_weight": 0.4
    },
    "28652.42": {
      "votes": {},
      "initial_weight": 0.5,
      "final_weight": 0.5
    },
    "28652.125": {
      "votes": {},
      "initial_weight": 0.5,
      "final_weight": 0.5
    },
    "28652.133": {
      "votes": {},
      "initial_weight": 0.5,
      "final_weight": 0.5
    },
    "28652.50": {
      "votes": {},
      "initial_weight": 0.5,
      "final_weight": 0.5
    },
    "28652.105": {
      "votes": {},
      "initial_weight": 0.5,
      "final_weight": 0.6
    },
    "28652.109": {
      "votes": {},
      "initial_weight": 0.5,
      "final_weight": 0.5
    },
    "28652.123": {
      "votes": {},
      "initial_weight": 0.5,
      "final_weight": 0.5
    },
    "28652.39": {
      "votes": {},
      "initial_weight": 0.5,
      "final_weight": 0.6
    },
    "28652.38": {
      "votes": {},
      "initial_weight": 0.5,
      "final_weight": 0.5
    },
    "28652.48": {
      "votes": {},
      "initial_weight": 0.5,
      "final_weight": 0.5
    },
    "28652.169": {
      "votes": {},
      "initial_weight": 0.5,
      "final_weight": 0.6
    },
    "28652.173": {
      "votes": {},
      "initial_weight": 0.5,
      "final_weight": 0.5
    },
    "28652.157": {
      "votes": {},
      "initial_weight": 0.5,
      "final_weight": 0.4
    },
    "28652.165": {
      "votes": {},
      "initial_weight": 0.5,
      "final_weight": 0.5
    },
    "28652.111": {
      "votes": {},
      "initial_weight": 0.5,
      "final_weight": 0.5
    },
    "28652.147": {
      "votes": {},
      "initial_weight": 0.5,
      "final_weight": 0.5
    },
    "28652.51": {
      "votes": {},
      "initial_weight": 0.5,
      "final_weight": 0.5
    },
    "28652.127": {
      "votes": {},
      "initial_weight": 0.5,
      "final_weight": 0.5
    },