{
  "nodes": {
    "2905.0": {
      "votes": {},
      "initial_weight": 0.5,
      "final_weight": 0.5
    },
    "2905.1": {
      "votes": {
        "4": 1,
        "2": 1,
        "1": 2
      },
      "initial_weight": 0.5,
      "final_weight": 0.9050395466193812
    },
    "2905.2": {
      "votes": {
        "3": 2,
        "4": 1
      },
      "initial_weight": 0.8333333333333334,
      "final_weight": 0.8378335081948767
    },
    "2905.4": {
      "votes": {
        "3": 1,
        "2": 2,
        "4": 2
      },
      "initial_weight": 0.75,
      "final_weight": 0.8641509433962264
    },
    "2905.6": {
      "votes": {
        "3": 1,
        "4": 2
      },
      "initial_weight": 0.9166666666666666,
      "final_weight": 0.37178791141510636
    },
    "2905.17": {
      "votes": {
        "3": 2,
        "4": 3
      },
      "initial_weight": 0.9,
      "final_weight": 0.941944847605225
    },
    "2905.21": {
      "votes": {
        "3": 3
      },
      "initial_weight": 0.75,
      "final_weight": 0.8
    },
    "2905.29": {
      "votes": {
        "1": 1
      },
      "initial_weight": 0.25,
      "final_weight": 0.25
    },
    "2905.51": {
      "votes": {
        "1": 1,
        "3": 1
      },
      "initial_weight": 0.5,
      "final_weight": 0.49748131685365143
    },
    "2905.23": {
      "votes": {
        "2": 1
      },
      "initial_weight": 0.5,
      "final_weight": 0.2262443438914027
    },
    "2905.63": {
      "votes": {
        "3": 1
      },
      "initial_weight": 0.75,
      "final_weight": 0.8475609756097561
    },
    "2905.68": {
      "votes": {
        "4": 1
      },
      "initial_weight": 1.0,
      "final_weight": 1.0
    },
    "2905.188": {
      "votes": {},
      "initial_weight": 0.5,
      "final_weight": 0.6
    },
    "2905.192": {
      "votes": {
        "4": 1
      },
      "initial_weight": 1.0,
      "final_weight": 1.0
    },
    "2905.3": {
      "votes": {
        "3": 1
      },
      "initial_weight": 0.75,
      "final_weight": 0.5665843251740399
    },
    "2905.11": {
      "votes": {},
      "initial_weight": 0.5,
      "final_weight": 0.4
    },
    "2905.9": {
      "votes": {
        "4": 2,
        "2": 1
      },
      "initial_weight": 0.8333333333333334,
      "final_weight": 0.8333333333333334
    },
    "2905.38": {
      "votes": {
        "4": 1
      },
      "initial_weight": 1.0,
      "final_weight": 1.0
    },
    "2905.70": {
      "votes": {
        "4": 1
      },
      "initial_weight": 1.0,
      "final_weight": 1.0
    },
    "2905.67": {
      "votes": {
        "3": 2
      },
      "initial_weight": 0.75,
      "final_weight": 0.75
    },
    "2905.53": {
      "votes": {
        "4": 1
      },
      "initial_weight": 1.0,
      "final_weight": 1.0
    },
    "2905.8": {
      "votes": {
        "2": 1
      },
      "initial_weight": 0.5,
      "final_weight": 0.4
    },
    "2905.12": {
      "votes": {
        "3": 1
      },
      "initial_weight": 0.75,
      "final_weight": 0.75
    },
    "2905.7": {
      "votes": {},
      "initial_weight": 0.5,
      "final_weight": 0.47058823529411764
    },
    "2905.18": {
      "votes": {},
      "initial_weight": 0.5,
      "final_weight": 0.3900163241077391
    },
    "2905.44": {
      "votes": {},
      "initial_weight": 0.5,
      "final_weight": 0.5
    },
    "2905.5": {
      "votes": {},
      "initial_weight": 0.5,
      "final_weight": 0.25
    },
    "2905.31": {
      "votes": {},
      "initial_weight": 0.5,
      "final_weight": 0.5
    },
    "2905.75": {
      "votes": {},
      "initial_weight": 0.5,
      "final_weight": 0.5
    },
    "2905.198": {
      "votes": {},
      "initial_weight": 0.5,
      "final_weight": 0.5
    },
    "2905.200": {
      "votes": {},
      "initial_weight": 0.5,
      "final_weight": 0.4
    },
    "2905.40": {
      "votes": {},
      "initial_weight": 0.5,
      "final_weight": 0.5
    },
    "2905.54": {
      "votes": {
        "3": 1
      },
      "initial_weight": 0.75,
      "final_weight": 0.75
    },
    "2905.55": {
      "votes": {
        "4": 1
      },
      "initial_weight": 1.0,
      "final_weight": 1.0
    },
    "2905.56": {
      "votes": {
        "3": 1,
        "2": 1
      },
      "initial_weight": 0.625,
      "final_weight": 0.625
    },
    "2905.118": {
      "votes": {
        "4": 2
      },
      "initial_weight": 1.0,
      "final_weight": 1.0
    },
    "2905.121": {
      "votes": {
        "2": 1
      },
      "initial_weight": 0.5,
      "final_weight": 0.8461538461538461
    },
    "2905.184": {
      "votes": {},
      "initial_weight": 0.5,
      "final_weight": 0.6
    },
    "2905.48": {
      "votes": {},
      "initial_weight": 0.5,
      "final_weight": 0.6
    },
    "2905.32": {
      "votes": {},
      "initial_weight": 0.5,
      "final_weight": 0.5
    },
    "2905.64": {
      "votes": {},
      "initial_weight": 0.5,
      "final_weight": 0.4
    },
    "2905.65": {
      "votes": {},
      "initial_weight": 0.5,
      "final_weight": 0.5
    },
    "2905.114": {
      "votes": {},
      "initial_weight": 0.5,
      "final_weight": 0.5
    },
    "2905.115": {
      "votes": {},
      "initial_weight": 0.5,
      "final_weight": 0.6
    },
    "2905.116": {
      "votes": {},
      "initial_weight": 0.5,
      "final_weight": 0.5
    },
    "2905.196": {
      "votes": {},
      "initial_weight": 0.5,
      "final_weight": 0.5
    },
    "2905.69": {
      "votes": {},
      "initial_weight": 0.5,
      "final_weight": 0.6
    },
    "2905.190": {
      "votes": {},
      "initial_weight": 0.5,
      "final_weight": 0.5
    },
    "2905.15": {
      "votes": {},
      "initial_weight": 0.5,
      "final_weight": 0.5689655172413793
    },
    "2905.28": {
      "votes": {},
      "initial_weight": 0.5,
      "final_weight": 0.5
    },
    "2905.27": {
      "votes": {
        "4": 1
      },
      "initial_weight": 1.0,
      "final_weight": 1.0
    },
    "2905.10": {
      "votes": {
        "4": 1
      },
      "initial_weight": 1.0,
      "final_weight": 1.0
    },
    "2905.39": {
      "votes": {},
      "initial_weight": 0.5,
      "final_weight": 0.5
    },
    "2905.13": {
      "votes": {},
      "initial_weight": 0.5,
      "final_weight": 0.5
    },
    "2905.14": {
      "votes": {},
      "initial_weight": 0.5,
      "final_weight": 0.5
    },
    "2905.20": {
      "votes": {
        "4": 1
      },
      "initial_weight": 1.0,
      "final_weight": 1.0
    },
    "2905.22": {
      "votes": {
        "3": 1
      },
      "initial_weight": 0.75,
      "final_weight": 0.75
    },
    "2905.60": {
      "votes": {},
      "initial_weight": 0.5,
      "final_weight": 0.5
    },
    "2905.25": {
      "votes": {},
      "initial_weight": 0.5,
      "final_weight": 0.6
    },
    "2905.33": {
      "votes": {},
      "initial_weight": 0.5,
      "final_weight": 0.5
    },
    "2905.41": {
      "votes": {},
      "initial_weight": 0.5,
      "final_weight": 0.43103448275862066
    },
    "2905.26": {
      "votes": {},
      "initial_weight": 0.5,
      "final_weight": 0.5
    },
    "2905.37": {
      "votes": {},
      "initial_weight": 0.5,
      "final_weight": 0.5
    },
    "2905.61": {
      "votes": {},
      "initial_weight": 0.5,
      "final_weight": 0.5
    },
    "2905.66": {
      "votes": {},
      "initial_weight": 0.5,
      "final_weight": 0.5
    },
    "2905.202": {
      "votes": {},
      "initial_weight": 0.5,
      "final_weight": 0.5
    },
    "2905.52": {
      "votes": {
        "3": 1
      },
      "initial_weight": 0.75,
      "final_weight": 0.75
    },
    "2905.59": {
      "votes": {},
      "initial_weight": 0.5,
      "final_weight": 0.5
    },
    "2905.58": {
      "votes": {},
      "initial_weight": 0.5,
      "final_weight": 0.5
    },
    "2905.57": {
      "votes": {},
      "initial_weight": 0.5,
      "final_weight": 0.5
    },