{
  "nodes": {
    "29690.0": {
      "votes": {},
      "initial_weight": 0.5,
      "final_weight": 0.5
    },
    "29690.1": {
      "votes": {
        "4": 1,
        "2": 1,
        "3": 1
      },
      "initial_weight": 0.75,
      "final_weight": 0.829428675494702
    },
    "29690.2": {
      "votes": {
        "3": 2
      },
      "initial_weight": 0.75,
      "final_weight": 0.75
    },
    "29690.3": {
      "votes": {},
      "initial_weight": 0.5,
      "final_weight": 0.14875221234181218
    },
    "29690.4": {
      "votes": {
        "3": 1,
        "4": 4,
        "0": 1
      },
      "initial_weight": 0.7916666666666666,
      "final_weight": 0.9708109792801131
    },
    "29690.16": {
      "votes": {
        "3": 1,
        "2": 1,
        "4": 1
      },
      "initial_weight": 0.75,
      "final_weight": 0.7550360903251441
    },
    "29690.27": {
      "votes": {
        "3": 1,
        "0": 2
      },
      "initial_weight": 0.25,
      "final_weight": 0.28338018224479483
    },
    "29690.83": {
      "votes": {
        "3": 1
      },
      "initial_weight": 0.75,
      "final_weight": 0.9114260407440212
    },
    "29690.8": {
      "votes": {
        "0": 1
      },
      "initial_weight": 0.0,
      "final_weight": 0.0
    },
    "29690.6": {
      "votes": {
        "1": 2,
        "4": 1
      },
      "initial_weight": 0.5,
      "final_weight": 0.4041873749146788
    },
    "29690.7": {
      "votes": {
        "3": 1
      },
      "initial_weight": 0.75,
      "final_weight": 0.8868778280542986
    },
    "29690.24": {
      "votes": {},
      "initial_weight": 0.5,
      "final_weight": 0.5294117647058824
    },
    "29690.25": {
      "votes": {
        "2": 1
      },
      "initial_weight": 0.5,
      "final_weight": 0.5
    },
    "29690.5": {
      "votes": {
        "2": 2
      },
      "initial_weight": 0.5,
      "final_weight": 0.5
    },
    "29690.12": {
      "votes": {
        "2": 1,
        "4": 1
      },
      "initial_weight": 0.75,
      "final_weight": 0.7786193404136389
    },
    "29690.15": {
      "votes": {},
      "initial_weight": 0.5,
      "final_weight": 0.5
    },
    "29690.23": {
      "votes": {},
      "initial_weight": 0.5,
      "final_weight": 0.2262443438914027
    },
    "29690.107": {
      "votes": {
        "3": 1
      },
      "initial_weight": 0.75,
      "final_weight": 0.8
    },
    "29690.133": {
      "votes": {
        "1": 2
      },
      "initial_weight": 0.25,
      "final_weight": 0.125
    },
    "29690.129": {
      "votes": {
        "1": 1
      },
      "initial_weight": 0.25,
      "final_weight": 0.25
    },
    "29690.33": {
      "votes": {
        "1": 1,
        "0": 1
      },
      "initial_weight": 0.125,
      "final_weight": 0.35661764705882354
    },
    "29690.131": {
      "votes": {},
      "initial_weight": 0.5,
      "final_weight": 0.5
    },
    "29690.20": {
      "votes": {
        "0": 1
      },
      "initial_weight": 0.0,
      "final_weight": 0.0
    },
    "29690.17": {
      "votes": {
        "0": 1,
        "1": 1
      },
      "initial_weight": 0.125,
      "final_weight": 0.08
    },
    "29690.71": {
      "votes": {
        "2": 1,
        "1": 1
      },
      "initial_weight": 0.375,
      "final_weight": 0.375
    },
    "29690.122": {
      "votes": {},
      "initial_weight": 0.5,
      "final_weight": 0.5108241030220958
    },
    "29690.85": {
      "votes": {
        "4": 2,
        "1": 1
      },
      "initial_weight": 0.75,
      "final_weight": 0.75
    },
    "29690.87": {
      "votes": {
        "1": 1,
        "2": 1
      },
      "initial_weight": 0.375,
      "final_weight": 0.5
    },
    "29690.89": {
      "votes": {
        "4": 1,
        "0": 1
      },
      "initial_weight": 0.5,
      "final_weight": 0.5
    },
    "29690.137": {
      "votes": {},
      "initial_weight": 0.5,
      "final_weight": 0.4
    },
    "29690.9": {
      "votes": {},
      "initial_weight": 0.5,
      "final_weight": 0.5
    },
    "29690.32": {
      "votes": {},
      "initial_weight": 0.5,
      "final_weight": 0.5
    },
    "29690.79": {
      "votes": {},
      "initial_weight": 0.5,
      "final_weight": 0.5
    },
    "29690.81": {
      "votes": {
        "3": 1
      },
      "initial_weight": 0.75,
      "final_weight": 0.75
    },
    "29690.113": {
      "votes": {},
      "initial_weight": 0.5,
      "final_weight": 0.4
    },
    "29690.26": {
      "votes": {},
      "initial_weight": 0.5,
      "final_weight": 0.5
    },
    "29690.35": {
      "votes": {},
      "initial_weight": 0.5,
      "final_weight": 0.6
    },
    "29690.115": {
      "votes": {},
      "initial_weight": 0.5,
      "final_weight": 0.5
    },
    "29690.117": {
      "votes": {},
      "initial_weight": 0.5,
      "final_weight": 0.5
    },
    "29690.34": {
      "votes": {},
      "initial_weight": 0.5,
      "final_weight": 0.5
    },
    "29690.37": {
      "votes": {
        "1": 1
      },
      "initial_weight": 0.25,
      "final_weight": 0.25
    },
    "29690.21": {
      "votes": {
        "3": 1
      },
      "initial_weight": 0.75,
      "final_weight": 0.75
    },
    "29690.22": {
      "votes": {
        "3": 1
      },
      "initial_weight": 0.75,
      "final_weight": 0.75
    },
    "29690.13": {
      "votes": {},
      "initial_weight": 0.5,
      "final_weight": 0.5
    },
    "29690.97": {
      "votes": {},
      "initial_weight": 0.5,
      "final_weight": 0.8595505617977528
    },
    "29690.38": {
      "votes": {},
      "initial_weight": 0.5,
      "final_weight": 0.6
    },
    "29690.77": {
      "votes": {},
      "initial_weight": 0.5,
      "final_weight": 0.5
    },
    "29690.111": {
      "votes": {},
      "initial_weight": 0.5,
      "final_weight": 0.5
    },
    "29690.140": {
      "votes": {
        "4": 1
      },
      "initial_weight": 1.0,
      "final_weight": 1.0
    },
    "29690.125": {
      "votes": {},
      "initial_weight": 0.5,
      "final_weight": 0.6
    },
    "29690.75": {
      "votes": {
        "4": 1
      },
      "initial_weight": 1.0,
      "final_weight": 1.0
    },
    "29690.73": {
      "votes": {
        "3": 1
      },
      "initial_weight": 0.75,
      "final_weight": 0.75
    },
    "29690.93": {
      "votes": {},
      "initial_weight": 0.5,
      "final_weight": 0.5
    },
    "29690.135": {
      "votes": {
        "0": 1
      },
      "initial_weight": 0.0,
      "final_weight": 0.0
    },
    "29690.142": {
      "votes": {},
      "initial_weight": 0.5,
      "final_weight": 0.5
    },
    "29690.145": {
      "votes": {},
      "initial_weight": 0.5,
      "final_weight": 0.5
    },
    "29690.119": {
      "votes": {},
      "initial_weight": 0.5,
      "final_weight": 0.5
    },
    "29690.99": {
      "votes": {},
      "initial_weight": 0.5,
      "final_weight": 0.6
    },
    "29690.103": {
      "votes": {},
      "initial_weight": 0.5,
      "final_weight": 0.5
    },
    "29690.105": {
      "votes": {},
      "initial_weight": 0.5,
      "final_weight": 0.5
    },
    "29690.39": {
      "votes": {},
      "initial_weight": 0.5,
      "final_weight": 0.5
    },
    "29690.127": {
      "votes": {},
      "initial_weight": 0.5,
      "final_weight": 0.5
    },
    "29690.147": {
      "votes": {},
      "initial_weight": 0.5,
      "final_weight": 0.5
    },
    "29690.101": {
      "votes": {},
      "initial_weight": 0.5,
      "final_weight": 0.5
    }
  },
  "edges": {
    "29690.1": {
      "successor_id": "29690.0",
      "relation": 0.0
    },
    "29690.2": {
      "successor_id": "29690.1",
      "relation": 1.0
    },
    "29690.3": {
      "successor_id": "29690.122",
      "relation": 1.0
    },
    "29690.4": {
      "successor_id": "29690.1",
      "relation": 1.0
    },
    "29690.16": {
      "successor_id": "29690.1",
      "relation": -1.0
    },
    "29690.27": {
      "successor_id": "29690.1",