{
  "nodes": {
    "29907.0": {
      "votes": {},
      "initial_weight": 0.5,
      "final_weight": 0.5
    },
    "29907.1": {
      "votes": {
        "1": 1,
        "4": 4
      },
      "initial_weight": 0.85,
      "final_weight": 0.6799999999999999
    },
    "29907.2": {
      "votes": {
        "4": 4,
        "1": 1
      },
      "initial_weight": 0.85,
      "final_weight": 0.963076923076923
    },
    "29907.3": {
      "votes": {
        "3": 1,
        "1": 1
      },
      "initial_weight": 0.5,
      "final_weight": 0.4454342984409799
    },
    "29907.6": {
      "votes": {
        "2": 2
      },
      "initial_weight": 0.5,
      "final_weight": 0.47058823529411764
    },
    "29907.7": {
      "votes": {
        "3": 1,
        "4": 2
      },
      "initial_weight": 0.9166666666666666,
      "final_weight": 0.7902298850574713
    },
    "29907.9": {
      "votes": {
        "4": 3,
        "2": 1
      },
      "initial_weight": 0.875,
      "final_weight": 0.7330764075067024
    },
    "29907.10": {
      "votes": {
        "1": 1,
        "4": 1
      },
      "initial_weight": 0.625,
      "final_weight": 0.665924276169265
    },
    "29907.26": {
      "votes": {
        "2": 1
      },
      "initial_weight": 0.5,
      "final_weight": 0.8048780487804879
    },
    "29907.32": {
      "votes": {
        "1": 1
      },
      "initial_weight": 0.25,
      "final_weight": 0.25
    },
    "29907.33": {
      "votes": {
        "3": 1
      },
      "initial_weight": 0.75,
      "final_weight": 0.75
    },
    "29907.13": {
      "votes": {
        "3": 1
      },
      "initial_weight": 0.75,
      "final_weight": 0.75
    },
    "29907.17": {
      "votes": {
        "2": 1,
        "4": 1
      },
      "initial_weight": 0.75,
      "final_weight": 0.75
    },
    "29907.25": {
      "votes": {
        "1": 1
      },
      "initial_weight": 0.25,
      "final_weight": 0.25
    },
    "29907.40": {
      "votes": {
        "4": 1,
        "0": 1
      },
      "initial_weight": 0.5,
      "final_weight": 0.5
    },
    "29907.4": {
      "votes": {
        "1": 1
      },
      "initial_weight": 0.25,
      "final_weight": 0.4
    },
    "29907.37": {
      "votes": {
        "3": 1
      },
      "initial_weight": 0.75,
      "final_weight": 0.75
    },
    "29907.38": {
      "votes": {
        "4": 1
      },
      "initial_weight": 1.0,
      "final_weight": 1.0
    },
    "29907.39": {
      "votes": {
        "2": 1
      },
      "initial_weight": 0.5,
      "final_weight": 0.5
    },
    "29907.91": {
      "votes": {},
      "initial_weight": 0.5,
      "final_weight": 0.5
    },
    "29907.20": {
      "votes": {
        "1": 1
      },
      "initial_weight": 0.25,
      "final_weight": 0.25
    },
    "29907.21": {
      "votes": {
        "4": 1
      },
      "initial_weight": 1.0,
      "final_weight": 1.0
    },
    "29907.36": {
      "votes": {},
      "initial_weight": 0.5,
      "final_weight": 0.5
    },
    "29907.16": {
      "votes": {
        "3": 1
      },
      "initial_weight": 0.75,
      "final_weight": 0.75
    },
    "29907.34": {
      "votes": {
        "1": 2
      },
      "initial_weight": 0.25,
      "final_weight": 0.25
    },
    "29907.93": {
      "votes": {},
      "initial_weight": 0.5,
      "final_weight": 0.4
    },
    "29907.99": {
      "votes": {},
      "initial_weight": 0.5,
      "final_weight": 0.5
    },
    "29907.12": {
      "votes": {
        "4": 1,
        "3": 1
      },
      "initial_weight": 0.875,
      "final_weight": 0.56
    },
    "29907.14": {
      "votes": {
        "3": 2,
        "4": 1
      },
      "initial_weight": 0.8333333333333334,
      "final_weight": 0.6666666666666667
    },
    "29907.15": {
      "votes": {
        "2": 2,
        "3": 1
      },
      "initial_weight": 0.5833333333333334,
      "final_weight": 0.5833333333333334
    },
    "29907.31": {
      "votes": {
        "1": 1
      },
      "initial_weight": 0.25,
      "final_weight": 0.25
    },
    "29907.11": {
      "votes": {
        "3": 1
      },
      "initial_weight": 0.75,
      "final_weight": 0.75
    },
    "29907.18": {
      "votes": {
        "2": 1
      },
      "initial_weight": 0.5,
      "final_weight": 0.4
    },
    "29907.43": {
      "votes": {},
      "initial_weight": 0.5,
      "final_weight": 0.5
    },
    "29907.95": {
      "votes": {},
      "initial_weight": 0.5,
      "final_weight": 0.5
    },
    "29907.27": {
      "votes": {
        "4": 1
      },
      "initial_weight": 1.0,
      "final_weight": 1.0
    },
    "29907.28": {
      "votes": {
        "3": 1
      },
      "initial_weight": 0.75,
      "final_weight": 0.75
    },
    "29907.35": {
      "votes": {},
      "initial_weight": 0.5,
      "final_weight": 0.5
    },
    "29907.5": {
      "votes": {},
      "initial_weight": 0.5,
      "final_weight": 0.5
    },
    "29907.22": {
      "votes": {},
      "initial_weight": 0.5,
      "final_weight": 0.5
    },
    "29907.23": {
      "votes": {},
      "initial_weight": 0.5,
      "final_weight": 0.5
    },
    "29907.24": {
      "votes": {},
      "initial_weight": 0.5,
      "final_weight": 0.5
    },
    "29907.97": {
      "votes": {},
      "initial_weight": 0.5,
      "final_weight": 0.5
    },
    "29907.41": {
      "votes": {
        "3": 1
      },
      "initial_weight": 0.75,
      "final_weight": 0.75
    },
    "29907.44": {
      "votes": {},
      "initial_weight": 0.5,
      "final_weight": 0.5
    },
    "29907.19": {
      "votes": {},
      "initial_weight": 0.5,
      "final_weight": 0.5
    },
    "29907.29": {
      "votes": {},
      "initial_weight": 0.5,
      "final_weight": 0.5
    },
    "29907.30": {
      "votes": {},
      "initial_weight": 0.5,
      "final_weight": 0.5
    }
  },
  "edges": {
    "29907.1": {
      "successor_id": "29907.0",
      "relation": 0.0
    },
    "29907.2": {
      "successor_id": "29907.0",
      "relation": 0.0
    },
    "29907.3": {
      "successor_id": "29907.0",
      "relation": 0.0
    },
    "29907.6": {
      "successor_id": "29907.0",
      "relation": 0.0
    },
    "29907.7": {
      "successor_id": "29907.0",
      "relation": 0.0
    },
    "29907.9": {
      "successor_id": "29907.0",
      "relation": 0.0
    },
    "29907.10": {
      "successor_id": "29907.0",
      "relation": 0.0
    },
    "29907.26": {
      "successor_id": "29907.0",
      "relation": 0.0
    },
    "29907.32": {
      "successor_id": "29907.1",
      "relation": 1.0
    },
    "29907.33": {
      "successor_id": "29907.1",
      "relation": -1.0
    },
    "29907.13": {
      "successor_id": "29907.2",
      "relation": 1.0
    },
    "29907.17": {
      "successor_id": "29907.2",
      "relation": 1.0
    },
    "29907.25": {
      "successor_id": "29907.2",
      "relation": -1.0
    },
    "29907.40": {
      "successor_id": "29907.2",
      "relation": 1.0
    },
    "29907.4": {
      "successor_id": "29907.3",
      "relation": 1.0
    },
    "29907.37": {
      "successor_id": "29907.3",
      "relation": -1.0
    },
    "29907.38": {
      "successor_id": "29907.3",
      "relation": -1.0
    },
    "29907.39": {
      "successor_id": "29907.3",
      "relation": 1.0
    },
    "29907.91": {
      "successor_id": "29907.3",
      "relation": 1.0
    },
    "29907.20": {
      "successor_id": "29907.6",
      "relation": 1.0
    },
    "29907.21": {
      "successor_id": "29907.6",
      "relation": -1.0
    },
    "29907.36": {
      "successor_id": "29907.6",
      "relation": 1.0
    },
    "29907.16": {
      "successor_id": "29907.7",
      "relation": 1.0
    },
    "29907.34": {
      "successor_id": "29907.7",
      "relation": -1.0
    },
    "29907.93": {
      "successor_id": "29907.7",
      "relation": -1.0
    },
    "29907.99": {
      "successor_id": "29907.7",
      "relation": -1.0
    },
    "29907.12": {
      "successor_id": "29907.9",