{
  "nodes": {
    "29949.0": {
      "votes": {},
      "initial_weight": 0.5,
      "final_weight": 0.5
    },
    "29949.1": {
      "votes": {},
      "initial_weight": 0.5,
      "final_weight": 0.15713502691707537
    },
    "29949.2": {
      "votes": {
        "3": 1
      },
      "initial_weight": 0.75,
      "final_weight": 0.7334963325183375
    },
    "29949.3": {
      "votes": {
        "3": 1
      },
      "initial_weight": 0.75,
      "final_weight": 0.9397039579269648
    },
    "29949.13": {
      "votes": {
        "1": 1
      },
      "initial_weight": 0.25,
      "final_weight": 0.20553136992085724
    },
    "29949.18": {
      "votes": {},
      "initial_weight": 0.5,
      "final_weight": 0.47647530600232985
    },
    "29949.28": {
      "votes": {
        "4": 1
      },
      "initial_weight": 1.0,
      "final_weight": 1.0
    },
    "29949.5": {
      "votes": {},
      "initial_weight": 0.5,
      "final_weight": 0.6
    },
    "29949.7": {
      "votes": {},
      "initial_weight": 0.5,
      "final_weight": 0.75
    },
    "29949.4": {
      "votes": {
        "3": 1
      },
      "initial_weight": 0.75,
      "final_weight": 0.75
    },
    "29949.6": {
      "votes": {},
      "initial_weight": 0.5,
      "final_weight": 0.5
    },
    "29949.24": {
      "votes": {
        "3": 1
      },
      "initial_weight": 0.75,
      "final_weight": 0.75
    },
    "29949.10": {
      "votes": {},
      "initial_weight": 0.5,
      "final_weight": 0.7737556561085973
    },
    "29949.14": {
      "votes": {},
      "initial_weight": 0.5,
      "final_weight": 0.3571759616870076
    },
    "29949.15": {
      "votes": {},
      "initial_weight": 0.5,
      "final_weight": 0.5
    },
    "29949.16": {
      "votes": {
        "4": 1
      },
      "initial_weight": 1.0,
      "final_weight": 1.0
    },
    "29949.17": {
      "votes": {},
      "initial_weight": 0.5,
      "final_weight": 0.5
    },
    "29949.25": {
      "votes": {
        "3": 1
      },
      "initial_weight": 0.75,
      "final_weight": 0.8
    },
    "29949.30": {
      "votes": {
        "3": 1
      },
      "initial_weight": 0.75,
      "final_weight": 0.665144421514599
    },
    "29949.19": {
      "votes": {},
      "initial_weight": 0.5,
      "final_weight": 0.822198842714361
    },
    "29949.32": {
      "votes": {},
      "initial_weight": 0.5,
      "final_weight": 0.6
    },
    "29949.29": {
      "votes": {
        "3": 1
      },
      "initial_weight": 0.75,
      "final_weight": 0.75
    },
    "29949.41": {
      "votes": {},
      "initial_weight": 0.5,
      "final_weight": 0.6
    },
    "29949.9": {
      "votes": {},
      "initial_weight": 0.5,
      "final_weight": 0.5
    },
    "29949.8": {
      "votes": {},
      "initial_weight": 0.5,
      "final_weight": 0.5
    },
    "29949.40": {
      "votes": {},
      "initial_weight": 0.5,
      "final_weight": 0.5
    },
    "29949.11": {
      "votes": {
        "2": 1
      },
      "initial_weight": 0.5,
      "final_weight": 0.5
    },
    "29949.12": {
      "votes": {
        "0": 1
      },
      "initial_weight": 0.0,
      "final_weight": 0.0
    },
    "29949.43": {
      "votes": {},
      "initial_weight": 0.5,
      "final_weight": 0.6
    },
    "29949.27": {
      "votes": {},
      "initial_weight": 0.5,
      "final_weight": 0.6323529411764706
    },
    "29949.36": {
      "votes": {},
      "initial_weight": 0.5,
      "final_weight": 0.5
    },
    "29949.37": {
      "votes": {},
      "initial_weight": 0.5,
      "final_weight": 0.5
    },
    "29949.26": {
      "votes": {},
      "initial_weight": 0.5,
      "final_weight": 0.5
    },
    "29949.20": {
      "votes": {},
      "initial_weight": 0.5,
      "final_weight": 0.8461538461538461
    },
    "29949.31": {
      "votes": {},
      "initial_weight": 0.5,
      "final_weight": 0.5
    },
    "29949.33": {
      "votes": {},
      "initial_weight": 0.5,
      "final_weight": 0.5
    },
    "29949.42": {
      "votes": {},
      "initial_weight": 0.5,
      "final_weight": 0.5
    },
    "29949.44": {
      "votes": {},
      "initial_weight": 0.5,
      "final_weight": 0.5
    },
    "29949.38": {
      "votes": {},
      "initial_weight": 0.5,
      "final_weight": 0.6
    },
    "29949.21": {
      "votes": {},
      "initial_weight": 0.5,
      "final_weight": 0.5
    },
    "29949.22": {
      "votes": {},
      "initial_weight": 0.5,
      "final_weight": 0.5
    },
    "29949.23": {
      "votes": {},
      "initial_weight": 0.5,
      "final_weight": 0.5
    },
    "29949.39": {
      "votes": {},
      "initial_weight": 0.5,
      "final_weight": 0.5
    }
  },
  "edges": {
    "29949.1": {
      "successor_id": "29949.0",
      "relation": 0.0
    },
    "29949.2": {
      "successor_id": "29949.1",
      "relation": 1.0
    },
    "29949.3": {
      "successor_id": "29949.1",
      "relation": -1.0
    },
    "29949.13": {
      "successor_id": "29949.1",
      "relation": 1.0
    },
    "29949.18": {
      "successor_id": "29949.1",
      "relation": -1.0
    },
    "29949.28": {
      "successor_id": "29949.1",
      "relation": -1.0
    },
    "29949.5": {
      "successor_id": "29949.2",
      "relation": 1.0
    },
    "29949.7": {
      "successor_id": "29949.2",
      "relation": -1.0
    },
    "29949.4": {
      "successor_id": "29949.3",
      "relation": 1.0
    },
    "29949.6": {
      "successor_id": "29949.3",
      "relation": -1.0
    },
    "29949.24": {
      "successor_id": "29949.3",
      "relation": 1.0
    },
    "29949.10": {
      "successor_id": "29949.3",
      "relation": 1.0
    },
    "29949.14": {
      "successor_id": "29949.30",
      "relation": -1.0
    },
    "29949.15": {
      "successor_id": "29949.13",
      "relation": 1.0
    },
    "29949.16": {
      "successor_id": "29949.13",
      "relation": 1.0
    },
    "29949.17": {
      "successor_id": "29949.13",
      "relation": -1.0
    },
    "29949.25": {
      "successor_id": "29949.13",
      "relation": -1.0
    },
    "29949.30": {
      "successor_id": "29949.13",
      "relation": -1.0
    },
    "29949.19": {
      "successor_id": "29949.18",
      "relation": -1.0
    },
    "29949.32": {
      "successor_id": "29949.18",
      "relation": 1.0
    },
    "29949.29": {
      "successor_id": "29949.28",
      "relation": 1.0
    },
    "29949.41": {
      "successor_id": "29949.28",
      "relation": -1.0
    },
    "29949.9": {
      "successor_id": "29949.5",
      "relation": 1.0
    },
    "29949.8": {
      "successor_id": "29949.7",
      "relation": 1.0
    },
    "29949.40": {
      "successor_id": "29949.7",
      "relation": 1.0
    },
    "29949.11": {
      "successor_id": "29949.10",
      "relation": 1.0
    },
    "29949.12": {
      "successor_id": "29949.10",
      "relation": 1.0
    },
    "29949.43": {
      "successor_id": "29949.10",
      "relation": 1.0
    },
    "29949.27": {
      "successor_id": "29949.14",
      "relation": -1.0
    },
    "29949.36": {
      "successor_id": "29949.15",
      "relation": -1.0
    },
    "29949.37": {
      "successor_id": "29949.15",
      "relation": 1.0
    },
    "29949.26": {
      "successor_id": "29949.25",
      "relation": 1.0
    },
    "29949.20": {
      "successor_id": "29949.19",
      "relation": 1.0
    },
    "29949.31": {
      "successor_id": "29949.19",
      "relation": 1.0
    },
    "29949.33": {
      "successor_id": "29949.32",
      "relation": 1.0
    },
    "29949.42": {
      "successor_id": "29949.41",
      "relation": 1.0
    },
    "29949.44": {
      "successor_id": "29949.43",
      "relation": 1.0
    },
    "29949.38": {
      "successor_id": "29949.27",
      "relation": 1.0
    },
    "29949.21": {
      "successor_id": "29949.20",
      "relation": 1.0
    },
    "29949.22": {
      "successor_id": "29949.20",
      "relation": 1.0
    },