{
  "nodes": {
    "30065.0": {
      "votes": {},
      "initial_weight": 0.5,
      "final_weight": 0.5
    },
    "30065.1": {
      "votes": {
        "2": 2
      },
      "initial_weight": 0.5,
      "final_weight": 0.510005633727515
    },
    "30065.2": {
      "votes": {
        "4": 1
      },
      "initial_weight": 1.0,
      "final_weight": 1.0
    },
    "30065.4": {
      "votes": {
        "4": 1,
        "3": 1
      },
      "initial_weight": 0.875,
      "final_weight": 0.6111543824830424
    },
    "30065.5": {
      "votes": {
        "4": 1,
        "2": 1
      },
      "initial_weight": 0.75,
      "final_weight": 0.646551724137931
    },
    "30065.14": {
      "votes": {
        "1": 1,
        "3": 1
      },
      "initial_weight": 0.5,
      "final_weight": 0.3433191754774891
    },
    "30065.146": {
      "votes": {
        "4": 1,
        "2": 1
      },
      "initial_weight": 0.75,
      "final_weight": 0.8
    },
    "30065.150": {
      "votes": {
        "1": 1,
        "3": 1
      },
      "initial_weight": 0.5,
      "final_weight": 0.8463625060720701
    },
    "30065.183": {
      "votes": {
        "3": 1
      },
      "initial_weight": 0.75,
      "final_weight": 0.9024390243902439
    },
    "30065.8": {
      "votes": {
        "4": 1
      },
      "initial_weight": 1.0,
      "final_weight": 1.0
    },
    "30065.9": {
      "votes": {
        "2": 1
      },
      "initial_weight": 0.5,
      "final_weight": 0.37772288344936
    },
    "30065.10": {
      "votes": {
        "4": 1
      },
      "initial_weight": 1.0,
      "final_weight": 0.19999999999999996
    },
    "30065.34": {
      "votes": {},
      "initial_weight": 0.5,
      "final_weight": 0.4976331360946746
    },
    "30065.41": {
      "votes": {},
      "initial_weight": 0.5,
      "final_weight": 0.6
    },
    "30065.135": {
      "votes": {},
      "initial_weight": 0.5,
      "final_weight": 0.5
    },
    "30065.6": {
      "votes": {
        "3": 1
      },
      "initial_weight": 0.75,
      "final_weight": 0.75
    },
    "30065.11": {
      "votes": {},
      "initial_weight": 0.5,
      "final_weight": 0.5
    },
    "30065.13": {
      "votes": {},
      "initial_weight": 0.5,
      "final_weight": 0.5
    },
    "30065.7": {
      "votes": {},
      "initial_weight": 0.5,
      "final_weight": 0.6879979048117901
    },
    "30065.61": {
      "votes": {},
      "initial_weight": 0.5,
      "final_weight": 0.49504950495049505
    },
    "30065.62": {
      "votes": {},
      "initial_weight": 0.5,
      "final_weight": 0.6
    },
    "30065.65": {
      "votes": {},
      "initial_weight": 0.5,
      "final_weight": 0.5
    },
    "30065.133": {
      "votes": {},
      "initial_weight": 0.5,
      "final_weight": 0.5
    },
    "30065.16": {
      "votes": {},
      "initial_weight": 0.5,
      "final_weight": 0.5
    },
    "30065.24": {
      "votes": {},
      "initial_weight": 0.5,
      "final_weight": 0.5
    },
    "30065.44": {
      "votes": {},
      "initial_weight": 0.5,
      "final_weight": 0.5
    },
    "30065.45": {
      "votes": {},
      "initial_weight": 0.5,
      "final_weight": 0.5
    },
    "30065.47": {
      "votes": {},
      "initial_weight": 0.5,
      "final_weight": 0.6
    },
    "30065.148": {
      "votes": {},
      "initial_weight": 0.5,
      "final_weight": 0.5
    },
    "30065.20": {
      "votes": {
        "3": 1
      },
      "initial_weight": 0.75,
      "final_weight": 0.7524752475247525
    },
    "30065.33": {
      "votes": {},
      "initial_weight": 0.5,
      "final_weight": 0.5
    },
    "30065.126": {
      "votes": {
        "3": 1
      },
      "initial_weight": 0.75,
      "final_weight": 0.9230769230769231
    },
    "30065.131": {
      "votes": {},
      "initial_weight": 0.5,
      "final_weight": 0.5
    },
    "30065.169": {
      "votes": {},
      "initial_weight": 0.5,
      "final_weight": 0.5
    },
    "30065.3": {
      "votes": {
        "4": 1
      },
      "initial_weight": 1.0,
      "final_weight": 0.8
    },
    "30065.19": {
      "votes": {
        "3": 1
      },
      "initial_weight": 0.75,
      "final_weight": 0.5514705882352942
    },
    "30065.144": {
      "votes": {
        "1": 1
      },
      "initial_weight": 0.25,
      "final_weight": 0.25
    },
    "30065.155": {
      "votes": {},
      "initial_weight": 0.5,
      "final_weight": 0.6
    },
    "30065.179": {
      "votes": {},
      "initial_weight": 0.5,
      "final_weight": 0.5
    },
    "30065.185": {
      "votes": {},
      "initial_weight": 0.5,
      "final_weight": 0.5
    },
    "30065.189": {
      "votes": {},
      "initial_weight": 0.5,
      "final_weight": 0.5
    },
    "30065.191": {
      "votes": {},
      "initial_weight": 0.5,
      "final_weight": 0.5
    },
    "30065.193": {
      "votes": {},
      "initial_weight": 0.5,
      "final_weight": 0.5
    },
    "30065.195": {
      "votes": {
        "3": 1
      },
      "initial_weight": 0.75,
      "final_weight": 0.75
    },
    "30065.39": {
      "votes": {},
      "initial_weight": 0.5,
      "final_weight": 0.5
    },
    "30065.54": {
      "votes": {},
      "initial_weight": 0.5,
      "final_weight": 0.6
    },
    "30065.35": {
      "votes": {},
      "initial_weight": 0.5,
      "final_weight": 0.5689655172413793
    },
    "30065.53": {
      "votes": {},
      "initial_weight": 0.5,
      "final_weight": 0.5
    },
    "30065.163": {
      "votes": {},
      "initial_weight": 0.5,
      "final_weight": 0.5
    },
    "30065.165": {
      "votes": {},
      "initial_weight": 0.5,
      "final_weight": 0.5
    },
    "30065.167": {
      "votes": {},
      "initial_weight": 0.5,
      "final_weight": 0.5
    },
    "30065.37": {
      "votes": {},
      "initial_weight": 0.5,
      "final_weight": 0.5
    },
    "30065.38": {
      "votes": {},
      "initial_weight": 0.5,
      "final_weight": 0.43103448275862066
    },
    "30065.43": {
      "votes": {},
      "initial_weight": 0.5,
      "final_weight": 0.5
    },
    "30065.51": {
      "votes": {},
      "initial_weight": 0.5,
      "final_weight": 0.5
    },
    "30065.181": {
      "votes": {},
      "initial_weight": 0.5,
      "final_weight": 0.5
    },
    "30065.49": {
      "votes": {},
      "initial_weight": 0.5,
      "final_weight": 0.5
    },
    "30065.171": {
      "votes": {},
      "initial_weight": 0.5,
      "final_weight": 0.5
    },
    "30065.21": {
      "votes": {},
      "initial_weight": 0.5,
      "final_weight": 0.5
    },
    "30065.58": {
      "votes": {},
      "initial_weight": 0.5,
      "final_weight": 0.2762430939226519
    },
    "30065.175": {
      "votes": {},
      "initial_weight": 0.5,
      "final_weight": 0.5
    },
    "30065.63": {
      "votes": {},
      "initial_weight": 0.5,
      "final_weight": 0.4
    },
    "30065.64": {
      "votes": {},
      "initial_weight": 0.5,
      "final_weight": 0.5
    },
    "30065.66": {
      "votes": {},
      "initial_weight": 0.5,
      "final_weight": 0.5
    },
    "30065.173": {
      "votes": {},
      "initial_weight": 0.5,
      "final_weight": 0.5
    },
    "30065.48": {
      "votes": {},
      "initial_weight": 0.5,
      "final_weight": 0.5
    },
    "30065.31": {
      "votes": {},
      "initial_weight": 0.5,
      "final_weight": 0.4
    },
    "30065.177": {
      "votes": {},
      "initial_weight": 0.5,
      "final_weight": 0.5
    },
    "30065.161": {
      "votes": {},
      "initial_weight": 0.5,
      "final_weight": 0.5
    },
    "30065.187": {
      "votes": {},
      "initial_weight": 0.5,
      "final_weight": 0.5
    },
    "30065.15": {
      "votes": {},
      "initial_weight": 0.5,
      "final_weight": 0.5
    },
    "30065.40": {
      "votes": {},
      "initial_weight": 0.5,
      "final_weight": 0.5
    },
    "30065.50": {
      "votes": {},
      "initial_weight": 0.5,