{
  "nodes": {
    "30238.0": {
      "votes": {},
      "initial_weight": 0.5,
      "final_weight": 0.5
    },
    "30238.1": {
      "votes": {
        "0": 21,
        "1": 3,
        "3": 2,
        "4": 2
      },
      "initial_weight": 0.15178571428571427,
      "final_weight": 0.00580340247135519
    },
    "30238.3": {
      "votes": {
        "1": 1,
        "2": 1,
        "0": 8,
        "4": 2
      },
      "initial_weight": 0.22916666666666666,
      "final_weight": 0.04583333333333331
    },
    "30238.4": {
      "votes": {
        "0": 4,
        "4": 2,
        "2": 1
      },
      "initial_weight": 0.35714285714285715,
      "final_weight": 0.2857142857142857
    },
    "30238.8": {
      "votes": {
        "3": 1,
        "4": 14,
        "2": 1
      },
      "initial_weight": 0.953125,
      "final_weight": 0.9925331277540894
    },
    "30238.10": {
      "votes": {
        "4": 1,
        "3": 1,
        "1": 1,
        "2": 2,
        "0": 2
      },
      "initial_weight": 0.42857142857142855,
      "final_weight": 0.7770034843205574
    },
    "30238.15": {
      "votes": {
        "0": 9,
        "2": 2
      },
      "initial_weight": 0.09090909090909091,
      "final_weight": 0.09028213166144201
    },
    "30238.34": {
      "votes": {
        "4": 3,
        "0": 1,
        "1": 2,
        "2": 1
      },
      "initial_weight": 0.5714285714285714,
      "final_weight": 0.7857142857142857
    },
    "30238.48": {
      "votes": {
        "2": 3,
        "0": 2,
        "4": 5,
        "3": 4
      },
      "initial_weight": 0.6785714285714286,
      "final_weight": 0.6785714285714286
    },
    "30238.66": {
      "votes": {
        "1": 1,
        "4": 4,
        "3": 1
      },
      "initial_weight": 0.8333333333333334,
      "final_weight": 0.834983498349835
    },
    "30238.83": {
      "votes": {
        "3": 1,
        "2": 1,
        "4": 9
      },
      "initial_weight": 0.9318181818181818,
      "final_weight": 0.9318181818181818
    },
    "30238.89": {
      "votes": {
        "1": 3,
        "0": 5,
        "3": 2
      },
      "initial_weight": 0.225,
      "final_weight": 0.5688688240834116
    },
    "30238.129": {
      "votes": {
        "0": 3,
        "1": 1
      },
      "initial_weight": 0.0625,
      "final_weight": 0.022143489813994686
    },
    "30238.139": {
      "votes": {
        "0": 4
      },
      "initial_weight": 0.0,
      "final_weight": 0.0
    },
    "30238.188": {
      "votes": {
        "0": 2,
        "3": 2
      },
      "initial_weight": 0.375,
      "final_weight": 0.24
    },
    "30238.283": {
      "votes": {
        "2": 1,
        "0": 2,
        "4": 1
      },
      "initial_weight": 0.375,
      "final_weight": 0.2037735849056604
    },
    "30238.315": {
      "votes": {},
      "initial_weight": 0.5,
      "final_weight": 0.4
    },
    "30238.325": {
      "votes": {},
      "initial_weight": 0.5,
      "final_weight": 0.5
    },
    "30238.76": {
      "votes": {
        "4": 1
      },
      "initial_weight": 1.0,
      "final_weight": 1.0
    },
    "30238.32": {
      "votes": {
        "4": 1
      },
      "initial_weight": 1.0,
      "final_weight": 1.0
    },
    "30238.2": {
      "votes": {
        "0": 1
      },
      "initial_weight": 0.0,
      "final_weight": 0.0
    },
    "30238.194": {
      "votes": {},
      "initial_weight": 0.5,
      "final_weight": 0.5
    },
    "30238.19": {
      "votes": {
        "3": 1,
        "4": 4,
        "2": 1
      },
      "initial_weight": 0.875,
      "final_weight": 0.7973308297706846
    },
    "30238.103": {
      "votes": {
        "4": 2
      },
      "initial_weight": 1.0,
      "final_weight": 1.0
    },
    "30238.212": {
      "votes": {},
      "initial_weight": 0.5,
      "final_weight": 0.5
    },
    "30238.9": {
      "votes": {
        "4": 2
      },
      "initial_weight": 1.0,
      "final_weight": 1.0
    },
    "30238.18": {
      "votes": {
        "3": 1
      },
      "initial_weight": 0.75,
      "final_weight": 0.75
    },
    "30238.79": {
      "votes": {
        "4": 1
      },
      "initial_weight": 1.0,
      "final_weight": 1.0
    },
    "30238.16": {
      "votes": {
        "4": 5
      },
      "initial_weight": 1.0,
      "final_weight": 1.0
    },
    "30238.52": {
      "votes": {
        "3": 2,
        "4": 1
      },
      "initial_weight": 0.8333333333333334,
      "final_weight": 0.9166666666666667
    },
    "30238.181": {
      "votes": {
        "4": 2
      },
      "initial_weight": 1.0,
      "final_weight": 1.0
    },
    "30238.176": {
      "votes": {
        "2": 1
      },
      "initial_weight": 0.5,
      "final_weight": 0.5
    },
    "30238.179": {
      "votes": {
        "4": 1,
        "0": 1
      },
      "initial_weight": 0.5,
      "final_weight": 0.4
    },
    "30238.93": {
      "votes": {
        "2": 1,
        "1": 1
      },
      "initial_weight": 0.375,
      "final_weight": 0.6875
    },
    "30238.68": {
      "votes": {
        "1": 1,
        "0": 1
      },
      "initial_weight": 0.125,
      "final_weight": 0.12224938875305623
    },
    "30238.219": {
      "votes": {
        "4": 2,
        "3": 1
      },
      "initial_weight": 0.9166666666666666,
      "final_weight": 0.9166666666666666
    },
    "30238.263": {
      "votes": {
        "4": 1
      },
      "initial_weight": 1.0,
      "final_weight": 1.0
    },
    "30238.243": {
      "votes": {
        "3": 1
      },
      "initial_weight": 0.75,
      "final_weight": 0.75
    },
    "30238.309": {
      "votes": {},
      "initial_weight": 0.5,
      "final_weight": 0.6
    },
    "30238.108": {
      "votes": {
        "2": 1,
        "1": 1
      },
      "initial_weight": 0.375,
      "final_weight": 0.3121081103396152
    },
    "30238.192": {
      "votes": {},
      "initial_weight": 0.5,
      "final_weight": 0.5
    },
    "30238.225": {
      "votes": {
        "3": 3
      },
      "initial_weight": 0.75,
      "final_weight": 0.75
    },
    "30238.323": {
      "votes": {},
      "initial_weight": 0.5,
      "final_weight": 0.5
    },
    "30238.317": {
      "votes": {
        "3": 1,
        "4": 2
      },
      "initial_weight": 0.9166666666666666,
      "final_weight": 0.9166666666666666
    },
    "30238.233": {
      "votes": {},
      "initial_weight": 0.5,
      "final_weight": 0.5
    },
    "30238.36": {
      "votes": {
        "1": 1
      },
      "initial_weight": 0.25,
      "final_weight": 0.52
    },
    "30238.40": {
      "votes": {
        "3": 1
      },
      "initial_weight": 0.75,
      "final_weight": 0.8
    },
    "30238.7": {
      "votes": {
        "4": 1
      },
      "initial_weight": 1.0,
      "final_weight": 1.0
    },
    "30238.17": {
      "votes": {
        "4": 1,
        "0": 1
      },
      "initial_weight": 0.5,
      "final_weight": 0.5
    },
    "30238.291": {
      "votes": {},
      "initial_weight": 0.5,
      "final_weight": 0.5
    },
    "30238.54": {
      "votes": {
        "4": 1
      },
      "initial_weight": 1.0,
      "final_weight": 1.0
    },
    "30238.273": {
      "votes": {},
      "initial_weight": 0.5,
      "final_weight": 0.5
    },
    "30238.251": {
      "votes": {
        "4": 1
      },
      "initial_weight": 1.0,
      "final_weight": 1.0
    },
    "30238.91": {
      "votes": {},
      "initial_weight": 0.5,
      "final_weight": 0.6
    },
    "30238.149": {
      "votes": {
        "3": 1
      },
      "initial_weight": 0.75,
      "final_weight": 0.75
    },
    "30238.311": {
      "votes": {},
      "initial_weight": 0.5,
      "final_weight": 0.5
    },
    "30238.112": {
      "votes": {
        "4": 3,
        "1": 1
      },
      "initial_weight": 0.8125,
      "final_weight": 0.4488950276243094
    },
    "30238.38": {
      "votes": {
        "3": 1
      },
      "initial_weight": 0.75,
      "final_weight": 0.75
    },