{
  "nodes": {
    "30542.0": {
      "votes": {},
      "initial_weight": 0.5,
      "final_weight": 0.5
    },
    "30542.3": {
      "votes": {
        "4": 6
      },
      "initial_weight": 1.0,
      "final_weight": 1.0
    },
    "30542.7": {
      "votes": {
        "4": 2
      },
      "initial_weight": 1.0,
      "final_weight": 1.0
    },
    "30542.13": {
      "votes": {
        "2": 1,
        "1": 1
      },
      "initial_weight": 0.375,
      "final_weight": 0.85771489560882
    },
    "30542.29": {
      "votes": {
        "3": 1,
        "4": 1
      },
      "initial_weight": 0.875,
      "final_weight": 0.9024959189730652
    },
    "30542.35": {
      "votes": {
        "1": 1,
        "4": 1,
        "0": 2
      },
      "initial_weight": 0.3125,
      "final_weight": 0.1663201663201663
    },
    "30542.61": {
      "votes": {
        "4": 3
      },
      "initial_weight": 1.0,
      "final_weight": 1.0
    },
    "30542.67": {
      "votes": {
        "0": 1
      },
      "initial_weight": 0.0,
      "final_weight": 0.0
    },
    "30542.110": {
      "votes": {
        "4": 1
      },
      "initial_weight": 1.0,
      "final_weight": 1.0
    },
    "30542.114": {
      "votes": {},
      "initial_weight": 0.5,
      "final_weight": 0.5
    },
    "30542.11": {
      "votes": {
        "3": 1
      },
      "initial_weight": 0.75,
      "final_weight": 0.75
    },
    "30542.41": {
      "votes": {
        "2": 1,
        "4": 1
      },
      "initial_weight": 0.75,
      "final_weight": 0.8
    },
    "30542.45": {
      "votes": {
        "4": 1
      },
      "initial_weight": 1.0,
      "final_weight": 1.0
    },
    "30542.57": {
      "votes": {
        "0": 1,
        "3": 1
      },
      "initial_weight": 0.375,
      "final_weight": 0.11538461538461542
    },
    "30542.15": {
      "votes": {
        "3": 1
      },
      "initial_weight": 0.75,
      "final_weight": 0.9384615384615385
    },
    "30542.21": {
      "votes": {
        "3": 1
      },
      "initial_weight": 0.75,
      "final_weight": 0.77728285077951
    },
    "30542.25": {
      "votes": {
        "2": 1
      },
      "initial_weight": 0.5,
      "final_weight": 0.8461538461538461
    },
    "30542.33": {
      "votes": {
        "2": 1
      },
      "initial_weight": 0.5,
      "final_weight": 0.32
    },
    "30542.59": {
      "votes": {},
      "initial_weight": 0.5,
      "final_weight": 0.4
    },
    "30542.31": {
      "votes": {
        "2": 1
      },
      "initial_weight": 0.5,
      "final_weight": 0.6
    },
    "30542.53": {
      "votes": {},
      "initial_weight": 0.5,
      "final_weight": 0.43103448275862066
    },
    "30542.104": {
      "votes": {},
      "initial_weight": 0.5,
      "final_weight": 0.5
    },
    "30542.37": {
      "votes": {
        "3": 1,
        "4": 3
      },
      "initial_weight": 0.9375,
      "final_weight": 0.9375
    },
    "30542.49": {
      "votes": {},
      "initial_weight": 0.5,
      "final_weight": 0.5
    },
    "30542.65": {
      "votes": {},
      "initial_weight": 0.5,
      "final_weight": 0.5
    },
    "30542.69": {
      "votes": {
        "3": 1
      },
      "initial_weight": 0.75,
      "final_weight": 0.9230769230769231
    },
    "30542.112": {
      "votes": {},
      "initial_weight": 0.5,
      "final_weight": 0.5
    },
    "30542.43": {
      "votes": {},
      "initial_weight": 0.5,
      "final_weight": 0.5
    },
    "30542.47": {
      "votes": {},
      "initial_weight": 0.5,
      "final_weight": 0.5
    },
    "30542.75": {
      "votes": {},
      "initial_weight": 0.5,
      "final_weight": 0.5
    },
    "30542.77": {
      "votes": {},
      "initial_weight": 0.5,
      "final_weight": 0.5
    },
    "30542.108": {
      "votes": {},
      "initial_weight": 0.5,
      "final_weight": 0.5
    },
    "30542.17": {
      "votes": {
        "3": 1
      },
      "initial_weight": 0.75,
      "final_weight": 0.75
    },
    "30542.19": {
      "votes": {
        "2": 1
      },
      "initial_weight": 0.5,
      "final_weight": 0.5
    },
    "30542.88": {
      "votes": {},
      "initial_weight": 0.5,
      "final_weight": 0.5
    },
    "30542.23": {
      "votes": {
        "3": 1
      },
      "initial_weight": 0.75,
      "final_weight": 0.75
    },
    "30542.83": {
      "votes": {},
      "initial_weight": 0.5,
      "final_weight": 0.4
    },
    "30542.27": {
      "votes": {
        "3": 1
      },
      "initial_weight": 0.75,
      "final_weight": 0.75
    },
    "30542.90": {
      "votes": {
        "2": 1,
        "4": 1
      },
      "initial_weight": 0.75,
      "final_weight": 0.75
    },
    "30542.39": {
      "votes": {
        "3": 1
      },
      "initial_weight": 0.75,
      "final_weight": 0.75
    },
    "30542.63": {
      "votes": {},
      "initial_weight": 0.5,
      "final_weight": 0.5
    },
    "30542.98": {
      "votes": {},
      "initial_weight": 0.5,
      "final_weight": 0.5
    },
    "30542.55": {
      "votes": {},
      "initial_weight": 0.5,
      "final_weight": 0.5
    },
    "30542.94": {
      "votes": {},
      "initial_weight": 0.5,
      "final_weight": 0.4
    },
    "30542.102": {
      "votes": {},
      "initial_weight": 0.5,
      "final_weight": 0.5
    },
    "30542.71": {
      "votes": {},
      "initial_weight": 0.5,
      "final_weight": 0.5
    },
    "30542.73": {
      "votes": {},
      "initial_weight": 0.5,
      "final_weight": 0.5
    },
    "30542.79": {
      "votes": {},
      "initial_weight": 0.5,
      "final_weight": 0.5
    },
    "30542.92": {
      "votes": {},
      "initial_weight": 0.5,
      "final_weight": 0.5
    },
    "30542.96": {
      "votes": {},
      "initial_weight": 0.5,
      "final_weight": 0.5
    }
  },
  "edges": {
    "30542.3": {
      "successor_id": "30542.0",
      "relation": 0.0
    },
    "30542.7": {
      "successor_id": "30542.3",
      "relation": 1.0
    },
    "30542.13": {
      "successor_id": "30542.3",
      "relation": 1.0
    },
    "30542.29": {
      "successor_id": "30542.3",
      "relation": 1.0
    },
    "30542.35": {
      "successor_id": "30542.3",
      "relation": -1.0
    },
    "30542.61": {
      "successor_id": "30542.3",
      "relation": 1.0
    },
    "30542.67": {
      "successor_id": "30542.3",
      "relation": -1.0
    },
    "30542.110": {
      "successor_id": "30542.3",
      "relation": 1.0
    },
    "30542.114": {
      "successor_id": "30542.3",
      "relation": 1.0
    },
    "30542.11": {
      "successor_id": "30542.7",
      "relation": 1.0
    },
    "30542.41": {
      "successor_id": "30542.7",
      "relation": 1.0
    },
    "30542.45": {
      "successor_id": "30542.7",
      "relation": 1.0
    },
    "30542.57": {
      "successor_id": "30542.7",
      "relation": -1.0
    },
    "30542.15": {
      "successor_id": "30542.13",
      "relation": 1.0
    },
    "30542.21": {
      "successor_id": "30542.13",
      "relation": 1.0
    },
    "30542.25": {
      "successor_id": "30542.13",
      "relation": 1.0
    },
    "30542.33": {
      "successor_id": "30542.13",
      "relation": -1.0
    },
    "30542.59": {
      "successor_id": "30542.13",
      "relation": -1.0
    },
    "30542.31": {
      "successor_id": "30542.29",
      "relation": 1.0
    },
    "30542.53": {
      "successor_id": "30542.29",
      "relation": 1.0
    },
    "30542.104": {
      "successor_id": "30542.29",
      "relation": -1.0
    },
    "30542.37": {
      "successor_id": "30542.35",
      "relation": -1.0
    },
    "30542.49": {
      "successor_id": "30542.61",
      "relation": 1.0
    },
    "30542.65": {
      "successor_id": "30542.61",
      "relation": 1.0
    },
    "30542.69": {
      "successor_id": "30542.67",
      "relation": -1.0
    },
    "30542.112": {
      "successor_id": "30542.67",
      "relation": -1.0
    },
    "30542.43": {
      "successor_id": "30542.41",