{
  "nodes": {
    "30643.0": {
      "votes": {},
      "initial_weight": 0.5,
      "final_weight": 0.5
    },
    "30643.3": {
      "votes": {},
      "initial_weight": 0.5,
      "final_weight": 0.49632976919538596
    },
    "30643.69": {
      "votes": {},
      "initial_weight": 0.5,
      "final_weight": 0.5020405993141148
    },
    "30643.71": {
      "votes": {},
      "initial_weight": 0.5,
      "final_weight": 0.5073850324137104
    },
    "30643.76": {
      "votes": {},
      "initial_weight": 0.5,
      "final_weight": 0.5883924868799032
    },
    "30643.79": {
      "votes": {},
      "initial_weight": 0.5,
      "final_weight": 0.6690407420285622
    },
    "30643.19": {
      "votes": {},
      "initial_weight": 0.5,
      "final_weight": 0.5689655172413793
    },
    "30643.98": {
      "votes": {},
      "initial_weight": 0.5,
      "final_weight": 0.5
    },
    "30643.124": {
      "votes": {},
      "initial_weight": 0.5,
      "final_weight": 0.5
    },
    "30643.138": {
      "votes": {},
      "initial_weight": 0.5,
      "final_weight": 0.49504950495049505
    },
    "30643.23": {
      "votes": {},
      "initial_weight": 0.5,
      "final_weight": 0.4931740614334471
    },
    "30643.106": {
      "votes": {},
      "initial_weight": 0.5,
      "final_weight": 0.6428240383129924
    },
    "30643.136": {
      "votes": {},
      "initial_weight": 0.5,
      "final_weight": 0.504950495049505
    },
    "30643.190": {
      "votes": {},
      "initial_weight": 0.5,
      "final_weight": 0.5086078639744952
    },
    "30643.15": {
      "votes": {},
      "initial_weight": 0.5,
      "final_weight": 0.4721597992629853
    },
    "30643.5": {
      "votes": {},
      "initial_weight": 0.5,
      "final_weight": 0.6
    },
    "30643.17": {
      "votes": {},
      "initial_weight": 0.5,
      "final_weight": 0.3355704697986577
    },
    "30643.7": {
      "votes": {},
      "initial_weight": 0.5,
      "final_weight": 0.7097242380261248
    },
    "30643.104": {
      "votes": {},
      "initial_weight": 0.5,
      "final_weight": 0.49504950495049505
    },
    "30643.158": {
      "votes": {},
      "initial_weight": 0.5,
      "final_weight": 0.5
    },
    "30643.37": {
      "votes": {},
      "initial_weight": 0.5,
      "final_weight": 0.5
    },
    "30643.63": {
      "votes": {},
      "initial_weight": 0.5,
      "final_weight": 0.4
    },
    "30643.120": {
      "votes": {},
      "initial_weight": 0.5,
      "final_weight": 0.5
    },
    "30643.154": {
      "votes": {},
      "initial_weight": 0.5,
      "final_weight": 0.5
    },
    "30643.156": {
      "votes": {},
      "initial_weight": 0.5,
      "final_weight": 0.5
    },
    "30643.126": {
      "votes": {},
      "initial_weight": 0.5,
      "final_weight": 0.5
    },
    "30643.175": {
      "votes": {},
      "initial_weight": 0.5,
      "final_weight": 0.5
    },
    "30643.152": {
      "votes": {},
      "initial_weight": 0.5,
      "final_weight": 0.5
    },
    "30643.184": {
      "votes": {},
      "initial_weight": 0.5,
      "final_weight": 0.6
    },
    "30643.35": {
      "votes": {},
      "initial_weight": 0.5,
      "final_weight": 0.25
    },
    "30643.55": {
      "votes": {},
      "initial_weight": 0.5,
      "final_weight": 0.5
    },
    "30643.45": {
      "votes": {},
      "initial_weight": 0.5,
      "final_weight": 0.3676470588235294
    },
    "30643.108": {
      "votes": {},
      "initial_weight": 0.5,
      "final_weight": 0.5
    },
    "30643.146": {
      "votes": {},
      "initial_weight": 0.5,
      "final_weight": 0.5
    },
    "30643.148": {
      "votes": {},
      "initial_weight": 0.5,
      "final_weight": 0.36764705882352944
    },
    "30643.150": {
      "votes": {},
      "initial_weight": 0.5,
      "final_weight": 0.5
    },
    "30643.168": {
      "votes": {},
      "initial_weight": 0.5,
      "final_weight": 0.4
    },
    "30643.21": {
      "votes": {},
      "initial_weight": 0.5,
      "final_weight": 0.36764705882352944
    },
    "30643.193": {
      "votes": {},
      "initial_weight": 0.5,
      "final_weight": 0.5
    },
    "30643.25": {
      "votes": {},
      "initial_weight": 0.5,
      "final_weight": 0.6428240383129924
    },
    "30643.100": {
      "votes": {},
      "initial_weight": 0.5,
      "final_weight": 0.5
    },
    "30643.128": {
      "votes": {},
      "initial_weight": 0.5,
      "final_weight": 0.6
    },
    "30643.134": {
      "votes": {},
      "initial_weight": 0.5,
      "final_weight": 0.5
    },
    "30643.33": {
      "votes": {},
      "initial_weight": 0.5,
      "final_weight": 0.4
    },
    "30643.41": {
      "votes": {},
      "initial_weight": 0.5,
      "final_weight": 0.6
    },
    "30643.195": {
      "votes": {},
      "initial_weight": 0.5,
      "final_weight": 0.5
    },
    "30643.114": {
      "votes": {},
      "initial_weight": 0.5,
      "final_weight": 0.5
    },
    "30643.116": {
      "votes": {},
      "initial_weight": 0.5,
      "final_weight": 0.6
    },
    "30643.197": {
      "votes": {},
      "initial_weight": 0.5,
      "final_weight": 0.4
    },
    "30643.11": {
      "votes": {},
      "initial_weight": 0.5,
      "final_weight": 0.75
    },
    "30643.29": {
      "votes": {},
      "initial_weight": 0.5,
      "final_weight": 0.5
    },
    "30643.142": {
      "votes": {},
      "initial_weight": 0.5,
      "final_weight": 0.4
    },
    "30643.144": {
      "votes": {},
      "initial_weight": 0.5,
      "final_weight": 0.6
    },
    "30643.173": {
      "votes": {},
      "initial_weight": 0.5,
      "final_weight": 0.5
    },
    "30643.160": {
      "votes": {},
      "initial_weight": 0.5,
      "final_weight": 0.4
    },
    "30643.162": {
      "votes": {},
      "initial_weight": 0.5,
      "final_weight": 0.4
    },
    "30643.122": {
      "votes": {},
      "initial_weight": 0.5,
      "final_weight": 0.5
    },
    "30643.177": {
      "votes": {},
      "initial_weight": 0.5,
      "final_weight": 0.5
    },
    "30643.179": {
      "votes": {},
      "initial_weight": 0.5,
      "final_weight": 0.5
    },
    "30643.186": {
      "votes": {},
      "initial_weight": 0.5,
      "final_weight": 0.5
    },
    "30643.110": {
      "votes": {},
      "initial_weight": 0.5,
      "final_weight": 0.5
    },
    "30643.112": {
      "votes": {},
      "initial_weight": 0.5,
      "final_weight": 0.5
    },
    "30643.47": {
      "votes": {},
      "initial_weight": 0.5,
      "final_weight": 0.5
    },
    "30643.53": {
      "votes": {},
      "initial_weight": 0.5,
      "final_weight": 0.5
    },
    "30643.49": {
      "votes": {},
      "initial_weight": 0.5,
      "final_weight": 0.6
    },
    "30643.206": {
      "votes": {},
      "initial_weight": 0.5,
      "final_weight": 0.6
    },
    "30643.170": {
      "votes": {},
      "initial_weight": 0.5,
      "final_weight": 0.5
    },
    "30643.166": {
      "votes": {},
      "initial_weight": 0.5,
      "final_weight": 0.6
    },
    "30643.13": {
      "votes": {},
      "initial_weight": 0.5,
      "final_weight": 0.6323529411764706
    },
    "30643.102": {
      "votes": {},
      "initial_weight": 0.5,
      "final_weight": 0.5
    },
    "30643.132": {
      "votes": {},
      "initial_weight": 0.5,
      "final_weight": 0.5
    },
    "30643.130": {
      "votes": {},
      "initial_weight": 0.5,
      "final_weight": 0.5
    },
    "30643.89": {
      "votes": {},
      "initial_weight": 0.5,
      "final_weight": 0.5
    },
    "30643.43": {
      "votes": {},
      "initial_weight": 0.5,
      "final_weight": 0.5
    },
    "30643.118": {
      "votes": {},
      "initial_weight": 0.5,
      "final_weight": 0.5
    },
    "30643.39": {
      "votes": {},
      "initial_weight": 0.5,
      "final_weight": 0.5
    },
    "30643.27": {
      "votes": {},
      "initial_weight": 0.5,
      "final_weight": 0.5
    },