{
  "nodes": {
    "31390.0": {
      "votes": {},
      "initial_weight": 0.5,
      "final_weight": 0.5
    },
    "31390.3": {
      "votes": {
        "2": 1,
        "0": 1
      },
      "initial_weight": 0.25,
      "final_weight": 0.4628517139970946
    },
    "31390.5": {
      "votes": {
        "4": 1,
        "0": 1
      },
      "initial_weight": 0.5,
      "final_weight": 0.47058823529411764
    },
    "31390.9": {
      "votes": {
        "1": 1,
        "4": 1
      },
      "initial_weight": 0.625,
      "final_weight": 0.3843882507541458
    },
    "31390.13": {
      "votes": {
        "4": 1,
        "1": 1
      },
      "initial_weight": 0.625,
      "final_weight": 0.6470588235294118
    },
    "31390.17": {
      "votes": {
        "4": 1
      },
      "initial_weight": 1.0,
      "final_weight": 0.9411764705882353
    },
    "31390.19": {
      "votes": {
        "3": 1,
        "4": 2
      },
      "initial_weight": 0.9166666666666666,
      "final_weight": 0.9583333333333333
    },
    "31390.21": {
      "votes": {
        "0": 1,
        "4": 1
      },
      "initial_weight": 0.5,
      "final_weight": 0.6
    },
    "31390.47": {
      "votes": {
        "1": 1
      },
      "initial_weight": 0.25,
      "final_weight": 0.16
    },
    "31390.55": {
      "votes": {
        "4": 1,
        "2": 1
      },
      "initial_weight": 0.75,
      "final_weight": 0.9230769230769231
    },
    "31390.61": {
      "votes": {
        "0": 1,
        "4": 1
      },
      "initial_weight": 0.5,
      "final_weight": 0.5294117647058824
    },
    "31390.63": {
      "votes": {
        "4": 1,
        "0": 1
      },
      "initial_weight": 0.5,
      "final_weight": 0.5
    },
    "31390.71": {
      "votes": {
        "1": 1
      },
      "initial_weight": 0.25,
      "final_weight": 0.660633484162896
    },
    "31390.98": {
      "votes": {},
      "initial_weight": 0.5,
      "final_weight": 0.5
    },
    "31390.11": {
      "votes": {
        "1": 1
      },
      "initial_weight": 0.25,
      "final_weight": 0.25
    },
    "31390.23": {
      "votes": {
        "1": 1
      },
      "initial_weight": 0.25,
      "final_weight": 0.25
    },
    "31390.25": {
      "votes": {
        "0": 1
      },
      "initial_weight": 0.0,
      "final_weight": 0.0
    },
    "31390.52": {
      "votes": {
        "1": 1
      },
      "initial_weight": 0.25,
      "final_weight": 0.4
    },
    "31390.15": {
      "votes": {
        "0": 1
      },
      "initial_weight": 0.0,
      "final_weight": 0.0
    },
    "31390.94": {
      "votes": {},
      "initial_weight": 0.5,
      "final_weight": 0.5
    },
    "31390.27": {
      "votes": {
        "3": 1
      },
      "initial_weight": 0.75,
      "final_weight": 0.75
    },
    "31390.29": {
      "votes": {
        "2": 1
      },
      "initial_weight": 0.5,
      "final_weight": 0.5
    },
    "31390.57": {
      "votes": {
        "1": 1
      },
      "initial_weight": 0.25,
      "final_weight": 0.25
    },
    "31390.35": {
      "votes": {
        "1": 1
      },
      "initial_weight": 0.25,
      "final_weight": 0.25
    },
    "31390.37": {
      "votes": {
        "3": 1
      },
      "initial_weight": 0.75,
      "final_weight": 0.75
    },
    "31390.81": {
      "votes": {
        "2": 1
      },
      "initial_weight": 0.5,
      "final_weight": 0.5
    },
    "31390.49": {
      "votes": {
        "1": 1
      },
      "initial_weight": 0.25,
      "final_weight": 0.25
    },
    "31390.59": {
      "votes": {
        "4": 1
      },
      "initial_weight": 1.0,
      "final_weight": 1.0
    },
    "31390.68": {
      "votes": {
        "4": 1
      },
      "initial_weight": 1.0,
      "final_weight": 1.0
    },
    "31390.88": {
      "votes": {},
      "initial_weight": 0.5,
      "final_weight": 0.5
    },
    "31390.79": {
      "votes": {
        "1": 1
      },
      "initial_weight": 0.25,
      "final_weight": 0.25
    },
    "31390.7": {
      "votes": {
        "0": 1
      },
      "initial_weight": 0.0,
      "final_weight": 0.0
    },
    "31390.76": {
      "votes": {
        "2": 1
      },
      "initial_weight": 0.5,
      "final_weight": 0.6
    },
    "31390.96": {
      "votes": {},
      "initial_weight": 0.5,
      "final_weight": 0.5
    },
    "31390.74": {
      "votes": {},
      "initial_weight": 0.5,
      "final_weight": 0.5
    },
    "31390.31": {
      "votes": {},
      "initial_weight": 0.5,
      "final_weight": 0.5
    },
    "31390.33": {
      "votes": {},
      "initial_weight": 0.5,
      "final_weight": 0.5
    },
    "31390.66": {
      "votes": {},
      "initial_weight": 0.5,
      "final_weight": 0.5
    }
  },
  "edges": {
    "31390.3": {
      "successor_id": "31390.0",
      "relation": 0.0
    },
    "31390.5": {
      "successor_id": "31390.3",
      "relation": -1.0
    },
    "31390.9": {
      "successor_id": "31390.3",
      "relation": 1.0
    },
    "31390.13": {
      "successor_id": "31390.3",
      "relation": 1.0
    },
    "31390.17": {
      "successor_id": "31390.9",
      "relation": -1.0
    },
    "31390.19": {
      "successor_id": "31390.3",
      "relation": -1.0
    },
    "31390.21": {
      "successor_id": "31390.3",
      "relation": 1.0
    },
    "31390.47": {
      "successor_id": "31390.3",
      "relation": 1.0
    },
    "31390.55": {
      "successor_id": "31390.3",
      "relation": -1.0
    },
    "31390.61": {
      "successor_id": "31390.3",
      "relation": 1.0
    },
    "31390.63": {
      "successor_id": "31390.3",
      "relation": 1.0
    },
    "31390.71": {
      "successor_id": "31390.3",
      "relation": 1.0
    },
    "31390.98": {
      "successor_id": "31390.3",
      "relation": -1.0
    },
    "31390.11": {
      "successor_id": "31390.5",
      "relation": -1.0
    },
    "31390.23": {
      "successor_id": "31390.9",
      "relation": 1.0
    },
    "31390.25": {
      "successor_id": "31390.9",
      "relation": 1.0
    },
    "31390.52": {
      "successor_id": "31390.9",
      "relation": 1.0
    },
    "31390.15": {
      "successor_id": "31390.9",
      "relation": -1.0
    },
    "31390.94": {
      "successor_id": "31390.9",
      "relation": -1.0
    },
    "31390.27": {
      "successor_id": "31390.13",
      "relation": 1.0
    },
    "31390.29": {
      "successor_id": "31390.13",
      "relation": -1.0
    },
    "31390.57": {
      "successor_id": "31390.17",
      "relation": -1.0
    },
    "31390.35": {
      "successor_id": "31390.19",
      "relation": 1.0
    },
    "31390.37": {
      "successor_id": "31390.19",
      "relation": 1.0
    },
    "31390.81": {
      "successor_id": "31390.21",
      "relation": 1.0
    },
    "31390.49": {
      "successor_id": "31390.47",
      "relation": 1.0
    },
    "31390.59": {
      "successor_id": "31390.47",
      "relation": -1.0
    },
    "31390.68": {
      "successor_id": "31390.55",
      "relation": 1.0
    },
    "31390.88": {
      "successor_id": "31390.55",
      "relation": 1.0
    },
    "31390.79": {
      "successor_id": "31390.61",
      "relation": 1.0
    },
    "31390.7": {
      "successor_id": "31390.63",
      "relation": 1.0
    },
    "31390.76": {
      "successor_id": "31390.71",
      "relation": 1.0
    },
    "31390.96": {
      "successor_id": "31390.71",
      "relation": 1.0
    },
    "31390.74": {
      "successor_id": "31390.52",
      "relation": 1.0
    },
    "31390.31": {
      "successor_id": "31390.29",
      "relation": 1.0
    },
    "31390.33": {
      "successor_id": "31390.29",
      "relation": -1.0
    },
    "31390.66": {
      "successor_id": "31390.76",
      "relation": 1.0
    }
  }
}