{
  "nodes": {
    "31434.0": {
      "votes": {},
      "initial_weight": 0.5,
      "final_weight": 0.5
    },
    "31434.3": {
      "votes": {
        "0": 1,
        "4": 1,
        "1": 1
      },
      "initial_weight": 0.4166666666666667,
      "final_weight": 0.06434410196223778
    },
    "31434.5": {
      "votes": {
        "4": 2,
        "1": 1
      },
      "initial_weight": 0.75,
      "final_weight": 0.9759481827649488
    },
    "31434.7": {
      "votes": {
        "0": 1,
        "4": 1,
        "3": 1
      },
      "initial_weight": 0.5833333333333334,
      "final_weight": 0.3733333333333334
    },
    "31434.9": {
      "votes": {
        "1": 1,
        "0": 1,
        "3": 1
      },
      "initial_weight": 0.3333333333333333,
      "final_weight": 0.331707964308223
    },
    "31434.11": {
      "votes": {
        "0": 1,
        "2": 1,
        "4": 1
      },
      "initial_weight": 0.5,
      "final_weight": 0.15384615384615385
    },
    "31434.52": {
      "votes": {
        "0": 1,
        "1": 2
      },
      "initial_weight": 0.16666666666666666,
      "final_weight": 0.2156862745098039
    },
    "31434.82": {
      "votes": {},
      "initial_weight": 0.5,
      "final_weight": 0.5
    },
    "31434.84": {
      "votes": {},
      "initial_weight": 0.5,
      "final_weight": 0.5
    },
    "31434.86": {
      "votes": {},
      "initial_weight": 0.5,
      "final_weight": 0.7237569060773481
    },
    "31434.17": {
      "votes": {
        "3": 1
      },
      "initial_weight": 0.75,
      "final_weight": 0.84
    },
    "31434.19": {
      "votes": {
        "4": 1,
        "3": 1
      },
      "initial_weight": 0.875,
      "final_weight": 0.875
    },
    "31434.21": {
      "votes": {
        "2": 1
      },
      "initial_weight": 0.5,
      "final_weight": 0.5
    },
    "31434.23": {
      "votes": {
        "4": 1
      },
      "initial_weight": 1.0,
      "final_weight": 1.0
    },
    "31434.25": {
      "votes": {
        "3": 1,
        "4": 1
      },
      "initial_weight": 0.875,
      "final_weight": 0.875
    },
    "31434.32": {
      "votes": {
        "3": 1,
        "4": 1
      },
      "initial_weight": 0.875,
      "final_weight": 0.875
    },
    "31434.34": {
      "votes": {
        "3": 2
      },
      "initial_weight": 0.75,
      "final_weight": 0.84
    },
    "31434.68": {
      "votes": {
        "3": 1
      },
      "initial_weight": 0.75,
      "final_weight": 0.75
    },
    "31434.70": {
      "votes": {
        "3": 1
      },
      "initial_weight": 0.75,
      "final_weight": 0.75
    },
    "31434.72": {
      "votes": {
        "3": 1
      },
      "initial_weight": 0.75,
      "final_weight": 0.6
    },
    "31434.78": {
      "votes": {
        "3": 1
      },
      "initial_weight": 0.75,
      "final_weight": 0.75
    },
    "31434.29": {
      "votes": {
        "1": 1
      },
      "initial_weight": 0.25,
      "final_weight": 0.25
    },
    "31434.38": {
      "votes": {
        "3": 1
      },
      "initial_weight": 0.75,
      "final_weight": 0.75
    },
    "31434.40": {
      "votes": {
        "2": 1
      },
      "initial_weight": 0.5,
      "final_weight": 0.5
    },
    "31434.48": {
      "votes": {
        "3": 1
      },
      "initial_weight": 0.75,
      "final_weight": 0.75
    },
    "31434.27": {
      "votes": {
        "4": 1
      },
      "initial_weight": 1.0,
      "final_weight": 1.0
    },
    "31434.50": {
      "votes": {
        "2": 1
      },
      "initial_weight": 0.5,
      "final_weight": 0.32
    },
    "31434.64": {
      "votes": {
        "3": 1
      },
      "initial_weight": 0.75,
      "final_weight": 0.75
    },
    "31434.13": {
      "votes": {
        "4": 1
      },
      "initial_weight": 1.0,
      "final_weight": 1.0
    },
    "31434.15": {
      "votes": {
        "4": 1
      },
      "initial_weight": 1.0,
      "final_weight": 1.0
    },
    "31434.42": {
      "votes": {
        "2": 1
      },
      "initial_weight": 0.5,
      "final_weight": 0.5
    },
    "31434.44": {
      "votes": {
        "3": 1
      },
      "initial_weight": 0.75,
      "final_weight": 0.75
    },
    "31434.46": {
      "votes": {
        "3": 1
      },
      "initial_weight": 0.75,
      "final_weight": 0.75
    },
    "31434.54": {
      "votes": {
        "3": 1
      },
      "initial_weight": 0.75,
      "final_weight": 0.75
    },
    "31434.56": {
      "votes": {
        "4": 1
      },
      "initial_weight": 1.0,
      "final_weight": 1.0
    },
    "31434.60": {
      "votes": {
        "3": 1
      },
      "initial_weight": 0.75,
      "final_weight": 0.75
    },
    "31434.62": {
      "votes": {
        "2": 1
      },
      "initial_weight": 0.5,
      "final_weight": 0.5
    },
    "31434.66": {
      "votes": {
        "1": 1
      },
      "initial_weight": 0.25,
      "final_weight": 0.25
    },
    "31434.88": {
      "votes": {},
      "initial_weight": 0.5,
      "final_weight": 0.5
    },
    "31434.90": {
      "votes": {},
      "initial_weight": 0.5,
      "final_weight": 0.5
    },
    "31434.92": {
      "votes": {},
      "initial_weight": 0.5,
      "final_weight": 0.5
    },
    "31434.94": {
      "votes": {},
      "initial_weight": 0.5,
      "final_weight": 0.5
    },
    "31434.96": {
      "votes": {},
      "initial_weight": 0.5,
      "final_weight": 0.4
    },
    "31434.98": {
      "votes": {},
      "initial_weight": 0.5,
      "final_weight": 0.5
    },
    "31434.74": {
      "votes": {
        "3": 1
      },
      "initial_weight": 0.75,
      "final_weight": 0.75
    },
    "31434.76": {
      "votes": {
        "3": 1
      },
      "initial_weight": 0.75,
      "final_weight": 0.75
    },
    "31434.80": {
      "votes": {},
      "initial_weight": 0.5,
      "final_weight": 0.5
    },
    "31434.58": {
      "votes": {
        "3": 1
      },
      "initial_weight": 0.75,
      "final_weight": 0.75
    },
    "31434.100": {
      "votes": {},
      "initial_weight": 0.5,
      "final_weight": 0.5
    }
  },
  "edges": {
    "31434.3": {
      "successor_id": "31434.0",
      "relation": 0.0
    },
    "31434.5": {
      "successor_id": "31434.0",
      "relation": 0.0
    },
    "31434.7": {
      "successor_id": "31434.0",
      "relation": 0.0
    },
    "31434.9": {
      "successor_id": "31434.0",
      "relation": 0.0
    },
    "31434.11": {
      "successor_id": "31434.0",
      "relation": 0.0
    },
    "31434.52": {
      "successor_id": "31434.0",
      "relation": 0.0
    },
    "31434.82": {
      "successor_id": "31434.0",
      "relation": 0.0
    },
    "31434.84": {
      "successor_id": "31434.0",
      "relation": 0.0
    },
    "31434.86": {
      "successor_id": "31434.0",
      "relation": 0.0
    },
    "31434.17": {
      "successor_id": "31434.3",
      "relation": -1.0
    },
    "31434.19": {
      "successor_id": "31434.3",
      "relation": -1.0
    },
    "31434.21": {
      "successor_id": "31434.3",
      "relation": -1.0
    },
    "31434.23": {
      "successor_id": "31434.3",
      "relation": -1.0
    },
    "31434.25": {
      "successor_id": "31434.3",
      "relation": 1.0
    },
    "31434.32": {
      "successor_id": "31434.5",
      "relation": 1.0
    },
    "31434.34": {
      "successor_id": "31434.5",
      "relation": 1.0
    },
    "31434.68": {
      "successor_id": "31434.5",
      "relation": 1.0
    },
    "31434.70": {
      "successor_id": "31434.5",
      "relation": 1.0
    },
    "31434.72": {
      "successor_id": "31434.5",
      "relation": 1.0
    },
    "31434.78": {
      "successor_id": "31434.5",
      "relation": -1.0
    },
    "31434.29": {
      "successor_id": "31434.7",
      "relation": -1.0
    },
    "31434.38": {
      "successor_id": "31434.7",
      "relation": 1.0
    },
    "31434.40": {
      "successor_id": "31434.7",
      "relation": -1.0
    },