{
  "nodes": {
    "31735.0": {
      "votes": {},
      "initial_weight": 0.5,
      "final_weight": 0.5
    },
    "31735.3": {
      "votes": {
        "4": 2
      },
      "initial_weight": 1.0,
      "final_weight": 1.0
    },
    "31735.7": {
      "votes": {
        "3": 2
      },
      "initial_weight": 0.75,
      "final_weight": 0.6946643621371786
    },
    "31735.11": {
      "votes": {
        "3": 1
      },
      "initial_weight": 0.75,
      "final_weight": 0.6
    },
    "31735.21": {
      "votes": {
        "2": 1,
        "3": 1
      },
      "initial_weight": 0.625,
      "final_weight": 0.7928176795580111
    },
    "31735.33": {
      "votes": {
        "3": 1,
        "4": 1
      },
      "initial_weight": 0.875,
      "final_weight": 0.9593995596886864
    },
    "31735.65": {
      "votes": {
        "3": 2
      },
      "initial_weight": 0.75,
      "final_weight": 0.7913421256788208
    },
    "31735.67": {
      "votes": {
        "4": 1,
        "2": 1
      },
      "initial_weight": 0.75,
      "final_weight": 0.9178954973890768
    },
    "31735.84": {
      "votes": {},
      "initial_weight": 0.5,
      "final_weight": 0.1216170042857439
    },
    "31735.99": {
      "votes": {
        "4": 1,
        "3": 1
      },
      "initial_weight": 0.875,
      "final_weight": 0.9
    },
    "31735.13": {
      "votes": {},
      "initial_weight": 0.5,
      "final_weight": 0.7177623478695627
    },
    "31735.15": {
      "votes": {},
      "initial_weight": 0.5,
      "final_weight": 0.5
    },
    "31735.43": {
      "votes": {
        "4": 1
      },
      "initial_weight": 1.0,
      "final_weight": 1.0
    },
    "31735.219": {
      "votes": {},
      "initial_weight": 0.5,
      "final_weight": 0.5
    },
    "31735.144": {
      "votes": {},
      "initial_weight": 0.5,
      "final_weight": 0.5
    },
    "31735.78": {
      "votes": {},
      "initial_weight": 0.5,
      "final_weight": 0.5
    },
    "31735.93": {
      "votes": {},
      "initial_weight": 0.5,
      "final_weight": 0.5
    },
    "31735.95": {
      "votes": {},
      "initial_weight": 0.5,
      "final_weight": 0.6
    },
    "31735.97": {
      "votes": {},
      "initial_weight": 0.5,
      "final_weight": 0.5
    },
    "31735.35": {
      "votes": {},
      "initial_weight": 0.5,
      "final_weight": 0.44179899578506737
    },
    "31735.17": {
      "votes": {},
      "initial_weight": 0.5,
      "final_weight": 0.5
    },
    "31735.61": {
      "votes": {},
      "initial_weight": 0.5,
      "final_weight": 0.5
    },
    "31735.129": {
      "votes": {},
      "initial_weight": 0.5,
      "final_weight": 0.6
    },
    "31735.146": {
      "votes": {},
      "initial_weight": 0.5,
      "final_weight": 0.6
    },
    "31735.170": {
      "votes": {},
      "initial_weight": 0.5,
      "final_weight": 0.5
    },
    "31735.74": {
      "votes": {},
      "initial_weight": 0.5,
      "final_weight": 0.6
    },
    "31735.121": {
      "votes": {},
      "initial_weight": 0.5,
      "final_weight": 0.5
    },
    "31735.126": {
      "votes": {},
      "initial_weight": 0.5,
      "final_weight": 0.75
    },
    "31735.164": {
      "votes": {},
      "initial_weight": 0.5,
      "final_weight": 0.25
    },
    "31735.156": {
      "votes": {},
      "initial_weight": 0.5,
      "final_weight": 0.6
    },
    "31735.91": {
      "votes": {},
      "initial_weight": 0.5,
      "final_weight": 0.5
    },
    "31735.175": {
      "votes": {},
      "initial_weight": 0.5,
      "final_weight": 0.1951219512195122
    },
    "31735.76": {
      "votes": {
        "2": 1
      },
      "initial_weight": 0.5,
      "final_weight": 0.5
    },
    "31735.123": {
      "votes": {},
      "initial_weight": 0.5,
      "final_weight": 0.5
    },
    "31735.138": {
      "votes": {},
      "initial_weight": 0.5,
      "final_weight": 0.6
    },
    "31735.150": {
      "votes": {},
      "initial_weight": 0.5,
      "final_weight": 0.6
    },
    "31735.9": {
      "votes": {
        "3": 1
      },
      "initial_weight": 0.75,
      "final_weight": 0.48
    },
    "31735.39": {
      "votes": {},
      "initial_weight": 0.5,
      "final_weight": 0.8629550780086828
    },
    "31735.87": {
      "votes": {
        "3": 2
      },
      "initial_weight": 0.75,
      "final_weight": 0.75
    },
    "31735.41": {
      "votes": {
        "1": 1,
        "3": 1
      },
      "initial_weight": 0.5,
      "final_weight": 0.48612154772777194
    },
    "31735.152": {
      "votes": {
        "3": 1
      },
      "initial_weight": 0.75,
      "final_weight": 0.75
    },
    "31735.154": {
      "votes": {
        "3": 1
      },
      "initial_weight": 0.75,
      "final_weight": 0.75
    },
    "31735.173": {
      "votes": {
        "3": 1
      },
      "initial_weight": 0.75,
      "final_weight": 0.75
    },
    "31735.198": {
      "votes": {},
      "initial_weight": 0.5,
      "final_weight": 0.75
    },
    "31735.213": {
      "votes": {
        "0": 1
      },
      "initial_weight": 0.0,
      "final_weight": 0.0
    },
    "31735.103": {
      "votes": {},
      "initial_weight": 0.5,
      "final_weight": 0.5
    },
    "31735.117": {
      "votes": {},
      "initial_weight": 0.5,
      "final_weight": 0.5
    },
    "31735.207": {
      "votes": {},
      "initial_weight": 0.5,
      "final_weight": 0.5
    },
    "31735.19": {
      "votes": {},
      "initial_weight": 0.5,
      "final_weight": 0.5
    },
    "31735.101": {
      "votes": {},
      "initial_weight": 0.5,
      "final_weight": 0.5
    },
    "31735.37": {
      "votes": {},
      "initial_weight": 0.5,
      "final_weight": 0.5
    },
    "31735.131": {
      "votes": {},
      "initial_weight": 0.5,
      "final_weight": 0.5
    },
    "31735.148": {
      "votes": {},
      "initial_weight": 0.5,
      "final_weight": 0.5
    },
    "31735.133": {
      "votes": {},
      "initial_weight": 0.5,
      "final_weight": 0.5
    },
    "31735.119": {
      "votes": {},
      "initial_weight": 0.5,
      "final_weight": 0.5
    },
    "31735.135": {
      "votes": {},
      "initial_weight": 0.5,
      "final_weight": 0.5
    },
    "31735.166": {
      "votes": {},
      "initial_weight": 0.5,
      "final_weight": 0.5
    },
    "31735.160": {
      "votes": {},
      "initial_weight": 0.5,
      "final_weight": 0.5
    },
    "31735.158": {
      "votes": {},
      "initial_weight": 0.5,
      "final_weight": 0.5
    },
    "31735.186": {
      "votes": {
        "3": 1
      },
      "initial_weight": 0.75,
      "final_weight": 0.75
    },
    "31735.211": {
      "votes": {},
      "initial_weight": 0.5,
      "final_weight": 0.5
    },
    "31735.140": {
      "votes": {},
      "initial_weight": 0.5,
      "final_weight": 0.5
    },
    "31735.162": {
      "votes": {},
      "initial_weight": 0.5,
      "final_weight": 0.5
    },
    "31735.31": {
      "votes": {},
      "initial_weight": 0.5,
      "final_weight": 0.5
    },
    "31735.59": {
      "votes": {},
      "initial_weight": 0.5,
      "final_weight": 0.5
    },
    "31735.188": {
      "votes": {},
      "initial_weight": 0.5,
      "final_weight": 0.75
    },
    "31735.45": {
      "votes": {},
      "initial_weight": 0.5,
      "final_weight": 0.6323529411764706
    },
    "31735.105": {
      "votes": {},
      "initial_weight": 0.5,
      "final_weight": 0.5
    },
    "31735.109": {
      "votes": {},
      "initial_weight": 0.5,
      "final_weight": 0.49504950495049505
    },
    "31735.51": {
      "votes": {},
      "initial_weight": 0.5,
      "final_weight": 0.4
    },
    "31735.80": {
      "votes": {},
      "initial_weight": 0.5,
      "final_weight": 0.5689655172413793
    },
    "31735.200": {
      "votes": {},
      "initial_weight": 0.5,
      "final_weight": 0.5
    },
    "31735.202": {
      "votes": {},
      "initial_weight": 0.5,
      "final_weight": 0.5
    },