{
  "nodes": {
    "31866.0": {
      "votes": {},
      "initial_weight": 0.5,
      "final_weight": 0.5
    },
    "31866.3": {
      "votes": {},
      "initial_weight": 0.5,
      "final_weight": 0.9731356452777749
    },
    "31866.5": {
      "votes": {
        "4": 1
      },
      "initial_weight": 1.0,
      "final_weight": 1.0
    },
    "31866.7": {
      "votes": {
        "2": 1,
        "4": 2
      },
      "initial_weight": 0.8333333333333334,
      "final_weight": 0.8933333333333333
    },
    "31866.9": {
      "votes": {
        "2": 1,
        "1": 1
      },
      "initial_weight": 0.375,
      "final_weight": 0.178359096313912
    },
    "31866.11": {
      "votes": {},
      "initial_weight": 0.5,
      "final_weight": 0.5783404361995488
    },
    "31866.13": {
      "votes": {},
      "initial_weight": 0.5,
      "final_weight": 0.7237569060773481
    },
    "31866.15": {
      "votes": {
        "4": 1,
        "0": 1,
        "1": 1
      },
      "initial_weight": 0.4166666666666667,
      "final_weight": 0.1431401684001981
    },
    "31866.17": {
      "votes": {
        "1": 1
      },
      "initial_weight": 0.25,
      "final_weight": 0.2
    },
    "31866.19": {
      "votes": {
        "3": 2
      },
      "initial_weight": 0.75,
      "final_weight": 0.7920997920997921
    },
    "31866.95": {
      "votes": {
        "3": 1
      },
      "initial_weight": 0.75,
      "final_weight": 0.9560101378360029
    },
    "31866.81": {
      "votes": {
        "0": 1,
        "3": 1
      },
      "initial_weight": 0.375,
      "final_weight": 0.3232758620689655
    },
    "31866.160": {
      "votes": {
        "0": 1
      },
      "initial_weight": 0.0,
      "final_weight": 0.0
    },
    "31866.205": {
      "votes": {
        "4": 1
      },
      "initial_weight": 1.0,
      "final_weight": 1.0
    },
    "31866.35": {
      "votes": {},
      "initial_weight": 0.5,
      "final_weight": 0.5
    },
    "31866.119": {
      "votes": {},
      "initial_weight": 0.5,
      "final_weight": 0.5
    },
    "31866.121": {
      "votes": {},
      "initial_weight": 0.5,
      "final_weight": 0.6
    },
    "31866.51": {
      "votes": {
        "3": 1
      },
      "initial_weight": 0.75,
      "final_weight": 0.75
    },
    "31866.53": {
      "votes": {},
      "initial_weight": 0.5,
      "final_weight": 0.4
    },
    "31866.71": {
      "votes": {
        "1": 1
      },
      "initial_weight": 0.25,
      "final_weight": 0.25
    },
    "31866.73": {
      "votes": {},
      "initial_weight": 0.5,
      "final_weight": 0.4
    },
    "31866.138": {
      "votes": {},
      "initial_weight": 0.5,
      "final_weight": 0.5
    },
    "31866.110": {
      "votes": {},
      "initial_weight": 0.5,
      "final_weight": 0.5
    },
    "31866.112": {
      "votes": {},
      "initial_weight": 0.5,
      "final_weight": 0.5
    },
    "31866.136": {
      "votes": {},
      "initial_weight": 0.5,
      "final_weight": 0.5689655172413793
    },
    "31866.27": {
      "votes": {
        "4": 2
      },
      "initial_weight": 1.0,
      "final_weight": 1.0
    },
    "31866.29": {
      "votes": {},
      "initial_weight": 0.5,
      "final_weight": 0.6
    },
    "31866.186": {
      "votes": {
        "4": 1
      },
      "initial_weight": 1.0,
      "final_weight": 1.0
    },
    "31866.226": {
      "votes": {},
      "initial_weight": 0.5,
      "final_weight": 0.5
    },
    "31866.25": {
      "votes": {
        "4": 1
      },
      "initial_weight": 1.0,
      "final_weight": 1.0
    },
    "31866.37": {
      "votes": {},
      "initial_weight": 0.5,
      "final_weight": 0.36764705882352944
    },
    "31866.103": {
      "votes": {},
      "initial_weight": 0.5,
      "final_weight": 0.75
    },
    "31866.55": {
      "votes": {
        "2": 1
      },
      "initial_weight": 0.5,
      "final_weight": 0.5
    },
    "31866.57": {
      "votes": {
        "1": 2
      },
      "initial_weight": 0.25,
      "final_weight": 0.25
    },
    "31866.59": {
      "votes": {
        "3": 1
      },
      "initial_weight": 0.75,
      "final_weight": 0.75
    },
    "31866.61": {
      "votes": {
        "2": 2
      },
      "initial_weight": 0.5,
      "final_weight": 0.5
    },
    "31866.31": {
      "votes": {},
      "initial_weight": 0.5,
      "final_weight": 0.5
    },
    "31866.63": {
      "votes": {},
      "initial_weight": 0.5,
      "final_weight": 0.5
    },
    "31866.101": {
      "votes": {},
      "initial_weight": 0.5,
      "final_weight": 0.5
    },
    "31866.146": {
      "votes": {
        "3": 1
      },
      "initial_weight": 0.75,
      "final_weight": 0.75
    },
    "31866.197": {
      "votes": {},
      "initial_weight": 0.5,
      "final_weight": 0.4
    },
    "31866.201": {
      "votes": {},
      "initial_weight": 0.5,
      "final_weight": 0.6
    },
    "31866.97": {
      "votes": {},
      "initial_weight": 0.5,
      "final_weight": 0.6718781298826169
    },
    "31866.99": {
      "votes": {},
      "initial_weight": 0.5,
      "final_weight": 0.39217538260291096
    },
    "31866.148": {
      "votes": {},
      "initial_weight": 0.5,
      "final_weight": 0.6
    },
    "31866.152": {
      "votes": {},
      "initial_weight": 0.5,
      "final_weight": 0.5
    },
    "31866.108": {
      "votes": {
        "3": 1
      },
      "initial_weight": 0.75,
      "final_weight": 0.75
    },
    "31866.21": {
      "votes": {},
      "initial_weight": 0.5,
      "final_weight": 0.2262443438914027
    },
    "31866.156": {
      "votes": {
        "1": 1
      },
      "initial_weight": 0.25,
      "final_weight": 0.25
    },
    "31866.158": {
      "votes": {
        "2": 1
      },
      "initial_weight": 0.5,
      "final_weight": 0.5
    },
    "31866.212": {
      "votes": {},
      "initial_weight": 0.5,
      "final_weight": 0.6
    },
    "31866.162": {
      "votes": {
        "0": 1
      },
      "initial_weight": 0.0,
      "final_weight": 0.5475113122171946
    },
    "31866.218": {
      "votes": {
        "4": 1
      },
      "initial_weight": 1.0,
      "final_weight": 1.0
    },
    "31866.188": {
      "votes": {},
      "initial_weight": 0.5,
      "final_weight": 0.75
    },
    "31866.228": {
      "votes": {},
      "initial_weight": 0.5,
      "final_weight": 0.6253215659329663
    },
    "31866.125": {
      "votes": {},
      "initial_weight": 0.5,
      "final_weight": 0.5
    },
    "31866.69": {
      "votes": {},
      "initial_weight": 0.5,
      "final_weight": 0.5
    },
    "31866.75": {
      "votes": {},
      "initial_weight": 0.5,
      "final_weight": 0.5
    },
    "31866.174": {
      "votes": {},
      "initial_weight": 0.5,
      "final_weight": 0.5
    },
    "31866.176": {
      "votes": {},
      "initial_weight": 0.5,
      "final_weight": 0.5
    },
    "31866.178": {
      "votes": {},
      "initial_weight": 0.5,
      "final_weight": 0.4
    },
    "31866.49": {
      "votes": {
        "3": 1
      },
      "initial_weight": 0.75,
      "final_weight": 0.875
    },
    "31866.87": {
      "votes": {
        "2": 1
      },
      "initial_weight": 0.5,
      "final_weight": 0.5689655172413793
    },
    "31866.77": {
      "votes": {},
      "initial_weight": 0.5,
      "final_weight": 0.5
    },
    "31866.79": {
      "votes": {},
      "initial_weight": 0.5,
      "final_weight": 0.5
    },
    "31866.216": {
      "votes": {},
      "initial_weight": 0.5,
      "final_weight": 0.5
    },
    "31866.224": {
      "votes": {},
      "initial_weight": 0.5,
      "final_weight": 0.5
    },
    "31866.45": {
      "votes": {},
      "initial_weight": 0.5,
      "final_weight": 0.5
    },
    "31866.33": {
      "votes": {},
      "initial_weight": 0.5,
      "final_weight": 0.5
    },
    "31866.182": {
      "votes": {},
      "initial_weight": 0.5,
      "final_weight": 0.6
    },
    "31866.106": {
      "votes": {},