{
  "nodes": {
    "32033.0": {
      "votes": {},
      "initial_weight": 0.5,
      "final_weight": 0.5
    },
    "32033.3": {
      "votes": {
        "2": 1
      },
      "initial_weight": 0.5,
      "final_weight": 0.26501609521557373
    },
    "32033.5": {
      "votes": {
        "4": 1
      },
      "initial_weight": 1.0,
      "final_weight": 0.8
    },
    "32033.7": {
      "votes": {
        "4": 1
      },
      "initial_weight": 1.0,
      "final_weight": 1.0
    },
    "32033.9": {
      "votes": {
        "2": 1
      },
      "initial_weight": 0.5,
      "final_weight": 0.48667752440771944
    },
    "32033.11": {
      "votes": {
        "1": 1
      },
      "initial_weight": 0.25,
      "final_weight": 0.25
    },
    "32033.15": {
      "votes": {
        "3": 1
      },
      "initial_weight": 0.75,
      "final_weight": 0.2403559263793189
    },
    "32033.23": {
      "votes": {},
      "initial_weight": 0.5,
      "final_weight": 0.7097242380261248
    },
    "32033.43": {
      "votes": {
        "1": 1,
        "3": 1
      },
      "initial_weight": 0.5,
      "final_weight": 0.30487804878048774
    },
    "32033.71": {
      "votes": {
        "3": 1
      },
      "initial_weight": 0.75,
      "final_weight": 0.75
    },
    "32033.13": {
      "votes": {
        "2": 1
      },
      "initial_weight": 0.5,
      "final_weight": 0.5
    },
    "32033.29": {
      "votes": {
        "2": 1
      },
      "initial_weight": 0.5,
      "final_weight": 0.4913921360255048
    },
    "32033.77": {
      "votes": {},
      "initial_weight": 0.5,
      "final_weight": 0.3259402121504339
    },
    "32033.17": {
      "votes": {},
      "initial_weight": 0.5,
      "final_weight": 0.19585573892082325
    },
    "32033.31": {
      "votes": {
        "2": 1
      },
      "initial_weight": 0.5,
      "final_weight": 0.4
    },
    "32033.49": {
      "votes": {
        "4": 1
      },
      "initial_weight": 1.0,
      "final_weight": 0.7352941176470589
    },
    "32033.60": {
      "votes": {
        "1": 1
      },
      "initial_weight": 0.25,
      "final_weight": 0.125
    },
    "32033.27": {
      "votes": {
        "1": 1
      },
      "initial_weight": 0.25,
      "final_weight": 0.25
    },
    "32033.93": {
      "votes": {
        "2": 1
      },
      "initial_weight": 0.5,
      "final_weight": 0.6
    },
    "32033.68": {
      "votes": {
        "4": 2
      },
      "initial_weight": 1.0,
      "final_weight": 0.8
    },
    "32033.41": {
      "votes": {},
      "initial_weight": 0.5,
      "final_weight": 0.5
    },
    "32033.85": {
      "votes": {},
      "initial_weight": 0.5,
      "final_weight": 0.36764705882352944
    },
    "32033.79": {
      "votes": {
        "3": 1
      },
      "initial_weight": 0.75,
      "final_weight": 0.23076923076923084
    },
    "32033.97": {
      "votes": {},
      "initial_weight": 0.5,
      "final_weight": 0.5
    },
    "32033.19": {
      "votes": {},
      "initial_weight": 0.5,
      "final_weight": 0.8461538461538461
    },
    "32033.64": {
      "votes": {},
      "initial_weight": 0.5,
      "final_weight": 0.4
    },
    "32033.33": {
      "votes": {},
      "initial_weight": 0.5,
      "final_weight": 0.5
    },
    "32033.51": {
      "votes": {},
      "initial_weight": 0.5,
      "final_weight": 0.6
    },
    "32033.62": {
      "votes": {},
      "initial_weight": 0.5,
      "final_weight": 0.5
    },
    "32033.75": {
      "votes": {},
      "initial_weight": 0.5,
      "final_weight": 0.5
    },
    "32033.95": {
      "votes": {},
      "initial_weight": 0.5,
      "final_weight": 0.5
    },
    "32033.47": {
      "votes": {},
      "initial_weight": 0.5,
      "final_weight": 0.5
    },
    "32033.88": {
      "votes": {},
      "initial_weight": 0.5,
      "final_weight": 0.6
    },
    "32033.81": {
      "votes": {
        "4": 1
      },
      "initial_weight": 1.0,
      "final_weight": 1.0
    },
    "32033.83": {
      "votes": {},
      "initial_weight": 0.5,
      "final_weight": 0.5
    },
    "32033.35": {
      "votes": {},
      "initial_weight": 0.5,
      "final_weight": 0.5
    },
    "32033.37": {
      "votes": {},
      "initial_weight": 0.5,
      "final_weight": 0.5
    },
    "32033.39": {
      "votes": {},
      "initial_weight": 0.5,
      "final_weight": 0.5
    },
    "32033.66": {
      "votes": {},
      "initial_weight": 0.5,
      "final_weight": 0.5
    },
    "32033.53": {
      "votes": {},
      "initial_weight": 0.5,
      "final_weight": 0.5
    },
    "32033.55": {
      "votes": {},
      "initial_weight": 0.5,
      "final_weight": 0.5
    },
    "32033.58": {
      "votes": {},
      "initial_weight": 0.5,
      "final_weight": 0.5
    },
    "32033.90": {
      "votes": {},
      "initial_weight": 0.5,
      "final_weight": 0.5
    }
  },
  "edges": {
    "32033.3": {
      "successor_id": "32033.0",
      "relation": 0.0
    },
    "32033.5": {
      "successor_id": "32033.3",
      "relation": 1.0
    },
    "32033.7": {
      "successor_id": "32033.3",
      "relation": 1.0
    },
    "32033.9": {
      "successor_id": "32033.3",
      "relation": -1.0
    },
    "32033.11": {
      "successor_id": "32033.3",
      "relation": -1.0
    },
    "32033.15": {
      "successor_id": "32033.3",
      "relation": -1.0
    },
    "32033.23": {
      "successor_id": "32033.3",
      "relation": -1.0
    },
    "32033.43": {
      "successor_id": "32033.3",
      "relation": -1.0
    },
    "32033.71": {
      "successor_id": "32033.3",
      "relation": -1.0
    },
    "32033.13": {
      "successor_id": "32033.5",
      "relation": -1.0
    },
    "32033.29": {
      "successor_id": "32033.9",
      "relation": -1.0
    },
    "32033.77": {
      "successor_id": "32033.9",
      "relation": 1.0
    },
    "32033.17": {
      "successor_id": "32033.15",
      "relation": -1.0
    },
    "32033.31": {
      "successor_id": "32033.15",
      "relation": -1.0
    },
    "32033.49": {
      "successor_id": "32033.15",
      "relation": -1.0
    },
    "32033.60": {
      "successor_id": "32033.15",
      "relation": -1.0
    },
    "32033.27": {
      "successor_id": "32033.23",
      "relation": 1.0
    },
    "32033.93": {
      "successor_id": "32033.23",
      "relation": 1.0
    },
    "32033.68": {
      "successor_id": "32033.43",
      "relation": -1.0
    },
    "32033.41": {
      "successor_id": "32033.29",
      "relation": -1.0
    },
    "32033.85": {
      "successor_id": "32033.29",
      "relation": 1.0
    },
    "32033.79": {
      "successor_id": "32033.77",
      "relation": -1.0
    },
    "32033.97": {
      "successor_id": "32033.77",
      "relation": -1.0
    },
    "32033.19": {
      "successor_id": "32033.17",
      "relation": -1.0
    },
    "32033.64": {
      "successor_id": "32033.17",
      "relation": -1.0
    },
    "32033.33": {
      "successor_id": "32033.31",
      "relation": -1.0
    },
    "32033.51": {
      "successor_id": "32033.49",
      "relation": -1.0
    },
    "32033.62": {
      "successor_id": "32033.60",
      "relation": -1.0
    },
    "32033.75": {
      "successor_id": "32033.60",
      "relation": -1.0
    },
    "32033.95": {
      "successor_id": "32033.93",
      "relation": 1.0
    },
    "32033.47": {
      "successor_id": "32033.68",
      "relation": -1.0
    },
    "32033.88": {
      "successor_id": "32033.85",
      "relation": -1.0
    },
    "32033.81": {
      "successor_id": "32033.79",
      "relation": -1.0
    },
    "32033.83": {
      "successor_id": "32033.79",
      "relation": -1.0
    },
    "32033.35": {
      "successor_id": "32033.19",
      "relation": 1.0
    },
    "32033.37": {
      "successor_id": "32033.19",
      "relation": 1.0
    },
    "32033.39": {
      "successor_id": "32033.19",
      "relation": 1.0
    },
    "32033.66": {
      "successor_id": "32033.64",
      "relation": -1.0
    },