{
  "nodes": {
    "32815.0": {
      "votes": {},
      "initial_weight": 0.5,
      "final_weight": 0.5
    },
    "32815.3": {
      "votes": {
        "3": 1
      },
      "initial_weight": 0.75,
      "final_weight": 0.8626766733586677
    },
    "32815.5": {
      "votes": {
        "0": 1,
        "4": 1
      },
      "initial_weight": 0.5,
      "final_weight": 0.756171898811338
    },
    "32815.13": {
      "votes": {
        "4": 1,
        "2": 1
      },
      "initial_weight": 0.75,
      "final_weight": 0.8503457563126927
    },
    "32815.44": {
      "votes": {
        "4": 1
      },
      "initial_weight": 1.0,
      "final_weight": 1.0
    },
    "32815.7": {
      "votes": {
        "4": 1,
        "3": 1
      },
      "initial_weight": 0.875,
      "final_weight": 0.875
    },
    "32815.9": {
      "votes": {
        "3": 1
      },
      "initial_weight": 0.75,
      "final_weight": 0.1499999999999999
    },
    "32815.25": {
      "votes": {
        "1": 1,
        "4": 1
      },
      "initial_weight": 0.625,
      "final_weight": 0.625
    },
    "32815.29": {
      "votes": {},
      "initial_weight": 0.5,
      "final_weight": 0.5
    },
    "32815.31": {
      "votes": {
        "4": 1
      },
      "initial_weight": 1.0,
      "final_weight": 0.6938511948446622
    },
    "32815.11": {
      "votes": {
        "4": 2
      },
      "initial_weight": 1.0,
      "final_weight": 1.0
    },
    "32815.33": {
      "votes": {
        "4": 1
      },
      "initial_weight": 1.0,
      "final_weight": 1.0
    },
    "32815.35": {
      "votes": {},
      "initial_weight": 0.5,
      "final_weight": 0.5
    },
    "32815.39": {
      "votes": {},
      "initial_weight": 0.5,
      "final_weight": 0.5
    },
    "32815.15": {
      "votes": {},
      "initial_weight": 0.5,
      "final_weight": 0.6642523723488241
    },
    "32815.17": {
      "votes": {
        "4": 1,
        "1": 1
      },
      "initial_weight": 0.625,
      "final_weight": 0.449438202247191
    },
    "32815.19": {
      "votes": {
        "3": 1
      },
      "initial_weight": 0.75,
      "final_weight": 0.75
    },
    "32815.21": {
      "votes": {
        "0": 1,
        "4": 1
      },
      "initial_weight": 0.5,
      "final_weight": 0.5
    },
    "32815.42": {
      "votes": {},
      "initial_weight": 0.5,
      "final_weight": 0.5
    },
    "32815.27": {
      "votes": {
        "2": 1,
        "3": 1
      },
      "initial_weight": 0.625,
      "final_weight": 0.625
    }
  },
  "edges": {
    "32815.3": {
      "successor_id": "32815.0",
      "relation": 0.0
    },
    "32815.5": {
      "successor_id": "32815.3",
      "relation": 1.0
    },
    "32815.13": {
      "successor_id": "32815.3",
      "relation": -1.0
    },
    "32815.44": {
      "successor_id": "32815.3",
      "relation": 1.0
    },
    "32815.7": {
      "successor_id": "32815.5",
      "relation": 1.0
    },
    "32815.9": {
      "successor_id": "32815.5",
      "relation": 1.0
    },
    "32815.25": {
      "successor_id": "32815.13",
      "relation": 1.0
    },
    "32815.29": {
      "successor_id": "32815.13",
      "relation": -1.0
    },
    "32815.31": {
      "successor_id": "32815.13",
      "relation": 1.0
    },
    "32815.11": {
      "successor_id": "32815.9",
      "relation": -1.0
    },
    "32815.33": {
      "successor_id": "32815.9",
      "relation": -1.0
    },
    "32815.35": {
      "successor_id": "32815.31",
      "relation": 1.0
    },
    "32815.39": {
      "successor_id": "32815.31",
      "relation": -1.0
    },
    "32815.15": {
      "successor_id": "32815.31",
      "relation": -1.0
    },
    "32815.17": {
      "successor_id": "32815.15",
      "relation": 1.0
    },
    "32815.19": {
      "successor_id": "32815.15",
      "relation": -1.0
    },
    "32815.21": {
      "successor_id": "32815.15",
      "relation": 1.0
    },
    "32815.42": {
      "successor_id": "32815.15",
      "relation": 1.0
    },
    "32815.27": {
      "successor_id": "32815.17",
      "relation": -1.0
    }
  }
}