{
  "nodes": {
    "32840.0": {
      "votes": {},
      "initial_weight": 0.5,
      "final_weight": 0.5
    },
    "32840.3": {
      "votes": {
        "4": 4,
        "3": 1,
        "1": 1
      },
      "initial_weight": 0.8333333333333334,
      "final_weight": 0.9859387731273566
    },
    "32840.5": {
      "votes": {
        "1": 1,
        "4": 5,
        "0": 1,
        "2": 1
      },
      "initial_weight": 0.71875,
      "final_weight": 0.6403118040089087
    },
    "32840.7": {
      "votes": {
        "3": 1,
        "2": 1,
        "0": 1,
        "1": 1,
        "4": 4
      },
      "initial_weight": 0.6875,
      "final_weight": 0.18884120171673818
    },
    "32840.11": {
      "votes": {
        "1": 2,
        "4": 6,
        "2": 1
      },
      "initial_weight": 0.7777777777777778,
      "final_weight": 0.4977777777777778
    },
    "32840.13": {
      "votes": {
        "3": 1,
        "0": 1,
        "2": 2
      },
      "initial_weight": 0.4375,
      "final_weight": 0.3835616438356164
    },
    "32840.21": {
      "votes": {
        "3": 1,
        "2": 1,
        "0": 1,
        "1": 1,
        "4": 1
      },
      "initial_weight": 0.5,
      "final_weight": 0.47058823529411764
    },
    "32840.23": {
      "votes": {
        "3": 3,
        "1": 1,
        "4": 2,
        "0": 1,
        "2": 1
      },
      "initial_weight": 0.625,
      "final_weight": 0.625
    },
    "32840.25": {
      "votes": {
        "3": 2,
        "4": 4,
        "0": 1,
        "2": 1
      },
      "initial_weight": 0.75,
      "final_weight": 0.84
    },
    "32840.27": {
      "votes": {
        "3": 1,
        "4": 2,
        "0": 2,
        "2": 2
      },
      "initial_weight": 0.5357142857142857,
      "final_weight": 0.616314818610371
    },
    "32840.35": {
      "votes": {
        "3": 1,
        "2": 1,
        "0": 1,
        "1": 1,
        "4": 1
      },
      "initial_weight": 0.5,
      "final_weight": 0.3595505617977528
    },
    "32840.45": {
      "votes": {
        "0": 2,
        "1": 1
      },
      "initial_weight": 0.08333333333333333,
      "final_weight": 0.08333333333333333
    },
    "32840.47": {
      "votes": {
        "3": 2,
        "4": 1,
        "0": 1
      },
      "initial_weight": 0.625,
      "final_weight": 0.5164992826398852
    },
    "32840.71": {
      "votes": {},
      "initial_weight": 0.5,
      "final_weight": 0.5
    },
    "32840.39": {
      "votes": {
        "4": 1,
        "3": 1,
        "2": 1
      },
      "initial_weight": 0.75,
      "final_weight": 0.75
    },
    "32840.43": {
      "votes": {
        "1": 1,
        "4": 1
      },
      "initial_weight": 0.625,
      "final_weight": 0.4
    },
    "32840.31": {
      "votes": {
        "3": 1,
        "2": 1
      },
      "initial_weight": 0.625,
      "final_weight": 0.625
    },
    "32840.37": {
      "votes": {
        "2": 1
      },
      "initial_weight": 0.5,
      "final_weight": 0.5
    },
    "32840.65": {
      "votes": {
        "2": 1
      },
      "initial_weight": 0.5,
      "final_weight": 0.5
    },
    "32840.29": {
      "votes": {
        "4": 2,
        "3": 1,
        "1": 1
      },
      "initial_weight": 0.75,
      "final_weight": 0.75
    },
    "32840.15": {
      "votes": {
        "4": 1,
        "3": 1,
        "2": 1
      },
      "initial_weight": 0.75,
      "final_weight": 0.375
    },
    "32840.41": {
      "votes": {
        "1": 1
      },
      "initial_weight": 0.25,
      "final_weight": 0.25
    },
    "32840.67": {
      "votes": {
        "3": 1
      },
      "initial_weight": 0.75,
      "final_weight": 0.75
    },
    "32840.33": {
      "votes": {
        "3": 1,
        "2": 1,
        "0": 1
      },
      "initial_weight": 0.4166666666666667,
      "final_weight": 0.4166666666666667
    },
    "32840.17": {
      "votes": {
        "4": 1,
        "3": 1
      },
      "initial_weight": 0.875,
      "final_weight": 0.875
    },
    "32840.51": {
      "votes": {
        "1": 1,
        "4": 1
      },
      "initial_weight": 0.625,
      "final_weight": 0.625
    },
    "32840.49": {
      "votes": {
        "3": 1,
        "0": 1
      },
      "initial_weight": 0.375,
      "final_weight": 0.375
    },
    "32840.53": {
      "votes": {
        "3": 1,
        "4": 2
      },
      "initial_weight": 0.9166666666666666,
      "final_weight": 0.9166666666666666
    },
    "32840.69": {
      "votes": {
        "4": 1
      },
      "initial_weight": 1.0,
      "final_weight": 1.0
    },
    "32840.63": {
      "votes": {
        "3": 1
      },
      "initial_weight": 0.75,
      "final_weight": 0.75
    },
    "32840.61": {
      "votes": {
        "4": 1
      },
      "initial_weight": 1.0,
      "final_weight": 1.0
    }
  },
  "edges": {
    "32840.3": {
      "successor_id": "32840.0",
      "relation": 0.0
    },
    "32840.5": {
      "successor_id": "32840.3",
      "relation": 1.0
    },
    "32840.7": {
      "successor_id": "32840.3",
      "relation": 1.0
    },
    "32840.11": {
      "successor_id": "32840.3",
      "relation": 1.0
    },
    "32840.13": {
      "successor_id": "32840.3",
      "relation": -1.0
    },
    "32840.21": {
      "successor_id": "32840.3",
      "relation": -1.0
    },
    "32840.23": {
      "successor_id": "32840.3",
      "relation": 1.0
    },
    "32840.25": {
      "successor_id": "32840.3",
      "relation": 1.0
    },
    "32840.27": {
      "successor_id": "32840.3",
      "relation": 1.0
    },
    "32840.35": {
      "successor_id": "32840.3",
      "relation": -1.0
    },
    "32840.45": {
      "successor_id": "32840.3",
      "relation": 1.0
    },
    "32840.47": {
      "successor_id": "32840.3",
      "relation": 1.0
    },
    "32840.71": {
      "successor_id": "32840.3",
      "relation": 1.0
    },
    "32840.39": {
      "successor_id": "32840.5",
      "relation": -1.0
    },
    "32840.43": {
      "successor_id": "32840.5",
      "relation": 1.0
    },
    "32840.31": {
      "successor_id": "32840.7",
      "relation": -1.0
    },
    "32840.37": {
      "successor_id": "32840.7",
      "relation": -1.0
    },
    "32840.65": {
      "successor_id": "32840.7",
      "relation": -1.0
    },
    "32840.29": {
      "successor_id": "32840.11",
      "relation": -1.0
    },
    "32840.15": {
      "successor_id": "32840.13",
      "relation": -1.0
    },
    "32840.41": {
      "successor_id": "32840.21",
      "relation": -1.0
    },
    "32840.67": {
      "successor_id": "32840.25",
      "relation": 1.0
    },
    "32840.33": {
      "successor_id": "32840.27",
      "relation": -1.0
    },
    "32840.17": {
      "successor_id": "32840.27",
      "relation": 1.0
    },
    "32840.51": {
      "successor_id": "32840.35",
      "relation": -1.0
    },
    "32840.49": {
      "successor_id": "32840.47",
      "relation": -1.0
    },
    "32840.53": {
      "successor_id": "32840.47",
      "relation": 1.0
    },
    "32840.69": {
      "successor_id": "32840.47",
      "relation": -1.0
    },
    "32840.63": {
      "successor_id": "32840.43",
      "relation": -1.0
    },
    "32840.61": {
      "successor_id": "32840.15",
      "relation": -1.0
    }
  }
}