{
  "nodes": {
    "3344.0": {
      "votes": {},
      "initial_weight": 0.5,
      "final_weight": 0.5
    },
    "3344.1": {
      "votes": {
        "1": 3,
        "4": 2,
        "0": 1,
        "2": 2
      },
      "initial_weight": 0.46875,
      "final_weight": 0.8801058354223523
    },
    "3344.79": {
      "votes": {
        "1": 1,
        "0": 2,
        "4": 3
      },
      "initial_weight": 0.5416666666666666,
      "final_weight": 0.07586163379144106
    },
    "3344.82": {
      "votes": {
        "1": 2,
        "4": 1,
        "0": 1
      },
      "initial_weight": 0.375,
      "final_weight": 0.5890362721099931
    },
    "3344.5": {
      "votes": {
        "4": 3,
        "2": 1,
        "3": 1
      },
      "initial_weight": 0.85,
      "final_weight": 0.920242889504153
    },
    "3344.28": {
      "votes": {
        "4": 2,
        "2": 1,
        "3": 1
      },
      "initial_weight": 0.8125,
      "final_weight": 0.8290932122106991
    },
    "3344.61": {
      "votes": {
        "2": 2,
        "4": 1,
        "3": 1
      },
      "initial_weight": 0.6875,
      "final_weight": 0.726027397260274
    },
    "3344.63": {
      "votes": {
        "3": 1,
        "4": 1,
        "0": 2,
        "2": 1
      },
      "initial_weight": 0.45,
      "final_weight": 0.4694889141938509
    },
    "3344.67": {
      "votes": {
        "3": 1,
        "4": 4,
        "2": 1
      },
      "initial_weight": 0.875,
      "final_weight": 0.9423513277646178
    },
    "3344.278": {
      "votes": {
        "4": 1
      },
      "initial_weight": 1.0,
      "final_weight": 1.0
    },
    "3344.286": {
      "votes": {},
      "initial_weight": 0.5,
      "final_weight": 0.5689655172413793
    },
    "3344.8": {
      "votes": {
        "3": 1
      },
      "initial_weight": 0.75,
      "final_weight": 0.375
    },
    "3344.10": {
      "votes": {
        "4": 1,
        "3": 1
      },
      "initial_weight": 0.875,
      "final_weight": 0.9375
    },
    "3344.27": {
      "votes": {
        "4": 1
      },
      "initial_weight": 1.0,
      "final_weight": 1.0
    },
    "3344.117": {
      "votes": {
        "1": 1
      },
      "initial_weight": 0.25,
      "final_weight": 0.39736239547736296
    },
    "3344.118": {
      "votes": {},
      "initial_weight": 0.5,
      "final_weight": 0.8370734988382047
    },
    "3344.81": {
      "votes": {
        "1": 1,
        "4": 1
      },
      "initial_weight": 0.625,
      "final_weight": 0.4595588235294118
    },
    "3344.36": {
      "votes": {
        "4": 1
      },
      "initial_weight": 1.0,
      "final_weight": 1.0
    },
    "3344.123": {
      "votes": {
        "1": 1,
        "4": 1
      },
      "initial_weight": 0.625,
      "final_weight": 0.8514164162307679
    },
    "3344.128": {
      "votes": {
        "4": 2,
        "3": 1
      },
      "initial_weight": 0.9166666666666666,
      "final_weight": 0.62974094747388
    },
    "3344.130": {
      "votes": {
        "4": 1,
        "1": 1
      },
      "initial_weight": 0.625,
      "final_weight": 0.5
    },
    "3344.34": {
      "votes": {
        "2": 1,
        "3": 1
      },
      "initial_weight": 0.625,
      "final_weight": 0.5
    },
    "3344.18": {
      "votes": {
        "4": 1
      },
      "initial_weight": 1.0,
      "final_weight": 1.0
    },
    "3344.24": {
      "votes": {
        "4": 2
      },
      "initial_weight": 1.0,
      "final_weight": 1.0
    },
    "3344.25": {
      "votes": {
        "1": 1,
        "4": 2
      },
      "initial_weight": 0.75,
      "final_weight": 0.9384615384615385
    },
    "3344.37": {
      "votes": {},
      "initial_weight": 0.5,
      "final_weight": 0.4383561643835616
    },
    "3344.185": {
      "votes": {
        "4": 1
      },
      "initial_weight": 1.0,
      "final_weight": 1.0
    },
    "3344.56": {
      "votes": {
        "4": 1,
        "0": 1
      },
      "initial_weight": 0.5,
      "final_weight": 0.5634085172349422
    },
    "3344.184": {
      "votes": {
        "3": 1,
        "4": 1
      },
      "initial_weight": 0.875,
      "final_weight": 0.875
    },
    "3344.72": {
      "votes": {
        "4": 1,
        "3": 1
      },
      "initial_weight": 0.875,
      "final_weight": 0.875
    },
    "3344.134": {
      "votes": {
        "4": 1
      },
      "initial_weight": 1.0,
      "final_weight": 0.8
    },
    "3344.47": {
      "votes": {
        "3": 1,
        "1": 1
      },
      "initial_weight": 0.5,
      "final_weight": 0.5
    },
    "3344.66": {
      "votes": {
        "3": 1,
        "4": 2
      },
      "initial_weight": 0.9166666666666666,
      "final_weight": 0.7333333333333333
    },
    "3344.155": {
      "votes": {
        "4": 1,
        "3": 1
      },
      "initial_weight": 0.875,
      "final_weight": 0.875
    },
    "3344.181": {
      "votes": {
        "4": 1
      },
      "initial_weight": 1.0,
      "final_weight": 1.0
    },
    "3344.191": {
      "votes": {
        "4": 1
      },
      "initial_weight": 1.0,
      "final_weight": 0.8
    },
    "3344.41": {
      "votes": {
        "2": 1,
        "4": 1
      },
      "initial_weight": 0.75,
      "final_weight": 0.7058823529411765
    },
    "3344.4": {
      "votes": {
        "4": 1
      },
      "initial_weight": 1.0,
      "final_weight": 1.0
    },
    "3344.23": {
      "votes": {
        "3": 1
      },
      "initial_weight": 0.75,
      "final_weight": 0.875
    },
    "3344.29": {
      "votes": {},
      "initial_weight": 0.5,
      "final_weight": 0.6
    },
    "3344.282": {
      "votes": {},
      "initial_weight": 0.5,
      "final_weight": 0.5
    },
    "3344.288": {
      "votes": {},
      "initial_weight": 0.5,
      "final_weight": 0.4
    },
    "3344.52": {
      "votes": {
        "4": 2
      },
      "initial_weight": 1.0,
      "final_weight": 1.0
    },
    "3344.116": {
      "votes": {
        "4": 1
      },
      "initial_weight": 1.0,
      "final_weight": 1.0
    },
    "3344.45": {
      "votes": {
        "0": 1
      },
      "initial_weight": 0.0,
      "final_weight": 0.0
    },
    "3344.49": {
      "votes": {
        "1": 1
      },
      "initial_weight": 0.25,
      "final_weight": 0.25
    },
    "3344.19": {
      "votes": {
        "1": 1
      },
      "initial_weight": 0.25,
      "final_weight": 0.24449877750611246
    },
    "3344.38": {
      "votes": {},
      "initial_weight": 0.5,
      "final_weight": 0.5
    },
    "3344.175": {
      "votes": {},
      "initial_weight": 0.5,
      "final_weight": 0.5
    },
    "3344.6": {
      "votes": {},
      "initial_weight": 0.5,
      "final_weight": 0.4467338019622415
    },
    "3344.129": {
      "votes": {
        "1": 1
      },
      "initial_weight": 0.25,
      "final_weight": 0.25
    },
    "3344.131": {
      "votes": {},
      "initial_weight": 0.5,
      "final_weight": 0.6
    },
    "3344.188": {
      "votes": {
        "4": 1,
        "1": 1
      },
      "initial_weight": 0.625,
      "final_weight": 0.625
    },
    "3344.132": {
      "votes": {},
      "initial_weight": 0.5,
      "final_weight": 0.5
    },
    "3344.133": {
      "votes": {
        "4": 1
      },
      "initial_weight": 1.0,
      "final_weight": 1.0
    },
    "3344.196": {
      "votes": {},
      "initial_weight": 0.5,
      "final_weight": 0.5
    },
    "3344.70": {
      "votes": {
        "4": 1
      },
      "initial_weight": 1.0,
      "final_weight": 1.0
    },
    "3344.190": {
      "votes": {
        "4": 1
      },
      "initial_weight": 1.0,
      "final_weight": 1.0
    },
    "3344.194": {
      "votes": {
        "4": 1
      },
      "initial_weight": 1.0,
      "final_weight": 1.0
    },
    "3344.198": {
      "votes": {
        "1": 1
      },
      "initial_weight": 0.25,
      "final_weight": 0.25
    },
    "3344.57": {
      "votes": {
        "4": 3
      },
      "initial_weight": 1.0,