{
  "nodes": {
    "33794.0": {
      "votes": {},
      "initial_weight": 0.5,
      "final_weight": 0.5
    },
    "33794.3": {
      "votes": {
        "3": 2,
        "2": 1
      },
      "initial_weight": 0.6666666666666666,
      "final_weight": 0.343271977456289
    },
    "33794.9": {
      "votes": {
        "2": 1,
        "0": 1,
        "4": 3
      },
      "initial_weight": 0.7,
      "final_weight": 0.8079999999999999
    },
    "33794.11": {
      "votes": {
        "1": 1,
        "2": 1
      },
      "initial_weight": 0.375,
      "final_weight": 0.372580290837808
    },
    "33794.13": {
      "votes": {
        "4": 2,
        "2": 2
      },
      "initial_weight": 0.75,
      "final_weight": 0.4531599111279162
    },
    "33794.15": {
      "votes": {
        "4": 2,
        "0": 1,
        "3": 1
      },
      "initial_weight": 0.6875,
      "final_weight": 0.9418902116984288
    },
    "33794.49": {
      "votes": {
        "1": 1,
        "2": 1
      },
      "initial_weight": 0.375,
      "final_weight": 0.7788549741481856
    },
    "33794.55": {
      "votes": {
        "2": 1,
        "4": 1
      },
      "initial_weight": 0.75,
      "final_weight": 0.7678697905595074
    },
    "33794.39": {
      "votes": {
        "2": 1
      },
      "initial_weight": 0.5,
      "final_weight": 0.5
    },
    "33794.7": {
      "votes": {
        "4": 1
      },
      "initial_weight": 1.0,
      "final_weight": 0.8
    },
    "33794.81": {
      "votes": {},
      "initial_weight": 0.5,
      "final_weight": 0.75
    },
    "33794.85": {
      "votes": {},
      "initial_weight": 0.5,
      "final_weight": 0.5
    },
    "33794.115": {
      "votes": {
        "2": 1
      },
      "initial_weight": 0.5,
      "final_weight": 0.6
    },
    "33794.131": {
      "votes": {},
      "initial_weight": 0.5,
      "final_weight": 0.6
    },
    "33794.171": {
      "votes": {},
      "initial_weight": 0.5,
      "final_weight": 0.4
    },
    "33794.177": {
      "votes": {},
      "initial_weight": 0.5,
      "final_weight": 0.5
    },
    "33794.19": {
      "votes": {
        "4": 1
      },
      "initial_weight": 1.0,
      "final_weight": 0.64
    },
    "33794.67": {
      "votes": {
        "2": 1
      },
      "initial_weight": 0.5,
      "final_weight": 0.5294117647058824
    },
    "33794.90": {
      "votes": {},
      "initial_weight": 0.5,
      "final_weight": 0.25
    },
    "33794.96": {
      "votes": {
        "4": 1
      },
      "initial_weight": 1.0,
      "final_weight": 1.0
    },
    "33794.17": {
      "votes": {
        "2": 1
      },
      "initial_weight": 0.5,
      "final_weight": 0.4093484419263456
    },
    "33794.41": {
      "votes": {
        "4": 1
      },
      "initial_weight": 1.0,
      "final_weight": 1.0
    },
    "33794.72": {
      "votes": {
        "4": 1
      },
      "initial_weight": 1.0,
      "final_weight": 1.0
    },
    "33794.111": {
      "votes": {},
      "initial_weight": 0.5,
      "final_weight": 0.6
    },
    "33794.121": {
      "votes": {
        "4": 2
      },
      "initial_weight": 1.0,
      "final_weight": 1.0
    },
    "33794.77": {
      "votes": {
        "4": 1
      },
      "initial_weight": 1.0,
      "final_weight": 1.0
    },
    "33794.79": {
      "votes": {
        "4": 1
      },
      "initial_weight": 1.0,
      "final_weight": 1.0
    },
    "33794.88": {
      "votes": {},
      "initial_weight": 0.5,
      "final_weight": 0.6
    },
    "33794.155": {
      "votes": {
        "4": 1
      },
      "initial_weight": 1.0,
      "final_weight": 0.3076923076923077
    },
    "33794.214": {
      "votes": {
        "4": 1
      },
      "initial_weight": 1.0,
      "final_weight": 1.0
    },
    "33794.74": {
      "votes": {
        "3": 1
      },
      "initial_weight": 0.75,
      "final_weight": 0.6
    },
    "33794.33": {
      "votes": {},
      "initial_weight": 0.5,
      "final_weight": 0.8394334444731866
    },
    "33794.29": {
      "votes": {},
      "initial_weight": 0.5,
      "final_weight": 0.7168141592920354
    },
    "33794.119": {
      "votes": {
        "4": 1
      },
      "initial_weight": 1.0,
      "final_weight": 1.0
    },
    "33794.167": {
      "votes": {},
      "initial_weight": 0.5,
      "final_weight": 0.1951219512195122
    },
    "33794.51": {
      "votes": {
        "2": 1
      },
      "initial_weight": 0.5,
      "final_weight": 0.5
    },
    "33794.5": {
      "votes": {
        "4": 1
      },
      "initial_weight": 1.0,
      "final_weight": 1.0
    },
    "33794.25": {
      "votes": {
        "4": 1,
        "3": 1,
        "2": 1
      },
      "initial_weight": 0.75,
      "final_weight": 0.6225441413760864
    },
    "33794.109": {
      "votes": {},
      "initial_weight": 0.5,
      "final_weight": 0.5
    },
    "33794.163": {
      "votes": {},
      "initial_weight": 0.5,
      "final_weight": 0.4
    },
    "33794.157": {
      "votes": {},
      "initial_weight": 0.5,
      "final_weight": 0.5
    },
    "33794.212": {
      "votes": {},
      "initial_weight": 0.5,
      "final_weight": 0.5
    },
    "33794.83": {
      "votes": {},
      "initial_weight": 0.5,
      "final_weight": 0.5
    },
    "33794.21": {
      "votes": {},
      "initial_weight": 0.5,
      "final_weight": 0.5
    },
    "33794.117": {
      "votes": {},
      "initial_weight": 0.5,
      "final_weight": 0.5
    },
    "33794.134": {
      "votes": {},
      "initial_weight": 0.5,
      "final_weight": 0.5
    },
    "33794.137": {
      "votes": {},
      "initial_weight": 0.5,
      "final_weight": 0.5
    },
    "33794.139": {
      "votes": {},
      "initial_weight": 0.5,
      "final_weight": 0.5
    },
    "33794.217": {
      "votes": {},
      "initial_weight": 0.5,
      "final_weight": 0.5
    },
    "33794.187": {
      "votes": {},
      "initial_weight": 0.5,
      "final_weight": 0.5
    },
    "33794.23": {
      "votes": {
        "3": 1
      },
      "initial_weight": 0.75,
      "final_weight": 0.75
    },
    "33794.98": {
      "votes": {},
      "initial_weight": 0.5,
      "final_weight": 0.75
    },
    "33794.100": {
      "votes": {},
      "initial_weight": 0.5,
      "final_weight": 0.5
    },
    "33794.102": {
      "votes": {},
      "initial_weight": 0.5,
      "final_weight": 0.5
    },
    "33794.92": {
      "votes": {
        "4": 1
      },
      "initial_weight": 1.0,
      "final_weight": 1.0
    },
    "33794.129": {
      "votes": {},
      "initial_weight": 0.5,
      "final_weight": 0.47058823529411764
    },
    "33794.127": {
      "votes": {
        "4": 1
      },
      "initial_weight": 1.0,
      "final_weight": 1.0
    },
    "33794.159": {
      "votes": {},
      "initial_weight": 0.5,
      "final_weight": 0.5
    },
    "33794.161": {
      "votes": {},
      "initial_weight": 0.5,
      "final_weight": 0.5
    },
    "33794.210": {
      "votes": {},
      "initial_weight": 0.5,
      "final_weight": 0.5
    },
    "33794.143": {
      "votes": {
        "4": 1
      },
      "initial_weight": 1.0,
      "final_weight": 1.0
    },
    "33794.113": {
      "votes": {},
      "initial_weight": 0.5,
      "final_weight": 0.5
    },
    "33794.123": {
      "votes": {
        "4": 1
      },
      "initial_weight": 1.0,
      "final_weight": 1.0
    },
    "33794.219": {
      "votes": {},
      "initial_weight": 0.5,
      "final_weight": 0.5
    },
    "33794.221": {
      "votes": {},
      "initial_weight": 0.5,
      "final_weight": 0.5
    },
    "33794.223": {
      "votes": {},
      "initial_weight": 0.5,
      "final_weight": 0.5
    },
    "33794.53": {
      "votes": {
        "4": 1
      },
      "initial_weight": 1.0,
      "final_weight": 1.0
    },
    "33794.35": {
      "votes": {},
      "initial_weight": 0.5,
      "final_weight": 0.5
    },
    "33794.37": {
      "votes": {
        "4": 1
      },
      "initial_weight": 1.0,