{
  "nodes": {
    "33850.0": {
      "votes": {},
      "initial_weight": 0.5,
      "final_weight": 0.5
    },
    "33850.3": {
      "votes": {
        "0": 5,
        "4": 2
      },
      "initial_weight": 0.2857142857142857,
      "final_weight": 0.041885833081810625
    },
    "33850.5": {
      "votes": {
        "0": 2,
        "3": 1
      },
      "initial_weight": 0.25,
      "final_weight": 0.05243105950653121
    },
    "33850.7": {
      "votes": {
        "1": 2,
        "4": 1
      },
      "initial_weight": 0.5,
      "final_weight": 0.75
    },
    "33850.9": {
      "votes": {
        "4": 1,
        "0": 2
      },
      "initial_weight": 0.3333333333333333,
      "final_weight": 0.035975267003934774
    },
    "33850.15": {
      "votes": {
        "4": 3,
        "2": 1
      },
      "initial_weight": 0.875,
      "final_weight": 0.9375
    },
    "33850.21": {
      "votes": {
        "1": 1,
        "4": 1,
        "0": 1
      },
      "initial_weight": 0.4166666666666667,
      "final_weight": 0.013101695359379495
    },
    "33850.33": {
      "votes": {
        "1": 1,
        "2": 1,
        "4": 2
      },
      "initial_weight": 0.6875,
      "final_weight": 0.986737400530504
    },
    "33850.93": {
      "votes": {
        "0": 2,
        "3": 1
      },
      "initial_weight": 0.25,
      "final_weight": 0.16
    },
    "33850.146": {
      "votes": {
        "0": 2
      },
      "initial_weight": 0.0,
      "final_weight": 0.0
    },
    "33850.75": {
      "votes": {
        "4": 3
      },
      "initial_weight": 1.0,
      "final_weight": 1.0
    },
    "33850.77": {
      "votes": {
        "4": 4
      },
      "initial_weight": 1.0,
      "final_weight": 0.9411764705882353
    },
    "33850.55": {
      "votes": {
        "4": 1
      },
      "initial_weight": 1.0,
      "final_weight": 1.0
    },
    "33850.45": {
      "votes": {
        "1": 1
      },
      "initial_weight": 0.25,
      "final_weight": 0.125
    },
    "33850.47": {
      "votes": {
        "4": 1
      },
      "initial_weight": 1.0,
      "final_weight": 1.0
    },
    "33850.57": {
      "votes": {
        "4": 1
      },
      "initial_weight": 1.0,
      "final_weight": 1.0
    },
    "33850.116": {
      "votes": {
        "4": 3
      },
      "initial_weight": 1.0,
      "final_weight": 1.0
    },
    "33850.41": {
      "votes": {
        "4": 1
      },
      "initial_weight": 1.0,
      "final_weight": 1.0
    },
    "33850.23": {
      "votes": {
        "4": 1
      },
      "initial_weight": 1.0,
      "final_weight": 1.0
    },
    "33850.25": {
      "votes": {
        "4": 1
      },
      "initial_weight": 1.0,
      "final_weight": 1.0
    },
    "33850.27": {
      "votes": {
        "0": 1
      },
      "initial_weight": 0.0,
      "final_weight": 0.0
    },
    "33850.49": {
      "votes": {
        "4": 1
      },
      "initial_weight": 1.0,
      "final_weight": 1.0
    },
    "33850.81": {
      "votes": {
        "4": 3
      },
      "initial_weight": 1.0,
      "final_weight": 1.0
    },
    "33850.86": {
      "votes": {
        "1": 1
      },
      "initial_weight": 0.25,
      "final_weight": 0.25
    },
    "33850.11": {
      "votes": {
        "1": 1
      },
      "initial_weight": 0.25,
      "final_weight": 0.2
    },
    "33850.131": {
      "votes": {
        "4": 1
      },
      "initial_weight": 1.0,
      "final_weight": 1.0
    },
    "33850.138": {
      "votes": {
        "4": 2
      },
      "initial_weight": 1.0,
      "final_weight": 1.0
    },
    "33850.53": {
      "votes": {
        "4": 2
      },
      "initial_weight": 1.0,
      "final_weight": 1.0
    },
    "33850.95": {
      "votes": {
        "3": 1,
        "4": 1
      },
      "initial_weight": 0.875,
      "final_weight": 0.875
    },
    "33850.13": {
      "votes": {
        "3": 1,
        "4": 1
      },
      "initial_weight": 0.875,
      "final_weight": 0.875
    },
    "33850.120": {
      "votes": {
        "4": 2
      },
      "initial_weight": 1.0,
      "final_weight": 1.0
    },
    "33850.136": {
      "votes": {
        "4": 1
      },
      "initial_weight": 1.0,
      "final_weight": 1.0
    },
    "33850.100": {
      "votes": {},
      "initial_weight": 0.5,
      "final_weight": 0.5
    },
    "33850.110": {
      "votes": {
        "4": 2
      },
      "initial_weight": 1.0,
      "final_weight": 1.0
    },
    "33850.112": {
      "votes": {
        "2": 1
      },
      "initial_weight": 0.5,
      "final_weight": 0.5
    },
    "33850.114": {
      "votes": {
        "1": 1
      },
      "initial_weight": 0.25,
      "final_weight": 0.25
    },
    "33850.127": {
      "votes": {
        "4": 1
      },
      "initial_weight": 1.0,
      "final_weight": 1.0
    },
    "33850.148": {
      "votes": {
        "4": 2
      },
      "initial_weight": 1.0,
      "final_weight": 1.0
    },
    "33850.79": {
      "votes": {
        "2": 1
      },
      "initial_weight": 0.5,
      "final_weight": 0.25
    },
    "33850.59": {
      "votes": {
        "4": 1
      },
      "initial_weight": 1.0,
      "final_weight": 1.0
    },
    "33850.118": {
      "votes": {
        "4": 1
      },
      "initial_weight": 1.0,
      "final_weight": 1.0
    },
    "33850.123": {
      "votes": {
        "4": 1
      },
      "initial_weight": 1.0,
      "final_weight": 1.0
    },
    "33850.83": {
      "votes": {},
      "initial_weight": 0.5,
      "final_weight": 0.5
    },
    "33850.31": {
      "votes": {},
      "initial_weight": 0.5,
      "final_weight": 0.5
    },
    "33850.37": {
      "votes": {},
      "initial_weight": 0.5,
      "final_weight": 0.25
    },
    "33850.65": {
      "votes": {},
      "initial_weight": 0.5,
      "final_weight": 0.5
    },
    "33850.67": {
      "votes": {},
      "initial_weight": 0.5,
      "final_weight": 0.4
    },
    "33850.71": {
      "votes": {},
      "initial_weight": 0.5,
      "final_weight": 0.5
    },
    "33850.73": {
      "votes": {},
      "initial_weight": 0.5,
      "final_weight": 0.5
    },
    "33850.19": {
      "votes": {},
      "initial_weight": 0.5,
      "final_weight": 0.5
    },
    "33850.90": {
      "votes": {
        "4": 1
      },
      "initial_weight": 1.0,
      "final_weight": 1.0
    },
    "33850.153": {
      "votes": {},
      "initial_weight": 0.5,
      "final_weight": 0.5
    },
    "33850.129": {
      "votes": {
        "4": 1
      },
      "initial_weight": 1.0,
      "final_weight": 1.0
    },
    "33850.61": {
      "votes": {
        "4": 1
      },
      "initial_weight": 1.0,
      "final_weight": 1.0
    },
    "33850.51": {
      "votes": {},
      "initial_weight": 0.5,
      "final_weight": 0.5
    },
    "33850.63": {
      "votes": {},
      "initial_weight": 0.5,
      "final_weight": 0.5
    },
    "33850.69": {
      "votes": {},
      "initial_weight": 0.5,
      "final_weight": 0.5
    }
  },
  "edges": {
    "33850.3": {
      "successor_id": "33850.0",
      "relation": 0.0
    },
    "33850.5": {
      "successor_id": "33850.3",
      "relation": 1.0
    },
    "33850.7": {
      "successor_id": "33850.3",
      "relation": -1.0
    },
    "33850.9": {
      "successor_id": "33850.3",
      "relation": 1.0
    },
    "33850.15": {
      "successor_id": "33850.3",
      "relation": -1.0
    },
    "33850.21": {
      "successor_id": "33850.3",
      "relation": 1.0
    },
    "33850.33": {
      "successor_id": "33850.3",
      "relation": -1.0
    },
    "33850.93": {
      "successor_id": "33850.3",
      "relation": 1.0
    },
    "33850.146": {
      "successor_id": "33850.3",
      "relation": 1.0
    },
    "33850.75": {
      "successor_id": "33850.5",
      "relation": -1.0
    },
    "33850.77": {
      "successor_id": "33850.5",
      "relation": -1.0
    },
    "33850.55": {
      "successor_id": "33850.7",
      "relation": 1.0
    },