{
  "nodes": {
    "34313.0": {
      "votes": {},
      "initial_weight": 0.5,
      "final_weight": 0.5
    },
    "34313.3": {
      "votes": {
        "2": 1,
        "0": 10
      },
      "initial_weight": 0.045454545454545456,
      "final_weight": 0.00874750496995002
    },
    "34313.5": {
      "votes": {
        "2": 1,
        "0": 4,
        "1": 1
      },
      "initial_weight": 0.125,
      "final_weight": 0.035112359550561786
    },
    "34313.9": {
      "votes": {
        "1": 1,
        "0": 4,
        "4": 1
      },
      "initial_weight": 0.20833333333333334,
      "final_weight": 0.11169848496103821
    },
    "34313.11": {
      "votes": {
        "0": 3,
        "2": 1
      },
      "initial_weight": 0.125,
      "final_weight": 0.125
    },
    "34313.17": {
      "votes": {
        "1": 1,
        "2": 2
      },
      "initial_weight": 0.4166666666666667,
      "final_weight": 0.3202948929588876
    },
    "34313.85": {
      "votes": {
        "4": 4
      },
      "initial_weight": 1.0,
      "final_weight": 1.0
    },
    "34313.148": {
      "votes": {
        "4": 3
      },
      "initial_weight": 1.0,
      "final_weight": 1.0
    },
    "34313.15": {
      "votes": {},
      "initial_weight": 0.5,
      "final_weight": 0.6
    },
    "34313.51": {
      "votes": {
        "4": 1
      },
      "initial_weight": 1.0,
      "final_weight": 1.0
    },
    "34313.120": {
      "votes": {
        "0": 1
      },
      "initial_weight": 0.0,
      "final_weight": 0.0
    },
    "34313.220": {
      "votes": {
        "0": 1
      },
      "initial_weight": 0.0,
      "final_weight": 0.0
    },
    "34313.13": {
      "votes": {},
      "initial_weight": 0.5,
      "final_weight": 0.25
    },
    "34313.21": {
      "votes": {
        "2": 1,
        "1": 1
      },
      "initial_weight": 0.375,
      "final_weight": 0.14634146341463417
    },
    "34313.59": {
      "votes": {
        "4": 1
      },
      "initial_weight": 1.0,
      "final_weight": 0.9411764705882353
    },
    "34313.98": {
      "votes": {
        "1": 1
      },
      "initial_weight": 0.25,
      "final_weight": 0.23529411764705882
    },
    "34313.39": {
      "votes": {},
      "initial_weight": 0.5,
      "final_weight": 0.6
    },
    "34313.37": {
      "votes": {},
      "initial_weight": 0.5,
      "final_weight": 0.5
    },
    "34313.160": {
      "votes": {
        "4": 2
      },
      "initial_weight": 1.0,
      "final_weight": 1.0
    },
    "34313.47": {
      "votes": {},
      "initial_weight": 0.5,
      "final_weight": 0.5
    },
    "34313.290": {
      "votes": {},
      "initial_weight": 0.5,
      "final_weight": 0.5
    },
    "34313.19": {
      "votes": {},
      "initial_weight": 0.5,
      "final_weight": 0.5
    },
    "34313.33": {
      "votes": {
        "3": 1
      },
      "initial_weight": 0.75,
      "final_weight": 0.5514705882352942
    },
    "34313.126": {
      "votes": {
        "4": 1
      },
      "initial_weight": 1.0,
      "final_weight": 1.0
    },
    "34313.130": {
      "votes": {},
      "initial_weight": 0.5,
      "final_weight": 0.6
    },
    "34313.136": {
      "votes": {},
      "initial_weight": 0.5,
      "final_weight": 0.5
    },
    "34313.140": {
      "votes": {},
      "initial_weight": 0.5,
      "final_weight": 0.5
    },
    "34313.43": {
      "votes": {},
      "initial_weight": 0.5,
      "final_weight": 0.5
    },
    "34313.146": {
      "votes": {},
      "initial_weight": 0.5,
      "final_weight": 0.6
    },
    "34313.192": {
      "votes": {},
      "initial_weight": 0.5,
      "final_weight": 0.6
    },
    "34313.196": {
      "votes": {},
      "initial_weight": 0.5,
      "final_weight": 0.4012733157208061
    },
    "34313.198": {
      "votes": {
        "0": 2
      },
      "initial_weight": 0.0,
      "final_weight": 0.0
    },
    "34313.200": {
      "votes": {},
      "initial_weight": 0.5,
      "final_weight": 0.5
    },
    "34313.177": {
      "votes": {
        "3": 1,
        "4": 1
      },
      "initial_weight": 0.875,
      "final_weight": 0.9858597285067874
    },
    "34313.181": {
      "votes": {},
      "initial_weight": 0.5,
      "final_weight": 0.6
    },
    "34313.162": {
      "votes": {},
      "initial_weight": 0.5,
      "final_weight": 0.5
    },
    "34313.53": {
      "votes": {},
      "initial_weight": 0.5,
      "final_weight": 0.5
    },
    "34313.164": {
      "votes": {},
      "initial_weight": 0.5,
      "final_weight": 0.5
    },
    "34313.288": {
      "votes": {},
      "initial_weight": 0.5,
      "final_weight": 0.5
    },
    "34313.158": {
      "votes": {
        "4": 1
      },
      "initial_weight": 1.0,
      "final_weight": 1.0
    },
    "34313.49": {
      "votes": {
        "4": 2
      },
      "initial_weight": 1.0,
      "final_weight": 1.0
    },
    "34313.116": {
      "votes": {},
      "initial_weight": 0.5,
      "final_weight": 0.5
    },
    "34313.208": {
      "votes": {},
      "initial_weight": 0.5,
      "final_weight": 0.5
    },
    "34313.210": {
      "votes": {},
      "initial_weight": 0.5,
      "final_weight": 0.25
    },
    "34313.319": {
      "votes": {},
      "initial_weight": 0.5,
      "final_weight": 0.5
    },
    "34313.75": {
      "votes": {},
      "initial_weight": 0.5,
      "final_weight": 0.5
    },
    "34313.204": {
      "votes": {},
      "initial_weight": 0.5,
      "final_weight": 0.5
    },
    "34313.206": {
      "votes": {},
      "initial_weight": 0.5,
      "final_weight": 0.5
    },
    "34313.100": {
      "votes": {},
      "initial_weight": 0.5,
      "final_weight": 0.5
    },
    "34313.313": {
      "votes": {},
      "initial_weight": 0.5,
      "final_weight": 0.75
    },
    "34313.41": {
      "votes": {},
      "initial_weight": 0.5,
      "final_weight": 0.5
    },
    "34313.132": {
      "votes": {},
      "initial_weight": 0.5,
      "final_weight": 0.5
    },
    "34313.216": {
      "votes": {},
      "initial_weight": 0.5,
      "final_weight": 0.5
    },
    "34313.218": {
      "votes": {},
      "initial_weight": 0.5,
      "final_weight": 0.5
    },
    "34313.134": {
      "votes": {},
      "initial_weight": 0.5,
      "final_weight": 0.5
    },
    "34313.212": {
      "votes": {},
      "initial_weight": 0.5,
      "final_weight": 0.5
    },
    "34313.214": {
      "votes": {},
      "initial_weight": 0.5,
      "final_weight": 0.5
    },
    "34313.112": {
      "votes": {},
      "initial_weight": 0.5,
      "final_weight": 0.5
    },
    "34313.110": {
      "votes": {},
      "initial_weight": 0.5,
      "final_weight": 0.5
    },
    "34313.89": {
      "votes": {},
      "initial_weight": 0.5,
      "final_weight": 0.6
    },
    "34313.128": {
      "votes": {
        "4": 2
      },
      "initial_weight": 1.0,
      "final_weight": 1.0
    },
    "34313.325": {
      "votes": {},
      "initial_weight": 0.5,
      "final_weight": 0.5
    },
    "34313.138": {
      "votes": {},
      "initial_weight": 0.5,
      "final_weight": 0.5
    },
    "34313.156": {
      "votes": {},
      "initial_weight": 0.5,
      "final_weight": 0.5
    },
    "34313.310": {
      "votes": {},
      "initial_weight": 0.5,
      "final_weight": 0.5
    },
    "34313.194": {
      "votes": {},
      "initial_weight": 0.5,
      "final_weight": 0.5
    },
    "34313.45": {
      "votes": {},
      "initial_weight": 0.5,
      "final_weight": 0.4960176557767377
    },
    "34313.202": {
      "votes": {},
      "initial_weight": 0.5,
      "final_weight": 0.5
    },
    "34313.242": {
      "votes": {},
      "initial_weight": 0.5,
      "final_weight": 0.6
    },
    "34313.150": {
      "votes": {},
      "initial_weight": 0.5,
      "final_weight": 0.5
    },
    "34313.232": {
      "votes": {},
      "initial_weight": 0.5,
      "final_weight": 0.6
    },
    "34313.256": {
      "votes": {},
      "initial_weight": 0.5,