{
  "nodes": {
    "34468.0": {
      "votes": {},
      "initial_weight": 0.5,
      "final_weight": 0.5
    },
    "34468.3": {
      "votes": {},
      "initial_weight": 0.5,
      "final_weight": 0.47434551858936885
    },
    "34468.13": {
      "votes": {},
      "initial_weight": 0.5,
      "final_weight": 0.6799999999999999
    },
    "34468.15": {
      "votes": {},
      "initial_weight": 0.5,
      "final_weight": 0.25
    },
    "34468.52": {
      "votes": {},
      "initial_weight": 0.5,
      "final_weight": 0.49504950495049505
    },
    "34468.66": {
      "votes": {},
      "initial_weight": 0.5,
      "final_weight": 0.5783404361995488
    },
    "34468.103": {
      "votes": {},
      "initial_weight": 0.5,
      "final_weight": 0.7737556561085973
    },
    "34468.105": {
      "votes": {},
      "initial_weight": 0.5,
      "final_weight": 0.499994706604851
    },
    "34468.135": {
      "votes": {},
      "initial_weight": 0.5,
      "final_weight": 0.5644408063137851
    },
    "34468.139": {
      "votes": {},
      "initial_weight": 0.5,
      "final_weight": 0.8333600434658547
    },
    "34468.159": {
      "votes": {},
      "initial_weight": 0.5,
      "final_weight": 0.5
    },
    "34468.40": {
      "votes": {},
      "initial_weight": 0.5,
      "final_weight": 0.75
    },
    "34468.19": {
      "votes": {},
      "initial_weight": 0.5,
      "final_weight": 0.4
    },
    "34468.96": {
      "votes": {},
      "initial_weight": 0.5,
      "final_weight": 0.6
    },
    "34468.74": {
      "votes": {},
      "initial_weight": 0.5,
      "final_weight": 0.6
    },
    "34468.46": {
      "votes": {},
      "initial_weight": 0.5,
      "final_weight": 0.5
    },
    "34468.143": {
      "votes": {},
      "initial_weight": 0.5,
      "final_weight": 0.43103448275862066
    },
    "34468.58": {
      "votes": {},
      "initial_weight": 0.5,
      "final_weight": 0.5
    },
    "34468.154": {
      "votes": {},
      "initial_weight": 0.5,
      "final_weight": 0.6
    },
    "34468.7": {
      "votes": {},
      "initial_weight": 0.5,
      "final_weight": 0.49674624795363154
    },
    "34468.146": {
      "votes": {},
      "initial_weight": 0.5,
      "final_weight": 0.5
    },
    "34468.72": {
      "votes": {},
      "initial_weight": 0.5,
      "final_weight": 0.3846421649033589
    },
    "34468.9": {
      "votes": {},
      "initial_weight": 0.5,
      "final_weight": 0.5
    },
    "34468.5": {
      "votes": {},
      "initial_weight": 0.5,
      "final_weight": 0.9143835616438356
    },
    "34468.111": {
      "votes": {},
      "initial_weight": 0.5,
      "final_weight": 0.5
    },
    "34468.152": {
      "votes": {},
      "initial_weight": 0.5,
      "final_weight": 0.5
    },
    "34468.61": {
      "votes": {},
      "initial_weight": 0.5,
      "final_weight": 0.5
    },
    "34468.63": {
      "votes": {},
      "initial_weight": 0.5,
      "final_weight": 0.5
    },
    "34468.22": {
      "votes": {},
      "initial_weight": 0.5,
      "final_weight": 0.5
    },
    "34468.113": {
      "votes": {},
      "initial_weight": 0.5,
      "final_weight": 0.5
    },
    "34468.76": {
      "votes": {},
      "initial_weight": 0.5,
      "final_weight": 0.5
    },
    "34468.107": {
      "votes": {},
      "initial_weight": 0.5,
      "final_weight": 0.4
    },
    "34468.54": {
      "votes": {},
      "initial_weight": 0.5,
      "final_weight": 0.5
    },
    "34468.50": {
      "votes": {},
      "initial_weight": 0.5,
      "final_weight": 0.27624309392265195
    },
    "34468.78": {
      "votes": {},
      "initial_weight": 0.5,
      "final_weight": 0.3571759616870076
    },
    "34468.88": {
      "votes": {},
      "initial_weight": 0.5,
      "final_weight": 0.5
    },
    "34468.109": {
      "votes": {},
      "initial_weight": 0.5,
      "final_weight": 0.5
    },
    "34468.11": {
      "votes": {},
      "initial_weight": 0.5,
      "final_weight": 0.5476399263465179
    },
    "34468.24": {
      "votes": {},
      "initial_weight": 0.5,
      "final_weight": 0.5
    },
    "34468.26": {
      "votes": {},
      "initial_weight": 0.5,
      "final_weight": 0.6
    },
    "34468.30": {
      "votes": {},
      "initial_weight": 0.5,
      "final_weight": 0.6
    },
    "34468.70": {
      "votes": {},
      "initial_weight": 0.5,
      "final_weight": 0.5
    },
    "34468.115": {
      "votes": {},
      "initial_weight": 0.5,
      "final_weight": 0.5
    },
    "34468.119": {
      "votes": {},
      "initial_weight": 0.5,
      "final_weight": 0.5
    },
    "34468.123": {
      "votes": {},
      "initial_weight": 0.5,
      "final_weight": 0.4
    },
    "34468.130": {
      "votes": {},
      "initial_weight": 0.5,
      "final_weight": 0.5
    },
    "34468.132": {
      "votes": {},
      "initial_weight": 0.5,
      "final_weight": 0.5
    },
    "34468.80": {
      "votes": {},
      "initial_weight": 0.5,
      "final_weight": 0.36764705882352944
    },
    "34468.90": {
      "votes": {},
      "initial_weight": 0.5,
      "final_weight": 0.4
    },
    "34468.92": {
      "votes": {},
      "initial_weight": 0.5,
      "final_weight": 0.6
    },
    "34468.17": {
      "votes": {},
      "initial_weight": 0.5,
      "final_weight": 0.5
    },
    "34468.34": {
      "votes": {},
      "initial_weight": 0.5,
      "final_weight": 0.4245214498823317
    },
    "34468.48": {
      "votes": {},
      "initial_weight": 0.5,
      "final_weight": 0.6
    },
    "34468.28": {
      "votes": {},
      "initial_weight": 0.5,
      "final_weight": 0.5
    },
    "34468.32": {
      "votes": {},
      "initial_weight": 0.5,
      "final_weight": 0.5
    },
    "34468.121": {
      "votes": {},
      "initial_weight": 0.5,
      "final_weight": 0.5
    },
    "34468.125": {
      "votes": {},
      "initial_weight": 0.5,
      "final_weight": 0.5
    },
    "34468.127": {
      "votes": {},
      "initial_weight": 0.5,
      "final_weight": 0.5
    },
    "34468.82": {
      "votes": {},
      "initial_weight": 0.5,
      "final_weight": 0.6
    },
    "34468.100": {
      "votes": {},
      "initial_weight": 0.5,
      "final_weight": 0.5
    },
    "34468.94": {
      "votes": {},
      "initial_weight": 0.5,
      "final_weight": 0.5
    },
    "34468.36": {
      "votes": {},
      "initial_weight": 0.5,
      "final_weight": 0.4216595638004513
    },
    "34468.56": {
      "votes": {},
      "initial_weight": 0.5,
      "final_weight": 0.5
    },
    "34468.86": {
      "votes": {},
      "initial_weight": 0.5,
      "final_weight": 0.5
    },
    "34468.38": {
      "votes": {},
      "initial_weight": 0.5,
      "final_weight": 0.43103448275862066
    },
    "34468.42": {
      "votes": {},
      "initial_weight": 0.5,
      "final_weight": 0.4
    },
    "34468.44": {
      "votes": {},
      "initial_weight": 0.5,
      "final_weight": 0.5
    }
  },
  "edges": {
    "34468.3": {
      "successor_id": "34468.0",
      "relation": 0.0
    },
    "34468.13": {
      "successor_id": "34468.3",
      "relation": -1.0
    },
    "34468.15": {
      "successor_id": "34468.3",
      "relation": -1.0
    },
    "34468.52": {
      "successor_id": "34468.3",
      "relation": 1.0
    },
    "34468.66": {
      "successor_id": "34468.3",
      "relation": 1.0
    },
    "34468.103": {
      "successor_id": "34468.3",
      "relation": -1.0
    },
    "34468.105": {
      "successor_id": "34468.3",
      "relation": -1.0
    },
    "34468.135": {
      "successor_id": "34468.3",
      "relation": 1.0
    },
    "34468.139": {
      "successor_id": "34468.3",
      "relation": 1.0
    },
    "34468.159": {
      "successor_id": "34468.3",
      "relation": -1.0
    },
    "34468.40": {
      "successor_id": "34468.13",
      "relation": 1.0
    },
    "34468.19": {
      "successor_id": "34468.15",
      "relation": -1.0
    },
    "34468.96": {
      "successor_id": "34468.15",