{
  "nodes": {
    "34946.0": {
      "votes": {},
      "initial_weight": 0.5,
      "final_weight": 0.5
    },
    "34946.3": {
      "votes": {
        "1": 1,
        "4": 1
      },
      "initial_weight": 0.625,
      "final_weight": 0.7446700074201662
    },
    "34946.5": {
      "votes": {
        "0": 1,
        "3": 1
      },
      "initial_weight": 0.375,
      "final_weight": 0.7612771302534509
    },
    "34946.9": {
      "votes": {
        "3": 1,
        "0": 2
      },
      "initial_weight": 0.25,
      "final_weight": 0.125
    },
    "34946.11": {
      "votes": {
        "3": 1,
        "4": 2,
        "0": 1
      },
      "initial_weight": 0.6875,
      "final_weight": 0.9375
    },
    "34946.13": {
      "votes": {
        "0": 2,
        "4": 1
      },
      "initial_weight": 0.3333333333333333,
      "final_weight": 0.6983408748114631
    },
    "34946.15": {
      "votes": {
        "2": 1,
        "0": 2
      },
      "initial_weight": 0.16666666666666666,
      "final_weight": 0.3734364089124094
    },
    "34946.23": {
      "votes": {
        "4": 5,
        "0": 1
      },
      "initial_weight": 0.8333333333333334,
      "final_weight": 0.8666666666666667
    },
    "34946.35": {
      "votes": {
        "3": 1,
        "0": 1,
        "4": 1
      },
      "initial_weight": 0.5833333333333334,
      "final_weight": 0.6288047512991835
    },
    "34946.94": {
      "votes": {
        "4": 1,
        "0": 1,
        "2": 1
      },
      "initial_weight": 0.5,
      "final_weight": 0.4
    },
    "34946.138": {
      "votes": {
        "4": 4,
        "1": 1,
        "0": 2
      },
      "initial_weight": 0.6071428571428571,
      "final_weight": 0.08374384236453203
    },
    "34946.158": {
      "votes": {
        "2": 1,
        "4": 1,
        "0": 1
      },
      "initial_weight": 0.5,
      "final_weight": 0.5348586938406229
    },
    "34946.226": {
      "votes": {
        "0": 1
      },
      "initial_weight": 0.0,
      "final_weight": 0.0
    },
    "34946.245": {
      "votes": {},
      "initial_weight": 0.5,
      "final_weight": 0.5
    },
    "34946.7": {
      "votes": {},
      "initial_weight": 0.5,
      "final_weight": 0.5
    },
    "34946.45": {
      "votes": {},
      "initial_weight": 0.5,
      "final_weight": 0.5
    },
    "34946.48": {
      "votes": {},
      "initial_weight": 0.5,
      "final_weight": 0.6
    },
    "34946.62": {
      "votes": {},
      "initial_weight": 0.5,
      "final_weight": 0.8769230769230769
    },
    "34946.76": {
      "votes": {},
      "initial_weight": 0.5,
      "final_weight": 0.4
    },
    "34946.123": {
      "votes": {},
      "initial_weight": 0.5,
      "final_weight": 0.8048780487804879
    },
    "34946.31": {
      "votes": {
        "0": 1
      },
      "initial_weight": 0.0,
      "final_weight": 0.0
    },
    "34946.33": {
      "votes": {
        "0": 1
      },
      "initial_weight": 0.0,
      "final_weight": 0.0
    },
    "34946.104": {
      "votes": {
        "4": 1
      },
      "initial_weight": 1.0,
      "final_weight": 1.0
    },
    "34946.106": {
      "votes": {},
      "initial_weight": 0.5,
      "final_weight": 0.5
    },
    "34946.168": {
      "votes": {
        "0": 1
      },
      "initial_weight": 0.0,
      "final_weight": 0.0
    },
    "34946.54": {
      "votes": {
        "0": 1
      },
      "initial_weight": 0.0,
      "final_weight": 0.0
    },
    "34946.72": {
      "votes": {
        "4": 2
      },
      "initial_weight": 1.0,
      "final_weight": 1.0
    },
    "34946.74": {
      "votes": {
        "4": 1
      },
      "initial_weight": 1.0,
      "final_weight": 1.0
    },
    "34946.19": {
      "votes": {},
      "initial_weight": 0.5,
      "final_weight": 0.5
    },
    "34946.21": {
      "votes": {},
      "initial_weight": 0.5,
      "final_weight": 0.5
    },
    "34946.80": {
      "votes": {},
      "initial_weight": 0.5,
      "final_weight": 0.6
    },
    "34946.84": {
      "votes": {},
      "initial_weight": 0.5,
      "final_weight": 0.5
    },
    "34946.96": {
      "votes": {
        "4": 1
      },
      "initial_weight": 1.0,
      "final_weight": 1.0
    },
    "34946.17": {
      "votes": {
        "2": 1
      },
      "initial_weight": 0.5,
      "final_weight": 0.25
    },
    "34946.98": {
      "votes": {},
      "initial_weight": 0.5,
      "final_weight": 0.5
    },
    "34946.102": {
      "votes": {},
      "initial_weight": 0.5,
      "final_weight": 0.5
    },
    "34946.170": {
      "votes": {},
      "initial_weight": 0.5,
      "final_weight": 0.8244614839110008
    },
    "34946.25": {
      "votes": {
        "4": 1
      },
      "initial_weight": 1.0,
      "final_weight": 1.0
    },
    "34946.100": {
      "votes": {
        "4": 1
      },
      "initial_weight": 1.0,
      "final_weight": 1.0
    },
    "34946.37": {
      "votes": {},
      "initial_weight": 0.5,
      "final_weight": 0.5
    },
    "34946.216": {
      "votes": {},
      "initial_weight": 0.5,
      "final_weight": 0.5
    },
    "34946.224": {
      "votes": {},
      "initial_weight": 0.5,
      "final_weight": 0.5
    },
    "34946.39": {
      "votes": {},
      "initial_weight": 0.5,
      "final_weight": 0.75
    },
    "34946.116": {
      "votes": {},
      "initial_weight": 0.5,
      "final_weight": 0.4
    },
    "34946.202": {
      "votes": {},
      "initial_weight": 0.5,
      "final_weight": 0.5
    },
    "34946.237": {
      "votes": {},
      "initial_weight": 0.5,
      "final_weight": 0.5
    },
    "34946.142": {
      "votes": {
        "0": 1
      },
      "initial_weight": 0.0,
      "final_weight": 0.5
    },
    "34946.154": {
      "votes": {},
      "initial_weight": 0.5,
      "final_weight": 0.5
    },
    "34946.188": {
      "votes": {
        "4": 1
      },
      "initial_weight": 1.0,
      "final_weight": 1.0
    },
    "34946.190": {
      "votes": {
        "4": 2
      },
      "initial_weight": 1.0,
      "final_weight": 1.0
    },
    "34946.192": {
      "votes": {
        "4": 1
      },
      "initial_weight": 1.0,
      "final_weight": 1.0
    },
    "34946.222": {
      "votes": {},
      "initial_weight": 0.5,
      "final_weight": 0.5
    },
    "34946.243": {
      "votes": {},
      "initial_weight": 0.5,
      "final_weight": 0.5
    },
    "34946.160": {
      "votes": {},
      "initial_weight": 0.5,
      "final_weight": 0.7737556561085973
    },
    "34946.214": {
      "votes": {},
      "initial_weight": 0.5,
      "final_weight": 0.5
    },
    "34946.220": {
      "votes": {},
      "initial_weight": 0.5,
      "final_weight": 0.5
    },
    "34946.247": {
      "votes": {},
      "initial_weight": 0.5,
      "final_weight": 0.5
    },
    "34946.78": {
      "votes": {},
      "initial_weight": 0.5,
      "final_weight": 0.5
    },
    "34946.64": {
      "votes": {},
      "initial_weight": 0.5,
      "final_weight": 0.75
    },
    "34946.66": {
      "votes": {},
      "initial_weight": 0.5,
      "final_weight": 0.5
    },
    "34946.92": {
      "votes": {},
      "initial_weight": 0.5,
      "final_weight": 0.5
    },
    "34946.108": {
      "votes": {},
      "initial_weight": 0.5,
      "final_weight": 0.5
    },
    "34946.125": {
      "votes": {},
      "initial_weight": 0.5,
      "final_weight": 0.75
    },
    "34946.131": {
      "votes": {},
      "initial_weight": 0.5,
      "final_weight": 0.5
    },
    "34946.82": {
      "votes": {},
      "initial_weight": 0.5,
      "final_weight": 0.5
    },
    "34946.50": {
      "votes": {},
      "initial_weight": 0.5,
      "final_weight": 0.5
    },
    "34946.52": {
      "votes": {},
      "initial_weight": 0.5,
      "final_weight": 0.5
    },
    "34946.172": {
      "votes": {},
      "initial_weight": 0.5,
      "final_weight": 0.5
    },
    "34946.174": {
      "votes": {},
      "initial_weight": 0.5,