{
  "nodes": {
    "35225.0": {
      "votes": {},
      "initial_weight": 0.5,
      "final_weight": 0.5
    },
    "35225.3": {
      "votes": {
        "3": 2,
        "4": 2,
        "0": 4,
        "2": 1
      },
      "initial_weight": 0.4444444444444444,
      "final_weight": 0.2001134581360404
    },
    "35225.21": {
      "votes": {
        "2": 1,
        "0": 2,
        "4": 1
      },
      "initial_weight": 0.375,
      "final_weight": 0.1750138734739179
    },
    "35225.27": {
      "votes": {
        "4": 2,
        "1": 2,
        "2": 1
      },
      "initial_weight": 0.6,
      "final_weight": 0.8234482758620689
    },
    "35225.9": {
      "votes": {
        "2": 1,
        "0": 2,
        "4": 2,
        "3": 1
      },
      "initial_weight": 0.5416666666666666,
      "final_weight": 0.4747425380572068
    },
    "35225.36": {
      "votes": {
        "3": 2,
        "1": 1,
        "4": 2,
        "0": 1
      },
      "initial_weight": 0.625,
      "final_weight": 0.9458391713423292
    },
    "35225.5": {
      "votes": {
        "1": 1,
        "2": 1,
        "0": 1,
        "4": 2
      },
      "initial_weight": 0.55,
      "final_weight": 0.8865683071030994
    },
    "35225.52": {
      "votes": {
        "3": 1,
        "2": 1,
        "0": 1,
        "4": 3
      },
      "initial_weight": 0.7083333333333334,
      "final_weight": 0.5405228774890843
    },
    "35225.176": {
      "votes": {
        "2": 1
      },
      "initial_weight": 0.5,
      "final_weight": 0.5
    },
    "35225.190": {
      "votes": {},
      "initial_weight": 0.5,
      "final_weight": 0.6
    },
    "35225.120": {
      "votes": {
        "2": 1
      },
      "initial_weight": 0.5,
      "final_weight": 0.5689655172413793
    },
    "35225.168": {
      "votes": {
        "2": 1
      },
      "initial_weight": 0.5,
      "final_weight": 0.5
    },
    "35225.122": {
      "votes": {
        "3": 1,
        "0": 1
      },
      "initial_weight": 0.375,
      "final_weight": 0.375
    },
    "35225.124": {
      "votes": {
        "0": 1,
        "4": 3
      },
      "initial_weight": 0.75,
      "final_weight": 0.75
    },
    "35225.30": {
      "votes": {
        "4": 2,
        "0": 1,
        "2": 1,
        "3": 1
      },
      "initial_weight": 0.65,
      "final_weight": 0.5067585449772916
    },
    "35225.32": {
      "votes": {
        "3": 1,
        "4": 1,
        "0": 2
      },
      "initial_weight": 0.4375,
      "final_weight": 0.35
    },
    "35225.34": {
      "votes": {
        "4": 1,
        "3": 1
      },
      "initial_weight": 0.875,
      "final_weight": 0.7
    },
    "35225.7": {
      "votes": {
        "1": 1,
        "4": 1,
        "2": 2
      },
      "initial_weight": 0.5625,
      "final_weight": 0.2981339026095917
    },
    "35225.148": {
      "votes": {
        "3": 1,
        "2": 1
      },
      "initial_weight": 0.625,
      "final_weight": 0.5168341586301631
    },
    "35225.68": {
      "votes": {
        "4": 1
      },
      "initial_weight": 1.0,
      "final_weight": 1.0
    },
    "35225.70": {
      "votes": {
        "2": 1
      },
      "initial_weight": 0.5,
      "final_weight": 0.4604314098178523
    },
    "35225.72": {
      "votes": {
        "4": 2,
        "2": 1
      },
      "initial_weight": 0.8333333333333334,
      "final_weight": 0.8333333333333334
    },
    "35225.78": {
      "votes": {
        "4": 1
      },
      "initial_weight": 1.0,
      "final_weight": 1.0
    },
    "35225.86": {
      "votes": {
        "3": 1,
        "4": 1
      },
      "initial_weight": 0.875,
      "final_weight": 0.48901138299495317
    },
    "35225.144": {
      "votes": {
        "0": 1,
        "3": 1
      },
      "initial_weight": 0.375,
      "final_weight": 0.07499999999999996
    },
    "35225.170": {
      "votes": {
        "3": 1,
        "2": 1
      },
      "initial_weight": 0.625,
      "final_weight": 0.625
    },
    "35225.11": {
      "votes": {
        "1": 1,
        "4": 1
      },
      "initial_weight": 0.625,
      "final_weight": 0.625
    },
    "35225.15": {
      "votes": {
        "3": 1,
        "0": 1,
        "4": 1
      },
      "initial_weight": 0.5833333333333334,
      "final_weight": 0.607843137254902
    },
    "35225.23": {
      "votes": {
        "3": 1,
        "4": 1,
        "0": 1
      },
      "initial_weight": 0.5833333333333334,
      "final_weight": 0.3303834808259587
    },
    "35225.126": {
      "votes": {
        "3": 1,
        "4": 1
      },
      "initial_weight": 0.875,
      "final_weight": 0.875
    },
    "35225.210": {
      "votes": {},
      "initial_weight": 0.5,
      "final_weight": 0.5
    },
    "35225.54": {
      "votes": {
        "2": 1
      },
      "initial_weight": 0.5,
      "final_weight": 0.21885704055238997
    },
    "35225.76": {
      "votes": {
        "3": 2,
        "1": 1,
        "0": 1,
        "4": 1
      },
      "initial_weight": 0.55,
      "final_weight": 0.16923076923076924
    },
    "35225.100": {
      "votes": {
        "0": 1,
        "4": 1
      },
      "initial_weight": 0.5,
      "final_weight": 0.1246812834691321
    },
    "35225.102": {
      "votes": {
        "3": 1
      },
      "initial_weight": 0.75,
      "final_weight": 0.91941982272361
    },
    "35225.116": {
      "votes": {
        "3": 1,
        "4": 1
      },
      "initial_weight": 0.875,
      "final_weight": 0.875
    },
    "35225.206": {
      "votes": {},
      "initial_weight": 0.5,
      "final_weight": 0.5
    },
    "35225.208": {
      "votes": {},
      "initial_weight": 0.5,
      "final_weight": 0.5
    },
    "35225.184": {
      "votes": {},
      "initial_weight": 0.5,
      "final_weight": 0.5
    },
    "35225.212": {
      "votes": {},
      "initial_weight": 0.5,
      "final_weight": 0.4
    },
    "35225.156": {
      "votes": {
        "2": 1
      },
      "initial_weight": 0.5,
      "final_weight": 0.5
    },
    "35225.217": {
      "votes": {},
      "initial_weight": 0.5,
      "final_weight": 0.5
    },
    "35225.40": {
      "votes": {
        "0": 1,
        "4": 1,
        "2": 1
      },
      "initial_weight": 0.5,
      "final_weight": 0.5316597976770326
    },
    "35225.42": {
      "votes": {
        "2": 1
      },
      "initial_weight": 0.5,
      "final_weight": 0.5
    },
    "35225.150": {
      "votes": {
        "2": 1
      },
      "initial_weight": 0.5,
      "final_weight": 0.5
    },
    "35225.13": {
      "votes": {
        "4": 1,
        "3": 2
      },
      "initial_weight": 0.8333333333333334,
      "final_weight": 0.9166666666666667
    },
    "35225.25": {
      "votes": {
        "0": 1,
        "3": 1
      },
      "initial_weight": 0.375,
      "final_weight": 0.375
    },
    "35225.152": {
      "votes": {
        "2": 1
      },
      "initial_weight": 0.5,
      "final_weight": 0.4
    },
    "35225.172": {
      "votes": {
        "3": 1
      },
      "initial_weight": 0.75,
      "final_weight": 0.75
    },
    "35225.158": {
      "votes": {
        "2": 1
      },
      "initial_weight": 0.5,
      "final_weight": 0.4574772077833719
    },
    "35225.88": {
      "votes": {
        "2": 1
      },
      "initial_weight": 0.5,
      "final_weight": 0.29315196998123827
    },
    "35225.94": {
      "votes": {
        "4": 1,
        "1": 1
      },
      "initial_weight": 0.625,
      "final_weight": 0.4
    },
    "35225.96": {
      "votes": {
        "2": 1
      },
      "initial_weight": 0.5,
      "final_weight": 0.4884393063583815
    },
    "35225.162": {
      "votes": {
        "2": 1
      },
      "initial_weight": 0.5,
      "final_weight": 0.5
    },
    "35225.164": {
      "votes": {
        "3": 1
      },
      "initial_weight": 0.75,
      "final_weight": 0.75
    },
    "35225.166": {
      "votes": {
        "3": 1
      },
      "initial_weight": 0.75,
      "final_weight": 0.75
    },