{
  "nodes": {
    "37162.0": {
      "votes": {},
      "initial_weight": 0.5,
      "final_weight": 0.5
    },
    "37162.3": {
      "votes": {
        "1": 1
      },
      "initial_weight": 0.25,
      "final_weight": 0.23529411764705882
    },
    "37162.5": {
      "votes": {
        "4": 1,
        "1": 1
      },
      "initial_weight": 0.625,
      "final_weight": 0.1550633966747162
    },
    "37162.7": {
      "votes": {
        "3": 1
      },
      "initial_weight": 0.75,
      "final_weight": 0.9537892791127541
    },
    "37162.130": {
      "votes": {
        "4": 1
      },
      "initial_weight": 1.0,
      "final_weight": 1.0
    },
    "37162.11": {
      "votes": {},
      "initial_weight": 0.5,
      "final_weight": 0.75
    },
    "37162.16": {
      "votes": {},
      "initial_weight": 0.5,
      "final_weight": 0.5
    },
    "37162.18": {
      "votes": {},
      "initial_weight": 0.5,
      "final_weight": 0.5
    },
    "37162.20": {
      "votes": {
        "0": 1
      },
      "initial_weight": 0.0,
      "final_weight": 0.0
    },
    "37162.22": {
      "votes": {
        "0": 1
      },
      "initial_weight": 0.0,
      "final_weight": 0.0
    },
    "37162.24": {
      "votes": {
        "3": 1,
        "1": 1
      },
      "initial_weight": 0.5,
      "final_weight": 0.21101324352144768
    },
    "37162.26": {
      "votes": {},
      "initial_weight": 0.5,
      "final_weight": 0.8923267469573419
    },
    "37162.38": {
      "votes": {
        "3": 1
      },
      "initial_weight": 0.75,
      "final_weight": 0.8
    },
    "37162.42": {
      "votes": {
        "0": 1,
        "2": 1
      },
      "initial_weight": 0.25,
      "final_weight": 0.125
    },
    "37162.56": {
      "votes": {
        "0": 1,
        "2": 1
      },
      "initial_weight": 0.25,
      "final_weight": 0.25
    },
    "37162.64": {
      "votes": {
        "1": 1
      },
      "initial_weight": 0.25,
      "final_weight": 0.11312217194570134
    },
    "37162.84": {
      "votes": {
        "1": 1
      },
      "initial_weight": 0.25,
      "final_weight": 0.16
    },
    "37162.86": {
      "votes": {
        "1": 1
      },
      "initial_weight": 0.25,
      "final_weight": 0.2
    },
    "37162.44": {
      "votes": {},
      "initial_weight": 0.5,
      "final_weight": 0.3200374647545891
    },
    "37162.136": {
      "votes": {
        "4": 1
      },
      "initial_weight": 1.0,
      "final_weight": 1.0
    },
    "37162.140": {
      "votes": {
        "2": 1
      },
      "initial_weight": 0.5,
      "final_weight": 0.5
    },
    "37162.36": {
      "votes": {},
      "initial_weight": 0.5,
      "final_weight": 0.5
    },
    "37162.50": {
      "votes": {},
      "initial_weight": 0.5,
      "final_weight": 0.5
    },
    "37162.52": {
      "votes": {},
      "initial_weight": 0.5,
      "final_weight": 0.5
    },
    "37162.54": {
      "votes": {},
      "initial_weight": 0.5,
      "final_weight": 0.5
    },
    "37162.72": {
      "votes": {},
      "initial_weight": 0.5,
      "final_weight": 0.4
    },
    "37162.80": {
      "votes": {},
      "initial_weight": 0.5,
      "final_weight": 0.5
    },
    "37162.9": {
      "votes": {},
      "initial_weight": 0.5,
      "final_weight": 0.5
    },
    "37162.14": {
      "votes": {},
      "initial_weight": 0.5,
      "final_weight": 0.5
    },
    "37162.76": {
      "votes": {
        "3": 1
      },
      "initial_weight": 0.75,
      "final_weight": 0.75
    },
    "37162.105": {
      "votes": {
        "4": 1
      },
      "initial_weight": 1.0,
      "final_weight": 1.0
    },
    "37162.28": {
      "votes": {
        "1": 1
      },
      "initial_weight": 0.25,
      "final_weight": 0.07973527680388734
    },
    "37162.103": {
      "votes": {
        "3": 1
      },
      "initial_weight": 0.75,
      "final_weight": 0.75
    },
    "37162.142": {
      "votes": {
        "2": 1
      },
      "initial_weight": 0.5,
      "final_weight": 0.5
    },
    "37162.78": {
      "votes": {
        "3": 1
      },
      "initial_weight": 0.75,
      "final_weight": 0.908842260889034
    },
    "37162.138": {
      "votes": {
        "4": 1
      },
      "initial_weight": 1.0,
      "final_weight": 1.0
    },
    "37162.82": {
      "votes": {},
      "initial_weight": 0.5,
      "final_weight": 0.5
    },
    "37162.66": {
      "votes": {},
      "initial_weight": 0.5,
      "final_weight": 0.4
    },
    "37162.68": {
      "votes": {},
      "initial_weight": 0.5,
      "final_weight": 0.5
    },
    "37162.91": {
      "votes": {
        "4": 1
      },
      "initial_weight": 1.0,
      "final_weight": 1.0
    },
    "37162.97": {
      "votes": {
        "3": 1
      },
      "initial_weight": 0.75,
      "final_weight": 0.75
    },
    "37162.94": {
      "votes": {
        "2": 1
      },
      "initial_weight": 0.5,
      "final_weight": 0.5
    },
    "37162.46": {
      "votes": {
        "0": 1
      },
      "initial_weight": 0.0,
      "final_weight": 0.0
    },
    "37162.89": {
      "votes": {
        "3": 1
      },
      "initial_weight": 0.75,
      "final_weight": 0.375
    },
    "37162.116": {
      "votes": {
        "2": 1
      },
      "initial_weight": 0.5,
      "final_weight": 0.32
    },
    "37162.120": {
      "votes": {
        "2": 1
      },
      "initial_weight": 0.5,
      "final_weight": 0.30487804878048774
    },
    "37162.122": {
      "votes": {},
      "initial_weight": 0.5,
      "final_weight": 0.5
    },
    "37162.74": {
      "votes": {},
      "initial_weight": 0.5,
      "final_weight": 0.5
    },
    "37162.30": {
      "votes": {
        "2": 1
      },
      "initial_weight": 0.5,
      "final_weight": 0.5689655172413793
    },
    "37162.101": {
      "votes": {
        "4": 1
      },
      "initial_weight": 1.0,
      "final_weight": 1.0
    },
    "37162.70": {
      "votes": {},
      "initial_weight": 0.5,
      "final_weight": 0.5
    },
    "37162.48": {
      "votes": {
        "2": 1
      },
      "initial_weight": 0.5,
      "final_weight": 0.5
    },
    "37162.108": {
      "votes": {
        "4": 1
      },
      "initial_weight": 1.0,
      "final_weight": 1.0
    },
    "37162.110": {
      "votes": {
        "3": 1
      },
      "initial_weight": 0.75,
      "final_weight": 0.75
    },
    "37162.112": {
      "votes": {
        "4": 1
      },
      "initial_weight": 1.0,
      "final_weight": 1.0
    },
    "37162.124": {
      "votes": {
        "3": 1
      },
      "initial_weight": 0.75,
      "final_weight": 0.75
    },
    "37162.126": {
      "votes": {},
      "initial_weight": 0.5,
      "final_weight": 0.4
    },
    "37162.128": {
      "votes": {},
      "initial_weight": 0.5,
      "final_weight": 0.4
    },
    "37162.32": {
      "votes": {},
      "initial_weight": 0.5,
      "final_weight": 0.4
    },
    "37162.132": {
      "votes": {},
      "initial_weight": 0.5,
      "final_weight": 0.5
    },
    "37162.134": {
      "votes": {},
      "initial_weight": 0.5,
      "final_weight": 0.5
    },
    "37162.34": {
      "votes": {},
      "initial_weight": 0.5,
      "final_weight": 0.5
    }
  },
  "edges": {
    "37162.3": {
      "successor_id": "37162.0",
      "relation": 0.0
    },
    "37162.5": {
      "successor_id": "37162.0",
      "relation": 0.0
    },
    "37162.7": {
      "successor_id": "37162.0",
      "relation": 0.0
    },
    "37162.130": {
      "successor_id": "37162.0",
      "relation": 0.0
    },
    "37162.11": {
      "successor_id": "37162.3",
      "relation": 1.0
    },
    "37162.16": {
      "successor_id": "37162.3",
      "relation": -1.0
    },
    "37162.18": {
      "successor_id": "37162.3",
      "relation": -1.0
    },
    "37162.20": {
      "successor_id": "37162.5",
      "relation": 1.0
    },
    "37162.22": {
      "successor_id": "37162.5",
      "relation": 1.0
    },