{
  "nodes": {
    "37299.0": {
      "votes": {},
      "initial_weight": 0.5,
      "final_weight": 0.5
    },
    "37299.151": {
      "votes": {
        "0": 2,
        "4": 1
      },
      "initial_weight": 0.3333333333333333,
      "final_weight": 0.02488675337326146
    },
    "37299.154": {
      "votes": {
        "1": 1,
        "2": 1,
        "4": 3
      },
      "initial_weight": 0.75,
      "final_weight": 0.7555012224938875
    },
    "37299.381": {
      "votes": {
        "4": 1,
        "0": 1
      },
      "initial_weight": 0.5,
      "final_weight": 0.2417391429721577
    },
    "37299.1007": {
      "votes": {
        "2": 1
      },
      "initial_weight": 0.5,
      "final_weight": 0.6
    },
    "37299.1010": {
      "votes": {
        "1": 1
      },
      "initial_weight": 0.25,
      "final_weight": 0.8043490452663906
    },
    "37299.1014": {
      "votes": {
        "4": 3,
        "1": 1
      },
      "initial_weight": 0.8125,
      "final_weight": 0.85
    },
    "37299.1016": {
      "votes": {
        "4": 1,
        "2": 1
      },
      "initial_weight": 0.75,
      "final_weight": 0.7524011071111565
    },
    "37299.1024": {
      "votes": {
        "4": 1,
        "0": 1
      },
      "initial_weight": 0.5,
      "final_weight": 0.5
    },
    "37299.1037": {
      "votes": {
        "0": 1
      },
      "initial_weight": 0.0,
      "final_weight": 0.0
    },
    "37299.944": {
      "votes": {},
      "initial_weight": 0.5,
      "final_weight": 0.4
    },
    "37299.1041": {
      "votes": {
        "1": 1
      },
      "initial_weight": 0.25,
      "final_weight": 0.25
    },
    "37299.399": {
      "votes": {
        "0": 1,
        "3": 2
      },
      "initial_weight": 0.5,
      "final_weight": 0.5
    },
    "37299.401": {
      "votes": {
        "3": 1,
        "0": 2,
        "4": 1
      },
      "initial_weight": 0.4375,
      "final_weight": 0.4375
    },
    "37299.402": {
      "votes": {
        "3": 1,
        "4": 1,
        "0": 2
      },
      "initial_weight": 0.4375,
      "final_weight": 0.35
    },
    "37299.398": {
      "votes": {
        "4": 1,
        "1": 1,
        "3": 2
      },
      "initial_weight": 0.6875,
      "final_weight": 0.6875
    },
    "37299.421": {
      "votes": {
        "3": 1,
        "2": 1
      },
      "initial_weight": 0.625,
      "final_weight": 0.625
    },
    "37299.156": {
      "votes": {},
      "initial_weight": 0.5,
      "final_weight": 0.5086078639744952
    },
    "37299.954": {
      "votes": {},
      "initial_weight": 0.5,
      "final_weight": 0.5
    },
    "37299.993": {
      "votes": {},
      "initial_weight": 0.5,
      "final_weight": 0.5
    },
    "37299.152": {
      "votes": {},
      "initial_weight": 0.5,
      "final_weight": 0.5
    },
    "37299.212": {
      "votes": {},
      "initial_weight": 0.5,
      "final_weight": 0.5
    },
    "37299.155": {
      "votes": {},
      "initial_weight": 0.5,
      "final_weight": 0.5
    },
    "37299.935": {
      "votes": {},
      "initial_weight": 0.5,
      "final_weight": 0.15384615384615385
    },
    "37299.488": {
      "votes": {},
      "initial_weight": 0.5,
      "final_weight": 0.5294117647058824
    },
    "37299.1035": {
      "votes": {},
      "initial_weight": 0.5,
      "final_weight": 0.5
    },
    "37299.995": {
      "votes": {
        "0": 1
      },
      "initial_weight": 0.0,
      "final_weight": 0.0
    },
    "37299.153": {
      "votes": {
        "3": 1,
        "2": 1
      },
      "initial_weight": 0.625,
      "final_weight": 0.5
    },
    "37299.1045": {
      "votes": {},
      "initial_weight": 0.5,
      "final_weight": 0.5
    },
    "37299.952": {
      "votes": {
        "2": 1
      },
      "initial_weight": 0.5,
      "final_weight": 0.49847623085283893
    },
    "37299.1026": {
      "votes": {},
      "initial_weight": 0.5,
      "final_weight": 0.4
    },
    "37299.1033": {
      "votes": {},
      "initial_weight": 0.5,
      "final_weight": 0.5
    },
    "37299.956": {
      "votes": {},
      "initial_weight": 0.5,
      "final_weight": 0.5
    },
    "37299.932": {
      "votes": {},
      "initial_weight": 0.5,
      "final_weight": 0.5
    },
    "37299.946": {
      "votes": {},
      "initial_weight": 0.5,
      "final_weight": 0.6323529411764706
    },
    "37299.1001": {
      "votes": {},
      "initial_weight": 0.5,
      "final_weight": 0.5
    },
    "37299.1043": {
      "votes": {},
      "initial_weight": 0.5,
      "final_weight": 0.5
    },
    "37299.934": {
      "votes": {},
      "initial_weight": 0.5,
      "final_weight": 0.5
    },
    "37299.997": {
      "votes": {},
      "initial_weight": 0.5,
      "final_weight": 0.5
    },
    "37299.938": {
      "votes": {},
      "initial_weight": 0.5,
      "final_weight": 0.5
    },
    "37299.940": {
      "votes": {},
      "initial_weight": 0.5,
      "final_weight": 0.5
    },
    "37299.942": {
      "votes": {},
      "initial_weight": 0.5,
      "final_weight": 0.5
    },
    "37299.517": {
      "votes": {
        "1": 1
      },
      "initial_weight": 0.25,
      "final_weight": 0.25
    },
    "37299.1039": {
      "votes": {},
      "initial_weight": 0.5,
      "final_weight": 0.5
    },
    "37299.960": {
      "votes": {
        "0": 1,
        "4": 1
      },
      "initial_weight": 0.5,
      "final_weight": 0.5
    },
    "37299.978": {
      "votes": {
        "3": 1
      },
      "initial_weight": 0.75,
      "final_weight": 0.8161764705882353
    },
    "37299.980": {
      "votes": {},
      "initial_weight": 0.5,
      "final_weight": 0.8714652956298201
    },
    "37299.985": {
      "votes": {},
      "initial_weight": 0.5,
      "final_weight": 0.5
    },
    "37299.1047": {
      "votes": {},
      "initial_weight": 0.5,
      "final_weight": 0.5
    },
    "37299.948": {
      "votes": {},
      "initial_weight": 0.5,
      "final_weight": 0.6
    },
    "37299.987": {
      "votes": {},
      "initial_weight": 0.5,
      "final_weight": 0.5
    },
    "37299.989": {
      "votes": {},
      "initial_weight": 0.5,
      "final_weight": 0.6
    },
    "37299.991": {
      "votes": {},
      "initial_weight": 0.5,
      "final_weight": 0.5
    },
    "37299.974": {
      "votes": {},
      "initial_weight": 0.5,
      "final_weight": 0.6
    },
    "37299.964": {
      "votes": {},
      "initial_weight": 0.5,
      "final_weight": 0.6
    },
    "37299.962": {
      "votes": {},
      "initial_weight": 0.5,
      "final_weight": 0.5
    },
    "37299.950": {
      "votes": {},
      "initial_weight": 0.5,
      "final_weight": 0.5
    },
    "37299.999": {
      "votes": {},
      "initial_weight": 0.5,
      "final_weight": 0.5
    },
    "37299.976": {
      "votes": {},
      "initial_weight": 0.5,
      "final_weight": 0.5
    },
    "37299.966": {
      "votes": {},
      "initial_weight": 0.5,
      "final_weight": 0.5
    }
  },
  "edges": {
    "37299.151": {
      "successor_id": "37299.0",
      "relation": 0.0
    },
    "37299.154": {
      "successor_id": "37299.151",
      "relation": -1.0
    },
    "37299.381": {
      "successor_id": "37299.151",
      "relation": 1.0
    },
    "37299.1007": {
      "successor_id": "37299.151",
      "relation": -1.0
    },
    "37299.1010": {
      "successor_id": "37299.151",
      "relation": -1.0
    },
    "37299.1014": {
      "successor_id": "37299.151",
      "relation": -1.0
    },
    "37299.1016": {
      "successor_id": "37299.151",
      "relation": -1.0
    },
    "37299.1024": {
      "successor_id": "37299.1014",
      "relation": -1.0
    },
    "37299.1037": {
      "successor_id": "37299.151",
      "relation": 1.0
    },
    "37299.944": {
      "successor_id": "37299.154",
      "relation": 1.0
    },
    "37299.1041": {
      "successor_id": "37299.154",
      "relation": -1.0
    },
    "37299.399": {
      "successor_id": "37299.381",