{
  "nodes": {
    "37737.0": {
      "votes": {},
      "initial_weight": 0.5,
      "final_weight": 0.5
    },
    "37737.3": {
      "votes": {
        "4": 2
      },
      "initial_weight": 1.0,
      "final_weight": 1.0
    },
    "37737.7": {
      "votes": {
        "0": 1,
        "1": 1
      },
      "initial_weight": 0.125,
      "final_weight": 0.1616174359974869
    },
    "37737.9": {
      "votes": {
        "3": 1,
        "2": 1
      },
      "initial_weight": 0.625,
      "final_weight": 0.6479483235667031
    },
    "37737.30": {
      "votes": {
        "2": 1,
        "4": 2,
        "0": 1
      },
      "initial_weight": 0.625,
      "final_weight": 0.37006335484634967
    },
    "37737.91": {
      "votes": {
        "3": 1
      },
      "initial_weight": 0.75,
      "final_weight": 0.9460793966673802
    },
    "37737.22": {
      "votes": {
        "3": 1,
        "4": 1
      },
      "initial_weight": 0.875,
      "final_weight": 0.92
    },
    "37737.65": {
      "votes": {
        "4": 1
      },
      "initial_weight": 1.0,
      "final_weight": 1.0
    },
    "37737.85": {
      "votes": {
        "3": 1,
        "4": 2
      },
      "initial_weight": 0.9166666666666666,
      "final_weight": 0.9466666666666667
    },
    "37737.274": {
      "votes": {},
      "initial_weight": 0.5,
      "final_weight": 0.8176779463243875
    },
    "37737.17": {
      "votes": {
        "4": 1,
        "0": 2
      },
      "initial_weight": 0.3333333333333333,
      "final_weight": 0.5733333333333334
    },
    "37737.15": {
      "votes": {
        "3": 1
      },
      "initial_weight": 0.75,
      "final_weight": 0.9241121249917941
    },
    "37737.40": {
      "votes": {
        "3": 1,
        "4": 3
      },
      "initial_weight": 0.9375,
      "final_weight": 0.9390600624024961
    },
    "37737.44": {
      "votes": {
        "0": 1,
        "4": 1,
        "1": 1
      },
      "initial_weight": 0.4166666666666667,
      "final_weight": 0.4166666666666667
    },
    "37737.245": {
      "votes": {},
      "initial_weight": 0.5,
      "final_weight": 0.5
    },
    "37737.5": {
      "votes": {},
      "initial_weight": 0.5,
      "final_weight": 0.7237569060773481
    },
    "37737.113": {
      "votes": {},
      "initial_weight": 0.5,
      "final_weight": 0.49598254141454223
    },
    "37737.48": {
      "votes": {
        "2": 1
      },
      "initial_weight": 0.5,
      "final_weight": 0.9
    },
    "37737.63": {
      "votes": {
        "2": 1
      },
      "initial_weight": 0.5,
      "final_weight": 0.6799999999999999
    },
    "37737.115": {
      "votes": {
        "3": 1
      },
      "initial_weight": 0.75,
      "final_weight": 0.75
    },
    "37737.93": {
      "votes": {
        "1": 1,
        "4": 2
      },
      "initial_weight": 0.75,
      "final_weight": 0.8
    },
    "37737.105": {
      "votes": {
        "2": 1,
        "0": 1
      },
      "initial_weight": 0.25,
      "final_weight": 0.21098826905224072
    },
    "37737.133": {
      "votes": {
        "4": 1,
        "3": 1
      },
      "initial_weight": 0.875,
      "final_weight": 0.8531591263650546
    },
    "37737.24": {
      "votes": {},
      "initial_weight": 0.5,
      "final_weight": 0.4647760840701133
    },
    "37737.166": {
      "votes": {
        "3": 1
      },
      "initial_weight": 0.75,
      "final_weight": 0.75
    },
    "37737.168": {
      "votes": {
        "3": 1
      },
      "initial_weight": 0.75,
      "final_weight": 0.75
    },
    "37737.170": {
      "votes": {
        "3": 1
      },
      "initial_weight": 0.75,
      "final_weight": 0.75
    },
    "37737.243": {
      "votes": {
        "0": 1
      },
      "initial_weight": 0.0,
      "final_weight": 0.0
    },
    "37737.270": {
      "votes": {},
      "initial_weight": 0.5,
      "final_weight": 0.5
    },
    "37737.87": {
      "votes": {
        "3": 1
      },
      "initial_weight": 0.75,
      "final_weight": 0.75
    },
    "37737.89": {
      "votes": {
        "4": 1
      },
      "initial_weight": 1.0,
      "final_weight": 1.0
    },
    "37737.67": {
      "votes": {},
      "initial_weight": 0.5,
      "final_weight": 0.5
    },
    "37737.160": {
      "votes": {},
      "initial_weight": 0.5,
      "final_weight": 0.32
    },
    "37737.119": {
      "votes": {},
      "initial_weight": 0.5,
      "final_weight": 0.5
    },
    "37737.121": {
      "votes": {},
      "initial_weight": 0.5,
      "final_weight": 0.5
    },
    "37737.59": {
      "votes": {
        "3": 1
      },
      "initial_weight": 0.75,
      "final_weight": 0.75
    },
    "37737.151": {
      "votes": {
        "3": 1
      },
      "initial_weight": 0.75,
      "final_weight": 0.75
    },
    "37737.153": {
      "votes": {
        "3": 1
      },
      "initial_weight": 0.75,
      "final_weight": 0.75
    },
    "37737.13": {
      "votes": {
        "3": 1
      },
      "initial_weight": 0.75,
      "final_weight": 0.7647058823529411
    },
    "37737.54": {
      "votes": {
        "3": 1
      },
      "initial_weight": 0.75,
      "final_weight": 0.75
    },
    "37737.42": {
      "votes": {
        "4": 1
      },
      "initial_weight": 1.0,
      "final_weight": 1.0
    },
    "37737.83": {
      "votes": {
        "3": 1
      },
      "initial_weight": 0.75,
      "final_weight": 0.84
    },
    "37737.206": {
      "votes": {
        "3": 1
      },
      "initial_weight": 0.75,
      "final_weight": 0.75
    },
    "37737.208": {
      "votes": {
        "3": 1
      },
      "initial_weight": 0.75,
      "final_weight": 0.75
    },
    "37737.11": {
      "votes": {
        "2": 1,
        "0": 1,
        "4": 1
      },
      "initial_weight": 0.5,
      "final_weight": 0.32
    },
    "37737.28": {
      "votes": {
        "4": 1,
        "1": 1,
        "2": 1
      },
      "initial_weight": 0.5833333333333334,
      "final_weight": 0.3733333333333334
    },
    "37737.123": {
      "votes": {
        "3": 1,
        "4": 2
      },
      "initial_weight": 0.9166666666666666,
      "final_weight": 0.9166666666666666
    },
    "37737.125": {
      "votes": {
        "2": 1,
        "3": 2
      },
      "initial_weight": 0.6666666666666666,
      "final_weight": 0.7866666666666666
    },
    "37737.249": {
      "votes": {
        "3": 1
      },
      "initial_weight": 0.75,
      "final_weight": 0.75
    },
    "37737.131": {
      "votes": {
        "3": 1
      },
      "initial_weight": 0.75,
      "final_weight": 0.75
    },
    "37737.143": {
      "votes": {
        "3": 1
      },
      "initial_weight": 0.75,
      "final_weight": 0.84
    },
    "37737.50": {
      "votes": {
        "4": 1
      },
      "initial_weight": 1.0,
      "final_weight": 1.0
    },
    "37737.61": {
      "votes": {
        "4": 1
      },
      "initial_weight": 1.0,
      "final_weight": 1.0
    },
    "37737.202": {
      "votes": {
        "3": 1
      },
      "initial_weight": 0.75,
      "final_weight": 0.75
    },
    "37737.137": {
      "votes": {
        "3": 1
      },
      "initial_weight": 0.75,
      "final_weight": 0.75
    },
    "37737.188": {
      "votes": {
        "3": 1
      },
      "initial_weight": 0.75,
      "final_weight": 0.75
    },
    "37737.95": {
      "votes": {},
      "initial_weight": 0.5,
      "final_weight": 0.5
    },
    "37737.107": {
      "votes": {
        "3": 1
      },
      "initial_weight": 0.75,
      "final_weight": 0.75
    },
    "37737.109": {
      "votes": {},
      "initial_weight": 0.5,
      "final_weight": 0.32
    },
    "37737.219": {
      "votes": {
        "3": 1
      },
      "initial_weight": 0.75,
      "final_weight": 0.84
    },
    "37737.241": {
      "votes": {
        "0": 1
      },
      "initial_weight": 0.0,
      "final_weight": 0.0
    },
    "37737.247": {
      "votes": {},
      "initial_weight": 0.5,
      "final_weight": 0.5
    },