{
  "nodes": {
    "38099.0": {
      "votes": {},
      "initial_weight": 0.5,
      "final_weight": 0.5
    },
    "38099.3": {
      "votes": {
        "4": 4,
        "0": 1,
        "2": 1,
        "1": 1
      },
      "initial_weight": 0.6785714285714286,
      "final_weight": 0.23957967047098783
    },
    "38099.148": {
      "votes": {
        "4": 2,
        "0": 1,
        "1": 1
      },
      "initial_weight": 0.5625,
      "final_weight": 0.9348160514584669
    },
    "38099.155": {
      "votes": {
        "4": 4,
        "1": 1,
        "0": 2
      },
      "initial_weight": 0.6071428571428571,
      "final_weight": 0.8169585941631232
    },
    "38099.367": {
      "votes": {},
      "initial_weight": 0.5,
      "final_weight": 0.16891891891891897
    },
    "38099.41": {
      "votes": {
        "1": 1
      },
      "initial_weight": 0.25,
      "final_weight": 0.25
    },
    "38099.49": {
      "votes": {
        "2": 1
      },
      "initial_weight": 0.5,
      "final_weight": 0.5
    },
    "38099.118": {
      "votes": {
        "4": 1
      },
      "initial_weight": 1.0,
      "final_weight": 0.9900990099009901
    },
    "38099.126": {
      "votes": {
        "4": 2
      },
      "initial_weight": 1.0,
      "final_weight": 1.0
    },
    "38099.179": {
      "votes": {
        "0": 1,
        "3": 1
      },
      "initial_weight": 0.375,
      "final_weight": 0.3811881188118812
    },
    "38099.241": {
      "votes": {},
      "initial_weight": 0.5,
      "final_weight": 0.4
    },
    "38099.356": {
      "votes": {},
      "initial_weight": 0.5,
      "final_weight": 0.36764705882352944
    },
    "38099.358": {
      "votes": {},
      "initial_weight": 0.5,
      "final_weight": 0.5
    },
    "38099.365": {
      "votes": {
        "4": 1
      },
      "initial_weight": 1.0,
      "final_weight": 1.0
    },
    "38099.11": {
      "votes": {},
      "initial_weight": 0.5,
      "final_weight": 0.5245320862738488
    },
    "38099.86": {
      "votes": {},
      "initial_weight": 0.5,
      "final_weight": 0.504950495049505
    },
    "38099.51": {
      "votes": {
        "0": 1
      },
      "initial_weight": 0.0,
      "final_weight": 0.0
    },
    "38099.70": {
      "votes": {},
      "initial_weight": 0.5,
      "final_weight": 0.14044943820224715
    },
    "38099.68": {
      "votes": {},
      "initial_weight": 0.5,
      "final_weight": 0.5
    },
    "38099.214": {
      "votes": {},
      "initial_weight": 0.5,
      "final_weight": 0.9
    },
    "38099.216": {
      "votes": {},
      "initial_weight": 0.5,
      "final_weight": 0.6799999999999999
    },
    "38099.286": {
      "votes": {},
      "initial_weight": 0.5,
      "final_weight": 0.5
    },
    "38099.324": {
      "votes": {},
      "initial_weight": 0.5,
      "final_weight": 0.5
    },
    "38099.354": {
      "votes": {},
      "initial_weight": 0.5,
      "final_weight": 0.5
    },
    "38099.61": {
      "votes": {
        "4": 1
      },
      "initial_weight": 1.0,
      "final_weight": 1.0
    },
    "38099.183": {
      "votes": {
        "1": 1
      },
      "initial_weight": 0.25,
      "final_weight": 0.2293577981651376
    },
    "38099.90": {
      "votes": {
        "0": 1
      },
      "initial_weight": 0.0,
      "final_weight": 0.2
    },
    "38099.263": {
      "votes": {
        "0": 1
      },
      "initial_weight": 0.0,
      "final_weight": 0.0
    },
    "38099.388": {
      "votes": {},
      "initial_weight": 0.5,
      "final_weight": 0.5
    },
    "38099.371": {
      "votes": {},
      "initial_weight": 0.5,
      "final_weight": 0.5
    },
    "38099.375": {
      "votes": {},
      "initial_weight": 0.5,
      "final_weight": 0.4
    },
    "38099.346": {
      "votes": {},
      "initial_weight": 0.5,
      "final_weight": 0.5
    },
    "38099.384": {
      "votes": {},
      "initial_weight": 0.5,
      "final_weight": 0.5
    },
    "38099.386": {
      "votes": {},
      "initial_weight": 0.5,
      "final_weight": 0.5
    },
    "38099.120": {
      "votes": {},
      "initial_weight": 0.5,
      "final_weight": 0.5
    },
    "38099.122": {
      "votes": {},
      "initial_weight": 0.5,
      "final_weight": 0.6
    },
    "38099.239": {
      "votes": {},
      "initial_weight": 0.5,
      "final_weight": 0.5
    },
    "38099.247": {
      "votes": {},
      "initial_weight": 0.5,
      "final_weight": 0.5
    },
    "38099.261": {
      "votes": {},
      "initial_weight": 0.5,
      "final_weight": 0.4
    },
    "38099.350": {
      "votes": {},
      "initial_weight": 0.5,
      "final_weight": 0.5
    },
    "38099.243": {
      "votes": {},
      "initial_weight": 0.5,
      "final_weight": 0.5
    },
    "38099.362": {
      "votes": {},
      "initial_weight": 0.5,
      "final_weight": 0.6
    },
    "38099.392": {
      "votes": {},
      "initial_weight": 0.5,
      "final_weight": 0.5
    },
    "38099.142": {
      "votes": {},
      "initial_weight": 0.5,
      "final_weight": 0.2262443438914027
    },
    "38099.249": {
      "votes": {},
      "initial_weight": 0.5,
      "final_weight": 0.5
    },
    "38099.259": {
      "votes": {},
      "initial_weight": 0.5,
      "final_weight": 0.4990975378920765
    },
    "38099.108": {
      "votes": {},
      "initial_weight": 0.5,
      "final_weight": 0.5
    },
    "38099.110": {
      "votes": {},
      "initial_weight": 0.5,
      "final_weight": 0.6
    },
    "38099.114": {
      "votes": {},
      "initial_weight": 0.5,
      "final_weight": 0.5
    },
    "38099.116": {
      "votes": {},
      "initial_weight": 0.5,
      "final_weight": 0.5
    },
    "38099.144": {
      "votes": {},
      "initial_weight": 0.5,
      "final_weight": 0.5
    },
    "38099.344": {
      "votes": {},
      "initial_weight": 0.5,
      "final_weight": 0.5
    },
    "38099.59": {
      "votes": {},
      "initial_weight": 0.5,
      "final_weight": 0.4
    },
    "38099.140": {
      "votes": {},
      "initial_weight": 0.5,
      "final_weight": 0.5
    },
    "38099.57": {
      "votes": {},
      "initial_weight": 0.5,
      "final_weight": 0.6
    },
    "38099.74": {
      "votes": {
        "0": 1
      },
      "initial_weight": 0.0,
      "final_weight": 0.0
    },
    "38099.98": {
      "votes": {},
      "initial_weight": 0.5,
      "final_weight": 0.5
    },
    "38099.130": {
      "votes": {},
      "initial_weight": 0.5,
      "final_weight": 0.6
    },
    "38099.187": {
      "votes": {},
      "initial_weight": 0.5,
      "final_weight": 0.5
    },
    "38099.185": {
      "votes": {},
      "initial_weight": 0.5,
      "final_weight": 0.5
    },
    "38099.78": {
      "votes": {},
      "initial_weight": 0.5,
      "final_weight": 0.5
    },
    "38099.230": {
      "votes": {},
      "initial_weight": 0.5,
      "final_weight": 0.5
    },
    "38099.232": {
      "votes": {},
      "initial_weight": 0.5,
      "final_weight": 0.5
    },
    "38099.234": {
      "votes": {},
      "initial_weight": 0.5,
      "final_weight": 0.5
    },
    "38099.236": {
      "votes": {},
      "initial_weight": 0.5,
      "final_weight": 0.5
    },
    "38099.278": {
      "votes": {},
      "initial_weight": 0.5,
      "final_weight": 0.6
    },
    "38099.280": {
      "votes": {},
      "initial_weight": 0.5,
      "final_weight": 0.4
    },
    "38099.298": {
      "votes": {},
      "initial_weight": 0.5,
      "final_weight": 0.75
    },
    "38099.336": {
      "votes": {},
      "initial_weight": 0.5,
      "final_weight": 0.5
    },
    "38099.338": {
      "votes": {},
      "initial_weight": 0.5,
      "final_weight": 0.5
    },
    "38099.189": {
      "votes": {},
      "initial_weight": 0.5,
      "final_weight": 0.4
    },
    "38099.191": {
      "votes": {},
      "initial_weight": 0.5,
      "final_weight": 0.5
    },
    "38099.220": {
      "votes": {},
      "initial_weight": 0.5,