{
  "nodes": {
    "38189.0": {
      "votes": {},
      "initial_weight": 0.5,
      "final_weight": 0.5
    },
    "38189.3": {
      "votes": {
        "3": 2
      },
      "initial_weight": 0.75,
      "final_weight": 0.7069789532746452
    },
    "38189.5": {
      "votes": {
        "4": 1,
        "2": 2
      },
      "initial_weight": 0.6666666666666666,
      "final_weight": 0.6398106069256357
    },
    "38189.7": {
      "votes": {
        "2": 1,
        "0": 1,
        "4": 1
      },
      "initial_weight": 0.5,
      "final_weight": 0.4
    },
    "38189.9": {
      "votes": {
        "4": 2,
        "0": 1
      },
      "initial_weight": 0.6666666666666666,
      "final_weight": 0.4901960784313725
    },
    "38189.11": {
      "votes": {
        "3": 1,
        "1": 1
      },
      "initial_weight": 0.5,
      "final_weight": 0.2049180327868852
    },
    "38189.13": {
      "votes": {
        "2": 1,
        "3": 2
      },
      "initial_weight": 0.6666666666666666,
      "final_weight": 0.3016591251885369
    },
    "38189.15": {
      "votes": {
        "3": 2,
        "1": 1
      },
      "initial_weight": 0.5833333333333334,
      "final_weight": 0.5028735632183908
    },
    "38189.19": {
      "votes": {},
      "initial_weight": 0.5,
      "final_weight": 0.8048780487804879
    },
    "38189.27": {
      "votes": {},
      "initial_weight": 0.5,
      "final_weight": 0.6
    },
    "38189.61": {
      "votes": {},
      "initial_weight": 0.5,
      "final_weight": 0.5
    },
    "38189.29": {
      "votes": {},
      "initial_weight": 0.5,
      "final_weight": 0.6
    },
    "38189.33": {
      "votes": {},
      "initial_weight": 0.5,
      "final_weight": 0.5
    },
    "38189.69": {
      "votes": {},
      "initial_weight": 0.5,
      "final_weight": 0.5
    },
    "38189.39": {
      "votes": {
        "3": 1
      },
      "initial_weight": 0.75,
      "final_weight": 0.6
    },
    "38189.51": {
      "votes": {},
      "initial_weight": 0.5,
      "final_weight": 0.4
    },
    "38189.67": {
      "votes": {
        "4": 1
      },
      "initial_weight": 1.0,
      "final_weight": 1.0
    },
    "38189.57": {
      "votes": {},
      "initial_weight": 0.5,
      "final_weight": 0.6
    },
    "38189.71": {
      "votes": {},
      "initial_weight": 0.5,
      "final_weight": 0.5
    },
    "38189.17": {
      "votes": {},
      "initial_weight": 0.5,
      "final_weight": 0.4
    },
    "38189.37": {
      "votes": {},
      "initial_weight": 0.5,
      "final_weight": 0.5
    },
    "38189.65": {
      "votes": {},
      "initial_weight": 0.5,
      "final_weight": 0.5
    },
    "38189.41": {
      "votes": {},
      "initial_weight": 0.5,
      "final_weight": 0.75
    },
    "38189.47": {
      "votes": {},
      "initial_weight": 0.5,
      "final_weight": 0.5
    },
    "38189.49": {
      "votes": {},
      "initial_weight": 0.5,
      "final_weight": 0.5
    },
    "38189.31": {
      "votes": {},
      "initial_weight": 0.5,
      "final_weight": 0.5
    },
    "38189.53": {
      "votes": {},
      "initial_weight": 0.5,
      "final_weight": 0.5
    },
    "38189.55": {
      "votes": {},
      "initial_weight": 0.5,
      "final_weight": 0.5
    },
    "38189.59": {
      "votes": {},
      "initial_weight": 0.5,
      "final_weight": 0.5
    },
    "38189.35": {
      "votes": {},
      "initial_weight": 0.5,
      "final_weight": 0.5
    },
    "38189.43": {
      "votes": {},
      "initial_weight": 0.5,
      "final_weight": 0.5
    },
    "38189.45": {
      "votes": {},
      "initial_weight": 0.5,
      "final_weight": 0.5
    }
  },
  "edges": {
    "38189.3": {
      "successor_id": "38189.0",
      "relation": 0.0
    },
    "38189.5": {
      "successor_id": "38189.3",
      "relation": 1.0
    },
    "38189.7": {
      "successor_id": "38189.3",
      "relation": -1.0
    },
    "38189.9": {
      "successor_id": "38189.3",
      "relation": -1.0
    },
    "38189.11": {
      "successor_id": "38189.3",
      "relation": 1.0
    },
    "38189.13": {
      "successor_id": "38189.3",
      "relation": 1.0
    },
    "38189.15": {
      "successor_id": "38189.3",
      "relation": -1.0
    },
    "38189.19": {
      "successor_id": "38189.5",
      "relation": -1.0
    },
    "38189.27": {
      "successor_id": "38189.5",
      "relation": 1.0
    },
    "38189.61": {
      "successor_id": "38189.7",
      "relation": -1.0
    },
    "38189.29": {
      "successor_id": "38189.9",
      "relation": -1.0
    },
    "38189.33": {
      "successor_id": "38189.9",
      "relation": 1.0
    },
    "38189.69": {
      "successor_id": "38189.9",
      "relation": -1.0
    },
    "38189.39": {
      "successor_id": "38189.11",
      "relation": -1.0
    },
    "38189.51": {
      "successor_id": "38189.11",
      "relation": 1.0
    },
    "38189.67": {
      "successor_id": "38189.11",
      "relation": -1.0
    },
    "38189.57": {
      "successor_id": "38189.13",
      "relation": -1.0
    },
    "38189.71": {
      "successor_id": "38189.13",
      "relation": -1.0
    },
    "38189.17": {
      "successor_id": "38189.15",
      "relation": -1.0
    },
    "38189.37": {
      "successor_id": "38189.15",
      "relation": 1.0
    },
    "38189.65": {
      "successor_id": "38189.15",
      "relation": -1.0
    },
    "38189.41": {
      "successor_id": "38189.19",
      "relation": 1.0
    },
    "38189.47": {
      "successor_id": "38189.19",
      "relation": 1.0
    },
    "38189.49": {
      "successor_id": "38189.27",
      "relation": 1.0
    },
    "38189.31": {
      "successor_id": "38189.29",
      "relation": 1.0
    },
    "38189.53": {
      "successor_id": "38189.39",
      "relation": -1.0
    },
    "38189.55": {
      "successor_id": "38189.51",
      "relation": -1.0
    },
    "38189.59": {
      "successor_id": "38189.57",
      "relation": 1.0
    },
    "38189.35": {
      "successor_id": "38189.17",
      "relation": -1.0
    },
    "38189.43": {
      "successor_id": "38189.41",
      "relation": 1.0
    },
    "38189.45": {
      "successor_id": "38189.41",
      "relation": 1.0
    }
  }
}