{
  "nodes": {
    "38777.0": {
      "votes": {},
      "initial_weight": 0.5,
      "final_weight": 0.5
    },
    "38777.3": {
      "votes": {
        "2": 1
      },
      "initial_weight": 0.5,
      "final_weight": 0.3659096137161688
    },
    "38777.7": {
      "votes": {
        "4": 1
      },
      "initial_weight": 1.0,
      "final_weight": 1.0
    },
    "38777.9": {
      "votes": {
        "4": 1,
        "2": 1
      },
      "initial_weight": 0.75,
      "final_weight": 0.7439738121218133
    },
    "38777.11": {
      "votes": {
        "3": 1,
        "2": 1
      },
      "initial_weight": 0.625,
      "final_weight": 0.6252266083047882
    },
    "38777.15": {
      "votes": {
        "3": 1
      },
      "initial_weight": 0.75,
      "final_weight": 0.9024390243902439
    },
    "38777.39": {
      "votes": {
        "0": 1,
        "1": 1
      },
      "initial_weight": 0.125,
      "final_weight": 0.4198067151160268
    },
    "38777.51": {
      "votes": {
        "0": 1
      },
      "initial_weight": 0.0,
      "final_weight": 0.2
    },
    "38777.57": {
      "votes": {},
      "initial_weight": 0.5,
      "final_weight": 0.873935971257976
    },
    "38777.61": {
      "votes": {
        "1": 1,
        "0": 1
      },
      "initial_weight": 0.125,
      "final_weight": 0.12420508744038156
    },
    "38777.27": {
      "votes": {},
      "initial_weight": 0.5,
      "final_weight": 0.4
    },
    "38777.19": {
      "votes": {
        "2": 1
      },
      "initial_weight": 0.5,
      "final_weight": 0.5
    },
    "38777.21": {
      "votes": {
        "2": 1
      },
      "initial_weight": 0.5,
      "final_weight": 0.29315196998123827
    },
    "38777.37": {
      "votes": {
        "2": 1
      },
      "initial_weight": 0.5,
      "final_weight": 0.5
    },
    "38777.135": {
      "votes": {},
      "initial_weight": 0.5,
      "final_weight": 0.6
    },
    "38777.33": {
      "votes": {},
      "initial_weight": 0.5,
      "final_weight": 0.32
    },
    "38777.35": {
      "votes": {
        "3": 1
      },
      "initial_weight": 0.75,
      "final_weight": 0.75
    },
    "38777.87": {
      "votes": {
        "1": 1
      },
      "initial_weight": 0.25,
      "final_weight": 0.52
    },
    "38777.29": {
      "votes": {
        "4": 1
      },
      "initial_weight": 1.0,
      "final_weight": 1.0
    },
    "38777.69": {
      "votes": {
        "4": 1
      },
      "initial_weight": 1.0,
      "final_weight": 1.0
    },
    "38777.79": {
      "votes": {
        "2": 1
      },
      "initial_weight": 0.5,
      "final_weight": 0.5
    },
    "38777.97": {
      "votes": {
        "3": 1
      },
      "initial_weight": 0.75,
      "final_weight": 0.75
    },
    "38777.5": {
      "votes": {},
      "initial_weight": 0.5,
      "final_weight": 0.7254102826666058
    },
    "38777.31": {
      "votes": {
        "4": 1
      },
      "initial_weight": 1.0,
      "final_weight": 1.0
    },
    "38777.75": {
      "votes": {
        "4": 1
      },
      "initial_weight": 1.0,
      "final_weight": 1.0
    },
    "38777.77": {
      "votes": {
        "3": 1
      },
      "initial_weight": 0.75,
      "final_weight": 0.75
    },
    "38777.41": {
      "votes": {
        "4": 1
      },
      "initial_weight": 1.0,
      "final_weight": 1.0
    },
    "38777.43": {
      "votes": {
        "3": 1
      },
      "initial_weight": 0.75,
      "final_weight": 0.75
    },
    "38777.45": {
      "votes": {
        "2": 1
      },
      "initial_weight": 0.5,
      "final_weight": 0.6799999999999999
    },
    "38777.103": {
      "votes": {},
      "initial_weight": 0.5,
      "final_weight": 0.6
    },
    "38777.107": {
      "votes": {},
      "initial_weight": 0.5,
      "final_weight": 0.3571759616870076
    },
    "38777.53": {
      "votes": {
        "0": 1
      },
      "initial_weight": 0.0,
      "final_weight": 0.0
    },
    "38777.55": {
      "votes": {
        "2": 1
      },
      "initial_weight": 0.5,
      "final_weight": 0.5
    },
    "38777.59": {
      "votes": {},
      "initial_weight": 0.5,
      "final_weight": 0.5
    },
    "38777.95": {
      "votes": {},
      "initial_weight": 0.5,
      "final_weight": 0.62227711655064
    },
    "38777.131": {
      "votes": {},
      "initial_weight": 0.5,
      "final_weight": 0.6
    },
    "38777.63": {
      "votes": {
        "1": 1
      },
      "initial_weight": 0.25,
      "final_weight": 0.52
    },
    "38777.81": {
      "votes": {
        "2": 1
      },
      "initial_weight": 0.5,
      "final_weight": 0.6
    },
    "38777.129": {
      "votes": {},
      "initial_weight": 0.5,
      "final_weight": 0.5
    },
    "38777.23": {
      "votes": {
        "3": 1
      },
      "initial_weight": 0.75,
      "final_weight": 0.84
    },
    "38777.137": {
      "votes": {},
      "initial_weight": 0.5,
      "final_weight": 0.5
    },
    "38777.101": {
      "votes": {
        "3": 1
      },
      "initial_weight": 0.75,
      "final_weight": 0.75
    },
    "38777.89": {
      "votes": {
        "3": 1
      },
      "initial_weight": 0.75,
      "final_weight": 0.75
    },
    "38777.71": {
      "votes": {
        "3": 1
      },
      "initial_weight": 0.75,
      "final_weight": 0.875
    },
    "38777.93": {
      "votes": {
        "2": 1
      },
      "initial_weight": 0.5,
      "final_weight": 0.6
    },
    "38777.116": {
      "votes": {},
      "initial_weight": 0.5,
      "final_weight": 0.5689655172413793
    },
    "38777.47": {
      "votes": {
        "3": 1
      },
      "initial_weight": 0.75,
      "final_weight": 0.75
    },
    "38777.105": {
      "votes": {},
      "initial_weight": 0.5,
      "final_weight": 0.5
    },
    "38777.113": {
      "votes": {},
      "initial_weight": 0.5,
      "final_weight": 0.6323529411764706
    },
    "38777.17": {
      "votes": {},
      "initial_weight": 0.5,
      "final_weight": 0.5689655172413793
    },
    "38777.133": {
      "votes": {},
      "initial_weight": 0.5,
      "final_weight": 0.5
    },
    "38777.65": {
      "votes": {
        "2": 1
      },
      "initial_weight": 0.5,
      "final_weight": 0.5
    },
    "38777.67": {
      "votes": {
        "1": 1
      },
      "initial_weight": 0.25,
      "final_weight": 0.25
    },
    "38777.83": {
      "votes": {
        "2": 1
      },
      "initial_weight": 0.5,
      "final_weight": 0.5
    },
    "38777.25": {
      "votes": {
        "3": 1
      },
      "initial_weight": 0.75,
      "final_weight": 0.75
    },
    "38777.73": {
      "votes": {
        "4": 1
      },
      "initial_weight": 1.0,
      "final_weight": 1.0
    },
    "38777.111": {
      "votes": {},
      "initial_weight": 0.5,
      "final_weight": 0.5
    },
    "38777.118": {
      "votes": {},
      "initial_weight": 0.5,
      "final_weight": 0.5
    },
    "38777.120": {
      "votes": {},
      "initial_weight": 0.5,
      "final_weight": 0.4
    },
    "38777.124": {
      "votes": {},
      "initial_weight": 0.5,
      "final_weight": 0.5
    },
    "38777.91": {
      "votes": {},
      "initial_weight": 0.5,
      "final_weight": 0.4
    },
    "38777.122": {
      "votes": {},
      "initial_weight": 0.5,
      "final_weight": 0.5
    },
    "38777.109": {
      "votes": {},
      "initial_weight": 0.5,
      "final_weight": 0.5
    }
  },
  "edges": {
    "38777.3": {
      "successor_id": "38777.0",
      "relation": 0.0
    },
    "38777.7": {
      "successor_id": "38777.3",
      "relation": -1.0
    },
    "38777.9": {
      "successor_id": "38777.3",
      "relation": 1.0
    },
    "38777.11": {
      "successor_id": "38777.3",
      "relation": -1.0
    },
    "38777.15": {
      "successor_id": "38777.3",
      "relation": -1.0
    },
    "38777.39": {
      "successor_id": "38777.3",
      "relation": -1.0
    },
    "38777.51": {
      "successor_id": "38777.3",