{
  "nodes": {
    "38985.0": {
      "votes": {},
      "initial_weight": 0.5,
      "final_weight": 0.5
    },
    "38985.3": {
      "votes": {
        "4": 2,
        "0": 1,
        "1": 1
      },
      "initial_weight": 0.5625,
      "final_weight": 0.9518734233596076
    },
    "38985.5": {
      "votes": {
        "4": 2
      },
      "initial_weight": 1.0,
      "final_weight": 1.0
    },
    "38985.7": {
      "votes": {
        "4": 2,
        "0": 1
      },
      "initial_weight": 0.6666666666666666,
      "final_weight": 0.4761154321716409
    },
    "38985.9": {
      "votes": {
        "3": 1
      },
      "initial_weight": 0.75,
      "final_weight": 0.8042009280677985
    },
    "38985.11": {
      "votes": {
        "0": 1,
        "2": 1
      },
      "initial_weight": 0.25,
      "final_weight": 0.20199469763918698
    },
    "38985.13": {
      "votes": {
        "4": 2
      },
      "initial_weight": 1.0,
      "final_weight": 1.0
    },
    "38985.15": {
      "votes": {
        "1": 1,
        "4": 1,
        "2": 1
      },
      "initial_weight": 0.5833333333333334,
      "final_weight": 0.2511661284535343
    },
    "38985.17": {
      "votes": {
        "2": 1,
        "0": 1,
        "3": 1
      },
      "initial_weight": 0.4166666666666667,
      "final_weight": 0.24613885638266164
    },
    "38985.37": {
      "votes": {
        "4": 2,
        "0": 1
      },
      "initial_weight": 0.6666666666666666,
      "final_weight": 0.32017822488561914
    },
    "38985.39": {
      "votes": {
        "3": 1,
        "0": 2
      },
      "initial_weight": 0.25,
      "final_weight": 0.25
    },
    "38985.45": {
      "votes": {
        "0": 2
      },
      "initial_weight": 0.0,
      "final_weight": 0.0
    },
    "38985.154": {
      "votes": {
        "3": 1
      },
      "initial_weight": 0.75,
      "final_weight": 0.7058823529411765
    },
    "38985.163": {
      "votes": {
        "4": 1,
        "0": 1,
        "3": 1
      },
      "initial_weight": 0.5833333333333334,
      "final_weight": 0.5833333333333334
    },
    "38985.29": {
      "votes": {
        "3": 1
      },
      "initial_weight": 0.75,
      "final_weight": 0.8202247191011236
    },
    "38985.106": {
      "votes": {},
      "initial_weight": 0.5,
      "final_weight": 0.3826299583408803
    },
    "38985.120": {
      "votes": {
        "0": 1
      },
      "initial_weight": 0.0,
      "final_weight": 0.0
    },
    "38985.159": {
      "votes": {
        "0": 1,
        "4": 1
      },
      "initial_weight": 0.5,
      "final_weight": 0.5
    },
    "38985.197": {
      "votes": {
        "3": 1
      },
      "initial_weight": 0.75,
      "final_weight": 0.75
    },
    "38985.19": {
      "votes": {
        "1": 1,
        "2": 1
      },
      "initial_weight": 0.375,
      "final_weight": 0.22386396575531492
    },
    "38985.27": {
      "votes": {
        "2": 1,
        "4": 1
      },
      "initial_weight": 0.75,
      "final_weight": 0.75
    },
    "38985.21": {
      "votes": {
        "3": 1,
        "2": 1
      },
      "initial_weight": 0.625,
      "final_weight": 0.8125
    },
    "38985.94": {
      "votes": {
        "3": 1,
        "2": 1
      },
      "initial_weight": 0.625,
      "final_weight": 0.625
    },
    "38985.96": {
      "votes": {
        "1": 2
      },
      "initial_weight": 0.25,
      "final_weight": 0.2
    },
    "38985.98": {
      "votes": {
        "4": 1,
        "3": 1
      },
      "initial_weight": 0.875,
      "final_weight": 0.875
    },
    "38985.144": {
      "votes": {
        "2": 1
      },
      "initial_weight": 0.5,
      "final_weight": 0.4
    },
    "38985.25": {
      "votes": {
        "0": 1,
        "3": 1
      },
      "initial_weight": 0.375,
      "final_weight": 0.09230769230769231
    },
    "38985.41": {
      "votes": {
        "3": 1
      },
      "initial_weight": 0.75,
      "final_weight": 0.375
    },
    "38985.79": {
      "votes": {
        "1": 1,
        "2": 1
      },
      "initial_weight": 0.375,
      "final_weight": 0.11538461538461542
    },
    "38985.81": {
      "votes": {
        "4": 1
      },
      "initial_weight": 1.0,
      "final_weight": 1.0
    },
    "38985.43": {
      "votes": {
        "3": 1
      },
      "initial_weight": 0.75,
      "final_weight": 0.75
    },
    "38985.100": {
      "votes": {
        "1": 1
      },
      "initial_weight": 0.25,
      "final_weight": 0.4
    },
    "38985.23": {
      "votes": {
        "3": 1,
        "4": 1
      },
      "initial_weight": 0.875,
      "final_weight": 0.8823529411764706
    },
    "38985.55": {
      "votes": {
        "2": 1
      },
      "initial_weight": 0.5,
      "final_weight": 0.6
    },
    "38985.86": {
      "votes": {
        "3": 1
      },
      "initial_weight": 0.75,
      "final_weight": 0.95
    },
    "38985.185": {
      "votes": {},
      "initial_weight": 0.5,
      "final_weight": 0.4
    },
    "38985.49": {
      "votes": {
        "2": 1
      },
      "initial_weight": 0.5,
      "final_weight": 0.29027576197387517
    },
    "38985.187": {
      "votes": {
        "3": 1
      },
      "initial_weight": 0.75,
      "final_weight": 0.75
    },
    "38985.51": {
      "votes": {},
      "initial_weight": 0.5,
      "final_weight": 0.5
    },
    "38985.53": {
      "votes": {},
      "initial_weight": 0.5,
      "final_weight": 0.5
    },
    "38985.71": {
      "votes": {
        "4": 1
      },
      "initial_weight": 1.0,
      "final_weight": 1.0
    },
    "38985.59": {
      "votes": {},
      "initial_weight": 0.5,
      "final_weight": 0.75
    },
    "38985.69": {
      "votes": {
        "4": 1
      },
      "initial_weight": 1.0,
      "final_weight": 1.0
    },
    "38985.77": {
      "votes": {
        "3": 1
      },
      "initial_weight": 0.75,
      "final_weight": 0.75
    },
    "38985.152": {
      "votes": {
        "3": 2
      },
      "initial_weight": 0.75,
      "final_weight": 0.75
    },
    "38985.165": {
      "votes": {
        "4": 1
      },
      "initial_weight": 1.0,
      "final_weight": 1.0
    },
    "38985.31": {
      "votes": {},
      "initial_weight": 0.5,
      "final_weight": 0.5
    },
    "38985.33": {
      "votes": {},
      "initial_weight": 0.5,
      "final_weight": 0.6
    },
    "38985.136": {
      "votes": {
        "3": 1
      },
      "initial_weight": 0.75,
      "final_weight": 0.975
    },
    "38985.177": {
      "votes": {},
      "initial_weight": 0.5,
      "final_weight": 0.5
    },
    "38985.108": {
      "votes": {},
      "initial_weight": 0.5,
      "final_weight": 0.8461538461538461
    },
    "38985.116": {
      "votes": {
        "1": 1
      },
      "initial_weight": 0.25,
      "final_weight": 0.4
    },
    "38985.175": {
      "votes": {
        "4": 1
      },
      "initial_weight": 1.0,
      "final_weight": 1.0
    },
    "38985.122": {
      "votes": {},
      "initial_weight": 0.5,
      "final_weight": 0.5
    },
    "38985.195": {
      "votes": {
        "1": 1
      },
      "initial_weight": 0.25,
      "final_weight": 0.25
    },
    "38985.200": {
      "votes": {
        "1": 1
      },
      "initial_weight": 0.25,
      "final_weight": 0.25
    },
    "38985.126": {
      "votes": {},
      "initial_weight": 0.5,
      "final_weight": 0.4216595638004513
    },
    "38985.132": {
      "votes": {},
      "initial_weight": 0.5,
      "final_weight": 0.4
    },
    "38985.104": {
      "votes": {
        "4": 1
      },
      "initial_weight": 1.0,
      "final_weight": 1.0
    },
    "38985.146": {
      "votes": {},
      "initial_weight": 0.5,
      "final_weight": 0.5
    },
    "38985.189": {
      "votes": {},
      "initial_weight": 0.5,
      "final_weight": 0.5
    },
    "38985.167": {
      "votes": {
        "4": 1
      },
      "initial_weight": 1.0,
      "final_weight": 1.0
    },