{
  "nodes": {
    "39173.0": {
      "votes": {},
      "initial_weight": 0.5,
      "final_weight": 0.5
    },
    "39173.3": {
      "votes": {},
      "initial_weight": 0.5,
      "final_weight": 0.5255720769458998
    },
    "39173.5": {
      "votes": {},
      "initial_weight": 0.5,
      "final_weight": 0.4807692307692308
    },
    "39173.15": {
      "votes": {},
      "initial_weight": 0.5,
      "final_weight": 0.5581277615595686
    },
    "39173.21": {
      "votes": {},
      "initial_weight": 0.5,
      "final_weight": 0.4
    },
    "39173.23": {
      "votes": {},
      "initial_weight": 0.5,
      "final_weight": 0.743352848767089
    },
    "39173.25": {
      "votes": {},
      "initial_weight": 0.5,
      "final_weight": 0.589724661238918
    },
    "39173.39": {
      "votes": {},
      "initial_weight": 0.5,
      "final_weight": 0.5984174474450831
    },
    "39173.41": {
      "votes": {},
      "initial_weight": 0.5,
      "final_weight": 0.504950495049505
    },
    "39173.7": {
      "votes": {},
      "initial_weight": 0.5,
      "final_weight": 0.5
    },
    "39173.13": {
      "votes": {},
      "initial_weight": 0.5,
      "final_weight": 0.2678343949044586
    },
    "39173.9": {
      "votes": {},
      "initial_weight": 0.5,
      "final_weight": 0.4
    },
    "39173.11": {
      "votes": {},
      "initial_weight": 0.5,
      "final_weight": 0.5
    },
    "39173.87": {
      "votes": {},
      "initial_weight": 0.5,
      "final_weight": 0.6
    },
    "39173.121": {
      "votes": {},
      "initial_weight": 0.5,
      "final_weight": 0.5
    },
    "39173.17": {
      "votes": {},
      "initial_weight": 0.5,
      "final_weight": 0.36764705882352944
    },
    "39173.19": {
      "votes": {},
      "initial_weight": 0.5,
      "final_weight": 0.504950495049505
    },
    "39173.93": {
      "votes": {},
      "initial_weight": 0.5,
      "final_weight": 0.5
    },
    "39173.37": {
      "votes": {},
      "initial_weight": 0.5,
      "final_weight": 0.5
    },
    "39173.29": {
      "votes": {},
      "initial_weight": 0.5,
      "final_weight": 0.4
    },
    "39173.51": {
      "votes": {},
      "initial_weight": 0.5,
      "final_weight": 0.5
    },
    "39173.75": {
      "votes": {},
      "initial_weight": 0.5,
      "final_weight": 0.7737556561085973
    },
    "39173.77": {
      "votes": {},
      "initial_weight": 0.5,
      "final_weight": 0.6
    },
    "39173.85": {
      "votes": {},
      "initial_weight": 0.5,
      "final_weight": 0.5
    },
    "39173.61": {
      "votes": {},
      "initial_weight": 0.5,
      "final_weight": 0.6
    },
    "39173.63": {
      "votes": {},
      "initial_weight": 0.5,
      "final_weight": 0.5
    },
    "39173.65": {
      "votes": {},
      "initial_weight": 0.5,
      "final_weight": 0.6323529411764706
    },
    "39173.47": {
      "votes": {},
      "initial_weight": 0.5,
      "final_weight": 0.5
    },
    "39173.49": {
      "votes": {},
      "initial_weight": 0.5,
      "final_weight": 0.5
    },
    "39173.53": {
      "votes": {},
      "initial_weight": 0.5,
      "final_weight": 0.49504950495049505
    },
    "39173.57": {
      "votes": {},
      "initial_weight": 0.5,
      "final_weight": 0.5
    },
    "39173.97": {
      "votes": {},
      "initial_weight": 0.5,
      "final_weight": 0.5
    },
    "39173.43": {
      "votes": {},
      "initial_weight": 0.5,
      "final_weight": 0.4
    },
    "39173.105": {
      "votes": {},
      "initial_weight": 0.5,
      "final_weight": 0.5
    },
    "39173.99": {
      "votes": {},
      "initial_weight": 0.5,
      "final_weight": 0.43103448275862066
    },
    "39173.107": {
      "votes": {},
      "initial_weight": 0.5,
      "final_weight": 0.5
    },
    "39173.27": {
      "votes": {},
      "initial_weight": 0.5,
      "final_weight": 0.5
    },
    "39173.89": {
      "votes": {},
      "initial_weight": 0.5,
      "final_weight": 0.5
    },
    "39173.33": {
      "votes": {},
      "initial_weight": 0.5,
      "final_weight": 0.6
    },
    "39173.91": {
      "votes": {},
      "initial_weight": 0.5,
      "final_weight": 0.4
    },
    "39173.113": {
      "votes": {},
      "initial_weight": 0.5,
      "final_weight": 0.5
    },
    "39173.31": {
      "votes": {},
      "initial_weight": 0.5,
      "final_weight": 0.5
    },
    "39173.81": {
      "votes": {},
      "initial_weight": 0.5,
      "final_weight": 0.6
    },
    "39173.119": {
      "votes": {},
      "initial_weight": 0.5,
      "final_weight": 0.5
    },
    "39173.79": {
      "votes": {},
      "initial_weight": 0.5,
      "final_weight": 0.5
    },
    "39173.95": {
      "votes": {},
      "initial_weight": 0.5,
      "final_weight": 0.5
    },
    "39173.67": {
      "votes": {},
      "initial_weight": 0.5,
      "final_weight": 0.5
    },
    "39173.69": {
      "votes": {},
      "initial_weight": 0.5,
      "final_weight": 0.4
    },
    "39173.73": {
      "votes": {},
      "initial_weight": 0.5,
      "final_weight": 0.5
    },
    "39173.55": {
      "votes": {},
      "initial_weight": 0.5,
      "final_weight": 0.5
    },
    "39173.115": {
      "votes": {},
      "initial_weight": 0.5,
      "final_weight": 0.6
    },
    "39173.45": {
      "votes": {},
      "initial_weight": 0.5,
      "final_weight": 0.5
    },
    "39173.101": {
      "votes": {},
      "initial_weight": 0.5,
      "final_weight": 0.4
    },
    "39173.109": {
      "votes": {},
      "initial_weight": 0.5,
      "final_weight": 0.5
    },
    "39173.123": {
      "votes": {},
      "initial_weight": 0.5,
      "final_weight": 0.5
    },
    "39173.35": {
      "votes": {},
      "initial_weight": 0.5,
      "final_weight": 0.5
    },
    "39173.111": {
      "votes": {},
      "initial_weight": 0.5,
      "final_weight": 0.5
    },
    "39173.83": {
      "votes": {},
      "initial_weight": 0.5,
      "final_weight": 0.5
    },
    "39173.71": {
      "votes": {},
      "initial_weight": 0.5,
      "final_weight": 0.5
    },
    "39173.117": {
      "votes": {},
      "initial_weight": 0.5,
      "final_weight": 0.5
    },
    "39173.103": {
      "votes": {},
      "initial_weight": 0.5,
      "final_weight": 0.5
    }
  },
  "edges": {
    "39173.3": {
      "successor_id": "39173.0",
      "relation": 0.0
    },
    "39173.5": {
      "successor_id": "39173.0",
      "relation": 0.0
    },
    "39173.15": {
      "successor_id": "39173.0",
      "relation": 0.0
    },
    "39173.21": {
      "successor_id": "39173.0",
      "relation": 0.0
    },
    "39173.23": {
      "successor_id": "39173.0",
      "relation": 0.0
    },
    "39173.25": {
      "successor_id": "39173.0",
      "relation": 0.0
    },
    "39173.39": {
      "successor_id": "39173.0",
      "relation": 0.0
    },
    "39173.41": {
      "successor_id": "39173.0",
      "relation": 0.0
    },
    "39173.7": {
      "successor_id": "39173.3",
      "relation": 1.0
    },
    "39173.13": {
      "successor_id": "39173.3",
      "relation": -1.0
    },
    "39173.9": {
      "successor_id": "39173.5",
      "relation": 1.0
    },
    "39173.11": {
      "successor_id": "39173.5",
      "relation": -1.0
    },
    "39173.87": {
      "successor_id": "39173.5",
      "relation": -1.0
    },
    "39173.121": {
      "successor_id": "39173.5",
      "relation": 1.0
    },
    "39173.17": {
      "successor_id": "39173.15",
      "relation": 1.0
    },
    "39173.19": {
      "successor_id": "39173.15",
      "relation": -1.0
    },
    "39173.93": {
      "successor_id": "39173.15",
      "relation": 1.0
    },
    "39173.37": {
      "successor_id": "39173.21",
      "relation": -1.0
    },
    "39173.29": {
      "successor_id": "39173.23",
      "relation": -1.0
    },
    "39173.51": {
      "successor_id": "39173.23",
      "relation": 1.0
    },
    "39173.75": {
      "successor_id": "39173.23",
      "relation": 1.0
    },