{
  "nodes": {
    "39528.0": {
      "votes": {},
      "initial_weight": 0.5,
      "final_weight": 0.5
    },
    "39528.3": {
      "votes": {
        "0": 2,
        "1": 1
      },
      "initial_weight": 0.08333333333333333,
      "final_weight": 0.011103492479994592
    },
    "39528.11": {
      "votes": {
        "4": 1
      },
      "initial_weight": 1.0,
      "final_weight": 1.0
    },
    "39528.19": {
      "votes": {},
      "initial_weight": 0.5,
      "final_weight": 0.46865713530622144
    },
    "39528.17": {
      "votes": {
        "1": 1,
        "2": 1
      },
      "initial_weight": 0.375,
      "final_weight": 0.17373486310311365
    },
    "39528.7": {
      "votes": {
        "4": 1,
        "3": 1
      },
      "initial_weight": 0.875,
      "final_weight": 0.918937562408659
    },
    "39528.5": {
      "votes": {
        "3": 2
      },
      "initial_weight": 0.75,
      "final_weight": 0.7844827586206896
    },
    "39528.55": {
      "votes": {
        "2": 1,
        "1": 1
      },
      "initial_weight": 0.375,
      "final_weight": 0.1875
    },
    "39528.61": {
      "votes": {
        "1": 1,
        "3": 2
      },
      "initial_weight": 0.5833333333333334,
      "final_weight": 0.6666666666666667
    },
    "39528.132": {
      "votes": {
        "0": 1
      },
      "initial_weight": 0.0,
      "final_weight": 0.0
    },
    "39528.139": {
      "votes": {
        "2": 1
      },
      "initial_weight": 0.5,
      "final_weight": 0.5
    },
    "39528.33": {
      "votes": {},
      "initial_weight": 0.5,
      "final_weight": 0.5
    },
    "39528.47": {
      "votes": {
        "3": 1
      },
      "initial_weight": 0.75,
      "final_weight": 0.75
    },
    "39528.69": {
      "votes": {},
      "initial_weight": 0.5,
      "final_weight": 0.29027576197387517
    },
    "39528.93": {
      "votes": {
        "2": 1
      },
      "initial_weight": 0.5,
      "final_weight": 0.75
    },
    "39528.186": {
      "votes": {},
      "initial_weight": 0.5,
      "final_weight": 0.5
    },
    "39528.41": {
      "votes": {},
      "initial_weight": 0.5,
      "final_weight": 0.4
    },
    "39528.67": {
      "votes": {
        "3": 1
      },
      "initial_weight": 0.75,
      "final_weight": 0.75
    },
    "39528.87": {
      "votes": {},
      "initial_weight": 0.5,
      "final_weight": 0.4
    },
    "39528.101": {
      "votes": {},
      "initial_weight": 0.5,
      "final_weight": 0.5
    },
    "39528.103": {
      "votes": {},
      "initial_weight": 0.5,
      "final_weight": 0.5086078639744952
    },
    "39528.45": {
      "votes": {
        "1": 1,
        "2": 1
      },
      "initial_weight": 0.375,
      "final_weight": 0.375
    },
    "39528.59": {
      "votes": {
        "2": 1
      },
      "initial_weight": 0.5,
      "final_weight": 0.3676470588235294
    },
    "39528.63": {
      "votes": {
        "3": 1
      },
      "initial_weight": 0.75,
      "final_weight": 0.75
    },
    "39528.105": {
      "votes": {
        "2": 1
      },
      "initial_weight": 0.5,
      "final_weight": 0.5
    },
    "39528.157": {
      "votes": {},
      "initial_weight": 0.5,
      "final_weight": 0.5689655172413793
    },
    "39528.27": {
      "votes": {},
      "initial_weight": 0.5,
      "final_weight": 0.5
    },
    "39528.29": {
      "votes": {},
      "initial_weight": 0.5,
      "final_weight": 0.8048780487804879
    },
    "39528.39": {
      "votes": {},
      "initial_weight": 0.5,
      "final_weight": 0.5
    },
    "39528.43": {
      "votes": {},
      "initial_weight": 0.5,
      "final_weight": 0.4
    },
    "39528.178": {
      "votes": {},
      "initial_weight": 0.5,
      "final_weight": 0.5
    },
    "39528.184": {
      "votes": {},
      "initial_weight": 0.5,
      "final_weight": 0.5
    },
    "39528.13": {
      "votes": {},
      "initial_weight": 0.5,
      "final_weight": 0.4
    },
    "39528.91": {
      "votes": {},
      "initial_weight": 0.5,
      "final_weight": 0.5
    },
    "39528.180": {
      "votes": {},
      "initial_weight": 0.5,
      "final_weight": 0.5
    },
    "39528.57": {
      "votes": {},
      "initial_weight": 0.5,
      "final_weight": 0.5
    },
    "39528.79": {
      "votes": {},
      "initial_weight": 0.5,
      "final_weight": 0.5
    },
    "39528.113": {
      "votes": {},
      "initial_weight": 0.5,
      "final_weight": 0.5
    },
    "39528.115": {
      "votes": {},
      "initial_weight": 0.5,
      "final_weight": 0.5
    },
    "39528.117": {
      "votes": {},
      "initial_weight": 0.5,
      "final_weight": 0.5
    },
    "39528.119": {
      "votes": {
        "4": 1
      },
      "initial_weight": 1.0,
      "final_weight": 1.0
    },
    "39528.141": {
      "votes": {},
      "initial_weight": 0.5,
      "final_weight": 0.5
    },
    "39528.143": {
      "votes": {},
      "initial_weight": 0.5,
      "final_weight": 0.5
    },
    "39528.148": {
      "votes": {},
      "initial_weight": 0.5,
      "final_weight": 0.5
    },
    "39528.150": {
      "votes": {},
      "initial_weight": 0.5,
      "final_weight": 0.4
    },
    "39528.166": {
      "votes": {},
      "initial_weight": 0.5,
      "final_weight": 0.5
    },
    "39528.188": {
      "votes": {},
      "initial_weight": 0.5,
      "final_weight": 0.5
    },
    "39528.83": {
      "votes": {},
      "initial_weight": 0.5,
      "final_weight": 0.6
    },
    "39528.71": {
      "votes": {},
      "initial_weight": 0.5,
      "final_weight": 0.4
    },
    "39528.73": {
      "votes": {},
      "initial_weight": 0.5,
      "final_weight": 0.5
    },
    "39528.75": {
      "votes": {
        "3": 1
      },
      "initial_weight": 0.75,
      "final_weight": 0.75
    },
    "39528.95": {
      "votes": {},
      "initial_weight": 0.5,
      "final_weight": 0.5
    },
    "39528.97": {
      "votes": {},
      "initial_weight": 0.5,
      "final_weight": 0.5
    },
    "39528.99": {
      "votes": {},
      "initial_weight": 0.5,
      "final_weight": 0.5
    },
    "39528.134": {
      "votes": {},
      "initial_weight": 0.5,
      "final_weight": 0.5
    },
    "39528.126": {
      "votes": {},
      "initial_weight": 0.5,
      "final_weight": 0.5
    },
    "39528.89": {
      "votes": {},
      "initial_weight": 0.5,
      "final_weight": 0.5
    },
    "39528.109": {
      "votes": {},
      "initial_weight": 0.5,
      "final_weight": 0.5
    },
    "39528.111": {
      "votes": {},
      "initial_weight": 0.5,
      "final_weight": 0.36764705882352944
    },
    "39528.81": {
      "votes": {},
      "initial_weight": 0.5,
      "final_weight": 0.5
    },
    "39528.107": {
      "votes": {},
      "initial_weight": 0.5,
      "final_weight": 0.5
    },
    "39528.145": {
      "votes": {},
      "initial_weight": 0.5,
      "final_weight": 0.4
    },
    "39528.31": {
      "votes": {},
      "initial_weight": 0.5,
      "final_weight": 0.5
    },
    "39528.49": {
      "votes": {},
      "initial_weight": 0.5,
      "final_weight": 0.75
    },
    "39528.172": {
      "votes": {},
      "initial_weight": 0.5,
      "final_weight": 0.5
    },
    "39528.174": {
      "votes": {},
      "initial_weight": 0.5,
      "final_weight": 0.5
    },
    "39528.176": {
      "votes": {},
      "initial_weight": 0.5,
      "final_weight": 0.5
    },
    "39528.182": {
      "votes": {},
      "initial_weight": 0.5,
      "final_weight": 0.5
    },
    "39528.154": {
      "votes": {},
      "initial_weight": 0.5,
      "final_weight": 0.5
    },
    "39528.85": {
      "votes": {},
      "initial_weight": 0.5,
      "final_weight": 0.5
    },
    "39528.77": {
      "votes": {},
      "initial_weight": 0.5,
      "final_weight": 0.5
    },
    "39528.123": {
      "votes": {},
      "initial_weight": 0.5,
      "final_weight": 0.6
    },
    "39528.160": {
      "votes": {},
      "initial_weight": 0.5,