{
  "nodes": {
    "39623.0": {
      "votes": {},
      "initial_weight": 0.5,
      "final_weight": 0.5
    },
    "39623.3": {
      "votes": {
        "0": 2
      },
      "initial_weight": 0.0,
      "final_weight": 0.475603881907144
    },
    "39623.5": {
      "votes": {
        "2": 1
      },
      "initial_weight": 0.5,
      "final_weight": 0.20590396864282207
    },
    "39623.9": {
      "votes": {
        "3": 1
      },
      "initial_weight": 0.75,
      "final_weight": 0.34538530180381155
    },
    "39623.11": {
      "votes": {
        "2": 1
      },
      "initial_weight": 0.5,
      "final_weight": 0.47058823529411764
    },
    "39623.13": {
      "votes": {
        "4": 1,
        "2": 1
      },
      "initial_weight": 0.75,
      "final_weight": 0.81113855827532
    },
    "39623.17": {
      "votes": {
        "2": 1
      },
      "initial_weight": 0.5,
      "final_weight": 0.8802906162755055
    },
    "39623.19": {
      "votes": {
        "0": 1
      },
      "initial_weight": 0.0,
      "final_weight": 0.0
    },
    "39623.21": {
      "votes": {
        "3": 1
      },
      "initial_weight": 0.75,
      "final_weight": 0.2142968953822071
    },
    "39623.182": {
      "votes": {
        "4": 1
      },
      "initial_weight": 1.0,
      "final_weight": 1.0
    },
    "39623.15": {
      "votes": {},
      "initial_weight": 0.5,
      "final_weight": 0.6951219512195123
    },
    "39623.94": {
      "votes": {},
      "initial_weight": 0.5,
      "final_weight": 0.5
    },
    "39623.116": {
      "votes": {},
      "initial_weight": 0.5,
      "final_weight": 0.5
    },
    "39623.118": {
      "votes": {},
      "initial_weight": 0.5,
      "final_weight": 0.5
    },
    "39623.27": {
      "votes": {},
      "initial_weight": 0.5,
      "final_weight": 0.5
    },
    "39623.61": {
      "votes": {},
      "initial_weight": 0.5,
      "final_weight": 0.6
    },
    "39623.78": {
      "votes": {},
      "initial_weight": 0.5,
      "final_weight": 0.6323529411764706
    },
    "39623.100": {
      "votes": {},
      "initial_weight": 0.5,
      "final_weight": 0.75
    },
    "39623.158": {
      "votes": {},
      "initial_weight": 0.5,
      "final_weight": 0.4
    },
    "39623.58": {
      "votes": {},
      "initial_weight": 0.5,
      "final_weight": 0.5
    },
    "39623.23": {
      "votes": {
        "2": 1
      },
      "initial_weight": 0.5,
      "final_weight": 0.5
    },
    "39623.76": {
      "votes": {},
      "initial_weight": 0.5,
      "final_weight": 0.5
    },
    "39623.134": {
      "votes": {},
      "initial_weight": 0.5,
      "final_weight": 0.5
    },
    "39623.172": {
      "votes": {
        "1": 1
      },
      "initial_weight": 0.25,
      "final_weight": 0.25
    },
    "39623.176": {
      "votes": {},
      "initial_weight": 0.5,
      "final_weight": 0.5
    },
    "39623.54": {
      "votes": {},
      "initial_weight": 0.5,
      "final_weight": 0.5
    },
    "39623.56": {
      "votes": {},
      "initial_weight": 0.5,
      "final_weight": 0.4
    },
    "39623.67": {
      "votes": {},
      "initial_weight": 0.5,
      "final_weight": 0.43103448275862066
    },
    "39623.126": {
      "votes": {},
      "initial_weight": 0.5,
      "final_weight": 0.5
    },
    "39623.140": {
      "votes": {},
      "initial_weight": 0.5,
      "final_weight": 0.5
    },
    "39623.112": {
      "votes": {},
      "initial_weight": 0.5,
      "final_weight": 0.5
    },
    "39623.25": {
      "votes": {
        "3": 1
      },
      "initial_weight": 0.75,
      "final_weight": 0.75
    },
    "39623.36": {
      "votes": {},
      "initial_weight": 0.5,
      "final_weight": 0.4
    },
    "39623.82": {
      "votes": {},
      "initial_weight": 0.5,
      "final_weight": 0.6
    },
    "39623.92": {
      "votes": {},
      "initial_weight": 0.5,
      "final_weight": 0.6
    },
    "39623.98": {
      "votes": {},
      "initial_weight": 0.5,
      "final_weight": 0.5
    },
    "39623.128": {
      "votes": {},
      "initial_weight": 0.5,
      "final_weight": 0.5
    },
    "39623.154": {
      "votes": {},
      "initial_weight": 0.5,
      "final_weight": 0.36764705882352944
    },
    "39623.170": {
      "votes": {},
      "initial_weight": 0.5,
      "final_weight": 0.5
    },
    "39623.52": {
      "votes": {
        "3": 1
      },
      "initial_weight": 0.75,
      "final_weight": 0.6
    },
    "39623.108": {
      "votes": {},
      "initial_weight": 0.5,
      "final_weight": 0.75
    },
    "39623.120": {
      "votes": {},
      "initial_weight": 0.5,
      "final_weight": 0.5
    },
    "39623.124": {
      "votes": {
        "3": 1
      },
      "initial_weight": 0.75,
      "final_weight": 0.75
    },
    "39623.38": {
      "votes": {},
      "initial_weight": 0.5,
      "final_weight": 0.831081081081081
    },
    "39623.102": {
      "votes": {},
      "initial_weight": 0.5,
      "final_weight": 0.6
    },
    "39623.114": {
      "votes": {},
      "initial_weight": 0.5,
      "final_weight": 0.5
    },
    "39623.122": {
      "votes": {},
      "initial_weight": 0.5,
      "final_weight": 0.5
    },
    "39623.187": {
      "votes": {},
      "initial_weight": 0.5,
      "final_weight": 0.75
    },
    "39623.195": {
      "votes": {},
      "initial_weight": 0.5,
      "final_weight": 0.6
    },
    "39623.73": {
      "votes": {},
      "initial_weight": 0.5,
      "final_weight": 0.5
    },
    "39623.184": {
      "votes": {},
      "initial_weight": 0.5,
      "final_weight": 0.5
    },
    "39623.193": {
      "votes": {},
      "initial_weight": 0.5,
      "final_weight": 0.5
    },
    "39623.29": {
      "votes": {
        "1": 1
      },
      "initial_weight": 0.25,
      "final_weight": 0.2
    },
    "39623.31": {
      "votes": {},
      "initial_weight": 0.5,
      "final_weight": 0.5
    },
    "39623.7": {
      "votes": {},
      "initial_weight": 0.5,
      "final_weight": 0.5
    },
    "39623.63": {
      "votes": {},
      "initial_weight": 0.5,
      "final_weight": 0.5
    },
    "39623.69": {
      "votes": {},
      "initial_weight": 0.5,
      "final_weight": 0.5
    },
    "39623.136": {
      "votes": {},
      "initial_weight": 0.5,
      "final_weight": 0.5
    },
    "39623.149": {
      "votes": {},
      "initial_weight": 0.5,
      "final_weight": 0.5
    },
    "39623.152": {
      "votes": {},
      "initial_weight": 0.5,
      "final_weight": 0.5
    },
    "39623.80": {
      "votes": {},
      "initial_weight": 0.5,
      "final_weight": 0.5
    },
    "39623.86": {
      "votes": {},
      "initial_weight": 0.5,
      "final_weight": 0.6
    },
    "39623.88": {
      "votes": {},
      "initial_weight": 0.5,
      "final_weight": 0.5
    },
    "39623.106": {
      "votes": {},
      "initial_weight": 0.5,
      "final_weight": 0.5
    },
    "39623.143": {
      "votes": {},
      "initial_weight": 0.5,
      "final_weight": 0.5
    },
    "39623.160": {
      "votes": {},
      "initial_weight": 0.5,
      "final_weight": 0.5
    },
    "39623.90": {
      "votes": {},
      "initial_weight": 0.5,
      "final_weight": 0.5
    },
    "39623.84": {
      "votes": {},
      "initial_weight": 0.5,
      "final_weight": 0.5
    },
    "39623.168": {
      "votes": {},
      "initial_weight": 0.5,
      "final_weight": 0.5
    },
    "39623.130": {
      "votes": {},
      "initial_weight": 0.5,
      "final_weight": 0.5
    },
    "39623.132": {
      "votes": {},
      "initial_weight": 0.5,
      "final_weight": 0.5
    },
    "39623.138": {
      "votes": {
        "0": 1
      },
      "initial_weight": 0.0,
      "final_weight": 0.0
    },
    "39623.156": {
      "votes": {},
      "initial_weight": 0.5,
      "final_weight": 0.6
    },
    "39623.145": {
      "votes": {},
      "initial_weight": 0.5,
      "final_weight": 0.5
    },
    "39623.104": {
      "votes": {},