{
  "nodes": {
    "40905.0": {
      "votes": {},
      "initial_weight": 0.5,
      "final_weight": 0.5
    },
    "40905.3": {
      "votes": {
        "3": 1
      },
      "initial_weight": 0.75,
      "final_weight": 0.9263143146932504
    },
    "40905.5": {
      "votes": {
        "3": 2
      },
      "initial_weight": 0.75,
      "final_weight": 0.8440754715017956
    },
    "40905.11": {
      "votes": {
        "1": 1,
        "2": 1
      },
      "initial_weight": 0.375,
      "final_weight": 0.17050941165969255
    },
    "40905.13": {
      "votes": {
        "3": 1,
        "4": 1,
        "2": 1
      },
      "initial_weight": 0.75,
      "final_weight": 0.84
    },
    "40905.31": {
      "votes": {
        "1": 2
      },
      "initial_weight": 0.25,
      "final_weight": 0.52
    },
    "40905.37": {
      "votes": {
        "4": 2
      },
      "initial_weight": 1.0,
      "final_weight": 1.0
    },
    "40905.43": {
      "votes": {
        "1": 1
      },
      "initial_weight": 0.25,
      "final_weight": 0.7332982640715413
    },
    "40905.61": {
      "votes": {
        "0": 1
      },
      "initial_weight": 0.0,
      "final_weight": 0.0
    },
    "40905.75": {
      "votes": {},
      "initial_weight": 0.5,
      "final_weight": 0.5
    },
    "40905.19": {
      "votes": {
        "2": 1
      },
      "initial_weight": 0.5,
      "final_weight": 0.5
    },
    "40905.21": {
      "votes": {
        "3": 1,
        "4": 1
      },
      "initial_weight": 0.875,
      "final_weight": 0.9692307692307692
    },
    "40905.27": {
      "votes": {
        "2": 1
      },
      "initial_weight": 0.5,
      "final_weight": 0.5
    },
    "40905.29": {
      "votes": {
        "3": 1,
        "2": 1
      },
      "initial_weight": 0.625,
      "final_weight": 0.625
    },
    "40905.57": {
      "votes": {},
      "initial_weight": 0.5,
      "final_weight": 0.31748126970767354
    },
    "40905.59": {
      "votes": {},
      "initial_weight": 0.5,
      "final_weight": 0.5
    },
    "40905.65": {
      "votes": {},
      "initial_weight": 0.5,
      "final_weight": 0.5
    },
    "40905.92": {
      "votes": {},
      "initial_weight": 0.5,
      "final_weight": 0.5
    },
    "40905.17": {
      "votes": {
        "4": 1
      },
      "initial_weight": 1.0,
      "final_weight": 1.0
    },
    "40905.41": {
      "votes": {
        "2": 1
      },
      "initial_weight": 0.5,
      "final_weight": 0.1951219512195122
    },
    "40905.53": {
      "votes": {
        "1": 1,
        "3": 1
      },
      "initial_weight": 0.5,
      "final_weight": 0.4
    },
    "40905.67": {
      "votes": {},
      "initial_weight": 0.5,
      "final_weight": 0.5
    },
    "40905.15": {
      "votes": {
        "3": 1
      },
      "initial_weight": 0.75,
      "final_weight": 0.75
    },
    "40905.55": {
      "votes": {
        "2": 1
      },
      "initial_weight": 0.5,
      "final_weight": 0.5
    },
    "40905.63": {
      "votes": {
        "3": 1
      },
      "initial_weight": 0.75,
      "final_weight": 0.75
    },
    "40905.83": {
      "votes": {},
      "initial_weight": 0.5,
      "final_weight": 0.5
    },
    "40905.85": {
      "votes": {},
      "initial_weight": 0.5,
      "final_weight": 0.75
    },
    "40905.33": {
      "votes": {
        "2": 1
      },
      "initial_weight": 0.5,
      "final_weight": 0.5
    },
    "40905.35": {
      "votes": {
        "1": 1
      },
      "initial_weight": 0.25,
      "final_weight": 0.25
    },
    "40905.79": {
      "votes": {},
      "initial_weight": 0.5,
      "final_weight": 0.5
    },
    "40905.39": {
      "votes": {},
      "initial_weight": 0.5,
      "final_weight": 0.5
    },
    "40905.69": {
      "votes": {
        "0": 1
      },
      "initial_weight": 0.0,
      "final_weight": 0.0
    },
    "40905.71": {
      "votes": {},
      "initial_weight": 0.5,
      "final_weight": 0.5
    },
    "40905.73": {
      "votes": {
        "0": 1
      },
      "initial_weight": 0.0,
      "final_weight": 0.0
    },
    "40905.45": {
      "votes": {},
      "initial_weight": 0.5,
      "final_weight": 0.8461538461538461
    },
    "40905.81": {
      "votes": {
        "2": 1
      },
      "initial_weight": 0.5,
      "final_weight": 0.5
    },
    "40905.100": {
      "votes": {},
      "initial_weight": 0.5,
      "final_weight": 0.5
    },
    "40905.103": {
      "votes": {
        "4": 1
      },
      "initial_weight": 1.0,
      "final_weight": 0.8
    },
    "40905.23": {
      "votes": {
        "4": 1
      },
      "initial_weight": 1.0,
      "final_weight": 1.0
    },
    "40905.25": {
      "votes": {
        "3": 1
      },
      "initial_weight": 0.75,
      "final_weight": 0.75
    },
    "40905.111": {
      "votes": {},
      "initial_weight": 0.5,
      "final_weight": 0.25821900366778205
    },
    "40905.121": {
      "votes": {},
      "initial_weight": 0.5,
      "final_weight": 0.5
    },
    "40905.98": {
      "votes": {},
      "initial_weight": 0.5,
      "final_weight": 0.25
    },
    "40905.107": {
      "votes": {
        "4": 1
      },
      "initial_weight": 1.0,
      "final_weight": 1.0
    },
    "40905.96": {
      "votes": {},
      "initial_weight": 0.5,
      "final_weight": 0.5
    },
    "40905.87": {
      "votes": {},
      "initial_weight": 0.5,
      "final_weight": 0.5
    },
    "40905.90": {
      "votes": {},
      "initial_weight": 0.5,
      "final_weight": 0.5
    },
    "40905.47": {
      "votes": {},
      "initial_weight": 0.5,
      "final_weight": 0.5
    },
    "40905.49": {
      "votes": {},
      "initial_weight": 0.5,
      "final_weight": 0.5
    },
    "40905.51": {
      "votes": {},
      "initial_weight": 0.5,
      "final_weight": 0.5
    },
    "40905.105": {
      "votes": {},
      "initial_weight": 0.5,
      "final_weight": 0.5
    },
    "40905.113": {
      "votes": {},
      "initial_weight": 0.5,
      "final_weight": 0.36764705882352944
    },
    "40905.115": {
      "votes": {},
      "initial_weight": 0.5,
      "final_weight": 0.6
    },
    "40905.109": {
      "votes": {
        "4": 1
      },
      "initial_weight": 1.0,
      "final_weight": 1.0
    },
    "40905.119": {
      "votes": {},
      "initial_weight": 0.5,
      "final_weight": 0.4
    },
    "40905.123": {
      "votes": {},
      "initial_weight": 0.5,
      "final_weight": 0.5
    },
    "40905.125": {
      "votes": {},
      "initial_weight": 0.5,
      "final_weight": 0.5
    },
    "40905.117": {
      "votes": {},
      "initial_weight": 0.5,
      "final_weight": 0.5
    },
    "40905.127": {
      "votes": {},
      "initial_weight": 0.5,
      "final_weight": 0.5
    }
  },
  "edges": {
    "40905.3": {
      "successor_id": "40905.0",
      "relation": 0.0
    },
    "40905.5": {
      "successor_id": "40905.3",
      "relation": 1.0
    },
    "40905.11": {
      "successor_id": "40905.3",
      "relation": -1.0
    },
    "40905.13": {
      "successor_id": "40905.3",
      "relation": -1.0
    },
    "40905.31": {
      "successor_id": "40905.3",
      "relation": -1.0
    },
    "40905.37": {
      "successor_id": "40905.3",
      "relation": 1.0
    },
    "40905.43": {
      "successor_id": "40905.3",
      "relation": 1.0
    },
    "40905.61": {
      "successor_id": "40905.3",
      "relation": -1.0
    },
    "40905.75": {
      "successor_id": "40905.3",
      "relation": 1.0
    },
    "40905.19": {
      "successor_id": "40905.5",
      "relation": 1.0
    },
    "40905.21": {
      "successor_id": "40905.5",
      "relation": 1.0
    },
    "40905.27": {
      "successor_id": "40905.5",
      "relation": 1.0
    },
    "40905.29": {
      "successor_id": "40905.5",
      "relation": 1.0
    },
    "40905.57": {
      "successor_id": "40905.5",
      "relation": -1.0
    },
    "40905.59": {
      "successor_id": "40905.5",
      "relation": -1.0
    },