{
  "nodes": {
    "41573.0": {
      "votes": {},
      "initial_weight": 0.5,
      "final_weight": 0.5
    },
    "41573.3": {
      "votes": {
        "4": 1,
        "3": 1,
        "1": 1
      },
      "initial_weight": 0.6666666666666666,
      "final_weight": 0.9341403590223387
    },
    "41573.15": {
      "votes": {
        "4": 2,
        "2": 1
      },
      "initial_weight": 0.8333333333333334,
      "final_weight": 0.8780746251831811
    },
    "41573.17": {
      "votes": {
        "2": 1
      },
      "initial_weight": 0.5,
      "final_weight": 0.504950495049505
    },
    "41573.33": {
      "votes": {
        "4": 2
      },
      "initial_weight": 1.0,
      "final_weight": 1.0
    },
    "41573.39": {
      "votes": {},
      "initial_weight": 0.5,
      "final_weight": 0.2512406871498061
    },
    "41573.44": {
      "votes": {
        "2": 1
      },
      "initial_weight": 0.5,
      "final_weight": 0.6368237407586539
    },
    "41573.197": {
      "votes": {},
      "initial_weight": 0.5,
      "final_weight": 0.511002444987775
    },
    "41573.274": {
      "votes": {},
      "initial_weight": 0.5,
      "final_weight": 0.254450685872264
    },
    "41573.31": {
      "votes": {
        "3": 1,
        "2": 1
      },
      "initial_weight": 0.625,
      "final_weight": 0.625
    },
    "41573.203": {
      "votes": {},
      "initial_weight": 0.5,
      "final_weight": 0.5
    },
    "41573.205": {
      "votes": {},
      "initial_weight": 0.5,
      "final_weight": 0.5192307692307693
    },
    "41573.213": {
      "votes": {},
      "initial_weight": 0.5,
      "final_weight": 0.6
    },
    "41573.88": {
      "votes": {
        "1": 1,
        "2": 1
      },
      "initial_weight": 0.375,
      "final_weight": 0.46120689655172414
    },
    "41573.262": {
      "votes": {},
      "initial_weight": 0.5,
      "final_weight": 0.5
    },
    "41573.5": {
      "votes": {
        "4": 1
      },
      "initial_weight": 1.0,
      "final_weight": 0.9961089494163424
    },
    "41573.118": {
      "votes": {},
      "initial_weight": 0.5,
      "final_weight": 0.6
    },
    "41573.189": {
      "votes": {},
      "initial_weight": 0.5,
      "final_weight": 0.5
    },
    "41573.226": {
      "votes": {},
      "initial_weight": 0.5,
      "final_weight": 0.5
    },
    "41573.264": {
      "votes": {},
      "initial_weight": 0.5,
      "final_weight": 0.6
    },
    "41573.94": {
      "votes": {},
      "initial_weight": 0.5,
      "final_weight": 0.49504950495049505
    },
    "41573.165": {
      "votes": {},
      "initial_weight": 0.5,
      "final_weight": 0.6
    },
    "41573.177": {
      "votes": {},
      "initial_weight": 0.5,
      "final_weight": 0.4
    },
    "41573.179": {
      "votes": {},
      "initial_weight": 0.5,
      "final_weight": 0.5
    },
    "41573.11": {
      "votes": {
        "4": 1,
        "3": 1
      },
      "initial_weight": 0.875,
      "final_weight": 0.7
    },
    "41573.53": {
      "votes": {
        "1": 1
      },
      "initial_weight": 0.25,
      "final_weight": 0.2
    },
    "41573.21": {
      "votes": {
        "0": 1,
        "3": 1
      },
      "initial_weight": 0.375,
      "final_weight": 0.3
    },
    "41573.102": {
      "votes": {
        "4": 1,
        "3": 1
      },
      "initial_weight": 0.875,
      "final_weight": 0.875
    },
    "41573.236": {
      "votes": {},
      "initial_weight": 0.5,
      "final_weight": 0.6
    },
    "41573.217": {
      "votes": {},
      "initial_weight": 0.5,
      "final_weight": 0.6
    },
    "41573.201": {
      "votes": {},
      "initial_weight": 0.5,
      "final_weight": 0.5
    },
    "41573.222": {
      "votes": {},
      "initial_weight": 0.5,
      "final_weight": 0.4
    },
    "41573.245": {
      "votes": {},
      "initial_weight": 0.5,
      "final_weight": 0.75
    },
    "41573.291": {
      "votes": {},
      "initial_weight": 0.5,
      "final_weight": 0.5
    },
    "41573.278": {
      "votes": {},
      "initial_weight": 0.5,
      "final_weight": 0.6
    },
    "41573.280": {
      "votes": {},
      "initial_weight": 0.5,
      "final_weight": 0.36764705882352944
    },
    "41573.285": {
      "votes": {},
      "initial_weight": 0.5,
      "final_weight": 0.75
    },
    "41573.315": {
      "votes": {},
      "initial_weight": 0.5,
      "final_weight": 0.5
    },
    "41573.207": {
      "votes": {},
      "initial_weight": 0.5,
      "final_weight": 0.6
    },
    "41573.305": {
      "votes": {},
      "initial_weight": 0.5,
      "final_weight": 0.4
    },
    "41573.215": {
      "votes": {},
      "initial_weight": 0.5,
      "final_weight": 0.5
    },
    "41573.254": {
      "votes": {},
      "initial_weight": 0.5,
      "final_weight": 0.5
    },
    "41573.268": {
      "votes": {},
      "initial_weight": 0.5,
      "final_weight": 0.5
    },
    "41573.181": {
      "votes": {},
      "initial_weight": 0.5,
      "final_weight": 0.5
    },
    "41573.228": {
      "votes": {},
      "initial_weight": 0.5,
      "final_weight": 0.6
    },
    "41573.211": {
      "votes": {},
      "initial_weight": 0.5,
      "final_weight": 0.5
    },
    "41573.25": {
      "votes": {
        "1": 1,
        "0": 1
      },
      "initial_weight": 0.125,
      "final_weight": 0.5625
    },
    "41573.163": {
      "votes": {},
      "initial_weight": 0.5,
      "final_weight": 0.5
    },
    "41573.187": {
      "votes": {},
      "initial_weight": 0.5,
      "final_weight": 0.5
    },
    "41573.256": {
      "votes": {},
      "initial_weight": 0.5,
      "final_weight": 0.5
    },
    "41573.238": {
      "votes": {},
      "initial_weight": 0.5,
      "final_weight": 0.5
    },
    "41573.266": {
      "votes": {},
      "initial_weight": 0.5,
      "final_weight": 0.5
    },
    "41573.171": {
      "votes": {},
      "initial_weight": 0.5,
      "final_weight": 0.6
    },
    "41573.303": {
      "votes": {},
      "initial_weight": 0.5,
      "final_weight": 0.5
    },
    "41573.167": {
      "votes": {},
      "initial_weight": 0.5,
      "final_weight": 0.5
    },
    "41573.193": {
      "votes": {},
      "initial_weight": 0.5,
      "final_weight": 0.5
    },
    "41573.195": {
      "votes": {},
      "initial_weight": 0.5,
      "final_weight": 0.5
    },
    "41573.234": {
      "votes": {},
      "initial_weight": 0.5,
      "final_weight": 0.5
    },
    "41573.191": {
      "votes": {},
      "initial_weight": 0.5,
      "final_weight": 0.5
    },
    "41573.301": {
      "votes": {},
      "initial_weight": 0.5,
      "final_weight": 0.5
    },
    "41573.258": {
      "votes": {},
      "initial_weight": 0.5,
      "final_weight": 0.5
    },
    "41573.55": {
      "votes": {},
      "initial_weight": 0.5,
      "final_weight": 0.5
    },
    "41573.23": {
      "votes": {
        "2": 1
      },
      "initial_weight": 0.5,
      "final_weight": 0.5
    },
    "41573.59": {
      "votes": {},
      "initial_weight": 0.5,
      "final_weight": 0.5
    },
    "41573.183": {
      "votes": {},
      "initial_weight": 0.5,
      "final_weight": 0.5
    },
    "41573.173": {
      "votes": {},
      "initial_weight": 0.5,
      "final_weight": 0.5
    },
    "41573.175": {
      "votes": {},
      "initial_weight": 0.5,
      "final_weight": 0.5
    },
    "41573.252": {
      "votes": {},
      "initial_weight": 0.5,
      "final_weight": 0.5
    },
    "41573.219": {
      "votes": {},
      "initial_weight": 0.5,
      "final_weight": 0.5
    },
    "41573.250": {
      "votes": {},
      "initial_weight": 0.5,
      "final_weight": 0.5
    },
    "41573.260": {
      "votes": {},
      "initial_weight": 0.5,
      "final_weight": 0.5
    },
    "41573.224": {
      "votes": {},
      "initial_weight": 0.5,
      "final_weight": 0.5
    },
    "41573.199": {
      "votes": {},
      "initial_weight": 0.5,
      "final_weight": 0.5
    },