{
  "nodes": {
    "41783.0": {
      "votes": {},
      "initial_weight": 0.5,
      "final_weight": 0.5
    },
    "41783.3": {
      "votes": {},
      "initial_weight": 0.5,
      "final_weight": 0.7255666733584328
    },
    "41783.5": {
      "votes": {},
      "initial_weight": 0.5,
      "final_weight": 0.383284995496699
    },
    "41783.7": {
      "votes": {},
      "initial_weight": 0.5,
      "final_weight": 0.5
    },
    "41783.9": {
      "votes": {},
      "initial_weight": 0.5,
      "final_weight": 0.621001263084093
    },
    "41783.17": {
      "votes": {
        "4": 1
      },
      "initial_weight": 1.0,
      "final_weight": 0.9900990099009901
    },
    "41783.23": {
      "votes": {},
      "initial_weight": 0.5,
      "final_weight": 0.4650359372683897
    },
    "41783.37": {
      "votes": {},
      "initial_weight": 0.5,
      "final_weight": 0.4
    },
    "41783.44": {
      "votes": {},
      "initial_weight": 0.5,
      "final_weight": 0.26225790006606725
    },
    "41783.79": {
      "votes": {},
      "initial_weight": 0.5,
      "final_weight": 0.4816618911174785
    },
    "41783.90": {
      "votes": {},
      "initial_weight": 0.5,
      "final_weight": 0.5138784522722281
    },
    "41783.116": {
      "votes": {},
      "initial_weight": 0.5,
      "final_weight": 0.4058447562589044
    },
    "41783.118": {
      "votes": {},
      "initial_weight": 0.5,
      "final_weight": 0.5
    },
    "41783.71": {
      "votes": {
        "3": 1
      },
      "initial_weight": 0.75,
      "final_weight": 0.75
    },
    "41783.130": {
      "votes": {},
      "initial_weight": 0.5,
      "final_weight": 0.5
    },
    "41783.11": {
      "votes": {},
      "initial_weight": 0.5,
      "final_weight": 0.37467843406703377
    },
    "41783.19": {
      "votes": {},
      "initial_weight": 0.5,
      "final_weight": 0.1771479185119575
    },
    "41783.29": {
      "votes": {},
      "initial_weight": 0.5,
      "final_weight": 0.4
    },
    "41783.75": {
      "votes": {},
      "initial_weight": 0.5,
      "final_weight": 0.5
    },
    "41783.104": {
      "votes": {},
      "initial_weight": 0.5,
      "final_weight": 0.5
    },
    "41783.144": {
      "votes": {},
      "initial_weight": 0.5,
      "final_weight": 0.5
    },
    "41783.15": {
      "votes": {},
      "initial_weight": 0.5,
      "final_weight": 0.5
    },
    "41783.158": {
      "votes": {},
      "initial_weight": 0.5,
      "final_weight": 0.6
    },
    "41783.35": {
      "votes": {},
      "initial_weight": 0.5,
      "final_weight": 0.5
    },
    "41783.40": {
      "votes": {},
      "initial_weight": 0.5,
      "final_weight": 0.27420014965187806
    },
    "41783.146": {
      "votes": {},
      "initial_weight": 0.5,
      "final_weight": 0.5
    },
    "41783.52": {
      "votes": {},
      "initial_weight": 0.5,
      "final_weight": 0.452113575516328
    },
    "41783.88": {
      "votes": {},
      "initial_weight": 0.5,
      "final_weight": 0.1951219512195122
    },
    "41783.93": {
      "votes": {},
      "initial_weight": 0.5,
      "final_weight": 0.43103448275862066
    },
    "41783.112": {
      "votes": {},
      "initial_weight": 0.5,
      "final_weight": 0.6
    },
    "41783.120": {
      "votes": {},
      "initial_weight": 0.5,
      "final_weight": 0.5
    },
    "41783.156": {
      "votes": {},
      "initial_weight": 0.5,
      "final_weight": 0.5
    },
    "41783.132": {
      "votes": {},
      "initial_weight": 0.5,
      "final_weight": 0.5
    },
    "41783.134": {
      "votes": {},
      "initial_weight": 0.5,
      "final_weight": 0.5
    },
    "41783.13": {
      "votes": {},
      "initial_weight": 0.5,
      "final_weight": 0.5
    },
    "41783.31": {
      "votes": {},
      "initial_weight": 0.5,
      "final_weight": 0.4216595638004513
    },
    "41783.42": {
      "votes": {},
      "initial_weight": 0.5,
      "final_weight": 0.5
    },
    "41783.21": {
      "votes": {
        "1": 1
      },
      "initial_weight": 0.25,
      "final_weight": 0.2
    },
    "41783.27": {
      "votes": {
        "3": 1
      },
      "initial_weight": 0.75,
      "final_weight": 0.8
    },
    "41783.81": {
      "votes": {},
      "initial_weight": 0.5,
      "final_weight": 0.25
    },
    "41783.150": {
      "votes": {},
      "initial_weight": 0.5,
      "final_weight": 0.5
    },
    "41783.152": {
      "votes": {},
      "initial_weight": 0.5,
      "final_weight": 0.5
    },
    "41783.160": {
      "votes": {},
      "initial_weight": 0.5,
      "final_weight": 0.5
    },
    "41783.48": {
      "votes": {},
      "initial_weight": 0.5,
      "final_weight": 0.2574610244988864
    },
    "41783.46": {
      "votes": {},
      "initial_weight": 0.5,
      "final_weight": 0.4
    },
    "41783.50": {
      "votes": {},
      "initial_weight": 0.5,
      "final_weight": 0.25
    },
    "41783.59": {
      "votes": {},
      "initial_weight": 0.5,
      "final_weight": 0.3254486179694934
    },
    "41783.106": {
      "votes": {
        "3": 1
      },
      "initial_weight": 0.75,
      "final_weight": 0.75
    },
    "41783.108": {
      "votes": {},
      "initial_weight": 0.5,
      "final_weight": 0.5
    },
    "41783.99": {
      "votes": {},
      "initial_weight": 0.5,
      "final_weight": 0.4
    },
    "41783.114": {
      "votes": {},
      "initial_weight": 0.5,
      "final_weight": 0.5
    },
    "41783.33": {
      "votes": {},
      "initial_weight": 0.5,
      "final_weight": 0.43103448275862066
    },
    "41783.154": {
      "votes": {},
      "initial_weight": 0.5,
      "final_weight": 0.5
    },
    "41783.148": {
      "votes": {},
      "initial_weight": 0.5,
      "final_weight": 0.5
    },
    "41783.140": {
      "votes": {
        "4": 1
      },
      "initial_weight": 1.0,
      "final_weight": 1.0
    },
    "41783.55": {
      "votes": {},
      "initial_weight": 0.5,
      "final_weight": 0.47058823529411764
    },
    "41783.142": {
      "votes": {},
      "initial_weight": 0.5,
      "final_weight": 0.5
    },
    "41783.138": {
      "votes": {},
      "initial_weight": 0.5,
      "final_weight": 0.5
    },
    "41783.61": {
      "votes": {},
      "initial_weight": 0.5,
      "final_weight": 0.5
    },
    "41783.63": {
      "votes": {},
      "initial_weight": 0.5,
      "final_weight": 0.5
    },
    "41783.65": {
      "votes": {},
      "initial_weight": 0.5,
      "final_weight": 0.6323529411764706
    },
    "41783.67": {
      "votes": {},
      "initial_weight": 0.5,
      "final_weight": 0.5
    },
    "41783.101": {
      "votes": {},
      "initial_weight": 0.5,
      "final_weight": 0.5
    },
    "41783.73": {
      "votes": {},
      "initial_weight": 0.5,
      "final_weight": 0.4
    },
    "41783.57": {
      "votes": {},
      "initial_weight": 0.5,
      "final_weight": 0.5
    },
    "41783.69": {
      "votes": {},
      "initial_weight": 0.5,
      "final_weight": 0.6
    },
    "41783.84": {
      "votes": {},
      "initial_weight": 0.5,
      "final_weight": 0.4
    },
    "41783.124": {
      "votes": {},
      "initial_weight": 0.5,
      "final_weight": 0.4
    },
    "41783.95": {
      "votes": {},
      "initial_weight": 0.5,
      "final_weight": 0.5
    },
    "41783.97": {
      "votes": {},
      "initial_weight": 0.5,
      "final_weight": 0.5
    },
    "41783.136": {
      "votes": {},
      "initial_weight": 0.5,
      "final_weight": 0.5
    },
    "41783.86": {
      "votes": {},
      "initial_weight": 0.5,
      "final_weight": 0.5
    },
    "41783.110": {
      "votes": {},
      "initial_weight": 0.5,
      "final_weight": 0.5
    },
    "41783.126": {
      "votes": {},
      "initial_weight": 0.5,
      "final_weight": 0.5
    }
  },
  "edges": {
    "41783.3": {
      "successor_id": "41783.0",
      "relation": 0.0
    },
    "41783.5": {
      "successor_id": "41783.3",
      "relation": 1.0
    },