{
  "nodes": {
    "41814.0": {
      "votes": {},
      "initial_weight": 0.5,
      "final_weight": 0.5
    },
    "41814.3": {
      "votes": {
        "0": 1,
        "2": 1
      },
      "initial_weight": 0.25,
      "final_weight": 0.1297888099609043
    },
    "41814.5": {
      "votes": {},
      "initial_weight": 0.5,
      "final_weight": 0.14044943820224715
    },
    "41814.11": {
      "votes": {},
      "initial_weight": 0.5,
      "final_weight": 0.504950495049505
    },
    "41814.15": {
      "votes": {
        "4": 1,
        "3": 1
      },
      "initial_weight": 0.875,
      "final_weight": 0.9080882352941176
    },
    "41814.19": {
      "votes": {
        "3": 1,
        "0": 1
      },
      "initial_weight": 0.375,
      "final_weight": 0.5404411764705883
    },
    "41814.25": {
      "votes": {
        "4": 1,
        "1": 1,
        "3": 1
      },
      "initial_weight": 0.6666666666666666,
      "final_weight": 0.9160233087750571
    },
    "41814.29": {
      "votes": {
        "4": 1,
        "2": 1,
        "3": 1
      },
      "initial_weight": 0.75,
      "final_weight": 0.7567567567567568
    },
    "41814.37": {
      "votes": {},
      "initial_weight": 0.5,
      "final_weight": 0.5
    },
    "41814.74": {
      "votes": {
        "0": 1
      },
      "initial_weight": 0.0,
      "final_weight": 0.009900990099009918
    },
    "41814.167": {
      "votes": {},
      "initial_weight": 0.5,
      "final_weight": 0.5
    },
    "41814.9": {
      "votes": {
        "4": 1
      },
      "initial_weight": 1.0,
      "final_weight": 1.0
    },
    "41814.55": {
      "votes": {
        "3": 1
      },
      "initial_weight": 0.75,
      "final_weight": 0.75
    },
    "41814.66": {
      "votes": {
        "3": 1
      },
      "initial_weight": 0.75,
      "final_weight": 0.75
    },
    "41814.92": {
      "votes": {
        "0": 1
      },
      "initial_weight": 0.0,
      "final_weight": 0.0
    },
    "41814.96": {
      "votes": {},
      "initial_weight": 0.5,
      "final_weight": 0.5
    },
    "41814.100": {
      "votes": {},
      "initial_weight": 0.5,
      "final_weight": 0.5
    },
    "41814.82": {
      "votes": {},
      "initial_weight": 0.5,
      "final_weight": 0.6
    },
    "41814.7": {
      "votes": {},
      "initial_weight": 0.5,
      "final_weight": 0.5
    },
    "41814.13": {
      "votes": {},
      "initial_weight": 0.5,
      "final_weight": 0.6
    },
    "41814.39": {
      "votes": {},
      "initial_weight": 0.5,
      "final_weight": 0.5
    },
    "41814.17": {
      "votes": {},
      "initial_weight": 0.5,
      "final_weight": 0.6
    },
    "41814.62": {
      "votes": {},
      "initial_weight": 0.5,
      "final_weight": 0.5
    },
    "41814.98": {
      "votes": {},
      "initial_weight": 0.5,
      "final_weight": 0.5
    },
    "41814.21": {
      "votes": {},
      "initial_weight": 0.5,
      "final_weight": 0.5
    },
    "41814.45": {
      "votes": {},
      "initial_weight": 0.5,
      "final_weight": 0.6
    },
    "41814.64": {
      "votes": {},
      "initial_weight": 0.5,
      "final_weight": 0.5
    },
    "41814.41": {
      "votes": {
        "4": 2,
        "1": 1
      },
      "initial_weight": 0.75,
      "final_weight": 0.75
    },
    "41814.47": {
      "votes": {
        "3": 1,
        "4": 1
      },
      "initial_weight": 0.875,
      "final_weight": 0.9768946395563771
    },
    "41814.53": {
      "votes": {
        "0": 1
      },
      "initial_weight": 0.0,
      "final_weight": 0.0
    },
    "41814.72": {
      "votes": {
        "4": 1,
        "1": 1
      },
      "initial_weight": 0.625,
      "final_weight": 0.625
    },
    "41814.78": {
      "votes": {
        "3": 1,
        "0": 1
      },
      "initial_weight": 0.375,
      "final_weight": 0.3712871287128713
    },
    "41814.104": {
      "votes": {},
      "initial_weight": 0.5,
      "final_weight": 0.5
    },
    "41814.132": {
      "votes": {},
      "initial_weight": 0.5,
      "final_weight": 0.5
    },
    "41814.31": {
      "votes": {
        "4": 1,
        "2": 1
      },
      "initial_weight": 0.75,
      "final_weight": 0.75
    },
    "41814.33": {
      "votes": {
        "4": 1,
        "0": 1
      },
      "initial_weight": 0.5,
      "final_weight": 0.5
    },
    "41814.70": {
      "votes": {
        "3": 1,
        "4": 1,
        "0": 1
      },
      "initial_weight": 0.5833333333333334,
      "final_weight": 0.5833333333333334
    },
    "41814.120": {
      "votes": {},
      "initial_weight": 0.5,
      "final_weight": 0.5
    },
    "41814.136": {
      "votes": {},
      "initial_weight": 0.5,
      "final_weight": 0.5
    },
    "41814.139": {
      "votes": {},
      "initial_weight": 0.5,
      "final_weight": 0.5
    },
    "41814.57": {
      "votes": {},
      "initial_weight": 0.5,
      "final_weight": 0.5
    },
    "41814.59": {
      "votes": {},
      "initial_weight": 0.5,
      "final_weight": 0.5
    },
    "41814.76": {
      "votes": {},
      "initial_weight": 0.5,
      "final_weight": 0.5
    },
    "41814.88": {
      "votes": {},
      "initial_weight": 0.5,
      "final_weight": 0.6
    },
    "41814.90": {
      "votes": {},
      "initial_weight": 0.5,
      "final_weight": 0.5
    },
    "41814.102": {
      "votes": {},
      "initial_weight": 0.5,
      "final_weight": 0.5
    },
    "41814.86": {
      "votes": {},
      "initial_weight": 0.5,
      "final_weight": 0.5
    },
    "41814.118": {
      "votes": {},
      "initial_weight": 0.5,
      "final_weight": 0.5
    },
    "41814.94": {
      "votes": {},
      "initial_weight": 0.5,
      "final_weight": 0.5
    },
    "41814.124": {
      "votes": {},
      "initial_weight": 0.5,
      "final_weight": 0.5
    },
    "41814.84": {
      "votes": {},
      "initial_weight": 0.5,
      "final_weight": 0.5
    },
    "41814.147": {
      "votes": {},
      "initial_weight": 0.5,
      "final_weight": 0.5
    },
    "41814.68": {
      "votes": {},
      "initial_weight": 0.5,
      "final_weight": 0.5
    },
    "41814.112": {
      "votes": {},
      "initial_weight": 0.5,
      "final_weight": 0.5
    },
    "41814.27": {
      "votes": {},
      "initial_weight": 0.5,
      "final_weight": 0.5
    },
    "41814.50": {
      "votes": {
        "4": 1
      },
      "initial_weight": 1.0,
      "final_weight": 1.0
    },
    "41814.35": {
      "votes": {
        "4": 1
      },
      "initial_weight": 1.0,
      "final_weight": 1.0
    },
    "41814.110": {
      "votes": {},
      "initial_weight": 0.5,
      "final_weight": 0.5
    },
    "41814.149": {
      "votes": {},
      "initial_weight": 0.5,
      "final_weight": 0.4
    },
    "41814.165": {
      "votes": {},
      "initial_weight": 0.5,
      "final_weight": 0.5
    },
    "41814.114": {
      "votes": {},
      "initial_weight": 0.5,
      "final_weight": 0.5
    },
    "41814.130": {
      "votes": {},
      "initial_weight": 0.5,
      "final_weight": 0.5
    },
    "41814.80": {
      "votes": {},
      "initial_weight": 0.5,
      "final_weight": 0.5
    },
    "41814.128": {
      "votes": {},
      "initial_weight": 0.5,
      "final_weight": 0.6
    },
    "41814.116": {
      "votes": {},
      "initial_weight": 0.5,
      "final_weight": 0.5
    },
    "41814.157": {
      "votes": {},
      "initial_weight": 0.5,
      "final_weight": 0.5
    },
    "41814.141": {
      "votes": {},
      "initial_weight": 0.5,
      "final_weight": 0.5
    },
    "41814.155": {
      "votes": {},
      "initial_weight": 0.5,
      "final_weight": 0.5
    },
    "41814.106": {
      "votes": {},
      "initial_weight": 0.5,
      "final_weight": 0.5
    },
    "41814.122": {
      "votes": {},
      "initial_weight": 0.5,
      "final_weight": 0.5
    },
    "41814.144": {
      "votes": {},
      "initial_weight": 0.5,
      "final_weight": 0.5
    },
    "41814.108": {
      "votes": {},