{
  "nodes": {
    "4214.0": {
      "votes": {},
      "initial_weight": 0.5,
      "final_weight": 0.5
    },
    "4214.1": {
      "votes": {
        "2": 2,
        "4": 4,
        "0": 4,
        "1": 1
      },
      "initial_weight": 0.4772727272727273,
      "final_weight": 0.3908324474735156
    },
    "4214.2": {
      "votes": {
        "0": 2,
        "4": 2,
        "2": 3
      },
      "initial_weight": 0.5,
      "final_weight": 0.3277345350266284
    },
    "4214.6": {
      "votes": {
        "2": 1,
        "0": 1,
        "4": 6,
        "3": 2
      },
      "initial_weight": 0.8,
      "final_weight": 0.24615384615384617
    },
    "4214.7": {
      "votes": {
        "3": 4,
        "2": 2,
        "0": 2,
        "4": 2
      },
      "initial_weight": 0.6,
      "final_weight": 0.6
    },
    "4214.8": {
      "votes": {
        "2": 2,
        "1": 2,
        "0": 1,
        "4": 2
      },
      "initial_weight": 0.5,
      "final_weight": 0.04999999999999999
    },
    "4214.10": {
      "votes": {
        "4": 2,
        "3": 1,
        "1": 2,
        "0": 1
      },
      "initial_weight": 0.5416666666666666,
      "final_weight": 0.2708333333333333
    },
    "4214.12": {
      "votes": {
        "0": 2,
        "4": 5,
        "1": 1,
        "2": 2,
        "3": 4
      },
      "initial_weight": 0.6607142857142857,
      "final_weight": 0.2456186935740839
    },
    "4214.13": {
      "votes": {
        "4": 2,
        "0": 4,
        "1": 4,
        "3": 1
      },
      "initial_weight": 0.3409090909090909,
      "final_weight": 0.15718476741381562
    },
    "4214.16": {
      "votes": {
        "1": 3,
        "2": 2,
        "4": 2
      },
      "initial_weight": 0.5357142857142857,
      "final_weight": 0.4112969564025226
    },
    "4214.38": {
      "votes": {
        "2": 2,
        "3": 2,
        "4": 6
      },
      "initial_weight": 0.85,
      "final_weight": 0.6440322173772027
    },
    "4214.78": {
      "votes": {
        "4": 4,
        "0": 2,
        "1": 1
      },
      "initial_weight": 0.6071428571428571,
      "final_weight": 0.7485714285714286
    },
    "4214.119": {
      "votes": {
        "3": 2,
        "0": 3,
        "4": 2
      },
      "initial_weight": 0.5,
      "final_weight": 0.5
    },
    "4214.141": {
      "votes": {
        "0": 1,
        "3": 1
      },
      "initial_weight": 0.375,
      "final_weight": 0.375
    },
    "4214.18": {
      "votes": {
        "4": 1,
        "3": 1
      },
      "initial_weight": 0.875,
      "final_weight": 0.875
    },
    "4214.26": {
      "votes": {
        "4": 1,
        "2": 1
      },
      "initial_weight": 0.75,
      "final_weight": 0.6
    },
    "4214.156": {
      "votes": {},
      "initial_weight": 0.5,
      "final_weight": 0.5
    },
    "4214.283": {
      "votes": {},
      "initial_weight": 0.5,
      "final_weight": 0.5
    },
    "4214.71": {
      "votes": {
        "4": 1
      },
      "initial_weight": 1.0,
      "final_weight": 1.0
    },
    "4214.72": {
      "votes": {
        "4": 1
      },
      "initial_weight": 1.0,
      "final_weight": 0.5
    },
    "4214.148": {
      "votes": {
        "0": 1
      },
      "initial_weight": 0.0,
      "final_weight": 0.0
    },
    "4214.34": {
      "votes": {
        "4": 1
      },
      "initial_weight": 1.0,
      "final_weight": 1.0
    },
    "4214.77": {
      "votes": {
        "4": 1
      },
      "initial_weight": 1.0,
      "final_weight": 1.0
    },
    "4214.14": {
      "votes": {
        "4": 2
      },
      "initial_weight": 1.0,
      "final_weight": 1.0
    },
    "4214.15": {
      "votes": {
        "4": 1,
        "0": 1
      },
      "initial_weight": 0.5,
      "final_weight": 0.25
    },
    "4214.120": {
      "votes": {
        "0": 1,
        "4": 1
      },
      "initial_weight": 0.5,
      "final_weight": 0.75
    },
    "4214.281": {
      "votes": {},
      "initial_weight": 0.5,
      "final_weight": 0.5
    },
    "4214.70": {
      "votes": {},
      "initial_weight": 0.5,
      "final_weight": 0.5
    },
    "4214.136": {
      "votes": {
        "4": 1
      },
      "initial_weight": 1.0,
      "final_weight": 0.8
    },
    "4214.29": {
      "votes": {
        "4": 1,
        "2": 1
      },
      "initial_weight": 0.75,
      "final_weight": 0.875
    },
    "4214.24": {
      "votes": {
        "4": 1
      },
      "initial_weight": 1.0,
      "final_weight": 0.5389019872010778
    },
    "4214.27": {
      "votes": {
        "1": 1,
        "4": 1
      },
      "initial_weight": 0.625,
      "final_weight": 0.449438202247191
    },
    "4214.9": {
      "votes": {
        "1": 1,
        "2": 1
      },
      "initial_weight": 0.375,
      "final_weight": 0.3
    },
    "4214.21": {
      "votes": {
        "2": 2,
        "4": 1
      },
      "initial_weight": 0.6666666666666666,
      "final_weight": 0.3333333333333333
    },
    "4214.79": {
      "votes": {
        "3": 1
      },
      "initial_weight": 0.75,
      "final_weight": 0.75
    },
    "4214.17": {
      "votes": {
        "1": 1
      },
      "initial_weight": 0.25,
      "final_weight": 0.04999999999999999
    },
    "4214.57": {
      "votes": {
        "4": 1
      },
      "initial_weight": 1.0,
      "final_weight": 1.0
    },
    "4214.67": {
      "votes": {},
      "initial_weight": 0.5,
      "final_weight": 0.5
    },
    "4214.39": {
      "votes": {
        "1": 1
      },
      "initial_weight": 0.25,
      "final_weight": 0.21551724137931033
    },
    "4214.54": {
      "votes": {
        "4": 2
      },
      "initial_weight": 1.0,
      "final_weight": 0.5
    },
    "4214.11": {
      "votes": {
        "2": 1,
        "0": 1
      },
      "initial_weight": 0.25,
      "final_weight": 0.25
    },
    "4214.268": {
      "votes": {},
      "initial_weight": 0.5,
      "final_weight": 0.6
    },
    "4214.53": {
      "votes": {
        "4": 1
      },
      "initial_weight": 1.0,
      "final_weight": 1.0
    },
    "4214.50": {
      "votes": {
        "0": 1
      },
      "initial_weight": 0.0,
      "final_weight": 0.0
    },
    "4214.127": {
      "votes": {
        "0": 1
      },
      "initial_weight": 0.0,
      "final_weight": 0.0
    },
    "4214.157": {
      "votes": {},
      "initial_weight": 0.5,
      "final_weight": 0.25
    },
    "4214.75": {
      "votes": {},
      "initial_weight": 0.5,
      "final_weight": 0.5
    },
    "4214.74": {
      "votes": {},
      "initial_weight": 0.5,
      "final_weight": 0.5
    },
    "4214.277": {
      "votes": {},
      "initial_weight": 0.5,
      "final_weight": 0.5
    },
    "4214.20": {
      "votes": {
        "4": 3,
        "3": 1,
        "0": 1
      },
      "initial_weight": 0.75,
      "final_weight": 0.75
    },
    "4214.52": {
      "votes": {
        "0": 1
      },
      "initial_weight": 0.0,
      "final_weight": 0.0
    },
    "4214.22": {
      "votes": {
        "4": 1
      },
      "initial_weight": 1.0,
      "final_weight": 1.0
    },
    "4214.66": {
      "votes": {},
      "initial_weight": 0.5,
      "final_weight": 0.5
    },
    "4214.55": {
      "votes": {},
      "initial_weight": 0.5,
      "final_weight": 0.5
    },
    "4214.139": {
      "votes": {
        "4": 3
      },
      "initial_weight": 1.0,
      "final_weight": 1.0
    },
    "4214.147": {
      "votes": {
        "0": 1
      },
      "initial_weight": 0.0,
      "final_weight": 0.0
    },
    "4214.279": {
      "votes": {},
      "initial_weight": 0.5,
      "final_weight": 0.5
    },
    "4214.31": {
      "votes": {
        "4": 1
      },
      "initial_weight": 1.0,
      "final_weight": 1.0
    },
    "4214.30": {
      "votes": {
        "2": 1,
        "3": 1
      },
      "initial_weight": 0.625,
      "final_weight": 0.625
    },
    "4214.45": {
      "votes": {
        "2": 1
      },
      "initial_weight": 0.5,
      "final_weight": 0.5
    },