{
  "nodes": {
    "4305.0": {
      "votes": {},
      "initial_weight": 0.5,
      "final_weight": 0.5
    },
    "4305.1": {
      "votes": {
        "3": 1
      },
      "initial_weight": 0.75,
      "final_weight": 0.9535510173298938
    },
    "4305.16": {
      "votes": {
        "2": 1
      },
      "initial_weight": 0.5,
      "final_weight": 0.4
    },
    "4305.17": {
      "votes": {
        "3": 1,
        "2": 1
      },
      "initial_weight": 0.625,
      "final_weight": 0.13452071994977466
    },
    "4305.21": {
      "votes": {
        "4": 1,
        "3": 2
      },
      "initial_weight": 0.8333333333333334,
      "final_weight": 0.5692914318593356
    },
    "4305.22": {
      "votes": {
        "0": 1,
        "1": 1
      },
      "initial_weight": 0.125,
      "final_weight": 0.06847183060254648
    },
    "4305.24": {
      "votes": {
        "1": 1
      },
      "initial_weight": 0.25,
      "final_weight": 0.6126714944983269
    },
    "4305.27": {
      "votes": {},
      "initial_weight": 0.5,
      "final_weight": 0.5
    },
    "4305.40": {
      "votes": {
        "3": 1
      },
      "initial_weight": 0.75,
      "final_weight": 0.7647058823529411
    },
    "4305.43": {
      "votes": {},
      "initial_weight": 0.5,
      "final_weight": 0.6951219512195123
    },
    "4305.46": {
      "votes": {
        "3": 1
      },
      "initial_weight": 0.75,
      "final_weight": 0.8600656680839359
    },
    "4305.54": {
      "votes": {
        "4": 1,
        "2": 1
      },
      "initial_weight": 0.75,
      "final_weight": 0.9198613518197574
    },
    "4305.93": {
      "votes": {},
      "initial_weight": 0.5,
      "final_weight": 0.5
    },
    "4305.25": {
      "votes": {
        "3": 1
      },
      "initial_weight": 0.75,
      "final_weight": 0.7844827586206896
    },
    "4305.26": {
      "votes": {
        "3": 1,
        "4": 1
      },
      "initial_weight": 0.875,
      "final_weight": 0.875
    },
    "4305.30": {
      "votes": {
        "2": 1
      },
      "initial_weight": 0.5,
      "final_weight": 0.5
    },
    "4305.13": {
      "votes": {
        "3": 1
      },
      "initial_weight": 0.75,
      "final_weight": 0.75
    },
    "4305.31": {
      "votes": {
        "3": 1
      },
      "initial_weight": 0.75,
      "final_weight": 0.75
    },
    "4305.82": {
      "votes": {},
      "initial_weight": 0.5,
      "final_weight": 0.43103448275862066
    },
    "4305.94": {
      "votes": {},
      "initial_weight": 0.5,
      "final_weight": 0.5
    },
    "4305.32": {
      "votes": {
        "3": 1
      },
      "initial_weight": 0.75,
      "final_weight": 0.75
    },
    "4305.33": {
      "votes": {
        "3": 1
      },
      "initial_weight": 0.75,
      "final_weight": 0.75
    },
    "4305.51": {
      "votes": {
        "2": 1
      },
      "initial_weight": 0.5,
      "final_weight": 0.4913921360255048
    },
    "4305.15": {
      "votes": {
        "1": 1
      },
      "initial_weight": 0.25,
      "final_weight": 0.4
    },
    "4305.77": {
      "votes": {},
      "initial_weight": 0.5,
      "final_weight": 0.5
    },
    "4305.23": {
      "votes": {
        "2": 1
      },
      "initial_weight": 0.5,
      "final_weight": 0.6
    },
    "4305.18": {
      "votes": {
        "2": 1
      },
      "initial_weight": 0.5,
      "final_weight": 0.36764705882352944
    },
    "4305.20": {
      "votes": {
        "3": 1
      },
      "initial_weight": 0.75,
      "final_weight": 0.75
    },
    "4305.95": {
      "votes": {},
      "initial_weight": 0.5,
      "final_weight": 0.5
    },
    "4305.44": {
      "votes": {
        "3": 1
      },
      "initial_weight": 0.75,
      "final_weight": 0.8
    },
    "4305.19": {
      "votes": {
        "3": 1
      },
      "initial_weight": 0.75,
      "final_weight": 0.8868778280542986
    },
    "4305.6": {
      "votes": {
        "3": 1
      },
      "initial_weight": 0.75,
      "final_weight": 0.7058823529411765
    },
    "4305.12": {
      "votes": {
        "3": 1
      },
      "initial_weight": 0.75,
      "final_weight": 0.75
    },
    "4305.83": {
      "votes": {},
      "initial_weight": 0.5,
      "final_weight": 0.4
    },
    "4305.35": {
      "votes": {},
      "initial_weight": 0.5,
      "final_weight": 0.5
    },
    "4305.87": {
      "votes": {},
      "initial_weight": 0.5,
      "final_weight": 0.4
    },
    "4305.78": {
      "votes": {},
      "initial_weight": 0.5,
      "final_weight": 0.5
    },
    "4305.80": {
      "votes": {},
      "initial_weight": 0.5,
      "final_weight": 0.36764705882352944
    },
    "4305.69": {
      "votes": {},
      "initial_weight": 0.5,
      "final_weight": 0.5
    },
    "4305.70": {
      "votes": {},
      "initial_weight": 0.5,
      "final_weight": 0.5
    },
    "4305.29": {
      "votes": {},
      "initial_weight": 0.5,
      "final_weight": 0.5
    },
    "4305.39": {
      "votes": {},
      "initial_weight": 0.5,
      "final_weight": 0.6
    },
    "4305.45": {
      "votes": {},
      "initial_weight": 0.5,
      "final_weight": 0.5
    },
    "4305.34": {
      "votes": {},
      "initial_weight": 0.5,
      "final_weight": 0.5
    },
    "4305.11": {
      "votes": {},
      "initial_weight": 0.5,
      "final_weight": 0.6
    },
    "4305.7": {
      "votes": {},
      "initial_weight": 0.5,
      "final_weight": 0.5
    },
    "4305.8": {
      "votes": {},
      "initial_weight": 0.5,
      "final_weight": 0.5
    },
    "4305.14": {
      "votes": {},
      "initial_weight": 0.5,
      "final_weight": 0.5
    },
    "4305.28": {
      "votes": {
        "3": 1
      },
      "initial_weight": 0.75,
      "final_weight": 0.75
    },
    "4305.86": {
      "votes": {},
      "initial_weight": 0.5,
      "final_weight": 0.5
    },
    "4305.88": {
      "votes": {},
      "initial_weight": 0.5,
      "final_weight": 0.5
    },
    "4305.89": {
      "votes": {},
      "initial_weight": 0.5,
      "final_weight": 0.6
    },
    "4305.36": {
      "votes": {},
      "initial_weight": 0.5,
      "final_weight": 0.5
    },
    "4305.66": {
      "votes": {},
      "initial_weight": 0.5,
      "final_weight": 0.5
    },
    "4305.90": {
      "votes": {},
      "initial_weight": 0.5,
      "final_weight": 0.5
    }
  },
  "edges": {
    "4305.1": {
      "successor_id": "4305.0",
      "relation": 0.0
    },
    "4305.16": {
      "successor_id": "4305.1",
      "relation": -1.0
    },
    "4305.17": {
      "successor_id": "4305.1",
      "relation": -1.0
    },
    "4305.21": {
      "successor_id": "4305.1",
      "relation": 1.0
    },
    "4305.22": {
      "successor_id": "4305.1",
      "relation": -1.0
    },
    "4305.24": {
      "successor_id": "4305.1",
      "relation": -1.0
    },
    "4305.27": {
      "successor_id": "4305.1",
      "relation": -1.0
    },
    "4305.40": {
      "successor_id": "4305.1",
      "relation": 1.0
    },
    "4305.43": {
      "successor_id": "4305.1",
      "relation": 1.0
    },
    "4305.46": {
      "successor_id": "4305.1",
      "relation": 1.0
    },
    "4305.54": {
      "successor_id": "4305.1",
      "relation": 1.0
    },
    "4305.93": {
      "successor_id": "4305.16",
      "relation": -1.0
    },
    "4305.25": {
      "successor_id": "4305.17",
      "relation": -1.0
    },
    "4305.26": {
      "successor_id": "4305.17",
      "relation": -1.0
    },
    "4305.30": {
      "successor_id": "4305.17",
      "relation": 1.0
    },
    "4305.13": {
      "successor_id": "4305.17",
      "relation": -1.0
    },
    "4305.31": {
      "successor_id": "4305.21",
      "relation": -1.0
    },
    "4305.82": {
      "successor_id": "4305.21",
      "relation": -1.0
    },
    "4305.94": {
      "successor_id": "4305.21",
      "relation": 1.0
    },
    "4305.32": {
      "successor_id": "4305.22",
      "relation": -1.0
    },
    "4305.33": {
      "successor_id": "4305.22",