{
  "nodes": {
    "43411.0": {
      "votes": {},
      "initial_weight": 0.5,
      "final_weight": 0.5
    },
    "43411.3": {
      "votes": {},
      "initial_weight": 0.5,
      "final_weight": 0.2512406871498061
    },
    "43411.5": {
      "votes": {},
      "initial_weight": 0.5,
      "final_weight": 0.4688771159666091
    },
    "43411.7": {
      "votes": {},
      "initial_weight": 0.5,
      "final_weight": 0.4
    },
    "43411.9": {
      "votes": {},
      "initial_weight": 0.5,
      "final_weight": 0.5783404361995488
    },
    "43411.11": {
      "votes": {},
      "initial_weight": 0.5,
      "final_weight": 0.32858328234353085
    },
    "43411.17": {
      "votes": {},
      "initial_weight": 0.5,
      "final_weight": 0.36764705882352944
    },
    "43411.36": {
      "votes": {},
      "initial_weight": 0.5,
      "final_weight": 0.49504950495049505
    },
    "43411.48": {
      "votes": {},
      "initial_weight": 0.5,
      "final_weight": 0.504950495049505
    },
    "43411.56": {
      "votes": {},
      "initial_weight": 0.5,
      "final_weight": 0.48838420683406153
    },
    "43411.114": {
      "votes": {},
      "initial_weight": 0.5,
      "final_weight": 0.29787162852068333
    },
    "43411.148": {
      "votes": {},
      "initial_weight": 0.5,
      "final_weight": 0.7688201329342412
    },
    "43411.19": {
      "votes": {},
      "initial_weight": 0.5,
      "final_weight": 0.5
    },
    "43411.21": {
      "votes": {},
      "initial_weight": 0.5,
      "final_weight": 0.49504950495049505
    },
    "43411.134": {
      "votes": {},
      "initial_weight": 0.5,
      "final_weight": 0.5
    },
    "43411.166": {
      "votes": {},
      "initial_weight": 0.5,
      "final_weight": 0.5
    },
    "43411.13": {
      "votes": {},
      "initial_weight": 0.5,
      "final_weight": 0.2423617154944352
    },
    "43411.15": {
      "votes": {},
      "initial_weight": 0.5,
      "final_weight": 0.5
    },
    "43411.81": {
      "votes": {},
      "initial_weight": 0.5,
      "final_weight": 0.5
    },
    "43411.27": {
      "votes": {},
      "initial_weight": 0.5,
      "final_weight": 0.4
    },
    "43411.29": {
      "votes": {},
      "initial_weight": 0.5,
      "final_weight": 0.43103448275862066
    },
    "43411.50": {
      "votes": {},
      "initial_weight": 0.5,
      "final_weight": 0.5
    },
    "43411.118": {
      "votes": {},
      "initial_weight": 0.5,
      "final_weight": 0.62227711655064
    },
    "43411.124": {
      "votes": {},
      "initial_weight": 0.5,
      "final_weight": 0.4
    },
    "43411.32": {
      "votes": {},
      "initial_weight": 0.5,
      "final_weight": 0.6
    },
    "43411.38": {
      "votes": {},
      "initial_weight": 0.5,
      "final_weight": 0.6
    },
    "43411.44": {
      "votes": {},
      "initial_weight": 0.5,
      "final_weight": 0.6
    },
    "43411.99": {
      "votes": {},
      "initial_weight": 0.5,
      "final_weight": 0.4
    },
    "43411.164": {
      "votes": {},
      "initial_weight": 0.5,
      "final_weight": 0.5
    },
    "43411.75": {
      "votes": {},
      "initial_weight": 0.5,
      "final_weight": 0.4
    },
    "43411.196": {
      "votes": {},
      "initial_weight": 0.5,
      "final_weight": 0.5
    },
    "43411.66": {
      "votes": {},
      "initial_weight": 0.5,
      "final_weight": 0.6542210406755866
    },
    "43411.97": {
      "votes": {},
      "initial_weight": 0.5,
      "final_weight": 0.5
    },
    "43411.116": {
      "votes": {},
      "initial_weight": 0.5,
      "final_weight": 0.5
    },
    "43411.138": {
      "votes": {},
      "initial_weight": 0.5,
      "final_weight": 0.4
    },
    "43411.140": {
      "votes": {},
      "initial_weight": 0.5,
      "final_weight": 0.7237569060773481
    },
    "43411.152": {
      "votes": {},
      "initial_weight": 0.5,
      "final_weight": 0.5783404361995488
    },
    "43411.202": {
      "votes": {},
      "initial_weight": 0.5,
      "final_weight": 0.5
    },
    "43411.23": {
      "votes": {},
      "initial_weight": 0.5,
      "final_weight": 0.4
    },
    "43411.188": {
      "votes": {},
      "initial_weight": 0.5,
      "final_weight": 0.5
    },
    "43411.136": {
      "votes": {},
      "initial_weight": 0.5,
      "final_weight": 0.5
    },
    "43411.190": {
      "votes": {},
      "initial_weight": 0.5,
      "final_weight": 0.5
    },
    "43411.58": {
      "votes": {},
      "initial_weight": 0.5,
      "final_weight": 0.43103448275862066
    },
    "43411.62": {
      "votes": {},
      "initial_weight": 0.5,
      "final_weight": 0.6
    },
    "43411.186": {
      "votes": {},
      "initial_weight": 0.5,
      "final_weight": 0.5
    },
    "43411.52": {
      "votes": {},
      "initial_weight": 0.5,
      "final_weight": 0.5
    },
    "43411.54": {
      "votes": {},
      "initial_weight": 0.5,
      "final_weight": 0.5
    },
    "43411.120": {
      "votes": {},
      "initial_weight": 0.5,
      "final_weight": 0.5
    },
    "43411.122": {
      "votes": {},
      "initial_weight": 0.5,
      "final_weight": 0.5
    },
    "43411.128": {
      "votes": {},
      "initial_weight": 0.5,
      "final_weight": 0.43103448275862066
    },
    "43411.126": {
      "votes": {},
      "initial_weight": 0.5,
      "final_weight": 0.5
    },
    "43411.34": {
      "votes": {},
      "initial_weight": 0.5,
      "final_weight": 0.5
    },
    "43411.42": {
      "votes": {},
      "initial_weight": 0.5,
      "final_weight": 0.5
    },
    "43411.46": {
      "votes": {},
      "initial_weight": 0.5,
      "final_weight": 0.5
    },
    "43411.103": {
      "votes": {},
      "initial_weight": 0.5,
      "final_weight": 0.5
    },
    "43411.162": {
      "votes": {},
      "initial_weight": 0.5,
      "final_weight": 0.5
    },
    "43411.68": {
      "votes": {},
      "initial_weight": 0.5,
      "final_weight": 0.5
    },
    "43411.70": {
      "votes": {},
      "initial_weight": 0.5,
      "final_weight": 0.6
    },
    "43411.101": {
      "votes": {},
      "initial_weight": 0.5,
      "final_weight": 0.4178401627983061
    },
    "43411.170": {
      "votes": {},
      "initial_weight": 0.5,
      "final_weight": 0.75
    },
    "43411.172": {
      "votes": {},
      "initial_weight": 0.5,
      "final_weight": 0.5
    },
    "43411.158": {
      "votes": {},
      "initial_weight": 0.5,
      "final_weight": 0.5
    },
    "43411.142": {
      "votes": {},
      "initial_weight": 0.5,
      "final_weight": 0.5
    },
    "43411.144": {
      "votes": {},
      "initial_weight": 0.5,
      "final_weight": 0.4
    },
    "43411.154": {
      "votes": {},
      "initial_weight": 0.5,
      "final_weight": 0.43103448275862066
    },
    "43411.25": {
      "votes": {},
      "initial_weight": 0.5,
      "final_weight": 0.5
    },
    "43411.60": {
      "votes": {},
      "initial_weight": 0.5,
      "final_weight": 0.4
    },
    "43411.64": {
      "votes": {},
      "initial_weight": 0.5,
      "final_weight": 0.5
    },
    "43411.130": {
      "votes": {},
      "initial_weight": 0.5,
      "final_weight": 0.4
    },
    "43411.73": {
      "votes": {},
      "initial_weight": 0.5,
      "final_weight": 0.5
    },
    "43411.105": {
      "votes": {},
      "initial_weight": 0.5,
      "final_weight": 0.443429614343066
    },
    "43411.192": {
      "votes": {},
      "initial_weight": 0.5,
      "final_weight": 0.5
    },
    "43411.194": {
      "votes": {},
      "initial_weight": 0.5,
      "final_weight": 0.5
    },
    "43411.146": {
      "votes": {},
      "initial_weight": 0.5,
      "final_weight": 0.5
    },
    "43411.156": {
      "votes": {},
      "initial_weight": 0.5,
      "final_weight": 0.4
    },
    "43411.112": {
      "votes": {},
      "initial_weight": 0.5,
      "final_weight": 0.5
    },
    "43411.132": {
      "votes": {},
      "initial_weight": 0.5,