{
  "nodes": {
    "43546.0": {
      "votes": {},
      "initial_weight": 0.5,
      "final_weight": 0.5
    },
    "43546.3": {
      "votes": {
        "2": 2,
        "0": 1
      },
      "initial_weight": 0.3333333333333333,
      "final_weight": 0.25939804971087643
    },
    "43546.5": {
      "votes": {
        "4": 1,
        "3": 1,
        "2": 1
      },
      "initial_weight": 0.75,
      "final_weight": 0.48989405300385536
    },
    "43546.7": {
      "votes": {
        "4": 1,
        "1": 1,
        "3": 1
      },
      "initial_weight": 0.6666666666666666,
      "final_weight": 0.09095417893853552
    },
    "43546.9": {
      "votes": {
        "2": 1,
        "0": 1,
        "4": 2
      },
      "initial_weight": 0.625,
      "final_weight": 0.362844702467344
    },
    "43546.11": {
      "votes": {
        "3": 1
      },
      "initial_weight": 0.75,
      "final_weight": 0.6380089467921275
    },
    "43546.13": {
      "votes": {
        "3": 1,
        "4": 1,
        "0": 1
      },
      "initial_weight": 0.5833333333333334,
      "final_weight": 0.6666666666666667
    },
    "43546.15": {
      "votes": {
        "1": 1,
        "2": 1,
        "0": 1
      },
      "initial_weight": 0.25,
      "final_weight": 0.625
    },
    "43546.49": {
      "votes": {
        "1": 1
      },
      "initial_weight": 0.25,
      "final_weight": 0.028280542986425378
    },
    "43546.51": {
      "votes": {
        "3": 1
      },
      "initial_weight": 0.75,
      "final_weight": 0.84
    },
    "43546.55": {
      "votes": {
        "1": 1
      },
      "initial_weight": 0.25,
      "final_weight": 0.25
    },
    "43546.116": {
      "votes": {
        "3": 1
      },
      "initial_weight": 0.75,
      "final_weight": 0.8161764705882353
    },
    "43546.53": {
      "votes": {
        "1": 1
      },
      "initial_weight": 0.25,
      "final_weight": 0.25
    },
    "43546.141": {
      "votes": {},
      "initial_weight": 0.5,
      "final_weight": 0.4
    },
    "43546.35": {
      "votes": {
        "0": 1,
        "3": 1
      },
      "initial_weight": 0.375,
      "final_weight": 0.22865853658536583
    },
    "43546.108": {
      "votes": {},
      "initial_weight": 0.5,
      "final_weight": 0.5
    },
    "43546.19": {
      "votes": {
        "1": 1
      },
      "initial_weight": 0.25,
      "final_weight": 0.25
    },
    "43546.41": {
      "votes": {
        "0": 1,
        "4": 2
      },
      "initial_weight": 0.6666666666666666,
      "final_weight": 0.5747126436781609
    },
    "43546.69": {
      "votes": {
        "4": 1
      },
      "initial_weight": 1.0,
      "final_weight": 0.9411764705882353
    },
    "43546.75": {
      "votes": {
        "0": 1
      },
      "initial_weight": 0.0,
      "final_weight": 0.0
    },
    "43546.81": {
      "votes": {
        "1": 1
      },
      "initial_weight": 0.25,
      "final_weight": 0.25
    },
    "43546.89": {
      "votes": {
        "2": 1
      },
      "initial_weight": 0.5,
      "final_weight": 0.5
    },
    "43546.79": {
      "votes": {
        "4": 1
      },
      "initial_weight": 1.0,
      "final_weight": 1.0
    },
    "43546.25": {
      "votes": {
        "2": 1
      },
      "initial_weight": 0.5,
      "final_weight": 0.6
    },
    "43546.37": {
      "votes": {
        "1": 1
      },
      "initial_weight": 0.25,
      "final_weight": 0.25
    },
    "43546.21": {
      "votes": {
        "3": 1,
        "1": 1
      },
      "initial_weight": 0.5,
      "final_weight": 0.6
    },
    "43546.29": {
      "votes": {
        "2": 1
      },
      "initial_weight": 0.5,
      "final_weight": 0.43103448275862066
    },
    "43546.63": {
      "votes": {
        "1": 1
      },
      "initial_weight": 0.25,
      "final_weight": 0.25
    },
    "43546.43": {
      "votes": {
        "3": 1
      },
      "initial_weight": 0.75,
      "final_weight": 0.75
    },
    "43546.57": {
      "votes": {
        "3": 1
      },
      "initial_weight": 0.75,
      "final_weight": 0.75
    },
    "43546.67": {
      "votes": {
        "2": 1
      },
      "initial_weight": 0.5,
      "final_weight": 0.5
    },
    "43546.77": {
      "votes": {
        "3": 1
      },
      "initial_weight": 0.75,
      "final_weight": 0.75
    },
    "43546.91": {
      "votes": {
        "3": 1
      },
      "initial_weight": 0.75,
      "final_weight": 0.75
    },
    "43546.17": {
      "votes": {
        "2": 2
      },
      "initial_weight": 0.5,
      "final_weight": 0.25
    },
    "43546.61": {
      "votes": {
        "1": 1
      },
      "initial_weight": 0.25,
      "final_weight": 0.25
    },
    "43546.73": {
      "votes": {
        "4": 1
      },
      "initial_weight": 1.0,
      "final_weight": 1.0
    },
    "43546.85": {
      "votes": {
        "3": 1
      },
      "initial_weight": 0.75,
      "final_weight": 0.75
    },
    "43546.65": {
      "votes": {
        "3": 1
      },
      "initial_weight": 0.75,
      "final_weight": 0.75
    },
    "43546.120": {
      "votes": {
        "4": 1
      },
      "initial_weight": 1.0,
      "final_weight": 0.8
    },
    "43546.147": {
      "votes": {},
      "initial_weight": 0.5,
      "final_weight": 0.5
    },
    "43546.87": {
      "votes": {
        "3": 1
      },
      "initial_weight": 0.75,
      "final_weight": 0.75
    },
    "43546.123": {
      "votes": {},
      "initial_weight": 0.5,
      "final_weight": 0.5
    },
    "43546.125": {
      "votes": {},
      "initial_weight": 0.5,
      "final_weight": 0.6
    },
    "43546.127": {
      "votes": {},
      "initial_weight": 0.5,
      "final_weight": 0.5
    },
    "43546.153": {
      "votes": {},
      "initial_weight": 0.5,
      "final_weight": 0.5
    },
    "43546.47": {
      "votes": {
        "4": 1
      },
      "initial_weight": 1.0,
      "final_weight": 0.8
    },
    "43546.45": {
      "votes": {
        "2": 1
      },
      "initial_weight": 0.5,
      "final_weight": 0.4
    },
    "43546.71": {
      "votes": {},
      "initial_weight": 0.5,
      "final_weight": 0.5
    },
    "43546.97": {
      "votes": {},
      "initial_weight": 0.5,
      "final_weight": 0.75
    },
    "43546.112": {
      "votes": {},
      "initial_weight": 0.5,
      "final_weight": 0.5
    },
    "43546.27": {
      "votes": {},
      "initial_weight": 0.5,
      "final_weight": 0.5
    },
    "43546.23": {
      "votes": {},
      "initial_weight": 0.5,
      "final_weight": 0.5
    },
    "43546.31": {
      "votes": {},
      "initial_weight": 0.5,
      "final_weight": 0.4
    },
    "43546.59": {
      "votes": {},
      "initial_weight": 0.5,
      "final_weight": 0.5
    },
    "43546.135": {
      "votes": {},
      "initial_weight": 0.5,
      "final_weight": 0.5
    },
    "43546.93": {
      "votes": {
        "4": 1
      },
      "initial_weight": 1.0,
      "final_weight": 1.0
    },
    "43546.95": {
      "votes": {
        "4": 1
      },
      "initial_weight": 1.0,
      "final_weight": 1.0
    },
    "43546.33": {
      "votes": {},
      "initial_weight": 0.5,
      "final_weight": 0.5
    },
    "43546.39": {
      "votes": {},
      "initial_weight": 0.5,
      "final_weight": 0.5
    },
    "43546.83": {
      "votes": {},
      "initial_weight": 0.5,
      "final_weight": 0.5
    },
    "43546.143": {
      "votes": {},
      "initial_weight": 0.5,
      "final_weight": 0.5
    },
    "43546.129": {
      "votes": {},
      "initial_weight": 0.5,
      "final_weight": 0.5
    },
    "43546.133": {
      "votes": {},
      "initial_weight": 0.5,
      "final_weight": 0.5
    },
    "43546.110": {
      "votes": {},
      "initial_weight": 0.5,
      "final_weight": 0.5
    },
    "43546.101": {
      "votes": {},
      "initial_weight": 0.5,
      "final_weight": 0.5
    },
    "43546.103": {
      "votes": {},
      "initial_weight": 0.5,
      "final_weight": 0.5
    },