{
  "nodes": {
    "45589.0": {
      "votes": {},
      "initial_weight": 0.5,
      "final_weight": 0.5
    },
    "45589.3": {
      "votes": {
        "3": 2
      },
      "initial_weight": 0.75,
      "final_weight": 0.6998294106003554
    },
    "45589.5": {
      "votes": {
        "4": 1
      },
      "initial_weight": 1.0,
      "final_weight": 1.0
    },
    "45589.13": {
      "votes": {
        "2": 1
      },
      "initial_weight": 0.5,
      "final_weight": 0.4951289958060818
    },
    "45589.21": {
      "votes": {
        "4": 1
      },
      "initial_weight": 1.0,
      "final_weight": 1.0
    },
    "45589.26": {
      "votes": {
        "3": 1
      },
      "initial_weight": 0.75,
      "final_weight": 0.75
    },
    "45589.34": {
      "votes": {
        "2": 1
      },
      "initial_weight": 0.5,
      "final_weight": 0.5616438356164384
    },
    "45589.97": {
      "votes": {},
      "initial_weight": 0.5,
      "final_weight": 0.24876543962542524
    },
    "45589.162": {
      "votes": {},
      "initial_weight": 0.5,
      "final_weight": 0.6
    },
    "45589.168": {
      "votes": {},
      "initial_weight": 0.5,
      "final_weight": 0.6
    },
    "45589.28": {
      "votes": {
        "3": 1
      },
      "initial_weight": 0.75,
      "final_weight": 0.75
    },
    "45589.30": {
      "votes": {
        "2": 1
      },
      "initial_weight": 0.5,
      "final_weight": 0.6323529411764706
    },
    "45589.32": {
      "votes": {
        "1": 1
      },
      "initial_weight": 0.25,
      "final_weight": 0.2
    },
    "45589.93": {
      "votes": {
        "4": 1
      },
      "initial_weight": 1.0,
      "final_weight": 1.0
    },
    "45589.60": {
      "votes": {},
      "initial_weight": 0.5,
      "final_weight": 0.5294117647058824
    },
    "45589.70": {
      "votes": {},
      "initial_weight": 0.5,
      "final_weight": 0.4807692307692308
    },
    "45589.142": {
      "votes": {},
      "initial_weight": 0.5,
      "final_weight": 0.5
    },
    "45589.172": {
      "votes": {},
      "initial_weight": 0.5,
      "final_weight": 0.5
    },
    "45589.178": {
      "votes": {},
      "initial_weight": 0.5,
      "final_weight": 0.5
    },
    "45589.15": {
      "votes": {
        "3": 1
      },
      "initial_weight": 0.75,
      "final_weight": 0.6681514476614699
    },
    "45589.50": {
      "votes": {},
      "initial_weight": 0.5,
      "final_weight": 0.5689655172413793
    },
    "45589.7": {
      "votes": {},
      "initial_weight": 0.5,
      "final_weight": 0.5
    },
    "45589.9": {
      "votes": {
        "1": 1
      },
      "initial_weight": 0.25,
      "final_weight": 0.7893258426966293
    },
    "45589.36": {
      "votes": {
        "2": 1
      },
      "initial_weight": 0.5,
      "final_weight": 0.4
    },
    "45589.38": {
      "votes": {
        "3": 1
      },
      "initial_weight": 0.75,
      "final_weight": 0.8161764705882353
    },
    "45589.139": {
      "votes": {},
      "initial_weight": 0.5,
      "final_weight": 0.5
    },
    "45589.48": {
      "votes": {},
      "initial_weight": 0.5,
      "final_weight": 0.5
    },
    "45589.54": {
      "votes": {},
      "initial_weight": 0.5,
      "final_weight": 0.5
    },
    "45589.91": {
      "votes": {},
      "initial_weight": 0.5,
      "final_weight": 0.5
    },
    "45589.85": {
      "votes": {},
      "initial_weight": 0.5,
      "final_weight": 0.5
    },
    "45589.124": {
      "votes": {},
      "initial_weight": 0.5,
      "final_weight": 0.5
    },
    "45589.144": {
      "votes": {},
      "initial_weight": 0.5,
      "final_weight": 0.5
    },
    "45589.146": {
      "votes": {},
      "initial_weight": 0.5,
      "final_weight": 0.5
    },
    "45589.42": {
      "votes": {
        "2": 1
      },
      "initial_weight": 0.5,
      "final_weight": 0.5
    },
    "45589.44": {
      "votes": {
        "1": 1
      },
      "initial_weight": 0.25,
      "final_weight": 0.625
    },
    "45589.170": {
      "votes": {},
      "initial_weight": 0.5,
      "final_weight": 0.5
    },
    "45589.99": {
      "votes": {},
      "initial_weight": 0.5,
      "final_weight": 0.5
    },
    "45589.111": {
      "votes": {},
      "initial_weight": 0.5,
      "final_weight": 0.5
    },
    "45589.115": {
      "votes": {},
      "initial_weight": 0.5,
      "final_weight": 0.5
    },
    "45589.117": {
      "votes": {},
      "initial_weight": 0.5,
      "final_weight": 0.504950495049505
    },
    "45589.180": {
      "votes": {},
      "initial_weight": 0.5,
      "final_weight": 0.5
    },
    "45589.182": {
      "votes": {},
      "initial_weight": 0.5,
      "final_weight": 0.5
    },
    "45589.68": {
      "votes": {},
      "initial_weight": 0.5,
      "final_weight": 0.5
    },
    "45589.87": {
      "votes": {},
      "initial_weight": 0.5,
      "final_weight": 0.5
    },
    "45589.103": {
      "votes": {},
      "initial_weight": 0.5,
      "final_weight": 0.5
    },
    "45589.105": {
      "votes": {},
      "initial_weight": 0.5,
      "final_weight": 0.4
    },
    "45589.109": {
      "votes": {},
      "initial_weight": 0.5,
      "final_weight": 0.5
    },
    "45589.174": {
      "votes": {},
      "initial_weight": 0.5,
      "final_weight": 0.5
    },
    "45589.62": {
      "votes": {
        "3": 1
      },
      "initial_weight": 0.75,
      "final_weight": 0.75
    },
    "45589.75": {
      "votes": {},
      "initial_weight": 0.5,
      "final_weight": 0.5
    },
    "45589.77": {
      "votes": {
        "1": 1
      },
      "initial_weight": 0.25,
      "final_weight": 0.2
    },
    "45589.119": {
      "votes": {},
      "initial_weight": 0.5,
      "final_weight": 0.5
    },
    "45589.17": {
      "votes": {
        "2": 1
      },
      "initial_weight": 0.5,
      "final_weight": 0.4
    },
    "45589.19": {
      "votes": {
        "3": 1
      },
      "initial_weight": 0.75,
      "final_weight": 0.75
    },
    "45589.52": {
      "votes": {
        "4": 1
      },
      "initial_weight": 1.0,
      "final_weight": 1.0
    },
    "45589.58": {
      "votes": {},
      "initial_weight": 0.5,
      "final_weight": 0.6
    },
    "45589.132": {
      "votes": {},
      "initial_weight": 0.5,
      "final_weight": 0.5
    },
    "45589.121": {
      "votes": {},
      "initial_weight": 0.5,
      "final_weight": 0.6
    },
    "45589.11": {
      "votes": {},
      "initial_weight": 0.5,
      "final_weight": 0.5
    },
    "45589.95": {
      "votes": {},
      "initial_weight": 0.5,
      "final_weight": 0.5
    },
    "45589.40": {
      "votes": {},
      "initial_weight": 0.5,
      "final_weight": 0.5
    },
    "45589.56": {
      "votes": {
        "2": 1
      },
      "initial_weight": 0.5,
      "final_weight": 0.5
    },
    "45589.186": {
      "votes": {},
      "initial_weight": 0.5,
      "final_weight": 0.6
    },
    "45589.46": {
      "votes": {},
      "initial_weight": 0.5,
      "final_weight": 0.5
    },
    "45589.83": {
      "votes": {},
      "initial_weight": 0.5,
      "final_weight": 0.5
    },
    "45589.164": {
      "votes": {},
      "initial_weight": 0.5,
      "final_weight": 0.5
    },
    "45589.166": {
      "votes": {},
      "initial_weight": 0.5,
      "final_weight": 0.5
    },
    "45589.148": {
      "votes": {},
      "initial_weight": 0.5,
      "final_weight": 0.5
    },
    "45589.150": {
      "votes": {},
      "initial_weight": 0.5,
      "final_weight": 0.5
    },
    "45589.128": {
      "votes": {},
      "initial_weight": 0.5,
      "final_weight": 0.5
    },
    "45589.130": {
      "votes": {},
      "initial_weight": 0.5,
      "final_weight": 0.5
    },
    "45589.154": {
      "votes": {},
      "initial_weight": 0.5,
      "final_weight": 0.5
    },
    "45589.158": {
      "votes": {},
      "initial_weight": 0.5,
      "final_weight": 0.6
    },
    "45589.107": {
      "votes": {},