{
  "nodes": {
    "4608.0": {
      "votes": {},
      "initial_weight": 0.5,
      "final_weight": 0.5
    },
    "4608.1": {
      "votes": {
        "1": 3,
        "0": 6
      },
      "initial_weight": 0.08333333333333333,
      "final_weight": 0.04555047401185673
    },
    "4608.9": {
      "votes": {
        "1": 1,
        "2": 1,
        "0": 1,
        "4": 1
      },
      "initial_weight": 0.4375,
      "final_weight": 0.4430693069306931
    },
    "4608.12": {
      "votes": {
        "4": 8,
        "2": 1
      },
      "initial_weight": 0.9444444444444444,
      "final_weight": 0.9444493736855465
    },
    "4608.14": {
      "votes": {
        "0": 7,
        "4": 1
      },
      "initial_weight": 0.125,
      "final_weight": 0.10185708782023468
    },
    "4608.219": {
      "votes": {},
      "initial_weight": 0.5,
      "final_weight": 0.5112307546046344
    },
    "4608.229": {
      "votes": {},
      "initial_weight": 0.5,
      "final_weight": 0.5
    },
    "4608.248": {
      "votes": {},
      "initial_weight": 0.5,
      "final_weight": 0.5
    },
    "4608.267": {
      "votes": {},
      "initial_weight": 0.5,
      "final_weight": 0.5
    },
    "4608.271": {
      "votes": {},
      "initial_weight": 0.5,
      "final_weight": 0.6
    },
    "4608.19": {
      "votes": {
        "4": 2
      },
      "initial_weight": 1.0,
      "final_weight": 1.0
    },
    "4608.238": {
      "votes": {},
      "initial_weight": 0.5,
      "final_weight": 0.5
    },
    "4608.240": {
      "votes": {},
      "initial_weight": 0.5,
      "final_weight": 0.49504950495049505
    },
    "4608.242": {
      "votes": {},
      "initial_weight": 0.5,
      "final_weight": 0.6
    },
    "4608.250": {
      "votes": {},
      "initial_weight": 0.5,
      "final_weight": 0.49504950495049505
    },
    "4608.261": {
      "votes": {},
      "initial_weight": 0.5,
      "final_weight": 0.6
    },
    "4608.215": {
      "votes": {},
      "initial_weight": 0.5,
      "final_weight": 0.5004811061878571
    },
    "4608.37": {
      "votes": {
        "4": 2,
        "0": 2
      },
      "initial_weight": 0.5,
      "final_weight": 0.4
    },
    "4608.42": {
      "votes": {
        "2": 1
      },
      "initial_weight": 0.5,
      "final_weight": 0.44543429844098
    },
    "4608.280": {
      "votes": {},
      "initial_weight": 0.5,
      "final_weight": 0.6
    },
    "4608.224": {
      "votes": {},
      "initial_weight": 0.5,
      "final_weight": 0.7220994212059525
    },
    "4608.75": {
      "votes": {},
      "initial_weight": 0.5,
      "final_weight": 0.5192307692307693
    },
    "4608.13": {
      "votes": {},
      "initial_weight": 0.5,
      "final_weight": 0.3676470588235294
    },
    "4608.277": {
      "votes": {},
      "initial_weight": 0.5,
      "final_weight": 0.5
    },
    "4608.323": {
      "votes": {},
      "initial_weight": 0.5,
      "final_weight": 0.5
    },
    "4608.283": {
      "votes": {},
      "initial_weight": 0.5,
      "final_weight": 0.5
    },
    "4608.285": {
      "votes": {},
      "initial_weight": 0.5,
      "final_weight": 0.5
    },
    "4608.213": {
      "votes": {},
      "initial_weight": 0.5,
      "final_weight": 0.5
    },
    "4608.231": {
      "votes": {},
      "initial_weight": 0.5,
      "final_weight": 0.5
    },
    "4608.273": {
      "votes": {},
      "initial_weight": 0.5,
      "final_weight": 0.5
    },
    "4608.275": {
      "votes": {},
      "initial_weight": 0.5,
      "final_weight": 0.5
    },
    "4608.325": {
      "votes": {},
      "initial_weight": 0.5,
      "final_weight": 0.5
    },
    "4608.291": {
      "votes": {},
      "initial_weight": 0.5,
      "final_weight": 0.5
    },
    "4608.293": {
      "votes": {},
      "initial_weight": 0.5,
      "final_weight": 0.5
    },
    "4608.297": {
      "votes": {},
      "initial_weight": 0.5,
      "final_weight": 0.5
    },
    "4608.299": {
      "votes": {},
      "initial_weight": 0.5,
      "final_weight": 0.5
    },
    "4608.309": {
      "votes": {},
      "initial_weight": 0.5,
      "final_weight": 0.4
    },
    "4608.312": {
      "votes": {},
      "initial_weight": 0.5,
      "final_weight": 0.5
    },
    "4608.307": {
      "votes": {},
      "initial_weight": 0.5,
      "final_weight": 0.5
    },
    "4608.259": {
      "votes": {},
      "initial_weight": 0.5,
      "final_weight": 0.5
    },
    "4608.77": {
      "votes": {},
      "initial_weight": 0.5,
      "final_weight": 0.5
    },
    "4608.301": {
      "votes": {},
      "initial_weight": 0.5,
      "final_weight": 0.6
    },
    "4608.305": {
      "votes": {},
      "initial_weight": 0.5,
      "final_weight": 0.5
    },
    "4608.295": {
      "votes": {},
      "initial_weight": 0.5,
      "final_weight": 0.5
    },
    "4608.73": {
      "votes": {},
      "initial_weight": 0.5,
      "final_weight": 0.43103448275862066
    },
    "4608.236": {
      "votes": {},
      "initial_weight": 0.5,
      "final_weight": 0.4
    },
    "4608.45": {
      "votes": {
        "4": 2
      },
      "initial_weight": 1.0,
      "final_weight": 1.0
    },
    "4608.233": {
      "votes": {},
      "initial_weight": 0.5,
      "final_weight": 0.5
    },
    "4608.109": {
      "votes": {},
      "initial_weight": 0.5,
      "final_weight": 0.4
    },
    "4608.328": {
      "votes": {},
      "initial_weight": 0.5,
      "final_weight": 0.75
    },
    "4608.287": {
      "votes": {},
      "initial_weight": 0.5,
      "final_weight": 0.5
    },
    "4608.57": {
      "votes": {},
      "initial_weight": 0.5,
      "final_weight": 0.49230769230769234
    },
    "4608.2": {
      "votes": {},
      "initial_weight": 0.5,
      "final_weight": 0.1983252534156016
    },
    "4608.206": {
      "votes": {},
      "initial_weight": 0.5,
      "final_weight": 0.6
    },
    "4608.263": {
      "votes": {},
      "initial_weight": 0.5,
      "final_weight": 0.4
    },
    "4608.344": {
      "votes": {},
      "initial_weight": 0.5,
      "final_weight": 0.6
    },
    "4608.23": {
      "votes": {
        "4": 1
      },
      "initial_weight": 1.0,
      "final_weight": 1.0
    },
    "4608.24": {
      "votes": {
        "2": 1
      },
      "initial_weight": 0.5,
      "final_weight": 0.5
    },
    "4608.38": {
      "votes": {
        "2": 1
      },
      "initial_weight": 0.5,
      "final_weight": 0.09999999999999998
    },
    "4608.102": {
      "votes": {},
      "initial_weight": 0.5,
      "final_weight": 0.5
    },
    "4608.113": {
      "votes": {},
      "initial_weight": 0.5,
      "final_weight": 0.5
    },
    "4608.318": {
      "votes": {},
      "initial_weight": 0.5,
      "final_weight": 0.5
    },
    "4608.5": {
      "votes": {},
      "initial_weight": 0.5,
      "final_weight": 0.5
    },
    "4608.78": {
      "votes": {},
      "initial_weight": 0.5,
      "final_weight": 0.5
    },
    "4608.303": {
      "votes": {},
      "initial_weight": 0.5,
      "final_weight": 0.5
    },
    "4608.252": {
      "votes": {},
      "initial_weight": 0.5,
      "final_weight": 0.4
    },
    "4608.209": {
      "votes": {},
      "initial_weight": 0.5,
      "final_weight": 0.5
    },
    "4608.334": {
      "votes": {},
      "initial_weight": 0.5,
      "final_weight": 0.5
    },
    "4608.336": {
      "votes": {},
      "initial_weight": 0.5,
      "final_weight": 0.5
    },
    "4608.46": {
      "votes": {},
      "initial_weight": 0.5,
      "final_weight": 0.5
    },
    "4608.330": {
      "votes": {},
      "initial_weight": 0.5,
      "final_weight": 0.5
    },
    "4608.332": {
      "votes": {},
      "initial_weight": 0.5,
      "final_weight": 0.5
    },
    "4608.61": {
      "votes": {
        "0": 1,
        "2": 1
      },
      "initial_weight": 0.25,
      "final_weight": 0.125
    },
    "4608.289": {
      "votes": {},
      "initial_weight": 0.5,
      "final_weight": 0.5
    },