{
  "nodes": {
    "46395.0": {
      "votes": {},
      "initial_weight": 0.5,
      "final_weight": 0.5
    },
    "46395.3": {
      "votes": {
        "0": 1,
        "1": 1
      },
      "initial_weight": 0.125,
      "final_weight": 0.1201923076923077
    },
    "46395.5": {
      "votes": {
        "1": 1,
        "4": 1
      },
      "initial_weight": 0.625,
      "final_weight": 0.7706943758163539
    },
    "46395.7": {
      "votes": {
        "0": 1,
        "4": 1
      },
      "initial_weight": 0.5,
      "final_weight": 0.5073657166797405
    },
    "46395.9": {
      "votes": {
        "0": 1,
        "4": 1
      },
      "initial_weight": 0.5,
      "final_weight": 0.9
    },
    "46395.27": {
      "votes": {
        "0": 2
      },
      "initial_weight": 0.0,
      "final_weight": 0.04767995349006215
    },
    "46395.37": {
      "votes": {
        "3": 1,
        "2": 1
      },
      "initial_weight": 0.625,
      "final_weight": 0.8125
    },
    "46395.39": {
      "votes": {
        "4": 1,
        "3": 1,
        "2": 1,
        "0": 1
      },
      "initial_weight": 0.5625,
      "final_weight": 0.7801643987439197
    },
    "46395.43": {
      "votes": {
        "0": 1,
        "2": 1
      },
      "initial_weight": 0.25,
      "final_weight": 0.21551724137931033
    },
    "46395.141": {
      "votes": {
        "2": 1
      },
      "initial_weight": 0.5,
      "final_weight": 0.5
    },
    "46395.15": {
      "votes": {},
      "initial_weight": 0.5,
      "final_weight": 0.6
    },
    "46395.17": {
      "votes": {},
      "initial_weight": 0.5,
      "final_weight": 0.4
    },
    "46395.11": {
      "votes": {},
      "initial_weight": 0.5,
      "final_weight": 0.6
    },
    "46395.13": {
      "votes": {},
      "initial_weight": 0.5,
      "final_weight": 0.5
    },
    "46395.25": {
      "votes": {},
      "initial_weight": 0.5,
      "final_weight": 0.4971022594806954
    },
    "46395.49": {
      "votes": {},
      "initial_weight": 0.5,
      "final_weight": 0.6
    },
    "46395.59": {
      "votes": {},
      "initial_weight": 0.5,
      "final_weight": 0.5
    },
    "46395.122": {
      "votes": {
        "3": 1,
        "1": 1
      },
      "initial_weight": 0.5,
      "final_weight": 0.5
    },
    "46395.19": {
      "votes": {},
      "initial_weight": 0.5,
      "final_weight": 0.5
    },
    "46395.104": {
      "votes": {},
      "initial_weight": 0.5,
      "final_weight": 0.62227711655064
    },
    "46395.110": {
      "votes": {},
      "initial_weight": 0.5,
      "final_weight": 0.5
    },
    "46395.95": {
      "votes": {},
      "initial_weight": 0.5,
      "final_weight": 0.5
    },
    "46395.21": {
      "votes": {},
      "initial_weight": 0.5,
      "final_weight": 0.5
    },
    "46395.57": {
      "votes": {},
      "initial_weight": 0.5,
      "final_weight": 0.5
    },
    "46395.106": {
      "votes": {},
      "initial_weight": 0.5,
      "final_weight": 0.5
    },
    "46395.145": {
      "votes": {},
      "initial_weight": 0.5,
      "final_weight": 0.5
    },
    "46395.31": {
      "votes": {},
      "initial_weight": 0.5,
      "final_weight": 0.5
    },
    "46395.98": {
      "votes": {},
      "initial_weight": 0.5,
      "final_weight": 0.5
    },
    "46395.100": {
      "votes": {},
      "initial_weight": 0.5,
      "final_weight": 0.5
    },
    "46395.124": {
      "votes": {},
      "initial_weight": 0.5,
      "final_weight": 0.7237569060773481
    },
    "46395.69": {
      "votes": {},
      "initial_weight": 0.5,
      "final_weight": 0.5
    },
    "46395.71": {
      "votes": {},
      "initial_weight": 0.5,
      "final_weight": 0.5
    },
    "46395.61": {
      "votes": {},
      "initial_weight": 0.5,
      "final_weight": 0.49504950495049505
    },
    "46395.120": {
      "votes": {},
      "initial_weight": 0.5,
      "final_weight": 0.5
    },
    "46395.91": {
      "votes": {},
      "initial_weight": 0.5,
      "final_weight": 0.5
    },
    "46395.102": {
      "votes": {},
      "initial_weight": 0.5,
      "final_weight": 0.5
    },
    "46395.116": {
      "votes": {},
      "initial_weight": 0.5,
      "final_weight": 0.6
    },
    "46395.55": {
      "votes": {},
      "initial_weight": 0.5,
      "final_weight": 0.5
    },
    "46395.139": {
      "votes": {},
      "initial_weight": 0.5,
      "final_weight": 0.5
    },
    "46395.47": {
      "votes": {},
      "initial_weight": 0.5,
      "final_weight": 0.5
    },
    "46395.45": {
      "votes": {},
      "initial_weight": 0.5,
      "final_weight": 0.5
    },
    "46395.51": {
      "votes": {},
      "initial_weight": 0.5,
      "final_weight": 0.42365038028855223
    },
    "46395.108": {
      "votes": {},
      "initial_weight": 0.5,
      "final_weight": 0.5
    },
    "46395.134": {
      "votes": {},
      "initial_weight": 0.5,
      "final_weight": 0.5689655172413793
    },
    "46395.126": {
      "votes": {},
      "initial_weight": 0.5,
      "final_weight": 0.5
    },
    "46395.128": {
      "votes": {},
      "initial_weight": 0.5,
      "final_weight": 0.4
    },
    "46395.63": {
      "votes": {},
      "initial_weight": 0.5,
      "final_weight": 0.5
    },
    "46395.65": {
      "votes": {},
      "initial_weight": 0.5,
      "final_weight": 0.5
    },
    "46395.112": {
      "votes": {},
      "initial_weight": 0.5,
      "final_weight": 0.6
    },
    "46395.130": {
      "votes": {},
      "initial_weight": 0.5,
      "final_weight": 0.5
    },
    "46395.118": {
      "votes": {},
      "initial_weight": 0.5,
      "final_weight": 0.5
    },
    "46395.53": {
      "votes": {},
      "initial_weight": 0.5,
      "final_weight": 0.4245214498823317
    },
    "46395.89": {
      "votes": {},
      "initial_weight": 0.5,
      "final_weight": 0.5
    },
    "46395.93": {
      "votes": {},
      "initial_weight": 0.5,
      "final_weight": 0.5
    },
    "46395.137": {
      "votes": {},
      "initial_weight": 0.5,
      "final_weight": 0.4
    },
    "46395.132": {
      "votes": {},
      "initial_weight": 0.5,
      "final_weight": 0.5
    },
    "46395.114": {
      "votes": {},
      "initial_weight": 0.5,
      "final_weight": 0.5
    },
    "46395.73": {
      "votes": {},
      "initial_weight": 0.5,
      "final_weight": 0.4216595638004513
    },
    "46395.147": {
      "votes": {},
      "initial_weight": 0.5,
      "final_weight": 0.5
    },
    "46395.75": {
      "votes": {},
      "initial_weight": 0.5,
      "final_weight": 0.43103448275862066
    },
    "46395.81": {
      "votes": {},
      "initial_weight": 0.5,
      "final_weight": 0.4
    },
    "46395.87": {
      "votes": {},
      "initial_weight": 0.5,
      "final_weight": 0.5
    }
  },
  "edges": {
    "46395.3": {
      "successor_id": "46395.0",
      "relation": 0.0
    },
    "46395.5": {
      "successor_id": "46395.0",
      "relation": 0.0
    },
    "46395.7": {
      "successor_id": "46395.0",
      "relation": 0.0
    },
    "46395.9": {
      "successor_id": "46395.0",
      "relation": 0.0
    },
    "46395.27": {
      "successor_id": "46395.0",
      "relation": 0.0
    },
    "46395.37": {
      "successor_id": "46395.0",
      "relation": 0.0
    },
    "46395.39": {
      "successor_id": "46395.0",
      "relation": 0.0
    },
    "46395.43": {
      "successor_id": "46395.0",
      "relation": 0.0
    },
    "46395.141": {
      "successor_id": "46395.0",
      "relation": 0.0
    },
    "46395.15": {
      "successor_id": "46395.3",
      "relation": -1.0
    },
    "46395.17": {
      "successor_id": "46395.3",
      "relation": 1.0
    },
    "46395.11": {
      "successor_id": "46395.5",
      "relation": -1.0
    },
    "46395.13": {
      "successor_id": "46395.5",
      "relation": 1.0
    },
    "46395.25": {
      "successor_id": "46395.5",
      "relation": 1.0
    },
    "46395.49": {
      "successor_id": "46395.5",