{
  "nodes": {
    "51173.0": {
      "votes": {},
      "initial_weight": 0.5,
      "final_weight": 0.5
    },
    "51173.3": {
      "votes": {
        "4": 2,
        "0": 2
      },
      "initial_weight": 0.5,
      "final_weight": 0.49428512596569296
    },
    "51173.5": {
      "votes": {},
      "initial_weight": 0.5,
      "final_weight": 0.7131650750341064
    },
    "51173.7": {
      "votes": {
        "4": 1
      },
      "initial_weight": 1.0,
      "final_weight": 1.0
    },
    "51173.44": {
      "votes": {
        "2": 1,
        "4": 2,
        "0": 1
      },
      "initial_weight": 0.625,
      "final_weight": 0.6153846153846154
    },
    "51173.90": {
      "votes": {
        "4": 1
      },
      "initial_weight": 1.0,
      "final_weight": 1.0
    },
    "51173.102": {
      "votes": {
        "0": 1,
        "4": 1
      },
      "initial_weight": 0.5,
      "final_weight": 0.5637735849056604
    },
    "51173.110": {
      "votes": {
        "0": 1,
        "4": 1
      },
      "initial_weight": 0.5,
      "final_weight": 0.36764705882352944
    },
    "51173.135": {
      "votes": {
        "0": 1,
        "4": 1
      },
      "initial_weight": 0.5,
      "final_weight": 0.5002951834480832
    },
    "51173.163": {
      "votes": {},
      "initial_weight": 0.5,
      "final_weight": 0.504950495049505
    },
    "51173.204": {
      "votes": {},
      "initial_weight": 0.5,
      "final_weight": 0.5
    },
    "51173.25": {
      "votes": {},
      "initial_weight": 0.5,
      "final_weight": 0.9310344827586207
    },
    "51173.55": {
      "votes": {},
      "initial_weight": 0.5,
      "final_weight": 0.5
    },
    "51173.76": {
      "votes": {},
      "initial_weight": 0.5,
      "final_weight": 0.43103448275862066
    },
    "51173.82": {
      "votes": {},
      "initial_weight": 0.5,
      "final_weight": 0.4
    },
    "51173.32": {
      "votes": {},
      "initial_weight": 0.5,
      "final_weight": 0.5294117647058824
    },
    "51173.38": {
      "votes": {
        "4": 1
      },
      "initial_weight": 1.0,
      "final_weight": 1.0
    },
    "51173.40": {
      "votes": {
        "4": 1
      },
      "initial_weight": 1.0,
      "final_weight": 1.0
    },
    "51173.46": {
      "votes": {
        "4": 1
      },
      "initial_weight": 1.0,
      "final_weight": 1.0
    },
    "51173.61": {
      "votes": {
        "0": 1
      },
      "initial_weight": 0.0,
      "final_weight": 0.0
    },
    "51173.80": {
      "votes": {
        "3": 1
      },
      "initial_weight": 0.75,
      "final_weight": 0.375
    },
    "51173.145": {
      "votes": {
        "4": 1
      },
      "initial_weight": 1.0,
      "final_weight": 0.5
    },
    "51173.53": {
      "votes": {},
      "initial_weight": 0.5,
      "final_weight": 0.5
    },
    "51173.9": {
      "votes": {},
      "initial_weight": 0.5,
      "final_weight": 0.5
    },
    "51173.21": {
      "votes": {},
      "initial_weight": 0.5,
      "final_weight": 0.4
    },
    "51173.112": {
      "votes": {},
      "initial_weight": 0.5,
      "final_weight": 0.504950495049505
    },
    "51173.178": {
      "votes": {},
      "initial_weight": 0.5,
      "final_weight": 0.5
    },
    "51173.180": {
      "votes": {},
      "initial_weight": 0.5,
      "final_weight": 0.5
    },
    "51173.104": {
      "votes": {},
      "initial_weight": 0.5,
      "final_weight": 0.36764705882352944
    },
    "51173.98": {
      "votes": {},
      "initial_weight": 0.5,
      "final_weight": 0.25
    },
    "51173.96": {
      "votes": {},
      "initial_weight": 0.5,
      "final_weight": 0.5
    },
    "51173.123": {
      "votes": {},
      "initial_weight": 0.5,
      "final_weight": 0.5
    },
    "51173.151": {
      "votes": {},
      "initial_weight": 0.5,
      "final_weight": 0.5
    },
    "51173.159": {
      "votes": {},
      "initial_weight": 0.5,
      "final_weight": 0.5
    },
    "51173.174": {
      "votes": {},
      "initial_weight": 0.5,
      "final_weight": 0.5
    },
    "51173.68": {
      "votes": {},
      "initial_weight": 0.5,
      "final_weight": 0.5051071224513142
    },
    "51173.190": {
      "votes": {},
      "initial_weight": 0.5,
      "final_weight": 0.5
    },
    "51173.192": {
      "votes": {},
      "initial_weight": 0.5,
      "final_weight": 0.6
    },
    "51173.17": {
      "votes": {},
      "initial_weight": 0.5,
      "final_weight": 0.5
    },
    "51173.15": {
      "votes": {},
      "initial_weight": 0.5,
      "final_weight": 0.5
    },
    "51173.13": {
      "votes": {},
      "initial_weight": 0.5,
      "final_weight": 0.5
    },
    "51173.11": {
      "votes": {},
      "initial_weight": 0.5,
      "final_weight": 0.5
    },
    "51173.156": {
      "votes": {},
      "initial_weight": 0.5,
      "final_weight": 0.5
    },
    "51173.72": {
      "votes": {},
      "initial_weight": 0.5,
      "final_weight": 0.5
    },
    "51173.57": {
      "votes": {},
      "initial_weight": 0.5,
      "final_weight": 0.5
    },
    "51173.78": {
      "votes": {},
      "initial_weight": 0.5,
      "final_weight": 0.5
    },
    "51173.86": {
      "votes": {},
      "initial_weight": 0.5,
      "final_weight": 0.4
    },
    "51173.202": {
      "votes": {},
      "initial_weight": 0.5,
      "final_weight": 0.5
    },
    "51173.84": {
      "votes": {},
      "initial_weight": 0.5,
      "final_weight": 0.5
    },
    "51173.34": {
      "votes": {},
      "initial_weight": 0.5,
      "final_weight": 0.5
    },
    "51173.36": {
      "votes": {},
      "initial_weight": 0.5,
      "final_weight": 0.5
    },
    "51173.166": {
      "votes": {},
      "initial_weight": 0.5,
      "final_weight": 0.75
    },
    "51173.42": {
      "votes": {},
      "initial_weight": 0.5,
      "final_weight": 0.5
    },
    "51173.49": {
      "votes": {},
      "initial_weight": 0.5,
      "final_weight": 0.5
    },
    "51173.51": {
      "votes": {},
      "initial_weight": 0.5,
      "final_weight": 0.5
    },
    "51173.59": {
      "votes": {},
      "initial_weight": 0.5,
      "final_weight": 0.5
    },
    "51173.88": {
      "votes": {},
      "initial_weight": 0.5,
      "final_weight": 0.5
    },
    "51173.182": {
      "votes": {},
      "initial_weight": 0.5,
      "final_weight": 0.5
    },
    "51173.184": {
      "votes": {},
      "initial_weight": 0.5,
      "final_weight": 0.5
    },
    "51173.147": {
      "votes": {},
      "initial_weight": 0.5,
      "final_weight": 0.5
    },
    "51173.149": {
      "votes": {},
      "initial_weight": 0.5,
      "final_weight": 0.5
    },
    "51173.23": {
      "votes": {},
      "initial_weight": 0.5,
      "final_weight": 0.5
    },
    "51173.118": {
      "votes": {},
      "initial_weight": 0.5,
      "final_weight": 0.6
    },
    "51173.153": {
      "votes": {},
      "initial_weight": 0.5,
      "final_weight": 0.5
    },
    "51173.106": {
      "votes": {},
      "initial_weight": 0.5,
      "final_weight": 0.6
    },
    "51173.125": {
      "votes": {
        "4": 1
      },
      "initial_weight": 1.0,
      "final_weight": 1.0
    },
    "51173.70": {
      "votes": {},
      "initial_weight": 0.5,
      "final_weight": 0.5
    },
    "51173.74": {
      "votes": {},
      "initial_weight": 0.5,
      "final_weight": 0.39841431026402124
    },
    "51173.194": {
      "votes": {},
      "initial_weight": 0.5,
      "final_weight": 0.5
    },
    "51173.139": {
      "votes": {},
      "initial_weight": 0.5,
      "final_weight": 0.5
    },
    "51173.170": {
      "votes": {},
      "initial_weight": 0.5,
      "final_weight": 0.5
    },
    "51173.172": {
      "votes": {},
      "initial_weight": 0.5,
      "final_weight": 0.5
    },
    "51173.186": {
      "votes": {},
      "initial_weight": 0.5,
      "final_weight": 0.5
    },
    "51173.188": {
      "votes": {},
      "initial_weight": 0.5,
      "final_weight": 0.5
    },