{
  "nodes": {
    "51519.0": {
      "votes": {},
      "initial_weight": 0.5,
      "final_weight": 0.5
    },
    "51519.3": {
      "votes": {},
      "initial_weight": 0.5,
      "final_weight": 0.5558776123703943
    },
    "51519.5": {
      "votes": {},
      "initial_weight": 0.5,
      "final_weight": 0.6614378744219082
    },
    "51519.7": {
      "votes": {},
      "initial_weight": 0.5,
      "final_weight": 0.9312063983744567
    },
    "51519.53": {
      "votes": {},
      "initial_weight": 0.5,
      "final_weight": 0.6054141228136501
    },
    "51519.77": {
      "votes": {},
      "initial_weight": 0.5,
      "final_weight": 0.6
    },
    "51519.131": {
      "votes": {},
      "initial_weight": 0.5,
      "final_weight": 0.7433531694543973
    },
    "51519.189": {
      "votes": {},
      "initial_weight": 0.5,
      "final_weight": 0.5
    },
    "51519.9": {
      "votes": {},
      "initial_weight": 0.5,
      "final_weight": 0.5
    },
    "51519.11": {
      "votes": {},
      "initial_weight": 0.5,
      "final_weight": 0.32550674641751426
    },
    "51519.13": {
      "votes": {},
      "initial_weight": 0.5,
      "final_weight": 0.15384615384615385
    },
    "51519.15": {
      "votes": {},
      "initial_weight": 0.5,
      "final_weight": 0.4
    },
    "51519.17": {
      "votes": {},
      "initial_weight": 0.5,
      "final_weight": 0.4
    },
    "51519.19": {
      "votes": {},
      "initial_weight": 0.5,
      "final_weight": 0.4
    },
    "51519.35": {
      "votes": {},
      "initial_weight": 0.5,
      "final_weight": 0.9075785582255083
    },
    "51519.123": {
      "votes": {},
      "initial_weight": 0.5,
      "final_weight": 0.5812427872218867
    },
    "51519.21": {
      "votes": {},
      "initial_weight": 0.5,
      "final_weight": 0.5
    },
    "51519.23": {
      "votes": {},
      "initial_weight": 0.5,
      "final_weight": 0.36764705882352944
    },
    "51519.25": {
      "votes": {},
      "initial_weight": 0.5,
      "final_weight": 0.4216595638004513
    },
    "51519.27": {
      "votes": {},
      "initial_weight": 0.5,
      "final_weight": 0.5
    },
    "51519.29": {
      "votes": {},
      "initial_weight": 0.5,
      "final_weight": 0.5
    },
    "51519.31": {
      "votes": {},
      "initial_weight": 0.5,
      "final_weight": 0.21431431368435178
    },
    "51519.33": {
      "votes": {},
      "initial_weight": 0.5,
      "final_weight": 0.5
    },
    "51519.129": {
      "votes": {},
      "initial_weight": 0.5,
      "final_weight": 0.5
    },
    "51519.55": {
      "votes": {},
      "initial_weight": 0.5,
      "final_weight": 0.5
    },
    "51519.57": {
      "votes": {},
      "initial_weight": 0.5,
      "final_weight": 0.15384615384615385
    },
    "51519.59": {
      "votes": {},
      "initial_weight": 0.5,
      "final_weight": 0.3149111537442325
    },
    "51519.61": {
      "votes": {},
      "initial_weight": 0.5,
      "final_weight": 0.5
    },
    "51519.63": {
      "votes": {},
      "initial_weight": 0.5,
      "final_weight": 0.5
    },
    "51519.65": {
      "votes": {},
      "initial_weight": 0.5,
      "final_weight": 0.9355670103092784
    },
    "51519.109": {
      "votes": {},
      "initial_weight": 0.5,
      "final_weight": 0.5163235043296764
    },
    "51519.79": {
      "votes": {},
      "initial_weight": 0.5,
      "final_weight": 0.5
    },
    "51519.133": {
      "votes": {},
      "initial_weight": 0.5,
      "final_weight": 0.25
    },
    "51519.185": {
      "votes": {},
      "initial_weight": 0.5,
      "final_weight": 0.5
    },
    "51519.201": {
      "votes": {},
      "initial_weight": 0.5,
      "final_weight": 0.7237569060773481
    },
    "51519.111": {
      "votes": {},
      "initial_weight": 0.5,
      "final_weight": 0.7321656050955414
    },
    "51519.117": {
      "votes": {},
      "initial_weight": 0.5,
      "final_weight": 0.5
    },
    "51519.119": {
      "votes": {},
      "initial_weight": 0.5,
      "final_weight": 0.5
    },
    "51519.183": {
      "votes": {},
      "initial_weight": 0.5,
      "final_weight": 0.5
    },
    "51519.121": {
      "votes": {},
      "initial_weight": 0.5,
      "final_weight": 0.5
    },
    "51519.181": {
      "votes": {},
      "initial_weight": 0.5,
      "final_weight": 0.5
    },
    "51519.179": {
      "votes": {},
      "initial_weight": 0.5,
      "final_weight": 0.5
    },
    "51519.37": {
      "votes": {},
      "initial_weight": 0.5,
      "final_weight": 0.5
    },
    "51519.39": {
      "votes": {},
      "initial_weight": 0.5,
      "final_weight": 0.5
    },
    "51519.41": {
      "votes": {},
      "initial_weight": 0.5,
      "final_weight": 0.5
    },
    "51519.43": {
      "votes": {},
      "initial_weight": 0.5,
      "final_weight": 0.5
    },
    "51519.45": {
      "votes": {},
      "initial_weight": 0.5,
      "final_weight": 0.5
    },
    "51519.47": {
      "votes": {},
      "initial_weight": 0.5,
      "final_weight": 0.5
    },
    "51519.49": {
      "votes": {},
      "initial_weight": 0.5,
      "final_weight": 0.5
    },
    "51519.51": {
      "votes": {},
      "initial_weight": 0.5,
      "final_weight": 0.4
    },
    "51519.125": {
      "votes": {},
      "initial_weight": 0.5,
      "final_weight": 0.44046485044770434
    },
    "51519.81": {
      "votes": {},
      "initial_weight": 0.5,
      "final_weight": 0.6
    },
    "51519.95": {
      "votes": {},
      "initial_weight": 0.5,
      "final_weight": 0.43103448275862066
    },
    "51519.85": {
      "votes": {},
      "initial_weight": 0.5,
      "final_weight": 0.6
    },
    "51519.89": {
      "votes": {},
      "initial_weight": 0.5,
      "final_weight": 0.5545657015590201
    },
    "51519.157": {
      "votes": {},
      "initial_weight": 0.5,
      "final_weight": 0.5
    },
    "51519.168": {
      "votes": {},
      "initial_weight": 0.5,
      "final_weight": 0.5
    },
    "51519.215": {
      "votes": {},
      "initial_weight": 0.5,
      "final_weight": 0.5
    },
    "51519.161": {
      "votes": {},
      "initial_weight": 0.5,
      "final_weight": 0.5
    },
    "51519.165": {
      "votes": {},
      "initial_weight": 0.5,
      "final_weight": 0.2333518312985572
    },
    "51519.159": {
      "votes": {},
      "initial_weight": 0.5,
      "final_weight": 0.5
    },
    "51519.67": {
      "votes": {},
      "initial_weight": 0.5,
      "final_weight": 0.6
    },
    "51519.69": {
      "votes": {},
      "initial_weight": 0.5,
      "final_weight": 0.5
    },
    "51519.71": {
      "votes": {},
      "initial_weight": 0.5,
      "final_weight": 0.5
    },
    "51519.73": {
      "votes": {},
      "initial_weight": 0.5,
      "final_weight": 0.5
    },
    "51519.75": {
      "votes": {},
      "initial_weight": 0.5,
      "final_weight": 0.5
    },
    "51519.139": {
      "votes": {},
      "initial_weight": 0.5,
      "final_weight": 0.3162915183543805
    },
    "51519.193": {
      "votes": {},
      "initial_weight": 0.5,
      "final_weight": 0.5
    },
    "51519.143": {
      "votes": {},
      "initial_weight": 0.5,
      "final_weight": 0.5
    },
    "51519.175": {
      "votes": {},
      "initial_weight": 0.5,
      "final_weight": 0.5
    },
    "51519.203": {
      "votes": {},
      "initial_weight": 0.5,
      "final_weight": 0.4
    },
    "51519.205": {
      "votes": {},
      "initial_weight": 0.5,
      "final_weight": 0.5
    },
    "51519.113": {
      "votes": {},
      "initial_weight": 0.5,
      "final_weight": 0.43103448275862066
    },
    "51519.115": {
      "votes": {},
      "initial_weight": 0.5,
      "final_weight": 0.5
    },
    "51519.187": {
      "votes": {},
      "initial_weight": 0.5,
      "final_weight": 0.5
    },
    "51519.135": {
      "votes": {},
      "initial_weight": 0.5,
      "final_weight": 0.36764705882352944
    },
    "51519.83": {
      "votes": {},