{
  "nodes": {
    "51742.0": {
      "votes": {},
      "initial_weight": 0.5,
      "final_weight": 0.5
    },
    "51742.3": {
      "votes": {},
      "initial_weight": 0.5,
      "final_weight": 0.12895316061140188
    },
    "51742.5": {
      "votes": {
        "0": 1,
        "1": 1,
        "3": 1
      },
      "initial_weight": 0.3333333333333333,
      "final_weight": 0.1901727659248315
    },
    "51742.7": {
      "votes": {
        "4": 2,
        "1": 1,
        "2": 1,
        "3": 1
      },
      "initial_weight": 0.7,
      "final_weight": 0.9456090651558073
    },
    "51742.13": {
      "votes": {},
      "initial_weight": 0.5,
      "final_weight": 0.4
    },
    "51742.21": {
      "votes": {},
      "initial_weight": 0.5,
      "final_weight": 0.3454195965039101
    },
    "51742.29": {
      "votes": {},
      "initial_weight": 0.5,
      "final_weight": 0.504950495049505
    },
    "51742.53": {
      "votes": {},
      "initial_weight": 0.5,
      "final_weight": 0.4
    },
    "51742.55": {
      "votes": {},
      "initial_weight": 0.5,
      "final_weight": 0.5581277615595686
    },
    "51742.67": {
      "votes": {},
      "initial_weight": 0.5,
      "final_weight": 0.43103448275862066
    },
    "51742.91": {
      "votes": {
        "2": 1
      },
      "initial_weight": 0.5,
      "final_weight": 0.802054794520548
    },
    "51742.9": {
      "votes": {},
      "initial_weight": 0.5,
      "final_weight": 0.5
    },
    "51742.25": {
      "votes": {
        "1": 1,
        "4": 1
      },
      "initial_weight": 0.625,
      "final_weight": 0.13236403894316084
    },
    "51742.108": {
      "votes": {},
      "initial_weight": 0.5,
      "final_weight": 0.5
    },
    "51742.11": {
      "votes": {},
      "initial_weight": 0.5,
      "final_weight": 0.4
    },
    "51742.19": {
      "votes": {
        "3": 2
      },
      "initial_weight": 0.75,
      "final_weight": 0.375
    },
    "51742.59": {
      "votes": {},
      "initial_weight": 0.5,
      "final_weight": 0.6
    },
    "51742.61": {
      "votes": {},
      "initial_weight": 0.5,
      "final_weight": 0.5
    },
    "51742.81": {
      "votes": {
        "4": 1
      },
      "initial_weight": 1.0,
      "final_weight": 1.0
    },
    "51742.31": {
      "votes": {},
      "initial_weight": 0.5,
      "final_weight": 0.5
    },
    "51742.23": {
      "votes": {},
      "initial_weight": 0.5,
      "final_weight": 0.4
    },
    "51742.33": {
      "votes": {},
      "initial_weight": 0.5,
      "final_weight": 0.5689655172413793
    },
    "51742.35": {
      "votes": {},
      "initial_weight": 0.5,
      "final_weight": 0.5
    },
    "51742.43": {
      "votes": {},
      "initial_weight": 0.5,
      "final_weight": 0.4
    },
    "51742.47": {
      "votes": {},
      "initial_weight": 0.5,
      "final_weight": 0.5
    },
    "51742.89": {
      "votes": {},
      "initial_weight": 0.5,
      "final_weight": 0.5
    },
    "51742.97": {
      "votes": {
        "2": 1
      },
      "initial_weight": 0.5,
      "final_weight": 0.5
    },
    "51742.71": {
      "votes": {},
      "initial_weight": 0.5,
      "final_weight": 0.49504950495049505
    },
    "51742.83": {
      "votes": {},
      "initial_weight": 0.5,
      "final_weight": 0.6323529411764706
    },
    "51742.95": {
      "votes": {},
      "initial_weight": 0.5,
      "final_weight": 0.4
    },
    "51742.15": {
      "votes": {
        "4": 1
      },
      "initial_weight": 1.0,
      "final_weight": 0.7352941176470589
    },
    "51742.69": {
      "votes": {},
      "initial_weight": 0.5,
      "final_weight": 0.5
    },
    "51742.27": {
      "votes": {},
      "initial_weight": 0.5,
      "final_weight": 0.5
    },
    "51742.65": {
      "votes": {},
      "initial_weight": 0.5,
      "final_weight": 0.5
    },
    "51742.37": {
      "votes": {
        "4": 1,
        "3": 1
      },
      "initial_weight": 0.875,
      "final_weight": 0.9292035398230089
    },
    "51742.79": {
      "votes": {
        "4": 1
      },
      "initial_weight": 1.0,
      "final_weight": 1.0
    },
    "51742.99": {
      "votes": {},
      "initial_weight": 0.5,
      "final_weight": 0.5
    },
    "51742.57": {
      "votes": {
        "4": 1
      },
      "initial_weight": 1.0,
      "final_weight": 1.0
    },
    "51742.63": {
      "votes": {},
      "initial_weight": 0.5,
      "final_weight": 0.5
    },
    "51742.110": {
      "votes": {},
      "initial_weight": 0.5,
      "final_weight": 0.5
    },
    "51742.41": {
      "votes": {},
      "initial_weight": 0.5,
      "final_weight": 0.4
    },
    "51742.49": {
      "votes": {},
      "initial_weight": 0.5,
      "final_weight": 0.5
    },
    "51742.73": {
      "votes": {},
      "initial_weight": 0.5,
      "final_weight": 0.5
    },
    "51742.75": {
      "votes": {},
      "initial_weight": 0.5,
      "final_weight": 0.6
    },
    "51742.85": {
      "votes": {},
      "initial_weight": 0.5,
      "final_weight": 0.6
    },
    "51742.101": {
      "votes": {},
      "initial_weight": 0.5,
      "final_weight": 0.5
    },
    "51742.17": {
      "votes": {
        "3": 1
      },
      "initial_weight": 0.75,
      "final_weight": 0.6
    },
    "51742.39": {
      "votes": {
        "4": 1,
        "3": 1
      },
      "initial_weight": 0.875,
      "final_weight": 0.875
    },
    "51742.45": {
      "votes": {},
      "initial_weight": 0.5,
      "final_weight": 0.5
    },
    "51742.77": {
      "votes": {},
      "initial_weight": 0.5,
      "final_weight": 0.5
    },
    "51742.87": {
      "votes": {},
      "initial_weight": 0.5,
      "final_weight": 0.5
    },
    "51742.103": {
      "votes": {},
      "initial_weight": 0.5,
      "final_weight": 0.5
    },
    "51742.106": {
      "votes": {},
      "initial_weight": 0.5,
      "final_weight": 0.5
    },
    "51742.51": {
      "votes": {},
      "initial_weight": 0.5,
      "final_weight": 0.5
    }
  },
  "edges": {
    "51742.3": {
      "successor_id": "51742.0",
      "relation": 0.0
    },
    "51742.5": {
      "successor_id": "51742.3",
      "relation": 1.0
    },
    "51742.7": {
      "successor_id": "51742.3",
      "relation": -1.0
    },
    "51742.13": {
      "successor_id": "51742.3",
      "relation": 1.0
    },
    "51742.21": {
      "successor_id": "51742.3",
      "relation": 1.0
    },
    "51742.29": {
      "successor_id": "51742.3",
      "relation": 1.0
    },
    "51742.53": {
      "successor_id": "51742.3",
      "relation": -1.0
    },
    "51742.55": {
      "successor_id": "51742.3",
      "relation": -1.0
    },
    "51742.67": {
      "successor_id": "51742.3",
      "relation": -1.0
    },
    "51742.91": {
      "successor_id": "51742.3",
      "relation": -1.0
    },
    "51742.9": {
      "successor_id": "51742.5",
      "relation": -1.0
    },
    "51742.25": {
      "successor_id": "51742.5",
      "relation": 1.0
    },
    "51742.108": {
      "successor_id": "51742.5",
      "relation": -1.0
    },
    "51742.11": {
      "successor_id": "51742.7",
      "relation": 1.0
    },
    "51742.19": {
      "successor_id": "51742.7",
      "relation": -1.0
    },
    "51742.59": {
      "successor_id": "51742.7",
      "relation": 1.0
    },
    "51742.61": {
      "successor_id": "51742.7",
      "relation": 1.0
    },
    "51742.81": {
      "successor_id": "51742.7",
      "relation": 1.0
    },
    "51742.31": {
      "successor_id": "51742.13",
      "relation": -1.0
    },
    "51742.23": {
      "successor_id": "51742.21",
      "relation": 1.0
    },
    "51742.33": {
      "successor_id": "51742.21",
      "relation": -1.0
    },
    "51742.35": {
      "successor_id": "51742.21",
      "relation": -1.0
    },
    "51742.43": {
      "successor_id": "51742.29",
      "relation": -1.0
    },
    "51742.47": {
      "successor_id": "51742.55",
      "relation": 1.0
    },