{
  "nodes": {
    "53118.0": {
      "votes": {},
      "initial_weight": 0.5,
      "final_weight": 0.5
    },
    "53118.3": {
      "votes": {
        "2": 1
      },
      "initial_weight": 0.5,
      "final_weight": 0.6922592751310558
    },
    "53118.7": {
      "votes": {},
      "initial_weight": 0.5,
      "final_weight": 0.21528525296017226
    },
    "53118.45": {
      "votes": {
        "3": 1
      },
      "initial_weight": 0.75,
      "final_weight": 0.9155347522653867
    },
    "53118.13": {
      "votes": {
        "2": 2
      },
      "initial_weight": 0.5,
      "final_weight": 0.5
    },
    "53118.9": {
      "votes": {
        "1": 2
      },
      "initial_weight": 0.25,
      "final_weight": 0.2665036674816626
    },
    "53118.110": {
      "votes": {},
      "initial_weight": 0.5,
      "final_weight": 0.75
    },
    "53118.194": {
      "votes": {},
      "initial_weight": 0.5,
      "final_weight": 0.3522089516110507
    },
    "53118.198": {
      "votes": {},
      "initial_weight": 0.5,
      "final_weight": 0.4843084075939558
    },
    "53118.201": {
      "votes": {},
      "initial_weight": 0.5,
      "final_weight": 0.6392603258040754
    },
    "53118.215": {
      "votes": {},
      "initial_weight": 0.5,
      "final_weight": 0.5
    },
    "53118.226": {
      "votes": {},
      "initial_weight": 0.5,
      "final_weight": 0.5
    },
    "53118.21": {
      "votes": {
        "3": 1,
        "4": 1
      },
      "initial_weight": 0.875,
      "final_weight": 0.9
    },
    "53118.27": {
      "votes": {
        "3": 1
      },
      "initial_weight": 0.75,
      "final_weight": 0.75
    },
    "53118.59": {
      "votes": {
        "2": 1
      },
      "initial_weight": 0.5,
      "final_weight": 0.5
    },
    "53118.63": {
      "votes": {
        "0": 1
      },
      "initial_weight": 0.0,
      "final_weight": 0.0
    },
    "53118.53": {
      "votes": {
        "3": 1
      },
      "initial_weight": 0.75,
      "final_weight": 0.75
    },
    "53118.90": {
      "votes": {
        "3": 1
      },
      "initial_weight": 0.75,
      "final_weight": 0.6
    },
    "53118.112": {
      "votes": {
        "1": 1
      },
      "initial_weight": 0.25,
      "final_weight": 0.25
    },
    "53118.149": {
      "votes": {},
      "initial_weight": 0.5,
      "final_weight": 0.504950495049505
    },
    "53118.184": {
      "votes": {},
      "initial_weight": 0.5,
      "final_weight": 0.8048780487804879
    },
    "53118.17": {
      "votes": {},
      "initial_weight": 0.5,
      "final_weight": 0.5
    },
    "53118.55": {
      "votes": {
        "3": 1
      },
      "initial_weight": 0.75,
      "final_weight": 0.75
    },
    "53118.108": {
      "votes": {
        "3": 1
      },
      "initial_weight": 0.75,
      "final_weight": 0.75
    },
    "53118.157": {
      "votes": {},
      "initial_weight": 0.5,
      "final_weight": 0.5
    },
    "53118.33": {
      "votes": {
        "2": 1
      },
      "initial_weight": 0.5,
      "final_weight": 0.4
    },
    "53118.47": {
      "votes": {
        "3": 1
      },
      "initial_weight": 0.75,
      "final_weight": 0.75
    },
    "53118.61": {
      "votes": {
        "3": 1
      },
      "initial_weight": 0.75,
      "final_weight": 0.75
    },
    "53118.65": {
      "votes": {
        "3": 1
      },
      "initial_weight": 0.75,
      "final_weight": 0.75
    },
    "53118.69": {
      "votes": {},
      "initial_weight": 0.5,
      "final_weight": 0.5
    },
    "53118.116": {
      "votes": {},
      "initial_weight": 0.5,
      "final_weight": 0.5
    },
    "53118.118": {
      "votes": {},
      "initial_weight": 0.5,
      "final_weight": 0.5
    },
    "53118.127": {
      "votes": {},
      "initial_weight": 0.5,
      "final_weight": 0.5
    },
    "53118.155": {
      "votes": {},
      "initial_weight": 0.5,
      "final_weight": 0.5
    },
    "53118.43": {
      "votes": {},
      "initial_weight": 0.5,
      "final_weight": 0.5
    },
    "53118.173": {
      "votes": {},
      "initial_weight": 0.5,
      "final_weight": 0.5
    },
    "53118.167": {
      "votes": {},
      "initial_weight": 0.5,
      "final_weight": 0.49504950495049505
    },
    "53118.217": {
      "votes": {},
      "initial_weight": 0.5,
      "final_weight": 0.6428240383129924
    },
    "53118.229": {
      "votes": {},
      "initial_weight": 0.5,
      "final_weight": 0.5
    },
    "53118.5": {
      "votes": {},
      "initial_weight": 0.5,
      "final_weight": 0.32
    },
    "53118.224": {
      "votes": {},
      "initial_weight": 0.5,
      "final_weight": 0.5
    },
    "53118.67": {
      "votes": {},
      "initial_weight": 0.5,
      "final_weight": 0.7317317688994505
    },
    "53118.11": {
      "votes": {},
      "initial_weight": 0.5,
      "final_weight": 0.38959025619940557
    },
    "53118.205": {
      "votes": {},
      "initial_weight": 0.5,
      "final_weight": 0.5
    },
    "53118.94": {
      "votes": {},
      "initial_weight": 0.5,
      "final_weight": 0.5
    },
    "53118.96": {
      "votes": {},
      "initial_weight": 0.5,
      "final_weight": 0.5
    },
    "53118.98": {
      "votes": {},
      "initial_weight": 0.5,
      "final_weight": 0.5
    },
    "53118.100": {
      "votes": {},
      "initial_weight": 0.5,
      "final_weight": 0.5
    },
    "53118.102": {
      "votes": {},
      "initial_weight": 0.5,
      "final_weight": 0.5
    },
    "53118.104": {
      "votes": {},
      "initial_weight": 0.5,
      "final_weight": 0.5
    },
    "53118.151": {
      "votes": {},
      "initial_weight": 0.5,
      "final_weight": 0.5
    },
    "53118.178": {
      "votes": {},
      "initial_weight": 0.5,
      "final_weight": 0.5
    },
    "53118.180": {
      "votes": {},
      "initial_weight": 0.5,
      "final_weight": 0.4
    },
    "53118.186": {
      "votes": {},
      "initial_weight": 0.5,
      "final_weight": 0.25
    },
    "53118.188": {
      "votes": {},
      "initial_weight": 0.5,
      "final_weight": 0.5
    },
    "53118.190": {
      "votes": {},
      "initial_weight": 0.5,
      "final_weight": 0.5
    },
    "53118.57": {
      "votes": {},
      "initial_weight": 0.5,
      "final_weight": 0.5
    },
    "53118.135": {
      "votes": {},
      "initial_weight": 0.5,
      "final_weight": 0.5
    },
    "53118.35": {
      "votes": {},
      "initial_weight": 0.5,
      "final_weight": 0.5
    },
    "53118.49": {
      "votes": {},
      "initial_weight": 0.5,
      "final_weight": 0.5
    },
    "53118.133": {
      "votes": {},
      "initial_weight": 0.5,
      "final_weight": 0.5
    },
    "53118.71": {
      "votes": {},
      "initial_weight": 0.5,
      "final_weight": 0.5
    },
    "53118.73": {
      "votes": {},
      "initial_weight": 0.5,
      "final_weight": 0.5
    },
    "53118.169": {
      "votes": {},
      "initial_weight": 0.5,
      "final_weight": 0.6
    },
    "53118.176": {
      "votes": {},
      "initial_weight": 0.5,
      "final_weight": 0.5
    },
    "53118.207": {
      "votes": {},
      "initial_weight": 0.5,
      "final_weight": 0.6323529411764706
    },
    "53118.51": {
      "votes": {
        "2": 1
      },
      "initial_weight": 0.5,
      "final_weight": 0.5
    },
    "53118.121": {
      "votes": {
        "4": 1
      },
      "initial_weight": 1.0,
      "final_weight": 1.0
    },
    "53118.139": {
      "votes": {
        "1": 1
      },
      "initial_weight": 0.25,
      "final_weight": 0.25
    },
    "53118.141": {
      "votes": {},
      "initial_weight": 0.5,
      "final_weight": 0.5
    },
    "53118.77": {
      "votes": {
        "2": 1
      },
      "initial_weight": 0.5,
      "final_weight": 0.4
    },
    "53118.125": {
      "votes": {
        "2": 1
      },
      "initial_weight": 0.5,
      "final_weight": 0.5
    },
    "53118.165": {
      "votes": {},
      "initial_weight": 0.5,