{
  "nodes": {
    "53564.0": {
      "votes": {},
      "initial_weight": 0.5,
      "final_weight": 0.5
    },
    "53564.3": {
      "votes": {
        "0": 2,
        "4": 1
      },
      "initial_weight": 0.3333333333333333,
      "final_weight": 0.4429906984078318
    },
    "53564.5": {
      "votes": {
        "3": 1,
        "0": 2
      },
      "initial_weight": 0.25,
      "final_weight": 0.7224871047156619
    },
    "53564.7": {
      "votes": {
        "4": 1,
        "2": 1,
        "0": 1
      },
      "initial_weight": 0.5,
      "final_weight": 0.36764705882352944
    },
    "53564.11": {
      "votes": {
        "0": 2,
        "3": 1
      },
      "initial_weight": 0.25,
      "final_weight": 0.29411764705882354
    },
    "53564.21": {
      "votes": {
        "0": 1,
        "1": 1
      },
      "initial_weight": 0.125,
      "final_weight": 0.125
    },
    "53564.81": {
      "votes": {
        "0": 1
      },
      "initial_weight": 0.0,
      "final_weight": 0.0
    },
    "53564.87": {
      "votes": {
        "0": 1
      },
      "initial_weight": 0.0,
      "final_weight": 0.0
    },
    "53564.177": {
      "votes": {},
      "initial_weight": 0.5,
      "final_weight": 0.5079758138378949
    },
    "53564.9": {
      "votes": {
        "2": 1,
        "0": 1
      },
      "initial_weight": 0.25,
      "final_weight": 0.15243902439024387
    },
    "53564.131": {
      "votes": {
        "0": 1
      },
      "initial_weight": 0.0,
      "final_weight": 0.5475113122171946
    },
    "53564.146": {
      "votes": {},
      "initial_weight": 0.5,
      "final_weight": 0.5
    },
    "53564.13": {
      "votes": {
        "0": 1
      },
      "initial_weight": 0.0,
      "final_weight": 0.2
    },
    "53564.99": {
      "votes": {},
      "initial_weight": 0.5,
      "final_weight": 0.6
    },
    "53564.17": {
      "votes": {},
      "initial_weight": 0.5,
      "final_weight": 0.1951219512195122
    },
    "53564.53": {
      "votes": {
        "1": 1,
        "0": 1
      },
      "initial_weight": 0.125,
      "final_weight": 0.1
    },
    "53564.101": {
      "votes": {
        "4": 1,
        "0": 1
      },
      "initial_weight": 0.5,
      "final_weight": 0.5
    },
    "53564.103": {
      "votes": {
        "0": 1
      },
      "initial_weight": 0.0,
      "final_weight": 0.0
    },
    "53564.123": {
      "votes": {
        "0": 1
      },
      "initial_weight": 0.0,
      "final_weight": 0.0
    },
    "53564.125": {
      "votes": {
        "0": 1
      },
      "initial_weight": 0.0,
      "final_weight": 0.0
    },
    "53564.15": {
      "votes": {
        "0": 1,
        "2": 1
      },
      "initial_weight": 0.25,
      "final_weight": 0.25
    },
    "53564.89": {
      "votes": {
        "0": 1
      },
      "initial_weight": 0.0,
      "final_weight": 0.0
    },
    "53564.127": {
      "votes": {
        "0": 1
      },
      "initial_weight": 0.0,
      "final_weight": 0.0
    },
    "53564.129": {
      "votes": {},
      "initial_weight": 0.5,
      "final_weight": 0.5
    },
    "53564.91": {
      "votes": {
        "0": 1
      },
      "initial_weight": 0.0,
      "final_weight": 0.0
    },
    "53564.121": {
      "votes": {
        "0": 1
      },
      "initial_weight": 0.0,
      "final_weight": 0.0
    },
    "53564.83": {
      "votes": {
        "0": 1
      },
      "initial_weight": 0.0,
      "final_weight": 0.0
    },
    "53564.85": {
      "votes": {
        "0": 1
      },
      "initial_weight": 0.0,
      "final_weight": 0.0
    },
    "53564.97": {
      "votes": {
        "0": 1
      },
      "initial_weight": 0.0,
      "final_weight": 0.0
    },
    "53564.136": {
      "votes": {},
      "initial_weight": 0.5,
      "final_weight": 0.5
    },
    "53564.23": {
      "votes": {},
      "initial_weight": 0.5,
      "final_weight": 0.17420112686965578
    },
    "53564.27": {
      "votes": {},
      "initial_weight": 0.5,
      "final_weight": 0.54688181623623
    },
    "53564.155": {
      "votes": {},
      "initial_weight": 0.5,
      "final_weight": 0.5
    },
    "53564.148": {
      "votes": {},
      "initial_weight": 0.5,
      "final_weight": 0.5
    },
    "53564.57": {
      "votes": {},
      "initial_weight": 0.5,
      "final_weight": 0.4
    },
    "53564.59": {
      "votes": {},
      "initial_weight": 0.5,
      "final_weight": 0.4
    },
    "53564.169": {
      "votes": {},
      "initial_weight": 0.5,
      "final_weight": 0.5
    },
    "53564.171": {
      "votes": {},
      "initial_weight": 0.5,
      "final_weight": 0.6
    },
    "53564.151": {
      "votes": {},
      "initial_weight": 0.5,
      "final_weight": 0.5
    },
    "53564.19": {
      "votes": {
        "3": 1
      },
      "initial_weight": 0.75,
      "final_weight": 0.75
    },
    "53564.173": {
      "votes": {},
      "initial_weight": 0.5,
      "final_weight": 0.5
    },
    "53564.77": {
      "votes": {},
      "initial_weight": 0.5,
      "final_weight": 0.5
    },
    "53564.138": {
      "votes": {},
      "initial_weight": 0.5,
      "final_weight": 0.5
    },
    "53564.140": {
      "votes": {},
      "initial_weight": 0.5,
      "final_weight": 0.5
    },
    "53564.105": {
      "votes": {},
      "initial_weight": 0.5,
      "final_weight": 0.44046485044770434
    },
    "53564.25": {
      "votes": {},
      "initial_weight": 0.5,
      "final_weight": 0.44590962902763825
    },
    "53564.29": {
      "votes": {},
      "initial_weight": 0.5,
      "final_weight": 0.4216595638004513
    },
    "53564.33": {
      "votes": {},
      "initial_weight": 0.5,
      "final_weight": 0.5
    },
    "53564.45": {
      "votes": {},
      "initial_weight": 0.5,
      "final_weight": 0.4
    },
    "53564.47": {
      "votes": {},
      "initial_weight": 0.5,
      "final_weight": 0.4216595638004513
    },
    "53564.95": {
      "votes": {},
      "initial_weight": 0.5,
      "final_weight": 0.5
    },
    "53564.79": {
      "votes": {},
      "initial_weight": 0.5,
      "final_weight": 0.5
    },
    "53564.65": {
      "votes": {},
      "initial_weight": 0.5,
      "final_weight": 0.5
    },
    "53564.175": {
      "votes": {},
      "initial_weight": 0.5,
      "final_weight": 0.5
    },
    "53564.107": {
      "votes": {},
      "initial_weight": 0.5,
      "final_weight": 0.36764705882352944
    },
    "53564.35": {
      "votes": {
        "4": 1,
        "0": 1
      },
      "initial_weight": 0.5,
      "final_weight": 0.3482864307606576
    },
    "53564.37": {
      "votes": {},
      "initial_weight": 0.5,
      "final_weight": 0.43103448275862066
    },
    "53564.119": {
      "votes": {},
      "initial_weight": 0.5,
      "final_weight": 0.5
    },
    "53564.61": {
      "votes": {},
      "initial_weight": 0.5,
      "final_weight": 0.43103448275862066
    },
    "53564.109": {
      "votes": {},
      "initial_weight": 0.5,
      "final_weight": 0.6
    },
    "53564.39": {
      "votes": {},
      "initial_weight": 0.5,
      "final_weight": 0.5
    },
    "53564.69": {
      "votes": {
        "1": 1
      },
      "initial_weight": 0.25,
      "final_weight": 0.16
    },
    "53564.51": {
      "votes": {},
      "initial_weight": 0.5,
      "final_weight": 0.4
    },
    "53564.75": {
      "votes": {},
      "initial_weight": 0.5,
      "final_weight": 0.4
    },
    "53564.111": {
      "votes": {},
      "initial_weight": 0.5,
      "final_weight": 0.5
    },
    "53564.71": {
      "votes": {},
      "initial_weight": 0.5,
      "final_weight": 0.5
    },
    "53564.115": {
      "votes": {},
      "initial_weight": 0.5,
      "final_weight": 0.5
    },
    "53564.113": {
      "votes": {
        "3": 1
      },
      "initial_weight": 0.75,
      "final_weight": 0.75
    },
    "53564.63": {
      "votes": {},
      "initial_weight": 0.5,
      "final_weight": 0.5
    },
    "53564.117": {
      "votes": {},