{
  "nodes": {
    "5545.0": {
      "votes": {},
      "initial_weight": 0.5,
      "final_weight": 0.5
    },
    "5545.1": {
      "votes": {
        "1": 1,
        "0": 2,
        "4": 3
      },
      "initial_weight": 0.5416666666666666,
      "final_weight": 0.9336225535655656
    },
    "5545.2": {
      "votes": {
        "4": 2,
        "3": 1
      },
      "initial_weight": 0.9166666666666666,
      "final_weight": 0.4583333333333333
    },
    "5545.4": {
      "votes": {
        "4": 2,
        "1": 1,
        "3": 2
      },
      "initial_weight": 0.75,
      "final_weight": 0.08560960436806053
    },
    "5545.5": {
      "votes": {
        "1": 1,
        "4": 3
      },
      "initial_weight": 0.8125,
      "final_weight": 0.8130332182207916
    },
    "5545.10": {
      "votes": {},
      "initial_weight": 0.5,
      "final_weight": 0.49504950495049505
    },
    "5545.14": {
      "votes": {
        "2": 1,
        "1": 1,
        "0": 1,
        "4": 1,
        "3": 2
      },
      "initial_weight": 0.5416666666666666,
      "final_weight": 0.6794216061141543
    },
    "5545.17": {
      "votes": {
        "4": 1,
        "1": 1,
        "2": 4
      },
      "initial_weight": 0.5416666666666666,
      "final_weight": 0.1272239299520283
    },
    "5545.16": {
      "votes": {
        "1": 1,
        "4": 4,
        "0": 1,
        "2": 1
      },
      "initial_weight": 0.6785714285714286,
      "final_weight": 0.07264902552795571
    },
    "5545.42": {
      "votes": {
        "3": 1
      },
      "initial_weight": 0.75,
      "final_weight": 0.7647058823529411
    },
    "5545.7": {
      "votes": {
        "4": 1
      },
      "initial_weight": 1.0,
      "final_weight": 1.0
    },
    "5545.90": {
      "votes": {},
      "initial_weight": 0.5,
      "final_weight": 0.5
    },
    "5545.73": {
      "votes": {},
      "initial_weight": 0.5,
      "final_weight": 0.5
    },
    "5545.9": {
      "votes": {
        "4": 1,
        "1": 1
      },
      "initial_weight": 0.625,
      "final_weight": 0.7242647058823529
    },
    "5545.6": {
      "votes": {
        "2": 1,
        "4": 1
      },
      "initial_weight": 0.75,
      "final_weight": 0.7384615384615385
    },
    "5545.77": {
      "votes": {},
      "initial_weight": 0.5,
      "final_weight": 0.5
    },
    "5545.92": {
      "votes": {
        "4": 1
      },
      "initial_weight": 1.0,
      "final_weight": 1.0
    },
    "5545.93": {
      "votes": {},
      "initial_weight": 0.5,
      "final_weight": 0.5
    },
    "5545.96": {
      "votes": {
        "3": 1
      },
      "initial_weight": 0.75,
      "final_weight": 0.8
    },
    "5545.19": {
      "votes": {
        "4": 1,
        "3": 1
      },
      "initial_weight": 0.875,
      "final_weight": 0.8215964331943046
    },
    "5545.20": {
      "votes": {
        "3": 1,
        "4": 1
      },
      "initial_weight": 0.875,
      "final_weight": 0.875
    },
    "5545.51": {
      "votes": {
        "2": 1
      },
      "initial_weight": 0.5,
      "final_weight": 0.5
    },
    "5545.91": {
      "votes": {},
      "initial_weight": 0.5,
      "final_weight": 0.5
    },
    "5545.11": {
      "votes": {},
      "initial_weight": 0.5,
      "final_weight": 0.6
    },
    "5545.52": {
      "votes": {},
      "initial_weight": 0.5,
      "final_weight": 0.5
    },
    "5545.18": {
      "votes": {
        "4": 1,
        "0": 2,
        "2": 1
      },
      "initial_weight": 0.375,
      "final_weight": 0.04447921643807118
    },
    "5545.67": {
      "votes": {
        "4": 1,
        "3": 1
      },
      "initial_weight": 0.875,
      "final_weight": 0.7
    },
    "5545.28": {
      "votes": {},
      "initial_weight": 0.5,
      "final_weight": 0.5
    },
    "5545.30": {
      "votes": {
        "1": 1,
        "3": 1
      },
      "initial_weight": 0.5,
      "final_weight": 0.1951219512195122
    },
    "5545.54": {
      "votes": {
        "4": 1
      },
      "initial_weight": 1.0,
      "final_weight": 1.0
    },
    "5545.97": {
      "votes": {},
      "initial_weight": 0.5,
      "final_weight": 0.5
    },
    "5545.21": {
      "votes": {
        "4": 6,
        "3": 1
      },
      "initial_weight": 0.9642857142857143,
      "final_weight": 0.9771428571428572
    },
    "5545.49": {
      "votes": {
        "2": 1,
        "0": 1,
        "4": 1
      },
      "initial_weight": 0.5,
      "final_weight": 0.25
    },
    "5545.50": {
      "votes": {
        "1": 1,
        "4": 1,
        "0": 3
      },
      "initial_weight": 0.25,
      "final_weight": 0.16
    },
    "5545.56": {
      "votes": {
        "4": 1,
        "0": 1,
        "1": 1
      },
      "initial_weight": 0.4166666666666667,
      "final_weight": 0.4166666666666667
    },
    "5545.68": {
      "votes": {
        "4": 2,
        "2": 1,
        "3": 2
      },
      "initial_weight": 0.8,
      "final_weight": 0.8
    },
    "5545.69": {
      "votes": {
        "4": 3,
        "3": 1
      },
      "initial_weight": 0.9375,
      "final_weight": 0.9375
    },
    "5545.79": {
      "votes": {
        "4": 1
      },
      "initial_weight": 1.0,
      "final_weight": 1.0
    },
    "5545.101": {
      "votes": {
        "0": 1
      },
      "initial_weight": 0.0,
      "final_weight": 0.0
    },
    "5545.87": {
      "votes": {
        "1": 1
      },
      "initial_weight": 0.25,
      "final_weight": 0.25
    },
    "5545.102": {
      "votes": {},
      "initial_weight": 0.5,
      "final_weight": 0.5
    },
    "5545.15": {
      "votes": {},
      "initial_weight": 0.5,
      "final_weight": 0.4
    },
    "5545.24": {
      "votes": {
        "4": 2
      },
      "initial_weight": 1.0,
      "final_weight": 1.0
    },
    "5545.38": {
      "votes": {
        "2": 1,
        "4": 1
      },
      "initial_weight": 0.75,
      "final_weight": 0.375
    },
    "5545.74": {
      "votes": {
        "4": 1
      },
      "initial_weight": 1.0,
      "final_weight": 1.0
    },
    "5545.75": {
      "votes": {
        "3": 1
      },
      "initial_weight": 0.75,
      "final_weight": 0.75
    },
    "5545.76": {
      "votes": {
        "2": 1
      },
      "initial_weight": 0.5,
      "final_weight": 0.5
    },
    "5545.85": {
      "votes": {
        "4": 1
      },
      "initial_weight": 1.0,
      "final_weight": 1.0
    },
    "5545.98": {
      "votes": {},
      "initial_weight": 0.5,
      "final_weight": 0.5
    },
    "5545.78": {
      "votes": {
        "3": 1
      },
      "initial_weight": 0.75,
      "final_weight": 0.75
    },
    "5545.55": {
      "votes": {},
      "initial_weight": 0.5,
      "final_weight": 0.5
    },
    "5545.29": {
      "votes": {
        "3": 1,
        "4": 1
      },
      "initial_weight": 0.875,
      "final_weight": 0.8235294117647058
    },
    "5545.40": {
      "votes": {
        "3": 1
      },
      "initial_weight": 0.75,
      "final_weight": 0.9024390243902439
    },
    "5545.57": {
      "votes": {
        "4": 1
      },
      "initial_weight": 1.0,
      "final_weight": 1.0
    },
    "5545.88": {
      "votes": {},
      "initial_weight": 0.5,
      "final_weight": 0.5
    },
    "5545.37": {
      "votes": {},
      "initial_weight": 0.5,
      "final_weight": 0.5
    },
    "5545.80": {
      "votes": {
        "3": 1
      },
      "initial_weight": 0.75,
      "final_weight": 0.75
    },
    "5545.94": {
      "votes": {
        "3": 1
      },
      "initial_weight": 0.75,
      "final_weight": 0.75
    },
    "5545.99": {
      "votes": {
        "4": 1
      },
      "initial_weight": 1.0,
      "final_weight": 1.0
    },
    "5545.83": {
      "votes": {
        "3": 2
      },
      "initial_weight": 0.75,
      "final_weight": 0.75
    },
    "5545.27": {
      "votes": {},
      "initial_weight": 0.5,
      "final_weight": 0.5
    },
    "5545.41": {
      "votes": {
        "4": 1
      },