{
  "nodes": {
    "56546.0": {
      "votes": {},
      "initial_weight": 0.5,
      "final_weight": 0.5
    },
    "56546.3": {
      "votes": {
        "2": 1
      },
      "initial_weight": 0.5,
      "final_weight": 0.9200417834970691
    },
    "56546.5": {
      "votes": {
        "3": 1
      },
      "initial_weight": 0.75,
      "final_weight": 0.75
    },
    "56546.11": {
      "votes": {
        "4": 1
      },
      "initial_weight": 1.0,
      "final_weight": 1.0
    },
    "56546.13": {
      "votes": {
        "3": 1
      },
      "initial_weight": 0.75,
      "final_weight": 0.6
    },
    "56546.15": {
      "votes": {
        "1": 1
      },
      "initial_weight": 0.25,
      "final_weight": 0.04113357120427061
    },
    "56546.35": {
      "votes": {
        "3": 1
      },
      "initial_weight": 0.75,
      "final_weight": 0.35955123866105054
    },
    "56546.42": {
      "votes": {
        "3": 1
      },
      "initial_weight": 0.75,
      "final_weight": 0.7211538461538461
    },
    "56546.56": {
      "votes": {
        "3": 1
      },
      "initial_weight": 0.75,
      "final_weight": 0.7508495725588064
    },
    "56546.64": {
      "votes": {
        "2": 1
      },
      "initial_weight": 0.5,
      "final_weight": 0.6
    },
    "56546.121": {
      "votes": {
        "2": 1
      },
      "initial_weight": 0.5,
      "final_weight": 0.5294117647058824
    },
    "56546.123": {
      "votes": {
        "1": 1
      },
      "initial_weight": 0.25,
      "final_weight": 0.24905682622023106
    },
    "56546.133": {
      "votes": {},
      "initial_weight": 0.5,
      "final_weight": 0.5
    },
    "56546.135": {
      "votes": {
        "1": 1
      },
      "initial_weight": 0.25,
      "final_weight": 0.2
    },
    "56546.163": {
      "votes": {},
      "initial_weight": 0.5,
      "final_weight": 0.5
    },
    "56546.17": {
      "votes": {
        "1": 1
      },
      "initial_weight": 0.25,
      "final_weight": 0.2
    },
    "56546.58": {
      "votes": {
        "4": 1
      },
      "initial_weight": 1.0,
      "final_weight": 1.0
    },
    "56546.46": {
      "votes": {},
      "initial_weight": 0.5,
      "final_weight": 0.5
    },
    "56546.155": {
      "votes": {},
      "initial_weight": 0.5,
      "final_weight": 0.5
    },
    "56546.27": {
      "votes": {
        "2": 1
      },
      "initial_weight": 0.5,
      "final_weight": 0.25
    },
    "56546.9": {
      "votes": {
        "1": 1
      },
      "initial_weight": 0.25,
      "final_weight": 0.25
    },
    "56546.19": {
      "votes": {},
      "initial_weight": 0.5,
      "final_weight": 0.4
    },
    "56546.7": {
      "votes": {
        "1": 1
      },
      "initial_weight": 0.25,
      "final_weight": 0.125
    },
    "56546.125": {
      "votes": {
        "3": 1
      },
      "initial_weight": 0.75,
      "final_weight": 0.9783887012307051
    },
    "56546.131": {
      "votes": {
        "4": 1
      },
      "initial_weight": 1.0,
      "final_weight": 1.0
    },
    "56546.21": {
      "votes": {
        "2": 1
      },
      "initial_weight": 0.5,
      "final_weight": 0.5
    },
    "56546.38": {
      "votes": {
        "2": 1
      },
      "initial_weight": 0.5,
      "final_weight": 0.75
    },
    "56546.90": {
      "votes": {
        "4": 1
      },
      "initial_weight": 1.0,
      "final_weight": 1.0
    },
    "56546.100": {
      "votes": {},
      "initial_weight": 0.5,
      "final_weight": 0.1951219512195122
    },
    "56546.106": {
      "votes": {},
      "initial_weight": 0.5,
      "final_weight": 0.8141263940520447
    },
    "56546.113": {
      "votes": {
        "4": 1
      },
      "initial_weight": 1.0,
      "final_weight": 1.0
    },
    "56546.115": {
      "votes": {
        "1": 1
      },
      "initial_weight": 0.25,
      "final_weight": 0.07692307692307693
    },
    "56546.145": {
      "votes": {
        "3": 1
      },
      "initial_weight": 0.75,
      "final_weight": 0.75
    },
    "56546.50": {
      "votes": {},
      "initial_weight": 0.5,
      "final_weight": 0.5
    },
    "56546.52": {
      "votes": {
        "4": 1
      },
      "initial_weight": 1.0,
      "final_weight": 0.8
    },
    "56546.54": {
      "votes": {
        "2": 1
      },
      "initial_weight": 0.5,
      "final_weight": 0.5
    },
    "56546.60": {
      "votes": {
        "3": 1
      },
      "initial_weight": 0.75,
      "final_weight": 0.75
    },
    "56546.62": {
      "votes": {
        "3": 1
      },
      "initial_weight": 0.75,
      "final_weight": 0.75
    },
    "56546.66": {
      "votes": {
        "2": 1
      },
      "initial_weight": 0.5,
      "final_weight": 0.25
    },
    "56546.68": {
      "votes": {
        "3": 1
      },
      "initial_weight": 0.75,
      "final_weight": 0.75
    },
    "56546.76": {
      "votes": {},
      "initial_weight": 0.5,
      "final_weight": 0.05839416058394159
    },
    "56546.151": {
      "votes": {},
      "initial_weight": 0.5,
      "final_weight": 0.5
    },
    "56546.153": {
      "votes": {},
      "initial_weight": 0.5,
      "final_weight": 0.5
    },
    "56546.44": {
      "votes": {},
      "initial_weight": 0.5,
      "final_weight": 0.25
    },
    "56546.165": {
      "votes": {
        "1": 1
      },
      "initial_weight": 0.25,
      "final_weight": 0.06153846153846154
    },
    "56546.137": {
      "votes": {
        "1": 1
      },
      "initial_weight": 0.25,
      "final_weight": 0.25
    },
    "56546.139": {
      "votes": {
        "1": 1
      },
      "initial_weight": 0.25,
      "final_weight": 0.25
    },
    "56546.157": {
      "votes": {
        "4": 1
      },
      "initial_weight": 1.0,
      "final_weight": 1.0
    },
    "56546.29": {
      "votes": {
        "4": 1
      },
      "initial_weight": 1.0,
      "final_weight": 1.0
    },
    "56546.25": {
      "votes": {},
      "initial_weight": 0.5,
      "final_weight": 0.5
    },
    "56546.127": {
      "votes": {},
      "initial_weight": 0.5,
      "final_weight": 0.5
    },
    "56546.23": {
      "votes": {
        "3": 1
      },
      "initial_weight": 0.75,
      "final_weight": 0.75
    },
    "56546.33": {
      "votes": {},
      "initial_weight": 0.5,
      "final_weight": 0.5
    },
    "56546.72": {
      "votes": {
        "4": 1
      },
      "initial_weight": 1.0,
      "final_weight": 1.0
    },
    "56546.78": {
      "votes": {
        "3": 1
      },
      "initial_weight": 0.75,
      "final_weight": 0.75
    },
    "56546.80": {
      "votes": {},
      "initial_weight": 0.5,
      "final_weight": 0.5
    },
    "56546.147": {
      "votes": {},
      "initial_weight": 0.5,
      "final_weight": 0.5
    },
    "56546.141": {
      "votes": {},
      "initial_weight": 0.5,
      "final_weight": 0.5
    },
    "56546.143": {
      "votes": {},
      "initial_weight": 0.5,
      "final_weight": 0.5
    },
    "56546.102": {
      "votes": {
        "3": 1
      },
      "initial_weight": 0.75,
      "final_weight": 0.75
    },
    "56546.104": {
      "votes": {},
      "initial_weight": 0.5,
      "final_weight": 0.5
    },
    "56546.96": {
      "votes": {},
      "initial_weight": 0.5,
      "final_weight": 0.4
    },
    "56546.92": {
      "votes": {},
      "initial_weight": 0.5,
      "final_weight": 0.4
    },
    "56546.88": {
      "votes": {},
      "initial_weight": 0.5,
      "final_weight": 0.5
    },
    "56546.117": {
      "votes": {
        "4": 1
      },
      "initial_weight": 1.0,
      "final_weight": 1.0
    },
    "56546.119": {
      "votes": {},
      "initial_weight": 0.5,
      "final_weight": 0.5
    },
    "56546.48": {
      "votes": {},
      "initial_weight": 0.5,
      "final_weight": 0.5
    },
    "56546.74": {
      "votes": {
        "4": 1
      },
      "initial_weight": 1.0,
      "final_weight": 1.0
    },
    "56546.82": {
      "votes": {
        "4": 1
      },