{
  "nodes": {
    "56588.0": {
      "votes": {},
      "initial_weight": 0.5,
      "final_weight": 0.5
    },
    "56588.3": {
      "votes": {
        "3": 2
      },
      "initial_weight": 0.75,
      "final_weight": 0.5552376933700708
    },
    "56588.5": {
      "votes": {
        "4": 1,
        "0": 1
      },
      "initial_weight": 0.5,
      "final_weight": 0.3585232554237546
    },
    "56588.14": {
      "votes": {
        "1": 1,
        "4": 1,
        "3": 1
      },
      "initial_weight": 0.6666666666666666,
      "final_weight": 0.2956820685525715
    },
    "56588.167": {
      "votes": {
        "3": 1
      },
      "initial_weight": 0.75,
      "final_weight": 0.7464661172902204
    },
    "56588.100": {
      "votes": {
        "0": 1
      },
      "initial_weight": 0.0,
      "final_weight": 0.5
    },
    "56588.54": {
      "votes": {
        "4": 1,
        "2": 1
      },
      "initial_weight": 0.75,
      "final_weight": 0.75
    },
    "56588.96": {
      "votes": {
        "4": 1,
        "3": 1
      },
      "initial_weight": 0.875,
      "final_weight": 0.875
    },
    "56588.161": {
      "votes": {
        "4": 1
      },
      "initial_weight": 1.0,
      "final_weight": 1.0
    },
    "56588.34": {
      "votes": {},
      "initial_weight": 0.5,
      "final_weight": 0.4968203497615262
    },
    "56588.10": {
      "votes": {
        "0": 1
      },
      "initial_weight": 0.0,
      "final_weight": 0.0
    },
    "56588.30": {
      "votes": {},
      "initial_weight": 0.5,
      "final_weight": 0.5
    },
    "56588.32": {
      "votes": {
        "3": 1
      },
      "initial_weight": 0.75,
      "final_weight": 0.7524752475247525
    },
    "56588.60": {
      "votes": {},
      "initial_weight": 0.5,
      "final_weight": 0.5
    },
    "56588.62": {
      "votes": {
        "4": 1
      },
      "initial_weight": 1.0,
      "final_weight": 1.0
    },
    "56588.72": {
      "votes": {},
      "initial_weight": 0.5,
      "final_weight": 0.5
    },
    "56588.87": {
      "votes": {},
      "initial_weight": 0.5,
      "final_weight": 0.5
    },
    "56588.106": {
      "votes": {},
      "initial_weight": 0.5,
      "final_weight": 0.6323529411764706
    },
    "56588.173": {
      "votes": {},
      "initial_weight": 0.5,
      "final_weight": 0.2262443438914027
    },
    "56588.94": {
      "votes": {},
      "initial_weight": 0.5,
      "final_weight": 0.49504950495049505
    },
    "56588.182": {
      "votes": {},
      "initial_weight": 0.5,
      "final_weight": 0.4
    },
    "56588.197": {
      "votes": {},
      "initial_weight": 0.5,
      "final_weight": 0.6
    },
    "56588.211": {
      "votes": {},
      "initial_weight": 0.5,
      "final_weight": 0.4
    },
    "56588.102": {
      "votes": {},
      "initial_weight": 0.5,
      "final_weight": 0.5
    },
    "56588.104": {
      "votes": {},
      "initial_weight": 0.5,
      "final_weight": 0.5
    },
    "56588.36": {
      "votes": {},
      "initial_weight": 0.5,
      "final_weight": 0.6
    },
    "56588.142": {
      "votes": {
        "2": 1
      },
      "initial_weight": 0.5,
      "final_weight": 0.6799999999999999
    },
    "56588.150": {
      "votes": {},
      "initial_weight": 0.5,
      "final_weight": 0.5
    },
    "56588.140": {
      "votes": {},
      "initial_weight": 0.5,
      "final_weight": 0.5
    },
    "56588.78": {
      "votes": {},
      "initial_weight": 0.5,
      "final_weight": 0.5
    },
    "56588.81": {
      "votes": {
        "3": 1
      },
      "initial_weight": 0.75,
      "final_weight": 0.75
    },
    "56588.38": {
      "votes": {},
      "initial_weight": 0.5,
      "final_weight": 0.5
    },
    "56588.76": {
      "votes": {},
      "initial_weight": 0.5,
      "final_weight": 0.6
    },
    "56588.90": {
      "votes": {},
      "initial_weight": 0.5,
      "final_weight": 0.6
    },
    "56588.175": {
      "votes": {},
      "initial_weight": 0.5,
      "final_weight": 0.5
    },
    "56588.177": {
      "votes": {},
      "initial_weight": 0.5,
      "final_weight": 0.5
    },
    "56588.171": {
      "votes": {},
      "initial_weight": 0.5,
      "final_weight": 0.5
    },
    "56588.189": {
      "votes": {},
      "initial_weight": 0.5,
      "final_weight": 0.6
    },
    "56588.152": {
      "votes": {},
      "initial_weight": 0.5,
      "final_weight": 0.4
    },
    "56588.92": {
      "votes": {},
      "initial_weight": 0.5,
      "final_weight": 0.5
    },
    "56588.98": {
      "votes": {},
      "initial_weight": 0.5,
      "final_weight": 0.5
    },
    "56588.205": {
      "votes": {},
      "initial_weight": 0.5,
      "final_weight": 0.5
    },
    "56588.120": {
      "votes": {},
      "initial_weight": 0.5,
      "final_weight": 0.5
    },
    "56588.207": {
      "votes": {},
      "initial_weight": 0.5,
      "final_weight": 0.5
    },
    "56588.209": {
      "votes": {},
      "initial_weight": 0.5,
      "final_weight": 0.5
    },
    "56588.199": {
      "votes": {},
      "initial_weight": 0.5,
      "final_weight": 0.5
    },
    "56588.201": {
      "votes": {},
      "initial_weight": 0.5,
      "final_weight": 0.5
    },
    "56588.203": {
      "votes": {},
      "initial_weight": 0.5,
      "final_weight": 0.5
    },
    "56588.214": {
      "votes": {},
      "initial_weight": 0.5,
      "final_weight": 0.5
    },
    "56588.216": {
      "votes": {},
      "initial_weight": 0.5,
      "final_weight": 0.5
    },
    "56588.218": {
      "votes": {},
      "initial_weight": 0.5,
      "final_weight": 0.5
    },
    "56588.58": {
      "votes": {},
      "initial_weight": 0.5,
      "final_weight": 0.5
    },
    "56588.144": {
      "votes": {
        "0": 1
      },
      "initial_weight": 0.0,
      "final_weight": 0.0
    },
    "56588.146": {
      "votes": {
        "3": 1
      },
      "initial_weight": 0.75,
      "final_weight": 0.75
    },
    "56588.83": {
      "votes": {},
      "initial_weight": 0.5,
      "final_weight": 0.5
    },
    "56588.136": {
      "votes": {},
      "initial_weight": 0.5,
      "final_weight": 0.5
    },
    "56588.85": {
      "votes": {},
      "initial_weight": 0.5,
      "final_weight": 0.5
    },
    "56588.156": {
      "votes": {},
      "initial_weight": 0.5,
      "final_weight": 0.5
    },
    "56588.24": {
      "votes": {},
      "initial_weight": 0.5,
      "final_weight": 0.5
    },
    "56588.154": {
      "votes": {},
      "initial_weight": 0.5,
      "final_weight": 0.5
    }
  },
  "edges": {
    "56588.3": {
      "successor_id": "56588.0",
      "relation": 0.0
    },
    "56588.5": {
      "successor_id": "56588.3",
      "relation": 1.0
    },
    "56588.14": {
      "successor_id": "56588.3",
      "relation": 1.0
    },
    "56588.167": {
      "successor_id": "56588.3",
      "relation": -1.0
    },
    "56588.100": {
      "successor_id": "56588.3",
      "relation": -1.0
    },
    "56588.54": {
      "successor_id": "56588.5",
      "relation": 1.0
    },
    "56588.96": {
      "successor_id": "56588.5",
      "relation": -1.0
    },
    "56588.161": {
      "successor_id": "56588.5",
      "relation": -1.0
    },
    "56588.34": {
      "successor_id": "56588.5",
      "relation": 1.0
    },
    "56588.10": {
      "successor_id": "56588.5",
      "relation": -1.0
    },
    "56588.30": {
      "successor_id": "56588.14",
      "relation": 1.0
    },
    "56588.32": {
      "successor_id": "56588.14",
      "relation": -1.0
    },
    "56588.60": {
      "successor_id": "56588.14",
      "relation": 1.0
    },
    "56588.62": {
      "successor_id": "56588.14",
      "relation": -1.0
    },
    "56588.72": {
      "successor_id": "56588.14",
      "relation": -1.0
    },
    "56588.87": {
      "successor_id": "56588.14",
      "relation": -1.0
    },
    "56588.106": {
      "successor_id": "56588.14",
      "relation": 1.0
    },