{
  "nodes": {
    "57036.0": {
      "votes": {},
      "initial_weight": 0.5,
      "final_weight": 0.5
    },
    "57036.3": {
      "votes": {
        "1": 1,
        "0": 1,
        "4": 2
      },
      "initial_weight": 0.5625,
      "final_weight": 0.9057775640348638
    },
    "57036.5": {
      "votes": {
        "1": 1,
        "2": 1,
        "0": 1
      },
      "initial_weight": 0.25,
      "final_weight": 0.625
    },
    "57036.7": {
      "votes": {
        "2": 3,
        "0": 1
      },
      "initial_weight": 0.375,
      "final_weight": 0.035865861677326805
    },
    "57036.9": {
      "votes": {
        "0": 1,
        "4": 2
      },
      "initial_weight": 0.6666666666666666,
      "final_weight": 0.6274509803921569
    },
    "57036.11": {
      "votes": {
        "4": 2,
        "1": 1
      },
      "initial_weight": 0.75,
      "final_weight": 0.875
    },
    "57036.29": {
      "votes": {
        "4": 2
      },
      "initial_weight": 1.0,
      "final_weight": 0.3076923076923077
    },
    "57036.45": {
      "votes": {
        "4": 1,
        "3": 1
      },
      "initial_weight": 0.875,
      "final_weight": 0.952595751660789
    },
    "57036.47": {
      "votes": {
        "2": 2
      },
      "initial_weight": 0.5,
      "final_weight": 0.26281208935611033
    },
    "57036.56": {
      "votes": {},
      "initial_weight": 0.5,
      "final_weight": 0.5696735100848771
    },
    "57036.110": {
      "votes": {
        "2": 1
      },
      "initial_weight": 0.5,
      "final_weight": 0.5
    },
    "57036.13": {
      "votes": {
        "2": 1
      },
      "initial_weight": 0.5,
      "final_weight": 0.5
    },
    "57036.15": {
      "votes": {
        "2": 1
      },
      "initial_weight": 0.5,
      "final_weight": 0.5
    },
    "57036.33": {
      "votes": {
        "4": 1
      },
      "initial_weight": 1.0,
      "final_weight": 1.0
    },
    "57036.35": {
      "votes": {
        "1": 1,
        "4": 1
      },
      "initial_weight": 0.625,
      "final_weight": 0.625
    },
    "57036.37": {
      "votes": {
        "3": 1
      },
      "initial_weight": 0.75,
      "final_weight": 0.75
    },
    "57036.39": {
      "votes": {
        "4": 1
      },
      "initial_weight": 1.0,
      "final_weight": 0.8
    },
    "57036.43": {
      "votes": {
        "4": 1
      },
      "initial_weight": 1.0,
      "final_weight": 1.0
    },
    "57036.91": {
      "votes": {},
      "initial_weight": 0.5,
      "final_weight": 0.5
    },
    "57036.99": {
      "votes": {
        "4": 1
      },
      "initial_weight": 1.0,
      "final_weight": 1.0
    },
    "57036.23": {
      "votes": {
        "3": 1
      },
      "initial_weight": 0.75,
      "final_weight": 0.75
    },
    "57036.25": {
      "votes": {
        "4": 1
      },
      "initial_weight": 1.0,
      "final_weight": 1.0
    },
    "57036.17": {
      "votes": {},
      "initial_weight": 0.5,
      "final_weight": 0.6
    },
    "57036.72": {
      "votes": {},
      "initial_weight": 0.5,
      "final_weight": 0.5
    },
    "57036.95": {
      "votes": {},
      "initial_weight": 0.5,
      "final_weight": 0.5
    },
    "57036.97": {
      "votes": {
        "2": 1
      },
      "initial_weight": 0.5,
      "final_weight": 0.5
    },
    "57036.112": {
      "votes": {
        "4": 1
      },
      "initial_weight": 1.0,
      "final_weight": 1.0
    },
    "57036.138": {
      "votes": {},
      "initial_weight": 0.5,
      "final_weight": 0.6
    },
    "57036.27": {
      "votes": {
        "4": 1
      },
      "initial_weight": 1.0,
      "final_weight": 1.0
    },
    "57036.31": {
      "votes": {
        "4": 1
      },
      "initial_weight": 1.0,
      "final_weight": 1.0
    },
    "57036.87": {
      "votes": {},
      "initial_weight": 0.5,
      "final_weight": 0.5
    },
    "57036.75": {
      "votes": {},
      "initial_weight": 0.5,
      "final_weight": 0.5
    },
    "57036.81": {
      "votes": {
        "2": 1
      },
      "initial_weight": 0.5,
      "final_weight": 0.5294117647058824
    },
    "57036.116": {
      "votes": {},
      "initial_weight": 0.5,
      "final_weight": 0.5
    },
    "57036.132": {
      "votes": {},
      "initial_weight": 0.5,
      "final_weight": 0.75
    },
    "57036.49": {
      "votes": {
        "4": 1
      },
      "initial_weight": 1.0,
      "final_weight": 0.8
    },
    "57036.51": {
      "votes": {
        "3": 1
      },
      "initial_weight": 0.75,
      "final_weight": 0.75
    },
    "57036.54": {
      "votes": {
        "4": 1
      },
      "initial_weight": 1.0,
      "final_weight": 1.0
    },
    "57036.64": {
      "votes": {
        "1": 1
      },
      "initial_weight": 0.25,
      "final_weight": 0.4023785346039681
    },
    "57036.66": {
      "votes": {
        "2": 1
      },
      "initial_weight": 0.5,
      "final_weight": 0.4
    },
    "57036.85": {
      "votes": {},
      "initial_weight": 0.5,
      "final_weight": 0.4
    },
    "57036.114": {
      "votes": {},
      "initial_weight": 0.5,
      "final_weight": 0.5
    },
    "57036.119": {
      "votes": {
        "3": 1
      },
      "initial_weight": 0.75,
      "final_weight": 0.75
    },
    "57036.121": {
      "votes": {
        "3": 1
      },
      "initial_weight": 0.75,
      "final_weight": 0.75
    },
    "57036.127": {
      "votes": {},
      "initial_weight": 0.5,
      "final_weight": 0.5
    },
    "57036.41": {
      "votes": {},
      "initial_weight": 0.5,
      "final_weight": 0.5
    },
    "57036.142": {
      "votes": {},
      "initial_weight": 0.5,
      "final_weight": 0.5
    },
    "57036.144": {
      "votes": {},
      "initial_weight": 0.5,
      "final_weight": 0.5
    },
    "57036.93": {
      "votes": {
        "4": 1
      },
      "initial_weight": 1.0,
      "final_weight": 1.0
    },
    "57036.130": {
      "votes": {},
      "initial_weight": 0.5,
      "final_weight": 0.5
    },
    "57036.146": {
      "votes": {},
      "initial_weight": 0.5,
      "final_weight": 0.5
    },
    "57036.19": {
      "votes": {
        "4": 1
      },
      "initial_weight": 1.0,
      "final_weight": 1.0
    },
    "57036.21": {
      "votes": {
        "2": 1
      },
      "initial_weight": 0.5,
      "final_weight": 0.5
    },
    "57036.140": {
      "votes": {},
      "initial_weight": 0.5,
      "final_weight": 0.5
    },
    "57036.77": {
      "votes": {},
      "initial_weight": 0.5,
      "final_weight": 0.5
    },
    "57036.79": {
      "votes": {},
      "initial_weight": 0.5,
      "final_weight": 0.5
    },
    "57036.83": {
      "votes": {
        "1": 1
      },
      "initial_weight": 0.25,
      "final_weight": 0.25
    },
    "57036.123": {
      "votes": {
        "3": 1
      },
      "initial_weight": 0.75,
      "final_weight": 0.75
    },
    "57036.125": {
      "votes": {
        "3": 1
      },
      "initial_weight": 0.75,
      "final_weight": 0.75
    },
    "57036.134": {
      "votes": {},
      "initial_weight": 0.5,
      "final_weight": 0.5
    },
    "57036.136": {
      "votes": {},
      "initial_weight": 0.5,
      "final_weight": 0.5
    },
    "57036.148": {
      "votes": {},
      "initial_weight": 0.5,
      "final_weight": 0.5
    },
    "57036.58": {
      "votes": {},
      "initial_weight": 0.5,
      "final_weight": 0.504950495049505
    },
    "57036.68": {
      "votes": {},
      "initial_weight": 0.5,
      "final_weight": 0.5
    },
    "57036.89": {
      "votes": {},
      "initial_weight": 0.5,
      "final_weight": 0.5
    },
    "57036.104": {
      "votes": {},
      "initial_weight": 0.5,
      "final_weight": 0.5
    },
    "57036.102": {
      "votes": {
        "4": 1
      },
      "initial_weight": 1.0,
      "final_weight": 1.0
    },
    "57036.60": {
      "votes": {},
      "initial_weight": 0.5,
      "final_weight": 0.4
    },
    "57036.62": {
      "votes": {},