{
  "nodes": {
    "5734.0": {
      "votes": {},
      "initial_weight": 0.5,
      "final_weight": 0.5
    },
    "5734.1": {
      "votes": {
        "4": 2,
        "0": 1
      },
      "initial_weight": 0.6666666666666666,
      "final_weight": 0.6214633883376903
    },
    "5734.2": {
      "votes": {
        "2": 1,
        "4": 2
      },
      "initial_weight": 0.8333333333333334,
      "final_weight": 0.837000814995925
    },
    "5734.3": {
      "votes": {
        "4": 1,
        "1": 1,
        "3": 1
      },
      "initial_weight": 0.6666666666666666,
      "final_weight": 0.9063670411985019
    },
    "5734.4": {
      "votes": {
        "3": 1,
        "4": 1,
        "1": 1
      },
      "initial_weight": 0.6666666666666666,
      "final_weight": 0.6899057958937486
    },
    "5734.5": {
      "votes": {
        "0": 2,
        "4": 1
      },
      "initial_weight": 0.3333333333333333,
      "final_weight": 0.8902372382276904
    },
    "5734.6": {
      "votes": {},
      "initial_weight": 0.5,
      "final_weight": 0.5
    },
    "5734.7": {
      "votes": {},
      "initial_weight": 0.5,
      "final_weight": 0.6
    },
    "5734.10": {
      "votes": {},
      "initial_weight": 0.5,
      "final_weight": 0.75
    },
    "5734.16": {
      "votes": {},
      "initial_weight": 0.5,
      "final_weight": 0.5
    },
    "5734.22": {
      "votes": {},
      "initial_weight": 0.5,
      "final_weight": 0.6
    },
    "5734.24": {
      "votes": {},
      "initial_weight": 0.5,
      "final_weight": 0.6
    },
    "5734.31": {
      "votes": {},
      "initial_weight": 0.5,
      "final_weight": 0.4
    },
    "5734.9": {
      "votes": {},
      "initial_weight": 0.5,
      "final_weight": 0.7737556561085973
    },
    "5734.35": {
      "votes": {},
      "initial_weight": 0.5,
      "final_weight": 0.5
    },
    "5734.14": {
      "votes": {
        "0": 1
      },
      "initial_weight": 0.0,
      "final_weight": 0.5475113122171946
    },
    "5734.8": {
      "votes": {
        "4": 1
      },
      "initial_weight": 1.0,
      "final_weight": 1.0
    },
    "5734.11": {
      "votes": {
        "4": 1
      },
      "initial_weight": 1.0,
      "final_weight": 1.0
    },
    "5734.18": {
      "votes": {
        "4": 1
      },
      "initial_weight": 1.0,
      "final_weight": 0.8
    },
    "5734.13": {
      "votes": {},
      "initial_weight": 0.5,
      "final_weight": 0.5
    },
    "5734.27": {
      "votes": {},
      "initial_weight": 0.5,
      "final_weight": 0.5
    },
    "5734.36": {
      "votes": {},
      "initial_weight": 0.5,
      "final_weight": 0.5
    },
    "5734.23": {
      "votes": {},
      "initial_weight": 0.5,
      "final_weight": 0.5
    },
    "5734.37": {
      "votes": {},
      "initial_weight": 0.5,
      "final_weight": 0.5
    },
    "5734.32": {
      "votes": {},
      "initial_weight": 0.5,
      "final_weight": 0.5
    },
    "5734.19": {
      "votes": {},
      "initial_weight": 0.5,
      "final_weight": 0.5
    },
    "5734.20": {
      "votes": {},
      "initial_weight": 0.5,
      "final_weight": 0.6
    },
    "5734.15": {
      "votes": {},
      "initial_weight": 0.5,
      "final_weight": 0.5
    },
    "5734.30": {
      "votes": {},
      "initial_weight": 0.5,
      "final_weight": 0.6
    },
    "5734.12": {
      "votes": {},
      "initial_weight": 0.5,
      "final_weight": 0.5
    },
    "5734.34": {
      "votes": {},
      "initial_weight": 0.5,
      "final_weight": 0.5
    },
    "5734.21": {
      "votes": {},
      "initial_weight": 0.5,
      "final_weight": 0.5
    },
    "5734.33": {
      "votes": {},
      "initial_weight": 0.5,
      "final_weight": 0.5
    }
  },
  "edges": {
    "5734.1": {
      "successor_id": "5734.0",
      "relation": 0.0
    },
    "5734.2": {
      "successor_id": "5734.1",
      "relation": 1.0
    },
    "5734.3": {
      "successor_id": "5734.1",
      "relation": -1.0
    },
    "5734.4": {
      "successor_id": "5734.1",
      "relation": 1.0
    },
    "5734.5": {
      "successor_id": "5734.1",
      "relation": -1.0
    },
    "5734.6": {
      "successor_id": "5734.2",
      "relation": 1.0
    },
    "5734.7": {
      "successor_id": "5734.2",
      "relation": -1.0
    },
    "5734.10": {
      "successor_id": "5734.2",
      "relation": 1.0
    },
    "5734.16": {
      "successor_id": "5734.2",
      "relation": -1.0
    },
    "5734.22": {
      "successor_id": "5734.3",
      "relation": 1.0
    },
    "5734.24": {
      "successor_id": "5734.3",
      "relation": 1.0
    },
    "5734.31": {
      "successor_id": "5734.3",
      "relation": 1.0
    },
    "5734.9": {
      "successor_id": "5734.4",
      "relation": 1.0
    },
    "5734.35": {
      "successor_id": "5734.4",
      "relation": -1.0
    },
    "5734.14": {
      "successor_id": "5734.5",
      "relation": -1.0
    },
    "5734.8": {
      "successor_id": "5734.5",
      "relation": 1.0
    },
    "5734.11": {
      "successor_id": "5734.5",
      "relation": 1.0
    },
    "5734.18": {
      "successor_id": "5734.5",
      "relation": 1.0
    },
    "5734.13": {
      "successor_id": "5734.7",
      "relation": 1.0
    },
    "5734.27": {
      "successor_id": "5734.10",
      "relation": 1.0
    },
    "5734.36": {
      "successor_id": "5734.10",
      "relation": 1.0
    },
    "5734.23": {
      "successor_id": "5734.22",
      "relation": 1.0
    },
    "5734.37": {
      "successor_id": "5734.24",
      "relation": 1.0
    },
    "5734.32": {
      "successor_id": "5734.31",
      "relation": -1.0
    },
    "5734.19": {
      "successor_id": "5734.9",
      "relation": 1.0
    },
    "5734.20": {
      "successor_id": "5734.9",
      "relation": 1.0
    },
    "5734.15": {
      "successor_id": "5734.14",
      "relation": 1.0
    },
    "5734.30": {
      "successor_id": "5734.14",
      "relation": 1.0
    },
    "5734.12": {
      "successor_id": "5734.8",
      "relation": 1.0
    },
    "5734.34": {
      "successor_id": "5734.18",
      "relation": -1.0
    },
    "5734.21": {
      "successor_id": "5734.20",
      "relation": 1.0
    },
    "5734.33": {
      "successor_id": "5734.30",
      "relation": 1.0
    }
  }
}