{
  "nodes": {
    "57374.0": {
      "votes": {},
      "initial_weight": 0.5,
      "final_weight": 0.5
    },
    "57374.3": {
      "votes": {},
      "initial_weight": 0.5,
      "final_weight": 0.8552768080634052
    },
    "57374.19": {
      "votes": {},
      "initial_weight": 0.5,
      "final_weight": 0.27170312014602793
    },
    "57374.56": {
      "votes": {},
      "initial_weight": 0.5,
      "final_weight": 0.4976331360946746
    },
    "57374.151": {
      "votes": {},
      "initial_weight": 0.5,
      "final_weight": 0.8221605453245997
    },
    "57374.160": {
      "votes": {},
      "initial_weight": 0.5,
      "final_weight": 0.873385637624823
    },
    "57374.259": {
      "votes": {},
      "initial_weight": 0.5,
      "final_weight": 0.7086206896551724
    },
    "57374.273": {
      "votes": {},
      "initial_weight": 0.5,
      "final_weight": 0.06802773012018737
    },
    "57374.25": {
      "votes": {},
      "initial_weight": 0.5,
      "final_weight": 0.5
    },
    "57374.27": {
      "votes": {},
      "initial_weight": 0.5,
      "final_weight": 0.2333518312985572
    },
    "57374.29": {
      "votes": {},
      "initial_weight": 0.5,
      "final_weight": 0.6
    },
    "57374.341": {
      "votes": {},
      "initial_weight": 0.5,
      "final_weight": 0.5
    },
    "57374.347": {
      "votes": {},
      "initial_weight": 0.5,
      "final_weight": 0.75
    },
    "57374.58": {
      "votes": {},
      "initial_weight": 0.5,
      "final_weight": 0.5
    },
    "57374.60": {
      "votes": {},
      "initial_weight": 0.5,
      "final_weight": 0.5689655172413793
    },
    "57374.153": {
      "votes": {},
      "initial_weight": 0.5,
      "final_weight": 0.5
    },
    "57374.174": {
      "votes": {},
      "initial_weight": 0.5,
      "final_weight": 0.8459288950783572
    },
    "57374.167": {
      "votes": {},
      "initial_weight": 0.5,
      "final_weight": 0.9186386478101809
    },
    "57374.170": {
      "votes": {},
      "initial_weight": 0.5,
      "final_weight": 0.8201195635651828
    },
    "57374.209": {
      "votes": {},
      "initial_weight": 0.5,
      "final_weight": 0.8461538461538461
    },
    "57374.297": {
      "votes": {},
      "initial_weight": 0.5,
      "final_weight": 0.5
    },
    "57374.207": {
      "votes": {},
      "initial_weight": 0.5,
      "final_weight": 0.36764705882352944
    },
    "57374.271": {
      "votes": {},
      "initial_weight": 0.5,
      "final_weight": 0.5
    },
    "57374.68": {
      "votes": {},
      "initial_weight": 0.5,
      "final_weight": 0.5
    },
    "57374.217": {
      "votes": {},
      "initial_weight": 0.5,
      "final_weight": 0.8461538461538461
    },
    "57374.304": {
      "votes": {},
      "initial_weight": 0.5,
      "final_weight": 0.9
    },
    "57374.308": {
      "votes": {},
      "initial_weight": 0.5,
      "final_weight": 0.8461538461538461
    },
    "57374.315": {
      "votes": {},
      "initial_weight": 0.5,
      "final_weight": 0.7737556561085973
    },
    "57374.35": {
      "votes": {},
      "initial_weight": 0.5,
      "final_weight": 0.5689655172413793
    },
    "57374.41": {
      "votes": {},
      "initial_weight": 0.5,
      "final_weight": 0.5
    },
    "57374.54": {
      "votes": {},
      "initial_weight": 0.5,
      "final_weight": 0.5
    },
    "57374.31": {
      "votes": {},
      "initial_weight": 0.5,
      "final_weight": 0.5
    },
    "57374.48": {
      "votes": {},
      "initial_weight": 0.5,
      "final_weight": 0.5
    },
    "57374.23": {
      "votes": {},
      "initial_weight": 0.5,
      "final_weight": 0.5
    },
    "57374.70": {
      "votes": {},
      "initial_weight": 0.5,
      "final_weight": 0.4
    },
    "57374.93": {
      "votes": {},
      "initial_weight": 0.5,
      "final_weight": 0.5984174474450831
    },
    "57374.138": {
      "votes": {},
      "initial_weight": 0.5,
      "final_weight": 0.5
    },
    "57374.33": {
      "votes": {},
      "initial_weight": 0.5,
      "final_weight": 0.4
    },
    "57374.186": {
      "votes": {},
      "initial_weight": 0.5,
      "final_weight": 0.6
    },
    "57374.199": {
      "votes": {},
      "initial_weight": 0.5,
      "final_weight": 0.822198842714361
    },
    "57374.325": {
      "votes": {},
      "initial_weight": 0.5,
      "final_weight": 0.8461538461538461
    },
    "57374.140": {
      "votes": {},
      "initial_weight": 0.5,
      "final_weight": 0.7016725911665789
    },
    "57374.7": {
      "votes": {},
      "initial_weight": 0.5,
      "final_weight": 0.6323529411764706
    },
    "57374.211": {
      "votes": {},
      "initial_weight": 0.5,
      "final_weight": 0.5
    },
    "57374.213": {
      "votes": {},
      "initial_weight": 0.5,
      "final_weight": 0.5
    },
    "57374.215": {
      "votes": {},
      "initial_weight": 0.5,
      "final_weight": 0.5
    },
    "57374.203": {
      "votes": {},
      "initial_weight": 0.5,
      "final_weight": 0.6
    },
    "57374.223": {
      "votes": {},
      "initial_weight": 0.5,
      "final_weight": 0.4
    },
    "57374.334": {
      "votes": {},
      "initial_weight": 0.5,
      "final_weight": 0.6
    },
    "57374.221": {
      "votes": {},
      "initial_weight": 0.5,
      "final_weight": 0.5
    },
    "57374.295": {
      "votes": {},
      "initial_weight": 0.5,
      "final_weight": 0.5
    },
    "57374.277": {
      "votes": {},
      "initial_weight": 0.5,
      "final_weight": 0.5
    },
    "57374.279": {
      "votes": {},
      "initial_weight": 0.5,
      "final_weight": 0.5
    },
    "57374.275": {
      "votes": {},
      "initial_weight": 0.5,
      "final_weight": 0.5
    },
    "57374.291": {
      "votes": {},
      "initial_weight": 0.5,
      "final_weight": 0.5
    },
    "57374.293": {
      "votes": {},
      "initial_weight": 0.5,
      "final_weight": 0.5
    },
    "57374.285": {
      "votes": {},
      "initial_weight": 0.5,
      "final_weight": 0.5
    },
    "57374.283": {
      "votes": {},
      "initial_weight": 0.5,
      "final_weight": 0.5
    },
    "57374.281": {
      "votes": {},
      "initial_weight": 0.5,
      "final_weight": 0.6
    },
    "57374.37": {
      "votes": {},
      "initial_weight": 0.5,
      "final_weight": 0.4
    },
    "57374.135": {
      "votes": {},
      "initial_weight": 0.5,
      "final_weight": 0.5
    },
    "57374.13": {
      "votes": {},
      "initial_weight": 0.5,
      "final_weight": 0.49504950495049505
    },
    "57374.39": {
      "votes": {},
      "initial_weight": 0.5,
      "final_weight": 0.5
    },
    "57374.188": {
      "votes": {},
      "initial_weight": 0.5,
      "final_weight": 0.5
    },
    "57374.201": {
      "votes": {},
      "initial_weight": 0.5,
      "final_weight": 0.5
    },
    "57374.194": {
      "votes": {},
      "initial_weight": 0.5,
      "final_weight": 0.8461538461538461
    },
    "57374.180": {
      "votes": {},
      "initial_weight": 0.5,
      "final_weight": 0.5
    },
    "57374.184": {
      "votes": {},
      "initial_weight": 0.5,
      "final_weight": 0.5
    },
    "57374.178": {
      "votes": {},
      "initial_weight": 0.5,
      "final_weight": 0.5
    },
    "57374.142": {
      "votes": {},
      "initial_weight": 0.5,
      "final_weight": 0.8461538461538461
    },
    "57374.146": {
      "votes": {},
      "initial_weight": 0.5,
      "final_weight": 0.822198842714361
    },
    "57374.5": {
      "votes": {},
      "initial_weight": 0.5,
      "final_weight": 0.5
    },
    "57374.9": {
      "votes": {},
      "initial_weight": 0.5,
      "final_weight": 0.6
    },
    "57374.66": {
      "votes": {},
      "initial_weight": 0.5,
      "final_weight": 0.5
    },
    "57374.205": {
      "votes": {},
      "initial_weight": 0.5,
      "final_weight": 0.5
    },
    "57374.225": {
      "votes": {},
      "initial_weight": 0.5,
      "final_weight": 0.5
    },