{
  "nodes": {
    "58882.0": {
      "votes": {},
      "initial_weight": 0.5,
      "final_weight": 0.5
    },
    "58882.3": {
      "votes": {
        "4": 1,
        "1": 1
      },
      "initial_weight": 0.625,
      "final_weight": 0.8709626996990395
    },
    "58882.5": {
      "votes": {
        "3": 1,
        "0": 1,
        "2": 1
      },
      "initial_weight": 0.4166666666666667,
      "final_weight": 0.4267091746369111
    },
    "58882.7": {
      "votes": {
        "0": 2,
        "4": 1
      },
      "initial_weight": 0.3333333333333333,
      "final_weight": 0.23647370412410135
    },
    "58882.13": {
      "votes": {
        "0": 2
      },
      "initial_weight": 0.0,
      "final_weight": 0.0
    },
    "58882.15": {
      "votes": {
        "3": 1,
        "2": 1,
        "0": 3
      },
      "initial_weight": 0.25,
      "final_weight": 0.17572861797595085
    },
    "58882.21": {
      "votes": {
        "1": 1
      },
      "initial_weight": 0.25,
      "final_weight": 0.24860161591050342
    },
    "58882.37": {
      "votes": {
        "3": 2,
        "2": 1
      },
      "initial_weight": 0.6666666666666666,
      "final_weight": 0.6744512247303609
    },
    "58882.56": {
      "votes": {
        "3": 1,
        "0": 2,
        "4": 1
      },
      "initial_weight": 0.4375,
      "final_weight": 0.4430693069306931
    },
    "58882.126": {
      "votes": {
        "0": 1
      },
      "initial_weight": 0.0,
      "final_weight": 0.0
    },
    "58882.98": {
      "votes": {},
      "initial_weight": 0.5,
      "final_weight": 0.36764705882352944
    },
    "58882.102": {
      "votes": {},
      "initial_weight": 0.5,
      "final_weight": 0.5
    },
    "58882.9": {
      "votes": {
        "2": 1,
        "4": 1,
        "0": 1
      },
      "initial_weight": 0.5,
      "final_weight": 0.5
    },
    "58882.11": {
      "votes": {
        "2": 1
      },
      "initial_weight": 0.5,
      "final_weight": 0.5
    },
    "58882.17": {
      "votes": {
        "4": 1
      },
      "initial_weight": 1.0,
      "final_weight": 0.64
    },
    "58882.62": {
      "votes": {
        "3": 1
      },
      "initial_weight": 0.75,
      "final_weight": 0.8548621190130624
    },
    "58882.104": {
      "votes": {},
      "initial_weight": 0.5,
      "final_weight": 0.5
    },
    "58882.112": {
      "votes": {},
      "initial_weight": 0.5,
      "final_weight": 0.6
    },
    "58882.31": {
      "votes": {
        "3": 2
      },
      "initial_weight": 0.75,
      "final_weight": 0.8082998217321007
    },
    "58882.35": {
      "votes": {
        "1": 1,
        "0": 1
      },
      "initial_weight": 0.125,
      "final_weight": 0.125
    },
    "58882.66": {
      "votes": {
        "4": 1,
        "0": 1
      },
      "initial_weight": 0.5,
      "final_weight": 0.2831858407079646
    },
    "58882.23": {
      "votes": {
        "1": 1,
        "0": 1
      },
      "initial_weight": 0.125,
      "final_weight": 0.125
    },
    "58882.25": {
      "votes": {
        "1": 1
      },
      "initial_weight": 0.25,
      "final_weight": 0.25
    },
    "58882.27": {
      "votes": {
        "0": 1
      },
      "initial_weight": 0.0,
      "final_weight": 0.2
    },
    "58882.106": {
      "votes": {
        "3": 1
      },
      "initial_weight": 0.75,
      "final_weight": 0.75
    },
    "58882.144": {
      "votes": {},
      "initial_weight": 0.5,
      "final_weight": 0.5
    },
    "58882.39": {
      "votes": {
        "4": 2,
        "1": 1
      },
      "initial_weight": 0.75,
      "final_weight": 0.3813020759779692
    },
    "58882.45": {
      "votes": {
        "4": 1,
        "2": 1,
        "1": 1
      },
      "initial_weight": 0.5833333333333334,
      "final_weight": 0.3733333333333334
    },
    "58882.52": {
      "votes": {
        "0": 2
      },
      "initial_weight": 0.0,
      "final_weight": 0.0
    },
    "58882.88": {
      "votes": {
        "3": 1,
        "1": 1
      },
      "initial_weight": 0.5,
      "final_weight": 0.6
    },
    "58882.142": {
      "votes": {},
      "initial_weight": 0.5,
      "final_weight": 0.5
    },
    "58882.154": {
      "votes": {},
      "initial_weight": 0.5,
      "final_weight": 0.5
    },
    "58882.78": {
      "votes": {},
      "initial_weight": 0.5,
      "final_weight": 0.5
    },
    "58882.80": {
      "votes": {},
      "initial_weight": 0.5,
      "final_weight": 0.5
    },
    "58882.82": {
      "votes": {},
      "initial_weight": 0.5,
      "final_weight": 0.6
    },
    "58882.140": {
      "votes": {},
      "initial_weight": 0.5,
      "final_weight": 0.5
    },
    "58882.124": {
      "votes": {},
      "initial_weight": 0.5,
      "final_weight": 0.75
    },
    "58882.100": {
      "votes": {},
      "initial_weight": 0.5,
      "final_weight": 0.4
    },
    "58882.120": {
      "votes": {},
      "initial_weight": 0.5,
      "final_weight": 0.5
    },
    "58882.122": {
      "votes": {},
      "initial_weight": 0.5,
      "final_weight": 0.5
    },
    "58882.19": {
      "votes": {
        "1": 1
      },
      "initial_weight": 0.25,
      "final_weight": 0.25
    },
    "58882.76": {
      "votes": {},
      "initial_weight": 0.5,
      "final_weight": 0.5
    },
    "58882.64": {
      "votes": {
        "3": 1
      },
      "initial_weight": 0.75,
      "final_weight": 0.75
    },
    "58882.74": {
      "votes": {},
      "initial_weight": 0.5,
      "final_weight": 0.4
    },
    "58882.108": {
      "votes": {},
      "initial_weight": 0.5,
      "final_weight": 0.5
    },
    "58882.114": {
      "votes": {},
      "initial_weight": 0.5,
      "final_weight": 0.5
    },
    "58882.33": {
      "votes": {
        "2": 1,
        "4": 1
      },
      "initial_weight": 0.75,
      "final_weight": 0.5514705882352942
    },
    "58882.50": {
      "votes": {
        "0": 1,
        "3": 1
      },
      "initial_weight": 0.375,
      "final_weight": 0.375
    },
    "58882.54": {
      "votes": {
        "1": 1,
        "2": 1
      },
      "initial_weight": 0.375,
      "final_weight": 0.375
    },
    "58882.68": {
      "votes": {
        "3": 1,
        "4": 1
      },
      "initial_weight": 0.875,
      "final_weight": 0.875
    },
    "58882.116": {
      "votes": {},
      "initial_weight": 0.5,
      "final_weight": 0.5
    },
    "58882.118": {
      "votes": {},
      "initial_weight": 0.5,
      "final_weight": 0.5
    },
    "58882.29": {
      "votes": {
        "2": 1
      },
      "initial_weight": 0.5,
      "final_weight": 0.5
    },
    "58882.41": {
      "votes": {
        "0": 1,
        "2": 2
      },
      "initial_weight": 0.3333333333333333,
      "final_weight": 0.3333333333333333
    },
    "58882.43": {
      "votes": {
        "4": 1,
        "0": 1
      },
      "initial_weight": 0.5,
      "final_weight": 0.25
    },
    "58882.94": {
      "votes": {
        "2": 1
      },
      "initial_weight": 0.5,
      "final_weight": 0.4
    },
    "58882.152": {
      "votes": {
        "3": 1
      },
      "initial_weight": 0.75,
      "final_weight": 0.75
    },
    "58882.92": {
      "votes": {},
      "initial_weight": 0.5,
      "final_weight": 0.5
    },
    "58882.84": {
      "votes": {},
      "initial_weight": 0.5,
      "final_weight": 0.5
    },
    "58882.132": {
      "votes": {},
      "initial_weight": 0.5,
      "final_weight": 0.5
    },
    "58882.134": {
      "votes": {},
      "initial_weight": 0.5,
      "final_weight": 0.5
    },
    "58882.136": {
      "votes": {},
      "initial_weight": 0.5,
      "final_weight": 0.5
    },
    "58882.110": {
      "votes": {},
      "initial_weight": 0.5,
      "final_weight": 0.5
    },
    "58882.48": {
      "votes": {
        "4": 1,
        "2": 1
      },
      "initial_weight": 0.75,
      "final_weight": 0.6
    },
    "58882.60": {
      "votes": {},
      "initial_weight": 0.5,