{
  "nodes": {
    "60836.0": {
      "votes": {},
      "initial_weight": 0.5,
      "final_weight": 0.5
    },
    "60836.3": {
      "votes": {},
      "initial_weight": 0.5,
      "final_weight": 0.505197244805622
    },
    "60836.5": {
      "votes": {},
      "initial_weight": 0.5,
      "final_weight": 0.7399949704906443
    },
    "60836.7": {
      "votes": {},
      "initial_weight": 0.5,
      "final_weight": 0.47382633015314857
    },
    "60836.9": {
      "votes": {},
      "initial_weight": 0.5,
      "final_weight": 0.5708281478472874
    },
    "60836.11": {
      "votes": {},
      "initial_weight": 0.5,
      "final_weight": 0.5405057394283848
    },
    "60836.13": {
      "votes": {},
      "initial_weight": 0.5,
      "final_weight": 0.5
    },
    "60836.15": {
      "votes": {},
      "initial_weight": 0.5,
      "final_weight": 0.6
    },
    "60836.83": {
      "votes": {},
      "initial_weight": 0.5,
      "final_weight": 0.5
    },
    "60836.85": {
      "votes": {},
      "initial_weight": 0.5,
      "final_weight": 0.8607495632492062
    },
    "60836.153": {
      "votes": {},
      "initial_weight": 0.5,
      "final_weight": 0.5
    },
    "60836.29": {
      "votes": {},
      "initial_weight": 0.5,
      "final_weight": 0.5
    },
    "60836.31": {
      "votes": {},
      "initial_weight": 0.5,
      "final_weight": 0.6149703170413314
    },
    "60836.51": {
      "votes": {},
      "initial_weight": 0.5,
      "final_weight": 0.75
    },
    "60836.49": {
      "votes": {},
      "initial_weight": 0.5,
      "final_weight": 0.6
    },
    "60836.17": {
      "votes": {},
      "initial_weight": 0.5,
      "final_weight": 0.6799999999999999
    },
    "60836.19": {
      "votes": {},
      "initial_weight": 0.5,
      "final_weight": 0.5
    },
    "60836.27": {
      "votes": {},
      "initial_weight": 0.5,
      "final_weight": 0.7737556561085973
    },
    "60836.74": {
      "votes": {},
      "initial_weight": 0.5,
      "final_weight": 0.7737556561085973
    },
    "60836.89": {
      "votes": {},
      "initial_weight": 0.5,
      "final_weight": 0.6799999999999999
    },
    "60836.111": {
      "votes": {},
      "initial_weight": 0.5,
      "final_weight": 0.6
    },
    "60836.115": {
      "votes": {},
      "initial_weight": 0.5,
      "final_weight": 0.6
    },
    "60836.180": {
      "votes": {},
      "initial_weight": 0.5,
      "final_weight": 0.8093388479758282
    },
    "60836.122": {
      "votes": {},
      "initial_weight": 0.5,
      "final_weight": 0.5
    },
    "60836.87": {
      "votes": {},
      "initial_weight": 0.5,
      "final_weight": 0.8595505617977528
    },
    "60836.91": {
      "votes": {},
      "initial_weight": 0.5,
      "final_weight": 0.75
    },
    "60836.33": {
      "votes": {},
      "initial_weight": 0.5,
      "final_weight": 0.5
    },
    "60836.136": {
      "votes": {},
      "initial_weight": 0.5,
      "final_weight": 0.5
    },
    "60836.55": {
      "votes": {},
      "initial_weight": 0.5,
      "final_weight": 0.5
    },
    "60836.59": {
      "votes": {},
      "initial_weight": 0.5,
      "final_weight": 0.5
    },
    "60836.76": {
      "votes": {},
      "initial_weight": 0.5,
      "final_weight": 0.5
    },
    "60836.145": {
      "votes": {},
      "initial_weight": 0.5,
      "final_weight": 0.5
    },
    "60836.155": {
      "votes": {},
      "initial_weight": 0.5,
      "final_weight": 0.54644412191582
    },
    "60836.53": {
      "votes": {},
      "initial_weight": 0.5,
      "final_weight": 0.5
    },
    "60836.69": {
      "votes": {},
      "initial_weight": 0.5,
      "final_weight": 0.5
    },
    "60836.78": {
      "votes": {},
      "initial_weight": 0.5,
      "final_weight": 0.5
    },
    "60836.134": {
      "votes": {},
      "initial_weight": 0.5,
      "final_weight": 0.5
    },
    "60836.21": {
      "votes": {},
      "initial_weight": 0.5,
      "final_weight": 0.5
    },
    "60836.23": {
      "votes": {},
      "initial_weight": 0.5,
      "final_weight": 0.5
    },
    "60836.25": {
      "votes": {},
      "initial_weight": 0.5,
      "final_weight": 0.5
    },
    "60836.39": {
      "votes": {},
      "initial_weight": 0.5,
      "final_weight": 0.75
    },
    "60836.35": {
      "votes": {},
      "initial_weight": 0.5,
      "final_weight": 0.5
    },
    "60836.37": {
      "votes": {},
      "initial_weight": 0.5,
      "final_weight": 0.6
    },
    "60836.132": {
      "votes": {},
      "initial_weight": 0.5,
      "final_weight": 0.5
    },
    "60836.171": {
      "votes": {},
      "initial_weight": 0.5,
      "final_weight": 0.6
    },
    "60836.93": {
      "votes": {},
      "initial_weight": 0.5,
      "final_weight": 0.5
    },
    "60836.95": {
      "votes": {},
      "initial_weight": 0.5,
      "final_weight": 0.5
    },
    "60836.97": {
      "votes": {},
      "initial_weight": 0.5,
      "final_weight": 0.25
    },
    "60836.107": {
      "votes": {},
      "initial_weight": 0.5,
      "final_weight": 0.5
    },
    "60836.113": {
      "votes": {},
      "initial_weight": 0.5,
      "final_weight": 0.5
    },
    "60836.192": {
      "votes": {},
      "initial_weight": 0.5,
      "final_weight": 0.5
    },
    "60836.182": {
      "votes": {},
      "initial_weight": 0.5,
      "final_weight": 0.5
    },
    "60836.184": {
      "votes": {},
      "initial_weight": 0.5,
      "final_weight": 0.7737556561085973
    },
    "60836.101": {
      "votes": {},
      "initial_weight": 0.5,
      "final_weight": 0.5
    },
    "60836.109": {
      "votes": {},
      "initial_weight": 0.5,
      "final_weight": 0.6
    },
    "60836.175": {
      "votes": {},
      "initial_weight": 0.5,
      "final_weight": 0.5
    },
    "60836.105": {
      "votes": {},
      "initial_weight": 0.5,
      "final_weight": 0.5
    },
    "60836.169": {
      "votes": {},
      "initial_weight": 0.5,
      "final_weight": 0.5
    },
    "60836.45": {
      "votes": {},
      "initial_weight": 0.5,
      "final_weight": 0.5
    },
    "60836.143": {
      "votes": {},
      "initial_weight": 0.5,
      "final_weight": 0.5
    },
    "60836.138": {
      "votes": {},
      "initial_weight": 0.5,
      "final_weight": 0.5
    },
    "60836.141": {
      "votes": {},
      "initial_weight": 0.5,
      "final_weight": 0.5
    },
    "60836.65": {
      "votes": {},
      "initial_weight": 0.5,
      "final_weight": 0.5
    },
    "60836.117": {
      "votes": {},
      "initial_weight": 0.5,
      "final_weight": 0.5
    },
    "60836.61": {
      "votes": {},
      "initial_weight": 0.5,
      "final_weight": 0.5
    },
    "60836.80": {
      "votes": {},
      "initial_weight": 0.5,
      "final_weight": 0.5
    },
    "60836.151": {
      "votes": {},
      "initial_weight": 0.5,
      "final_weight": 0.5
    },
    "60836.147": {
      "votes": {},
      "initial_weight": 0.5,
      "final_weight": 0.5
    },
    "60836.149": {
      "votes": {},
      "initial_weight": 0.5,
      "final_weight": 0.5
    },
    "60836.157": {
      "votes": {},
      "initial_weight": 0.5,
      "final_weight": 0.32
    },
    "60836.41": {
      "votes": {},
      "initial_weight": 0.5,
      "final_weight": 0.5
    },
    "60836.43": {
      "votes": {},
      "initial_weight": 0.5,
      "final_weight": 0.5
    },
    "60836.124": {
      "votes": {},
      "initial_weight": 0.5,
      "final_weight": 0.5
    },
    "60836.173": {
      "votes": {},
      "initial_weight": 0.5,
      "final_weight": 0.5
    },
    "60836.99": {
      "votes": {},
      "initial_weight": 0.5,
      "final_weight": 0.5
    },
    "60836.103": {
      "votes": {},
      "initial_weight": 0.5,
      "final_weight": 0.5
    },
    "60836.186": {
      "votes": {},
      "initial_weight": 0.5,
      "final_weight": 0.5
    },
    "60836.188": {
      "votes": {},
      "initial_weight": 0.5,
      "final_weight": 0.6
    },