{
  "nodes": {
    "6201.0": {
      "votes": {},
      "initial_weight": 0.5,
      "final_weight": 0.5
    },
    "6201.1": {
      "votes": {
        "2": 1
      },
      "initial_weight": 0.5,
      "final_weight": 0.4976894084003075
    },
    "6201.2": {
      "votes": {
        "3": 1
      },
      "initial_weight": 0.75,
      "final_weight": 0.5152391269753536
    },
    "6201.5": {
      "votes": {
        "3": 1
      },
      "initial_weight": 0.75,
      "final_weight": 0.9230769230769231
    },
    "6201.7": {
      "votes": {
        "4": 2
      },
      "initial_weight": 1.0,
      "final_weight": 1.0
    },
    "6201.8": {
      "votes": {
        "2": 2
      },
      "initial_weight": 0.5,
      "final_weight": 0.4608
    },
    "6201.17": {
      "votes": {
        "1": 1,
        "4": 1
      },
      "initial_weight": 0.625,
      "final_weight": 0.6235433334903738
    },
    "6201.25": {
      "votes": {
        "3": 2,
        "4": 1
      },
      "initial_weight": 0.8333333333333334,
      "final_weight": 0.9586688583738551
    },
    "6201.38": {
      "votes": {
        "2": 1
      },
      "initial_weight": 0.5,
      "final_weight": 0.5251735829556647
    },
    "6201.65": {
      "votes": {},
      "initial_weight": 0.5,
      "final_weight": 0.4
    },
    "6201.75": {
      "votes": {},
      "initial_weight": 0.5,
      "final_weight": 0.6
    },
    "6201.19": {
      "votes": {
        "4": 2,
        "2": 1
      },
      "initial_weight": 0.8333333333333334,
      "final_weight": 0.6750072541209668
    },
    "6201.33": {
      "votes": {
        "4": 1,
        "3": 1
      },
      "initial_weight": 0.875,
      "final_weight": 0.875
    },
    "6201.34": {
      "votes": {
        "3": 1,
        "2": 1
      },
      "initial_weight": 0.625,
      "final_weight": 0.625
    },
    "6201.13": {
      "votes": {
        "2": 1,
        "3": 1,
        "4": 1
      },
      "initial_weight": 0.75,
      "final_weight": 0.875
    },
    "6201.14": {
      "votes": {},
      "initial_weight": 0.5,
      "final_weight": 0.4843084075939558
    },
    "6201.16": {
      "votes": {
        "3": 1,
        "2": 2
      },
      "initial_weight": 0.5833333333333334,
      "final_weight": 0.5833333333333334
    },
    "6201.18": {
      "votes": {
        "3": 2
      },
      "initial_weight": 0.75,
      "final_weight": 0.84
    },
    "6201.27": {
      "votes": {
        "0": 1,
        "2": 1,
        "3": 1
      },
      "initial_weight": 0.4166666666666667,
      "final_weight": 0.4166666666666667
    },
    "6201.32": {
      "votes": {
        "0": 1,
        "3": 1
      },
      "initial_weight": 0.375,
      "final_weight": 0.375
    },
    "6201.26": {
      "votes": {
        "1": 1,
        "2": 1
      },
      "initial_weight": 0.375,
      "final_weight": 0.375
    },
    "6201.9": {
      "votes": {
        "2": 1,
        "3": 1
      },
      "initial_weight": 0.625,
      "final_weight": 0.27586206896551724
    },
    "6201.4": {
      "votes": {
        "3": 2
      },
      "initial_weight": 0.75,
      "final_weight": 0.18461538461538463
    },
    "6201.53": {
      "votes": {
        "2": 1
      },
      "initial_weight": 0.5,
      "final_weight": 0.1951219512195122
    },
    "6201.64": {
      "votes": {
        "0": 1,
        "2": 1
      },
      "initial_weight": 0.25,
      "final_weight": 0.25
    },
    "6201.72": {
      "votes": {},
      "initial_weight": 0.5,
      "final_weight": 0.5
    },
    "6201.30": {
      "votes": {
        "2": 1
      },
      "initial_weight": 0.5,
      "final_weight": 0.12307692307692308
    },
    "6201.29": {
      "votes": {
        "2": 1
      },
      "initial_weight": 0.5,
      "final_weight": 0.5
    },
    "6201.28": {
      "votes": {
        "1": 1
      },
      "initial_weight": 0.25,
      "final_weight": 0.25
    },
    "6201.74": {
      "votes": {},
      "initial_weight": 0.5,
      "final_weight": 0.6428240383129924
    },
    "6201.66": {
      "votes": {
        "1": 1,
        "2": 1
      },
      "initial_weight": 0.375,
      "final_weight": 0.375
    },
    "6201.68": {
      "votes": {
        "2": 1,
        "3": 1
      },
      "initial_weight": 0.625,
      "final_weight": 0.625
    },
    "6201.82": {
      "votes": {},
      "initial_weight": 0.5,
      "final_weight": 0.5
    },
    "6201.76": {
      "votes": {},
      "initial_weight": 0.5,
      "final_weight": 0.5
    },
    "6201.77": {
      "votes": {},
      "initial_weight": 0.5,
      "final_weight": 0.6323529411764706
    },
    "6201.20": {
      "votes": {},
      "initial_weight": 0.5,
      "final_weight": 0.5
    },
    "6201.73": {
      "votes": {},
      "initial_weight": 0.5,
      "final_weight": 0.5
    },
    "6201.15": {
      "votes": {
        "4": 1
      },
      "initial_weight": 1.0,
      "final_weight": 1.0
    },
    "6201.63": {
      "votes": {},
      "initial_weight": 0.5,
      "final_weight": 0.5
    },
    "6201.56": {
      "votes": {},
      "initial_weight": 0.5,
      "final_weight": 0.6799999999999999
    },
    "6201.31": {
      "votes": {
        "3": 1
      },
      "initial_weight": 0.75,
      "final_weight": 0.75
    },
    "6201.10": {
      "votes": {
        "3": 1,
        "2": 1
      },
      "initial_weight": 0.625,
      "final_weight": 0.625
    },
    "6201.11": {
      "votes": {
        "3": 2
      },
      "initial_weight": 0.75,
      "final_weight": 0.75
    },
    "6201.12": {
      "votes": {
        "1": 1,
        "3": 1
      },
      "initial_weight": 0.5,
      "final_weight": 0.5
    },
    "6201.60": {
      "votes": {
        "3": 1
      },
      "initial_weight": 0.75,
      "final_weight": 0.75
    },
    "6201.36": {
      "votes": {},
      "initial_weight": 0.5,
      "final_weight": 0.5
    },
    "6201.62": {
      "votes": {
        "3": 1
      },
      "initial_weight": 0.75,
      "final_weight": 0.75
    },
    "6201.136": {
      "votes": {},
      "initial_weight": 0.5,
      "final_weight": 0.5
    },
    "6201.58": {
      "votes": {
        "2": 1
      },
      "initial_weight": 0.5,
      "final_weight": 0.5
    },
    "6201.59": {
      "votes": {
        "3": 1
      },
      "initial_weight": 0.75,
      "final_weight": 0.75
    },
    "6201.35": {
      "votes": {
        "4": 1
      },
      "initial_weight": 1.0,
      "final_weight": 1.0
    },
    "6201.37": {
      "votes": {
        "3": 1
      },
      "initial_weight": 0.75,
      "final_weight": 0.75
    },
    "6201.67": {
      "votes": {},
      "initial_weight": 0.5,
      "final_weight": 0.5
    },
    "6201.70": {
      "votes": {},
      "initial_weight": 0.5,
      "final_weight": 0.5
    },
    "6201.78": {
      "votes": {},
      "initial_weight": 0.5,
      "final_weight": 0.6
    },
    "6201.57": {
      "votes": {
        "3": 2
      },
      "initial_weight": 0.75,
      "final_weight": 0.75
    },
    "6201.79": {
      "votes": {},
      "initial_weight": 0.5,
      "final_weight": 0.5
    }
  },
  "edges": {
    "6201.1": {
      "successor_id": "6201.0",
      "relation": 0.0
    },
    "6201.2": {
      "successor_id": "6201.1",
      "relation": 1.0
    },
    "6201.5": {
      "successor_id": "6201.1",
      "relation": -1.0
    },
    "6201.7": {
      "successor_id": "6201.1",
      "relation": 1.0
    },
    "6201.8": {
      "successor_id": "6201.25",
      "relation": 1.0
    },
    "6201.17": {
      "successor_id": "6201.1",
      "relation": 1.0
    },
    "6201.25": {
      "successor_id": "6201.1",
      "relation": -1.0
    },
    "6201.38": {
      "successor_id": "6201.1",
      "relation": -1.0
    },
    "6201.65": {
      "successor_id": "6201.1",
      "relation": -1.0
    },
    "6201.75": {
      "successor_id": "6201.1",
      "relation": 1.0
    },
    "6201.19": {
      "successor_id": "6201.2",
      "relation": -1.0
    },