{
  "nodes": {
    "63469.0": {
      "votes": {},
      "initial_weight": 0.5,
      "final_weight": 0.5
    },
    "63469.3": {
      "votes": {},
      "initial_weight": 0.5,
      "final_weight": 0.12253793611060149
    },
    "63469.16": {
      "votes": {},
      "initial_weight": 0.5,
      "final_weight": 0.8778715116469633
    },
    "63469.5": {
      "votes": {},
      "initial_weight": 0.5,
      "final_weight": 0.4216595638004513
    },
    "63469.35": {
      "votes": {},
      "initial_weight": 0.5,
      "final_weight": 0.6323529411764706
    },
    "63469.61": {
      "votes": {},
      "initial_weight": 0.5,
      "final_weight": 0.6
    },
    "63469.63": {
      "votes": {},
      "initial_weight": 0.5,
      "final_weight": 0.4
    },
    "63469.17": {
      "votes": {},
      "initial_weight": 0.5,
      "final_weight": 0.4665331236341168
    },
    "63469.14": {
      "votes": {},
      "initial_weight": 0.5,
      "final_weight": 0.3146074754655156
    },
    "63469.12": {
      "votes": {},
      "initial_weight": 0.5,
      "final_weight": 0.4884393063583815
    },
    "63469.15": {
      "votes": {},
      "initial_weight": 0.5,
      "final_weight": 0.47058823529411764
    },
    "63469.13": {
      "votes": {},
      "initial_weight": 0.5,
      "final_weight": 0.485355850441305
    },
    "63469.31": {
      "votes": {},
      "initial_weight": 0.5,
      "final_weight": 0.43103448275862066
    },
    "63469.59": {
      "votes": {},
      "initial_weight": 0.5,
      "final_weight": 0.6
    },
    "63469.79": {
      "votes": {},
      "initial_weight": 0.5,
      "final_weight": 0.5
    },
    "63469.65": {
      "votes": {},
      "initial_weight": 0.5,
      "final_weight": 0.5
    },
    "63469.29": {
      "votes": {},
      "initial_weight": 0.5,
      "final_weight": 0.2678343949044586
    },
    "63469.25": {
      "votes": {},
      "initial_weight": 0.5,
      "final_weight": 0.4
    },
    "63469.27": {
      "votes": {},
      "initial_weight": 0.5,
      "final_weight": 0.36764705882352944
    },
    "63469.23": {
      "votes": {},
      "initial_weight": 0.5,
      "final_weight": 0.15384615384615385
    },
    "63469.21": {
      "votes": {},
      "initial_weight": 0.5,
      "final_weight": 0.25
    },
    "63469.19": {
      "votes": {},
      "initial_weight": 0.5,
      "final_weight": 0.17370084987197826
    },
    "63469.33": {
      "votes": {},
      "initial_weight": 0.5,
      "final_weight": 0.4
    },
    "63469.88": {
      "votes": {},
      "initial_weight": 0.5,
      "final_weight": 0.5
    },
    "63469.37": {
      "votes": {},
      "initial_weight": 0.5,
      "final_weight": 0.43103448275862066
    },
    "63469.39": {
      "votes": {},
      "initial_weight": 0.5,
      "final_weight": 0.5
    },
    "63469.47": {
      "votes": {},
      "initial_weight": 0.5,
      "final_weight": 0.5
    },
    "63469.45": {
      "votes": {},
      "initial_weight": 0.5,
      "final_weight": 0.6
    },
    "63469.41": {
      "votes": {},
      "initial_weight": 0.5,
      "final_weight": 0.5
    },
    "63469.43": {
      "votes": {},
      "initial_weight": 0.5,
      "final_weight": 0.5
    },
    "63469.92": {
      "votes": {},
      "initial_weight": 0.5,
      "final_weight": 0.5
    },
    "63469.51": {
      "votes": {},
      "initial_weight": 0.5,
      "final_weight": 0.5
    },
    "63469.53": {
      "votes": {},
      "initial_weight": 0.5,
      "final_weight": 0.5
    },
    "63469.55": {
      "votes": {},
      "initial_weight": 0.5,
      "final_weight": 0.4
    },
    "63469.57": {
      "votes": {},
      "initial_weight": 0.5,
      "final_weight": 0.5
    },
    "63469.71": {
      "votes": {},
      "initial_weight": 0.5,
      "final_weight": 0.47058823529411764
    },
    "63469.49": {
      "votes": {},
      "initial_weight": 0.5,
      "final_weight": 0.5
    },
    "63469.75": {
      "votes": {},
      "initial_weight": 0.5,
      "final_weight": 0.4
    },
    "63469.90": {
      "votes": {},
      "initial_weight": 0.5,
      "final_weight": 0.5
    },
    "63469.67": {
      "votes": {},
      "initial_weight": 0.5,
      "final_weight": 0.5
    },
    "63469.73": {
      "votes": {},
      "initial_weight": 0.5,
      "final_weight": 0.25
    },
    "63469.82": {
      "votes": {},
      "initial_weight": 0.5,
      "final_weight": 0.5
    },
    "63469.84": {
      "votes": {},
      "initial_weight": 0.5,
      "final_weight": 0.5
    },
    "63469.86": {
      "votes": {},
      "initial_weight": 0.5,
      "final_weight": 0.5
    }
  },
  "edges": {
    "63469.3": {
      "successor_id": "63469.0",
      "relation": 0.0
    },
    "63469.16": {
      "successor_id": "63469.3",
      "relation": -1.0
    },
    "63469.5": {
      "successor_id": "63469.3",
      "relation": 1.0
    },
    "63469.35": {
      "successor_id": "63469.3",
      "relation": -1.0
    },
    "63469.61": {
      "successor_id": "63469.3",
      "relation": -1.0
    },
    "63469.63": {
      "successor_id": "63469.3",
      "relation": 1.0
    },
    "63469.17": {
      "successor_id": "63469.3",
      "relation": -1.0
    },
    "63469.14": {
      "successor_id": "63469.16",
      "relation": 1.0
    },
    "63469.12": {
      "successor_id": "63469.16",
      "relation": 1.0
    },
    "63469.15": {
      "successor_id": "63469.16",
      "relation": 1.0
    },
    "63469.13": {
      "successor_id": "63469.16",
      "relation": 1.0
    },
    "63469.31": {
      "successor_id": "63469.5",
      "relation": -1.0
    },
    "63469.59": {
      "successor_id": "63469.35",
      "relation": 1.0
    },
    "63469.79": {
      "successor_id": "63469.61",
      "relation": 1.0
    },
    "63469.65": {
      "successor_id": "63469.63",
      "relation": -1.0
    },
    "63469.29": {
      "successor_id": "63469.17",
      "relation": -1.0
    },
    "63469.25": {
      "successor_id": "63469.14",
      "relation": -1.0
    },
    "63469.27": {
      "successor_id": "63469.14",
      "relation": -1.0
    },
    "63469.23": {
      "successor_id": "63469.12",
      "relation": -1.0
    },
    "63469.21": {
      "successor_id": "63469.15",
      "relation": -1.0
    },
    "63469.19": {
      "successor_id": "63469.13",
      "relation": -1.0
    },
    "63469.33": {
      "successor_id": "63469.31",
      "relation": -1.0
    },
    "63469.88": {
      "successor_id": "63469.59",
      "relation": 1.0
    },
    "63469.37": {
      "successor_id": "63469.29",
      "relation": -1.0
    },
    "63469.39": {
      "successor_id": "63469.29",
      "relation": -1.0
    },
    "63469.47": {
      "successor_id": "63469.25",
      "relation": -1.0
    },
    "63469.45": {
      "successor_id": "63469.27",
      "relation": -1.0
    },
    "63469.41": {
      "successor_id": "63469.23",
      "relation": -1.0
    },
    "63469.43": {
      "successor_id": "63469.23",
      "relation": -1.0
    },
    "63469.92": {
      "successor_id": "63469.23",
      "relation": -1.0
    },
    "63469.51": {
      "successor_id": "63469.21",
      "relation": -1.0
    },
    "63469.53": {
      "successor_id": "63469.21",
      "relation": -1.0
    },
    "63469.55": {
      "successor_id": "63469.19",
      "relation": -1.0
    },
    "63469.57": {
      "successor_id": "63469.19",
      "relation": -1.0
    },
    "63469.71": {
      "successor_id": "63469.19",
      "relation": -1.0
    },
    "63469.49": {
      "successor_id": "63469.33",
      "relation": -1.0
    },
    "63469.75": {
      "successor_id": "63469.37",
      "relation": -1.0
    },
    "63469.90": {
      "successor_id": "63469.45",
      "relation": 1.0
    },
    "63469.67": {
      "successor_id": "63469.55",
      "relation": -1.0
    },
    "63469.73": {
      "successor_id": "63469.71",
      "relation": -1.0
    },
    "63469.82": {
      "successor_id": "63469.75",
      "relation": -1.0
    },