{
  "nodes": {
    "6360.0": {
      "votes": {},
      "initial_weight": 0.5,
      "final_weight": 0.5
    },
    "6360.1": {
      "votes": {
        "4": 1,
        "0": 1,
        "2": 1
      },
      "initial_weight": 0.5,
      "final_weight": 0.8248828735033836
    },
    "6360.2": {
      "votes": {
        "3": 1,
        "4": 1
      },
      "initial_weight": 0.875,
      "final_weight": 0.9639214716084087
    },
    "6360.3": {
      "votes": {},
      "initial_weight": 0.5,
      "final_weight": 0.33242192602646736
    },
    "6360.4": {
      "votes": {
        "1": 1,
        "4": 1
      },
      "initial_weight": 0.625,
      "final_weight": 0.4595588235294118
    },
    "6360.5": {
      "votes": {
        "1": 1,
        "0": 1,
        "4": 2,
        "3": 1
      },
      "initial_weight": 0.6,
      "final_weight": 0.8712799385198904
    },
    "6360.6": {
      "votes": {
        "0": 1,
        "1": 1,
        "3": 1
      },
      "initial_weight": 0.3333333333333333,
      "final_weight": 0.25951557093425603
    },
    "6360.7": {
      "votes": {
        "0": 1,
        "4": 1,
        "1": 1
      },
      "initial_weight": 0.4166666666666667,
      "final_weight": 0.0646551724137931
    },
    "6360.35": {
      "votes": {
        "3": 1,
        "2": 1,
        "0": 1
      },
      "initial_weight": 0.4166666666666667,
      "final_weight": 0.2666666666666667
    },
    "6360.20": {
      "votes": {
        "0": 1
      },
      "initial_weight": 0.0,
      "final_weight": 0.13793103448275862
    },
    "6360.30": {
      "votes": {
        "4": 1
      },
      "initial_weight": 1.0,
      "final_weight": 1.0
    },
    "6360.50": {
      "votes": {},
      "initial_weight": 0.5,
      "final_weight": 0.5
    },
    "6360.14": {
      "votes": {
        "3": 1,
        "4": 2
      },
      "initial_weight": 0.9166666666666666,
      "final_weight": 0.4583333333333333
    },
    "6360.15": {
      "votes": {
        "1": 1,
        "4": 1
      },
      "initial_weight": 0.625,
      "final_weight": 0.13840830449826985
    },
    "6360.25": {
      "votes": {
        "1": 1,
        "3": 1
      },
      "initial_weight": 0.5,
      "final_weight": 0.5
    },
    "6360.57": {
      "votes": {
        "4": 2
      },
      "initial_weight": 1.0,
      "final_weight": 1.0
    },
    "6360.58": {
      "votes": {
        "3": 1
      },
      "initial_weight": 0.75,
      "final_weight": 0.75
    },
    "6360.8": {
      "votes": {
        "4": 1,
        "3": 1
      },
      "initial_weight": 0.875,
      "final_weight": 0.31000885739592565
    },
    "6360.121": {
      "votes": {
        "4": 1
      },
      "initial_weight": 1.0,
      "final_weight": 1.0
    },
    "6360.131": {
      "votes": {},
      "initial_weight": 0.5,
      "final_weight": 0.6
    },
    "6360.48": {
      "votes": {},
      "initial_weight": 0.5,
      "final_weight": 0.4
    },
    "6360.49": {
      "votes": {
        "4": 1
      },
      "initial_weight": 1.0,
      "final_weight": 1.0
    },
    "6360.10": {
      "votes": {
        "4": 1,
        "3": 2,
        "2": 1
      },
      "initial_weight": 0.75,
      "final_weight": 0.75
    },
    "6360.11": {
      "votes": {
        "1": 1,
        "4": 1,
        "0": 1
      },
      "initial_weight": 0.4166666666666667,
      "final_weight": 0.09827044025157233
    },
    "6360.18": {
      "votes": {
        "3": 1
      },
      "initial_weight": 0.75,
      "final_weight": 0.6
    },
    "6360.27": {
      "votes": {
        "4": 1
      },
      "initial_weight": 1.0,
      "final_weight": 0.8
    },
    "6360.41": {
      "votes": {},
      "initial_weight": 0.5,
      "final_weight": 0.5
    },
    "6360.152": {
      "votes": {},
      "initial_weight": 0.5,
      "final_weight": 0.5
    },
    "6360.9": {
      "votes": {
        "2": 1
      },
      "initial_weight": 0.5,
      "final_weight": 0.5
    },
    "6360.16": {
      "votes": {
        "0": 1,
        "4": 2
      },
      "initial_weight": 0.6666666666666666,
      "final_weight": 0.5333333333333333
    },
    "6360.125": {
      "votes": {},
      "initial_weight": 0.5,
      "final_weight": 0.5
    },
    "6360.13": {
      "votes": {
        "4": 1
      },
      "initial_weight": 1.0,
      "final_weight": 1.0
    },
    "6360.22": {
      "votes": {
        "3": 2,
        "4": 1
      },
      "initial_weight": 0.8333333333333334,
      "final_weight": 0.8333333333333334
    },
    "6360.23": {
      "votes": {
        "4": 1
      },
      "initial_weight": 1.0,
      "final_weight": 1.0
    },
    "6360.28": {
      "votes": {
        "4": 1
      },
      "initial_weight": 1.0,
      "final_weight": 1.0
    },
    "6360.29": {
      "votes": {
        "0": 1
      },
      "initial_weight": 0.0,
      "final_weight": 0.0
    },
    "6360.40": {
      "votes": {
        "3": 1,
        "2": 1
      },
      "initial_weight": 0.625,
      "final_weight": 0.5
    },
    "6360.148": {
      "votes": {},
      "initial_weight": 0.5,
      "final_weight": 0.5
    },
    "6360.146": {
      "votes": {},
      "initial_weight": 0.5,
      "final_weight": 0.5
    },
    "6360.45": {
      "votes": {
        "4": 1
      },
      "initial_weight": 1.0,
      "final_weight": 1.0
    },
    "6360.46": {
      "votes": {},
      "initial_weight": 0.5,
      "final_weight": 0.25
    },
    "6360.53": {
      "votes": {},
      "initial_weight": 0.5,
      "final_weight": 0.5
    },
    "6360.135": {
      "votes": {},
      "initial_weight": 0.5,
      "final_weight": 0.4
    },
    "6360.33": {
      "votes": {},
      "initial_weight": 0.5,
      "final_weight": 0.5
    },
    "6360.34": {
      "votes": {},
      "initial_weight": 0.5,
      "final_weight": 0.5
    },
    "6360.19": {
      "votes": {},
      "initial_weight": 0.5,
      "final_weight": 0.5
    },
    "6360.26": {
      "votes": {},
      "initial_weight": 0.5,
      "final_weight": 0.5
    },
    "6360.138": {
      "votes": {
        "4": 1
      },
      "initial_weight": 1.0,
      "final_weight": 1.0
    },
    "6360.140": {
      "votes": {
        "4": 1,
        "3": 1
      },
      "initial_weight": 0.875,
      "final_weight": 0.875
    },
    "6360.142": {
      "votes": {
        "2": 1
      },
      "initial_weight": 0.5,
      "final_weight": 0.5
    },
    "6360.24": {
      "votes": {
        "3": 1
      },
      "initial_weight": 0.75,
      "final_weight": 0.6
    },
    "6360.39": {
      "votes": {
        "3": 1
      },
      "initial_weight": 0.75,
      "final_weight": 0.75
    },
    "6360.123": {
      "votes": {},
      "initial_weight": 0.5,
      "final_weight": 0.5
    },
    "6360.133": {
      "votes": {},
      "initial_weight": 0.5,
      "final_weight": 0.5
    },
    "6360.127": {
      "votes": {},
      "initial_weight": 0.5,
      "final_weight": 0.5
    },
    "6360.144": {
      "votes": {},
      "initial_weight": 0.5,
      "final_weight": 0.5
    },
    "6360.12": {
      "votes": {
        "4": 1
      },
      "initial_weight": 1.0,
      "final_weight": 0.8
    },
    "6360.37": {
      "votes": {},
      "initial_weight": 0.5,
      "final_weight": 0.5
    },
    "6360.42": {
      "votes": {},
      "initial_weight": 0.5,
      "final_weight": 0.5
    },
    "6360.44": {
      "votes": {},
      "initial_weight": 0.5,
      "final_weight": 0.5
    },
    "6360.31": {
      "votes": {},
      "initial_weight": 0.5,
      "final_weight": 0.5
    },
    "6360.43": {
      "votes": {},
      "initial_weight": 0.5,
      "final_weight": 0.5
    },
    "6360.32": {
      "votes": {},
      "initial_weight": 0.5,
      "final_weight": 0.5
    },
    "6360.129": {
      "votes": {},
      "initial_weight": 0.5,
      "final_weight": 0.5
    },
    "6360.47": {
      "votes": {},
      "initial_weight": 0.5,
      "final_weight": 0.5
    },
    "6360.150": {
      "votes": {},