{
  "nodes": {
    "63678.0": {
      "votes": {},
      "initial_weight": 0.5,
      "final_weight": 0.5
    },
    "63678.3": {
      "votes": {
        "0": 3,
        "4": 1,
        "2": 1
      },
      "initial_weight": 0.3,
      "final_weight": 0.04628801143472194
    },
    "63678.7": {
      "votes": {
        "3": 1,
        "1": 2
      },
      "initial_weight": 0.4166666666666667,
      "final_weight": 0.39215686274509803
    },
    "63678.9": {
      "votes": {
        "1": 2
      },
      "initial_weight": 0.25,
      "final_weight": 0.07022471910112357
    },
    "63678.11": {
      "votes": {
        "3": 2,
        "4": 3
      },
      "initial_weight": 0.9,
      "final_weight": 0.9795753055681584
    },
    "63678.15": {
      "votes": {
        "3": 1,
        "4": 3,
        "0": 1
      },
      "initial_weight": 0.75,
      "final_weight": 0.9176269300452311
    },
    "63678.124": {
      "votes": {
        "4": 4
      },
      "initial_weight": 1.0,
      "final_weight": 1.0
    },
    "63678.126": {
      "votes": {
        "3": 1,
        "1": 1,
        "0": 1
      },
      "initial_weight": 0.3333333333333333,
      "final_weight": 0.09363295880149808
    },
    "63678.23": {
      "votes": {},
      "initial_weight": 0.5,
      "final_weight": 0.5
    },
    "63678.41": {
      "votes": {},
      "initial_weight": 0.5,
      "final_weight": 0.5
    },
    "63678.227": {
      "votes": {
        "3": 1
      },
      "initial_weight": 0.75,
      "final_weight": 0.75
    },
    "63678.331": {
      "votes": {},
      "initial_weight": 0.5,
      "final_weight": 0.5
    },
    "63678.21": {
      "votes": {
        "3": 1
      },
      "initial_weight": 0.75,
      "final_weight": 0.75
    },
    "63678.55": {
      "votes": {},
      "initial_weight": 0.5,
      "final_weight": 0.6
    },
    "63678.138": {
      "votes": {
        "4": 2
      },
      "initial_weight": 1.0,
      "final_weight": 1.0
    },
    "63678.255": {
      "votes": {
        "0": 1
      },
      "initial_weight": 0.0,
      "final_weight": 0.0
    },
    "63678.272": {
      "votes": {},
      "initial_weight": 0.5,
      "final_weight": 0.5
    },
    "63678.274": {
      "votes": {},
      "initial_weight": 0.5,
      "final_weight": 0.25
    },
    "63678.160": {
      "votes": {
        "4": 1
      },
      "initial_weight": 1.0,
      "final_weight": 1.0
    },
    "63678.241": {
      "votes": {},
      "initial_weight": 0.5,
      "final_weight": 0.5
    },
    "63678.57": {
      "votes": {},
      "initial_weight": 0.5,
      "final_weight": 0.5
    },
    "63678.93": {
      "votes": {
        "4": 1
      },
      "initial_weight": 1.0,
      "final_weight": 1.0
    },
    "63678.5": {
      "votes": {
        "1": 1
      },
      "initial_weight": 0.25,
      "final_weight": 0.02616260056249592
    },
    "63678.77": {
      "votes": {
        "3": 1
      },
      "initial_weight": 0.75,
      "final_weight": 0.75
    },
    "63678.87": {
      "votes": {
        "4": 1
      },
      "initial_weight": 1.0,
      "final_weight": 1.0
    },
    "63678.89": {
      "votes": {
        "0": 1
      },
      "initial_weight": 0.0,
      "final_weight": 0.0
    },
    "63678.140": {
      "votes": {
        "1": 1
      },
      "initial_weight": 0.25,
      "final_weight": 0.07347538574577517
    },
    "63678.142": {
      "votes": {
        "0": 1
      },
      "initial_weight": 0.0,
      "final_weight": 0.0
    },
    "63678.79": {
      "votes": {},
      "initial_weight": 0.5,
      "final_weight": 0.5
    },
    "63678.341": {
      "votes": {
        "1": 1
      },
      "initial_weight": 0.25,
      "final_weight": 0.25
    },
    "63678.176": {
      "votes": {},
      "initial_weight": 0.5,
      "final_weight": 0.47058823529411764
    },
    "63678.283": {
      "votes": {},
      "initial_weight": 0.5,
      "final_weight": 0.4
    },
    "63678.257": {
      "votes": {},
      "initial_weight": 0.5,
      "final_weight": 0.5
    },
    "63678.19": {
      "votes": {},
      "initial_weight": 0.5,
      "final_weight": 0.5
    },
    "63678.129": {
      "votes": {
        "4": 1
      },
      "initial_weight": 1.0,
      "final_weight": 1.0
    },
    "63678.13": {
      "votes": {},
      "initial_weight": 0.5,
      "final_weight": 0.6
    },
    "63678.193": {
      "votes": {
        "0": 1
      },
      "initial_weight": 0.0,
      "final_weight": 0.0
    },
    "63678.191": {
      "votes": {
        "0": 2
      },
      "initial_weight": 0.0,
      "final_weight": 0.0
    },
    "63678.262": {
      "votes": {},
      "initial_weight": 0.5,
      "final_weight": 0.5
    },
    "63678.260": {
      "votes": {},
      "initial_weight": 0.5,
      "final_weight": 0.5
    },
    "63678.17": {
      "votes": {},
      "initial_weight": 0.5,
      "final_weight": 0.5
    },
    "63678.334": {
      "votes": {},
      "initial_weight": 0.5,
      "final_weight": 0.5
    },
    "63678.247": {
      "votes": {},
      "initial_weight": 0.5,
      "final_weight": 0.5
    },
    "63678.320": {
      "votes": {},
      "initial_weight": 0.5,
      "final_weight": 0.6
    },
    "63678.243": {
      "votes": {},
      "initial_weight": 0.5,
      "final_weight": 0.5
    },
    "63678.245": {
      "votes": {},
      "initial_weight": 0.5,
      "final_weight": 0.5
    },
    "63678.73": {
      "votes": {},
      "initial_weight": 0.5,
      "final_weight": 0.5
    },
    "63678.264": {
      "votes": {},
      "initial_weight": 0.5,
      "final_weight": 0.5
    },
    "63678.69": {
      "votes": {},
      "initial_weight": 0.5,
      "final_weight": 0.5
    },
    "63678.267": {
      "votes": {},
      "initial_weight": 0.5,
      "final_weight": 0.5
    },
    "63678.110": {
      "votes": {},
      "initial_weight": 0.5,
      "final_weight": 0.5
    },
    "63678.114": {
      "votes": {
        "1": 1
      },
      "initial_weight": 0.25,
      "final_weight": 0.125
    },
    "63678.33": {
      "votes": {
        "2": 1,
        "3": 1
      },
      "initial_weight": 0.625,
      "final_weight": 0.625
    },
    "63678.35": {
      "votes": {
        "4": 2
      },
      "initial_weight": 1.0,
      "final_weight": 1.0
    },
    "63678.49": {
      "votes": {
        "1": 1
      },
      "initial_weight": 0.25,
      "final_weight": 0.25
    },
    "63678.233": {
      "votes": {
        "4": 1
      },
      "initial_weight": 1.0,
      "final_weight": 1.0
    },
    "63678.235": {
      "votes": {
        "3": 1
      },
      "initial_weight": 0.75,
      "final_weight": 0.75
    },
    "63678.295": {
      "votes": {
        "0": 1
      },
      "initial_weight": 0.0,
      "final_weight": 0.2
    },
    "63678.207": {
      "votes": {
        "2": 1
      },
      "initial_weight": 0.5,
      "final_weight": 0.5
    },
    "63678.329": {
      "votes": {},
      "initial_weight": 0.5,
      "final_weight": 0.5
    },
    "63678.95": {
      "votes": {
        "3": 1
      },
      "initial_weight": 0.75,
      "final_weight": 0.875
    },
    "63678.105": {
      "votes": {},
      "initial_weight": 0.5,
      "final_weight": 0.5
    },
    "63678.148": {
      "votes": {
        "3": 1
      },
      "initial_weight": 0.75,
      "final_weight": 0.8
    },
    "63678.158": {
      "votes": {
        "4": 1
      },
      "initial_weight": 1.0,
      "final_weight": 1.0
    },
    "63678.325": {
      "votes": {
        "1": 1
      },
      "initial_weight": 0.25,
      "final_weight": 0.25
    },
    "63678.327": {
      "votes": {},
      "initial_weight": 0.5,
      "final_weight": 0.5
    },
    "63678.229": {
      "votes": {},
      "initial_weight": 0.5,
      "final_weight": 0.5
    },
    "63678.37": {
      "votes": {},
      "initial_weight": 0.5,
      "final_weight": 0.25
    },
    "63678.287": {
      "votes": {},
      "initial_weight": 0.5,
      "final_weight": 0.5
    },