{
  "nodes": {
    "7176.0": {
      "votes": {},
      "initial_weight": 0.5,
      "final_weight": 0.5
    },
    "7176.1": {
      "votes": {
        "2": 1,
        "0": 1
      },
      "initial_weight": 0.25,
      "final_weight": 0.007644429415073595
    },
    "7176.2": {
      "votes": {
        "3": 1,
        "4": 2,
        "0": 3
      },
      "initial_weight": 0.4583333333333333,
      "final_weight": 0.4583333333333333
    },
    "7176.3": {
      "votes": {
        "3": 1,
        "1": 1,
        "0": 3
      },
      "initial_weight": 0.2,
      "final_weight": 0.1
    },
    "7176.4": {
      "votes": {
        "0": 3
      },
      "initial_weight": 0.0,
      "final_weight": 0.2
    },
    "7176.5": {
      "votes": {
        "1": 1,
        "0": 2
      },
      "initial_weight": 0.08333333333333333,
      "final_weight": 0.041666666666666664
    },
    "7176.6": {
      "votes": {
        "4": 4,
        "2": 1
      },
      "initial_weight": 0.9,
      "final_weight": 0.9137931034482759
    },
    "7176.7": {
      "votes": {
        "3": 1,
        "4": 4
      },
      "initial_weight": 0.95,
      "final_weight": 0.8941176470588235
    },
    "7176.9": {
      "votes": {
        "3": 1,
        "4": 2,
        "2": 1
      },
      "initial_weight": 0.8125,
      "final_weight": 0.52
    },
    "7176.10": {
      "votes": {
        "2": 1,
        "0": 2
      },
      "initial_weight": 0.16666666666666666,
      "final_weight": 0.16666666666666666
    },
    "7176.13": {
      "votes": {
        "3": 1,
        "4": 2,
        "0": 1
      },
      "initial_weight": 0.6875,
      "final_weight": 0.713302752293578
    },
    "7176.14": {
      "votes": {
        "4": 4
      },
      "initial_weight": 1.0,
      "final_weight": 1.0
    },
    "7176.38": {
      "votes": {
        "4": 4
      },
      "initial_weight": 1.0,
      "final_weight": 1.0
    },
    "7176.45": {
      "votes": {
        "4": 6,
        "0": 1
      },
      "initial_weight": 0.8571428571428571,
      "final_weight": 0.956043956043956
    },
    "7176.61": {
      "votes": {},
      "initial_weight": 0.5,
      "final_weight": 0.6
    },
    "7176.27": {
      "votes": {},
      "initial_weight": 0.5,
      "final_weight": 0.5
    },
    "7176.66": {
      "votes": {},
      "initial_weight": 0.5,
      "final_weight": 0.5
    },
    "7176.35": {
      "votes": {
        "4": 1
      },
      "initial_weight": 1.0,
      "final_weight": 1.0
    },
    "7176.43": {
      "votes": {},
      "initial_weight": 0.5,
      "final_weight": 0.5
    },
    "7176.36": {
      "votes": {},
      "initial_weight": 0.5,
      "final_weight": 0.5
    },
    "7176.37": {
      "votes": {},
      "initial_weight": 0.5,
      "final_weight": 0.5
    },
    "7176.25": {
      "votes": {
        "2": 1
      },
      "initial_weight": 0.5,
      "final_weight": 0.5
    },
    "7176.32": {
      "votes": {},
      "initial_weight": 0.5,
      "final_weight": 0.4
    },
    "7176.41": {
      "votes": {},
      "initial_weight": 0.5,
      "final_weight": 0.5
    },
    "7176.24": {
      "votes": {
        "1": 1
      },
      "initial_weight": 0.25,
      "final_weight": 0.25
    },
    "7176.16": {
      "votes": {
        "1": 1
      },
      "initial_weight": 0.25,
      "final_weight": 0.25
    },
    "7176.17": {
      "votes": {
        "2": 1
      },
      "initial_weight": 0.5,
      "final_weight": 0.5
    },
    "7176.22": {
      "votes": {},
      "initial_weight": 0.5,
      "final_weight": 0.5
    },
    "7176.30": {
      "votes": {},
      "initial_weight": 0.5,
      "final_weight": 0.5
    },
    "7176.15": {
      "votes": {
        "2": 1
      },
      "initial_weight": 0.5,
      "final_weight": 0.5
    },
    "7176.19": {
      "votes": {
        "4": 1
      },
      "initial_weight": 1.0,
      "final_weight": 0.8
    },
    "7176.21": {
      "votes": {
        "2": 1
      },
      "initial_weight": 0.5,
      "final_weight": 0.5
    },
    "7176.29": {
      "votes": {},
      "initial_weight": 0.5,
      "final_weight": 0.5
    },
    "7176.20": {
      "votes": {
        "2": 1
      },
      "initial_weight": 0.5,
      "final_weight": 0.5
    },
    "7176.28": {
      "votes": {},
      "initial_weight": 0.5,
      "final_weight": 0.5
    },
    "7176.8": {
      "votes": {},
      "initial_weight": 0.5,
      "final_weight": 0.25
    },
    "7176.46": {
      "votes": {},
      "initial_weight": 0.5,
      "final_weight": 0.5
    },
    "7176.47": {
      "votes": {
        "4": 2
      },
      "initial_weight": 1.0,
      "final_weight": 1.0
    },
    "7176.53": {
      "votes": {},
      "initial_weight": 0.5,
      "final_weight": 0.5
    },
    "7176.60": {
      "votes": {},
      "initial_weight": 0.5,
      "final_weight": 0.5
    },
    "7176.42": {
      "votes": {},
      "initial_weight": 0.5,
      "final_weight": 0.5
    },
    "7176.26": {
      "votes": {},
      "initial_weight": 0.5,
      "final_weight": 0.5
    },
    "7176.18": {
      "votes": {},
      "initial_weight": 0.5,
      "final_weight": 0.5
    },
    "7176.23": {
      "votes": {},
      "initial_weight": 0.5,
      "final_weight": 0.5
    },
    "7176.31": {
      "votes": {},
      "initial_weight": 0.5,
      "final_weight": 0.5
    },
    "7176.51": {
      "votes": {},
      "initial_weight": 0.5,
      "final_weight": 0.5
    }
  },
  "edges": {
    "7176.1": {
      "successor_id": "7176.0",
      "relation": 0.0
    },
    "7176.2": {
      "successor_id": "7176.1",
      "relation": 1.0
    },
    "7176.3": {
      "successor_id": "7176.1",
      "relation": 1.0
    },
    "7176.4": {
      "successor_id": "7176.1",
      "relation": 1.0
    },
    "7176.5": {
      "successor_id": "7176.1",
      "relation": 1.0
    },
    "7176.6": {
      "successor_id": "7176.1",
      "relation": -1.0
    },
    "7176.7": {
      "successor_id": "7176.1",
      "relation": -1.0
    },
    "7176.9": {
      "successor_id": "7176.1",
      "relation": -1.0
    },
    "7176.10": {
      "successor_id": "7176.1",
      "relation": 1.0
    },
    "7176.13": {
      "successor_id": "7176.1",
      "relation": -1.0
    },
    "7176.14": {
      "successor_id": "7176.1",
      "relation": -1.0
    },
    "7176.38": {
      "successor_id": "7176.1",
      "relation": -1.0
    },
    "7176.45": {
      "successor_id": "7176.1",
      "relation": -1.0
    },
    "7176.61": {
      "successor_id": "7176.1",
      "relation": -1.0
    },
    "7176.27": {
      "successor_id": "7176.2",
      "relation": -1.0
    },
    "7176.66": {
      "successor_id": "7176.2",
      "relation": 1.0
    },
    "7176.35": {
      "successor_id": "7176.3",
      "relation": -1.0
    },
    "7176.43": {
      "successor_id": "7176.4",
      "relation": 1.0
    },
    "7176.36": {
      "successor_id": "7176.5",
      "relation": -1.0
    },
    "7176.37": {
      "successor_id": "7176.5",
      "relation": -1.0
    },
    "7176.25": {
      "successor_id": "7176.6",
      "relation": -1.0
    },
    "7176.32": {
      "successor_id": "7176.6",
      "relation": 1.0
    },
    "7176.41": {
      "successor_id": "7176.6",
      "relation": 1.0
    },
    "7176.24": {
      "successor_id": "7176.7",
      "relation": -1.0
    },
    "7176.16": {
      "successor_id": "7176.9",
      "relation": -1.0
    },
    "7176.17": {
      "successor_id": "7176.9",
      "relation": -1.0
    },
    "7176.22": {
      "successor_id": "7176.9",
      "relation": -1.0
    },
    "7176.30": {
      "successor_id": "7176.9",
      "relation": 1.0
    },
    "7176.15": {
      "successor_id": "7176.13",
      "relation": -1.0
    },
    "7176.19": {
      "successor_id": "7176.13",
      "relation": 1.0
    },
    "7176.21": {
      "successor_id": "7176.13",
      "relation": -1.0
    },
    "7176.29": {
      "successor_id": "7176.13",
      "relation": 1.0
    },