{
  "nodes": {
    "7776.0": {
      "votes": {},
      "initial_weight": 0.5,
      "final_weight": 0.5
    },
    "7776.1": {
      "votes": {
        "4": 13,
        "2": 2
      },
      "initial_weight": 0.9333333333333333,
      "final_weight": 0.9886576820748926
    },
    "7776.2": {
      "votes": {},
      "initial_weight": 0.5,
      "final_weight": 0.9122761452977326
    },
    "7776.4": {
      "votes": {
        "0": 13,
        "4": 1
      },
      "initial_weight": 0.07142857142857142,
      "final_weight": 0.0701735926077641
    },
    "7776.17": {
      "votes": {
        "1": 1,
        "3": 6,
        "0": 3,
        "2": 1,
        "4": 5
      },
      "initial_weight": 0.640625,
      "final_weight": 0.11287674810167458
    },
    "7776.24": {
      "votes": {
        "0": 1,
        "4": 6,
        "2": 1,
        "1": 1
      },
      "initial_weight": 0.75,
      "final_weight": 0.4247787610619469
    },
    "7776.34": {
      "votes": {
        "0": 4,
        "3": 1
      },
      "initial_weight": 0.15,
      "final_weight": 0.096
    },
    "7776.39": {
      "votes": {
        "4": 12,
        "0": 1,
        "2": 1,
        "3": 1
      },
      "initial_weight": 0.8833333333333333,
      "final_weight": 0.9447409320033879
    },
    "7776.61": {
      "votes": {
        "2": 1,
        "1": 1,
        "0": 1,
        "4": 1
      },
      "initial_weight": 0.4375,
      "final_weight": 0.32642487046632124
    },
    "7776.91": {
      "votes": {
        "4": 3,
        "0": 2,
        "3": 1
      },
      "initial_weight": 0.625,
      "final_weight": 0.449438202247191
    },
    "7776.92": {
      "votes": {},
      "initial_weight": 0.5,
      "final_weight": 0.5
    },
    "7776.275": {
      "votes": {},
      "initial_weight": 0.5,
      "final_weight": 0.5
    },
    "7776.277": {
      "votes": {},
      "initial_weight": 0.5,
      "final_weight": 0.5906515580736544
    },
    "7776.280": {
      "votes": {},
      "initial_weight": 0.5,
      "final_weight": 0.5
    },
    "7776.10": {
      "votes": {
        "4": 1,
        "2": 1
      },
      "initial_weight": 0.75,
      "final_weight": 0.7166605437178545
    },
    "7776.13": {
      "votes": {
        "1": 1,
        "0": 1
      },
      "initial_weight": 0.125,
      "final_weight": 0.04878048780487805
    },
    "7776.62": {
      "votes": {
        "4": 1,
        "2": 1
      },
      "initial_weight": 0.75,
      "final_weight": 0.75
    },
    "7776.87": {
      "votes": {
        "2": 1,
        "4": 1
      },
      "initial_weight": 0.75,
      "final_weight": 0.75
    },
    "7776.12": {
      "votes": {
        "0": 3,
        "2": 1
      },
      "initial_weight": 0.125,
      "final_weight": 0.1
    },
    "7776.38": {
      "votes": {
        "4": 2,
        "3": 1,
        "2": 1
      },
      "initial_weight": 0.8125,
      "final_weight": 0.8125
    },
    "7776.259": {
      "votes": {},
      "initial_weight": 0.5,
      "final_weight": 0.5
    },
    "7776.3": {
      "votes": {},
      "initial_weight": 0.5,
      "final_weight": 0.07876923076923076
    },
    "7776.50": {
      "votes": {
        "3": 1,
        "4": 1,
        "2": 1
      },
      "initial_weight": 0.75,
      "final_weight": 0.75
    },
    "7776.68": {
      "votes": {
        "4": 4
      },
      "initial_weight": 1.0,
      "final_weight": 1.0
    },
    "7776.122": {
      "votes": {
        "4": 2
      },
      "initial_weight": 1.0,
      "final_weight": 1.0
    },
    "7776.51": {
      "votes": {
        "2": 1
      },
      "initial_weight": 0.5,
      "final_weight": 0.5
    },
    "7776.71": {
      "votes": {
        "4": 1,
        "3": 1
      },
      "initial_weight": 0.875,
      "final_weight": 0.875
    },
    "7776.139": {
      "votes": {
        "2": 1
      },
      "initial_weight": 0.5,
      "final_weight": 0.5
    },
    "7776.100": {
      "votes": {
        "2": 1
      },
      "initial_weight": 0.5,
      "final_weight": 0.5
    },
    "7776.99": {
      "votes": {
        "1": 1
      },
      "initial_weight": 0.25,
      "final_weight": 0.25
    },
    "7776.104": {
      "votes": {},
      "initial_weight": 0.5,
      "final_weight": 0.5
    },
    "7776.144": {
      "votes": {
        "2": 1
      },
      "initial_weight": 0.5,
      "final_weight": 0.5
    },
    "7776.49": {
      "votes": {
        "4": 1,
        "1": 1,
        "3": 1
      },
      "initial_weight": 0.6666666666666666,
      "final_weight": 0.6666666666666666
    },
    "7776.58": {
      "votes": {
        "1": 1,
        "0": 1,
        "4": 2
      },
      "initial_weight": 0.5625,
      "final_weight": 0.11249999999999999
    },
    "7776.271": {
      "votes": {},
      "initial_weight": 0.5,
      "final_weight": 0.5
    },
    "7776.83": {
      "votes": {
        "3": 1,
        "4": 1,
        "0": 1
      },
      "initial_weight": 0.5833333333333334,
      "final_weight": 0.5833333333333334
    },
    "7776.109": {
      "votes": {
        "0": 1,
        "1": 1
      },
      "initial_weight": 0.125,
      "final_weight": 0.125
    },
    "7776.273": {
      "votes": {},
      "initial_weight": 0.5,
      "final_weight": 0.5
    },
    "7776.69": {
      "votes": {},
      "initial_weight": 0.5,
      "final_weight": 0.47058823529411764
    },
    "7776.30": {
      "votes": {
        "0": 2,
        "4": 1
      },
      "initial_weight": 0.3333333333333333,
      "final_weight": 0.3333333333333333
    },
    "7776.48": {
      "votes": {
        "0": 1,
        "4": 1,
        "3": 1
      },
      "initial_weight": 0.5833333333333334,
      "final_weight": 0.5490196078431373
    },
    "7776.21": {
      "votes": {
        "3": 1
      },
      "initial_weight": 0.75,
      "final_weight": 0.75
    },
    "7776.124": {
      "votes": {
        "2": 1
      },
      "initial_weight": 0.5,
      "final_weight": 0.5
    },
    "7776.282": {
      "votes": {},
      "initial_weight": 0.5,
      "final_weight": 0.5
    },
    "7776.9": {
      "votes": {
        "4": 2
      },
      "initial_weight": 1.0,
      "final_weight": 1.0
    },
    "7776.15": {
      "votes": {
        "0": 1,
        "1": 1,
        "3": 1
      },
      "initial_weight": 0.3333333333333333,
      "final_weight": 0.3333333333333333
    },
    "7776.19": {
      "votes": {
        "2": 2,
        "1": 1,
        "4": 1
      },
      "initial_weight": 0.5625,
      "final_weight": 0.5625
    },
    "7776.23": {
      "votes": {
        "2": 2
      },
      "initial_weight": 0.5,
      "final_weight": 0.5
    },
    "7776.70": {
      "votes": {
        "4": 2,
        "3": 1
      },
      "initial_weight": 0.9166666666666666,
      "final_weight": 0.9166666666666666
    },
    "7776.93": {
      "votes": {
        "4": 1
      },
      "initial_weight": 1.0,
      "final_weight": 1.0
    },
    "7776.126": {
      "votes": {
        "4": 2
      },
      "initial_weight": 1.0,
      "final_weight": 1.0
    },
    "7776.129": {
      "votes": {
        "0": 1
      },
      "initial_weight": 0.0,
      "final_weight": 0.0
    },
    "7776.133": {
      "votes": {
        "1": 1
      },
      "initial_weight": 0.25,
      "final_weight": 0.25
    },
    "7776.81": {
      "votes": {
        "1": 1
      },
      "initial_weight": 0.25,
      "final_weight": 0.25
    },
    "7776.95": {
      "votes": {
        "3": 1
      },
      "initial_weight": 0.75,
      "final_weight": 0.75
    },
    "7776.96": {
      "votes": {
        "2": 1
      },
      "initial_weight": 0.5,
      "final_weight": 0.5
    }
  },
  "edges": {
    "7776.1": {
      "successor_id": "7776.0",
      "relation": 0.0
    },
    "7776.2": {
      "successor_id": "7776.17",
      "relation": -1.0
    },
    "7776.4": {
      "successor_id": "7776.1",
      "relation": -1.0
    },
    "7776.17": {
      "successor_id": "7776.1",
      "relation": -1.0
    },