{
  "nodes": {
    "7835.0": {
      "votes": {},
      "initial_weight": 0.5,
      "final_weight": 0.5
    },
    "7835.1": {
      "votes": {
        "1": 1,
        "3": 1,
        "4": 3,
        "0": 3
      },
      "initial_weight": 0.5,
      "final_weight": 0.7761207203041542
    },
    "7835.2": {
      "votes": {
        "3": 1,
        "0": 3,
        "4": 3
      },
      "initial_weight": 0.5357142857142857,
      "final_weight": 0.5304101838755304
    },
    "7835.3": {
      "votes": {
        "3": 1,
        "1": 1,
        "0": 1
      },
      "initial_weight": 0.3333333333333333,
      "final_weight": 0.3137254901960784
    },
    "7835.4": {
      "votes": {
        "4": 2,
        "0": 1,
        "3": 3,
        "1": 3
      },
      "initial_weight": 0.5555555555555556,
      "final_weight": 0.09591105668143185
    },
    "7835.5": {
      "votes": {
        "0": 1
      },
      "initial_weight": 0.0,
      "final_weight": 0.0
    },
    "7835.6": {
      "votes": {
        "3": 1,
        "2": 2,
        "0": 1,
        "1": 1,
        "4": 1
      },
      "initial_weight": 0.5,
      "final_weight": 0.4980544747081712
    },
    "7835.8": {
      "votes": {
        "4": 2,
        "3": 3,
        "1": 3,
        "0": 1
      },
      "initial_weight": 0.5555555555555556,
      "final_weight": 0.20819778789850357
    },
    "7835.12": {
      "votes": {
        "2": 1,
        "1": 2,
        "4": 3
      },
      "initial_weight": 0.6666666666666666,
      "final_weight": 0.08448844884488449
    },
    "7835.13": {
      "votes": {
        "4": 6,
        "0": 3,
        "2": 1,
        "1": 1
      },
      "initial_weight": 0.6136363636363636,
      "final_weight": 0.8068181818181819
    },
    "7835.21": {
      "votes": {
        "1": 3,
        "3": 1,
        "4": 4,
        "0": 1
      },
      "initial_weight": 0.6111111111111112,
      "final_weight": 0.3569225332842724
    },
    "7835.67": {
      "votes": {
        "0": 1,
        "2": 1,
        "3": 1
      },
      "initial_weight": 0.4166666666666667,
      "final_weight": 0.20833333333333334
    },
    "7835.76": {
      "votes": {
        "3": 1,
        "0": 2,
        "4": 4
      },
      "initial_weight": 0.6785714285714286,
      "final_weight": 0.5428571428571429
    },
    "7835.18": {
      "votes": {
        "1": 1,
        "0": 1,
        "4": 2,
        "3": 1
      },
      "initial_weight": 0.6,
      "final_weight": 0.6
    },
    "7835.70": {
      "votes": {
        "0": 1,
        "4": 1
      },
      "initial_weight": 0.5,
      "final_weight": 0.5
    },
    "7835.35": {
      "votes": {
        "4": 1,
        "1": 2
      },
      "initial_weight": 0.5,
      "final_weight": 0.5
    },
    "7835.42": {
      "votes": {
        "3": 1
      },
      "initial_weight": 0.75,
      "final_weight": 0.75
    },
    "7835.95": {
      "votes": {
        "4": 1
      },
      "initial_weight": 1.0,
      "final_weight": 1.0
    },
    "7835.98": {
      "votes": {},
      "initial_weight": 0.5,
      "final_weight": 0.5
    },
    "7835.14": {
      "votes": {
        "3": 1,
        "4": 1
      },
      "initial_weight": 0.875,
      "final_weight": 0.8235294117647058
    },
    "7835.7": {
      "votes": {
        "1": 1,
        "2": 1
      },
      "initial_weight": 0.375,
      "final_weight": 0.2177068214804064
    },
    "7835.44": {
      "votes": {
        "3": 1
      },
      "initial_weight": 0.75,
      "final_weight": 0.75
    },
    "7835.46": {
      "votes": {
        "4": 2,
        "2": 1
      },
      "initial_weight": 0.8333333333333334,
      "final_weight": 0.8333333333333334
    },
    "7835.26": {
      "votes": {
        "3": 2
      },
      "initial_weight": 0.75,
      "final_weight": 0.8
    },
    "7835.15": {
      "votes": {
        "0": 1,
        "2": 1
      },
      "initial_weight": 0.25,
      "final_weight": 0.25
    },
    "7835.20": {
      "votes": {
        "3": 1,
        "4": 1,
        "1": 2
      },
      "initial_weight": 0.5625,
      "final_weight": 0.5625
    },
    "7835.60": {
      "votes": {
        "3": 1
      },
      "initial_weight": 0.75,
      "final_weight": 0.75
    },
    "7835.29": {
      "votes": {
        "3": 1,
        "1": 2
      },
      "initial_weight": 0.4166666666666667,
      "final_weight": 0.20833333333333334
    },
    "7835.33": {
      "votes": {
        "2": 1,
        "3": 1
      },
      "initial_weight": 0.625,
      "final_weight": 0.625
    },
    "7835.45": {
      "votes": {
        "3": 1,
        "4": 1
      },
      "initial_weight": 0.875,
      "final_weight": 0.875
    },
    "7835.24": {
      "votes": {},
      "initial_weight": 0.5,
      "final_weight": 0.5
    },
    "7835.32": {
      "votes": {
        "2": 1,
        "1": 1,
        "0": 1
      },
      "initial_weight": 0.25,
      "final_weight": 0.25
    },
    "7835.55": {
      "votes": {
        "4": 1,
        "1": 1
      },
      "initial_weight": 0.625,
      "final_weight": 0.625
    },
    "7835.56": {
      "votes": {
        "3": 1
      },
      "initial_weight": 0.75,
      "final_weight": 0.75
    },
    "7835.71": {
      "votes": {
        "4": 2
      },
      "initial_weight": 1.0,
      "final_weight": 1.0
    },
    "7835.59": {
      "votes": {
        "4": 1
      },
      "initial_weight": 1.0,
      "final_weight": 1.0
    },
    "7835.22": {
      "votes": {
        "3": 1,
        "1": 1,
        "0": 1
      },
      "initial_weight": 0.3333333333333333,
      "final_weight": 0.042244224422442245
    },
    "7835.23": {
      "votes": {
        "3": 1,
        "4": 1
      },
      "initial_weight": 0.875,
      "final_weight": 0.8235294117647058
    },
    "7835.27": {
      "votes": {
        "1": 1
      },
      "initial_weight": 0.25,
      "final_weight": 0.25
    },
    "7835.47": {
      "votes": {
        "1": 1,
        "0": 1,
        "4": 1
      },
      "initial_weight": 0.4166666666666667,
      "final_weight": 0.087385099177552
    },
    "7835.51": {
      "votes": {
        "0": 1
      },
      "initial_weight": 0.0,
      "final_weight": 0.0
    },
    "7835.80": {
      "votes": {
        "4": 1
      },
      "initial_weight": 1.0,
      "final_weight": 1.0
    },
    "7835.81": {
      "votes": {},
      "initial_weight": 0.5,
      "final_weight": 0.6
    },
    "7835.93": {
      "votes": {
        "4": 1
      },
      "initial_weight": 1.0,
      "final_weight": 1.0
    },
    "7835.88": {
      "votes": {},
      "initial_weight": 0.5,
      "final_weight": 0.5
    },
    "7835.30": {
      "votes": {
        "1": 1
      },
      "initial_weight": 0.25,
      "final_weight": 0.25
    },
    "7835.9": {
      "votes": {
        "1": 1
      },
      "initial_weight": 0.25,
      "final_weight": 0.25
    },
    "7835.10": {
      "votes": {
        "2": 1
      },
      "initial_weight": 0.5,
      "final_weight": 0.4
    },
    "7835.73": {
      "votes": {
        "4": 1
      },
      "initial_weight": 1.0,
      "final_weight": 1.0
    },
    "7835.185": {
      "votes": {},
      "initial_weight": 0.5,
      "final_weight": 0.5
    },
    "7835.94": {
      "votes": {
        "4": 1
      },
      "initial_weight": 1.0,
      "final_weight": 1.0
    },
    "7835.31": {
      "votes": {
        "1": 2
      },
      "initial_weight": 0.25,
      "final_weight": 0.25
    },
    "7835.37": {
      "votes": {
        "4": 1
      },
      "initial_weight": 1.0,
      "final_weight": 1.0
    },
    "7835.40": {
      "votes": {
        "3": 1,
        "4": 1
      },
      "initial_weight": 0.875,
      "final_weight": 0.875
    },
    "7835.72": {
      "votes": {
        "4": 1
      },
      "initial_weight": 1.0,
      "final_weight": 1.0
    },
    "7835.28": {
      "votes": {
        "1": 2
      },
      "initial_weight": 0.25,
      "final_weight": 0.25
    },