{
  "nodes": {
    "8169.0": {
      "votes": {},
      "initial_weight": 0.5,
      "final_weight": 0.5
    },
    "8169.1": {
      "votes": {
        "0": 3,
        "4": 1
      },
      "initial_weight": 0.25,
      "final_weight": 0.19314877351701648
    },
    "8169.3": {
      "votes": {
        "3": 1,
        "0": 1,
        "4": 2
      },
      "initial_weight": 0.6875,
      "final_weight": 0.39721137892131037
    },
    "8169.4": {
      "votes": {
        "4": 2,
        "2": 1
      },
      "initial_weight": 0.8333333333333334,
      "final_weight": 0.8666666666666667
    },
    "8169.5": {
      "votes": {
        "0": 1,
        "2": 1
      },
      "initial_weight": 0.25,
      "final_weight": 0.625
    },
    "8169.8": {
      "votes": {
        "3": 1,
        "4": 1,
        "1": 1
      },
      "initial_weight": 0.6666666666666666,
      "final_weight": 0.20512820512820512
    },
    "8169.46": {
      "votes": {
        "3": 1,
        "0": 2
      },
      "initial_weight": 0.25,
      "final_weight": 0.04123711340206185
    },
    "8169.59": {
      "votes": {
        "3": 1,
        "0": 2
      },
      "initial_weight": 0.25,
      "final_weight": 0.26023890784982934
    },
    "8169.28": {
      "votes": {
        "2": 1
      },
      "initial_weight": 0.5,
      "final_weight": 0.5
    },
    "8169.29": {
      "votes": {
        "1": 1
      },
      "initial_weight": 0.25,
      "final_weight": 0.25
    },
    "8169.43": {
      "votes": {},
      "initial_weight": 0.5,
      "final_weight": 0.5
    },
    "8169.67": {
      "votes": {
        "4": 1
      },
      "initial_weight": 1.0,
      "final_weight": 0.8
    },
    "8169.10": {
      "votes": {},
      "initial_weight": 0.5,
      "final_weight": 0.1951219512195122
    },
    "8169.39": {
      "votes": {},
      "initial_weight": 0.5,
      "final_weight": 0.5
    },
    "8169.40": {
      "votes": {},
      "initial_weight": 0.5,
      "final_weight": 0.5
    },
    "8169.32": {
      "votes": {},
      "initial_weight": 0.5,
      "final_weight": 0.5
    },
    "8169.73": {
      "votes": {},
      "initial_weight": 0.5,
      "final_weight": 0.5
    },
    "8169.2": {
      "votes": {},
      "initial_weight": 0.5,
      "final_weight": 0.5
    },
    "8169.88": {
      "votes": {},
      "initial_weight": 0.5,
      "final_weight": 0.5
    },
    "8169.6": {
      "votes": {
        "3": 1
      },
      "initial_weight": 0.75,
      "final_weight": 0.75
    },
    "8169.27": {
      "votes": {
        "2": 1
      },
      "initial_weight": 0.5,
      "final_weight": 0.5
    },
    "8169.38": {
      "votes": {
        "3": 1
      },
      "initial_weight": 0.75,
      "final_weight": 0.75
    },
    "8169.57": {
      "votes": {
        "3": 1
      },
      "initial_weight": 0.75,
      "final_weight": 0.75
    },
    "8169.69": {
      "votes": {
        "4": 1
      },
      "initial_weight": 1.0,
      "final_weight": 1.0
    },
    "8169.9": {
      "votes": {
        "0": 1
      },
      "initial_weight": 0.0,
      "final_weight": 0.0
    },
    "8169.78": {
      "votes": {
        "4": 1
      },
      "initial_weight": 1.0,
      "final_weight": 1.0
    },
    "8169.81": {
      "votes": {},
      "initial_weight": 0.5,
      "final_weight": 0.5
    },
    "8169.7": {
      "votes": {
        "0": 1
      },
      "initial_weight": 0.0,
      "final_weight": 0.0
    },
    "8169.160": {
      "votes": {
        "3": 1
      },
      "initial_weight": 0.75,
      "final_weight": 0.75
    },
    "8169.71": {
      "votes": {},
      "initial_weight": 0.5,
      "final_weight": 0.36764705882352944
    },
    "8169.72": {
      "votes": {},
      "initial_weight": 0.5,
      "final_weight": 0.5
    },
    "8169.149": {
      "votes": {},
      "initial_weight": 0.5,
      "final_weight": 0.5
    },
    "8169.12": {
      "votes": {},
      "initial_weight": 0.5,
      "final_weight": 0.5
    },
    "8169.53": {
      "votes": {},
      "initial_weight": 0.5,
      "final_weight": 0.25
    },
    "8169.164": {
      "votes": {},
      "initial_weight": 0.5,
      "final_weight": 0.5
    },
    "8169.34": {
      "votes": {
        "0": 1
      },
      "initial_weight": 0.0,
      "final_weight": 0.0
    },
    "8169.35": {
      "votes": {
        "1": 1
      },
      "initial_weight": 0.25,
      "final_weight": 0.25
    },
    "8169.68": {
      "votes": {
        "4": 1
      },
      "initial_weight": 1.0,
      "final_weight": 1.0
    },
    "8169.31": {
      "votes": {},
      "initial_weight": 0.5,
      "final_weight": 0.5
    },
    "8169.56": {
      "votes": {},
      "initial_weight": 0.5,
      "final_weight": 0.5
    },
    "8169.19": {
      "votes": {},
      "initial_weight": 0.5,
      "final_weight": 0.5
    },
    "8169.33": {
      "votes": {},
      "initial_weight": 0.5,
      "final_weight": 0.5
    },
    "8169.15": {
      "votes": {},
      "initial_weight": 0.5,
      "final_weight": 0.5
    },
    "8169.18": {
      "votes": {},
      "initial_weight": 0.5,
      "final_weight": 0.5
    },
    "8169.20": {
      "votes": {},
      "initial_weight": 0.5,
      "final_weight": 0.5
    },
    "8169.26": {
      "votes": {},
      "initial_weight": 0.5,
      "final_weight": 0.5
    },
    "8169.22": {
      "votes": {
        "3": 1
      },
      "initial_weight": 0.75,
      "final_weight": 0.75
    },
    "8169.50": {
      "votes": {},
      "initial_weight": 0.5,
      "final_weight": 0.5
    },
    "8169.151": {
      "votes": {},
      "initial_weight": 0.5,
      "final_weight": 0.6
    },
    "8169.44": {
      "votes": {},
      "initial_weight": 0.5,
      "final_weight": 0.5
    },
    "8169.21": {
      "votes": {},
      "initial_weight": 0.5,
      "final_weight": 0.5
    },
    "8169.70": {
      "votes": {},
      "initial_weight": 0.5,
      "final_weight": 0.5
    },
    "8169.76": {
      "votes": {},
      "initial_weight": 0.5,
      "final_weight": 0.5
    },
    "8169.154": {
      "votes": {},
      "initial_weight": 0.5,
      "final_weight": 0.5
    }
  },
  "edges": {
    "8169.1": {
      "successor_id": "8169.0",
      "relation": 0.0
    },
    "8169.3": {
      "successor_id": "8169.1",
      "relation": -1.0
    },
    "8169.4": {
      "successor_id": "8169.1",
      "relation": -1.0
    },
    "8169.5": {
      "successor_id": "8169.1",
      "relation": 1.0
    },
    "8169.8": {
      "successor_id": "8169.1",
      "relation": -1.0
    },
    "8169.46": {
      "successor_id": "8169.1",
      "relation": 1.0
    },
    "8169.59": {
      "successor_id": "8169.1",
      "relation": 1.0
    },
    "8169.28": {
      "successor_id": "8169.3",
      "relation": -1.0
    },
    "8169.29": {
      "successor_id": "8169.3",
      "relation": -1.0
    },
    "8169.43": {
      "successor_id": "8169.3",
      "relation": 1.0
    },
    "8169.67": {
      "successor_id": "8169.3",
      "relation": -1.0
    },
    "8169.10": {
      "successor_id": "8169.3",
      "relation": 1.0
    },
    "8169.39": {
      "successor_id": "8169.4",
      "relation": 1.0
    },
    "8169.40": {
      "successor_id": "8169.12",
      "relation": -1.0
    },
    "8169.32": {
      "successor_id": "8169.5",
      "relation": -1.0
    },
    "8169.73": {
      "successor_id": "8169.5",
      "relation": 1.0
    },
    "8169.2": {
      "successor_id": "8169.5",
      "relation": 1.0
    },
    "8169.88": {
      "successor_id": "8169.5",
      "relation": 1.0
    },
    "8169.6": {
      "successor_id": "8169.7",
      "relation": -1.0
    },
    "8169.27": {
      "successor_id": "8169.8",
      "relation": -1.0
    },
    "8169.38": {
      "successor_id": "8169.8",
      "relation": -1.0
    },
    "8169.57": {
      "successor_id": "8169.8",
      "relation": 1.0
    },
    "8169.69": {
      "successor_id": "8169.8",
      "relation": -1.0
    },
    "8169.9": {
      "successor_id": "8169.46",