{
  "nodes": {
    "8317.0": {
      "votes": {},
      "initial_weight": 0.5,
      "final_weight": 0.5
    },
    "8317.1": {
      "votes": {
        "4": 1,
        "3": 1,
        "1": 2
      },
      "initial_weight": 0.5625,
      "final_weight": 0.4304795767981991
    },
    "8317.4": {
      "votes": {
        "0": 1,
        "3": 1
      },
      "initial_weight": 0.375,
      "final_weight": 0.3
    },
    "8317.5": {
      "votes": {
        "0": 1,
        "3": 1
      },
      "initial_weight": 0.375,
      "final_weight": 0.10587843702526573
    },
    "8317.7": {
      "votes": {
        "1": 1,
        "4": 1
      },
      "initial_weight": 0.625,
      "final_weight": 0.3453038674033149
    },
    "8317.8": {
      "votes": {
        "1": 1,
        "4": 2
      },
      "initial_weight": 0.75,
      "final_weight": 0.11094674556213013
    },
    "8317.28": {
      "votes": {
        "1": 1,
        "4": 1
      },
      "initial_weight": 0.625,
      "final_weight": 0.5
    },
    "8317.37": {
      "votes": {
        "3": 1,
        "0": 1
      },
      "initial_weight": 0.375,
      "final_weight": 0.5404411764705883
    },
    "8317.57": {
      "votes": {
        "4": 1,
        "1": 1
      },
      "initial_weight": 0.625,
      "final_weight": 0.5567928730512249
    },
    "8317.68": {
      "votes": {
        "3": 1,
        "0": 1
      },
      "initial_weight": 0.375,
      "final_weight": 0.3
    },
    "8317.96": {
      "votes": {
        "3": 1,
        "0": 1,
        "2": 1
      },
      "initial_weight": 0.4166666666666667,
      "final_weight": 0.8205128205128205
    },
    "8317.16": {
      "votes": {},
      "initial_weight": 0.5,
      "final_weight": 0.5
    },
    "8317.20": {
      "votes": {},
      "initial_weight": 0.5,
      "final_weight": 0.5
    },
    "8317.103": {
      "votes": {},
      "initial_weight": 0.5,
      "final_weight": 0.5
    },
    "8317.105": {
      "votes": {},
      "initial_weight": 0.5,
      "final_weight": 0.5
    },
    "8317.27": {
      "votes": {
        "4": 1
      },
      "initial_weight": 1.0,
      "final_weight": 1.0
    },
    "8317.26": {
      "votes": {},
      "initial_weight": 0.5,
      "final_weight": 0.5
    },
    "8317.48": {
      "votes": {},
      "initial_weight": 0.5,
      "final_weight": 0.5
    },
    "8317.12": {
      "votes": {},
      "initial_weight": 0.5,
      "final_weight": 0.43103448275862066
    },
    "8317.69": {
      "votes": {},
      "initial_weight": 0.5,
      "final_weight": 0.5253361026764045
    },
    "8317.19": {
      "votes": {},
      "initial_weight": 0.5,
      "final_weight": 0.4
    },
    "8317.76": {
      "votes": {},
      "initial_weight": 0.5,
      "final_weight": 0.5
    },
    "8317.15": {
      "votes": {},
      "initial_weight": 0.5,
      "final_weight": 0.5
    },
    "8317.82": {
      "votes": {},
      "initial_weight": 0.5,
      "final_weight": 0.4
    },
    "8317.83": {
      "votes": {},
      "initial_weight": 0.5,
      "final_weight": 0.5
    },
    "8317.190": {
      "votes": {},
      "initial_weight": 0.5,
      "final_weight": 0.5
    },
    "8317.194": {
      "votes": {},
      "initial_weight": 0.5,
      "final_weight": 0.5
    },
    "8317.56": {
      "votes": {},
      "initial_weight": 0.5,
      "final_weight": 0.5
    },
    "8317.88": {
      "votes": {},
      "initial_weight": 0.5,
      "final_weight": 0.5
    },
    "8317.104": {
      "votes": {},
      "initial_weight": 0.5,
      "final_weight": 0.5
    },
    "8317.40": {
      "votes": {},
      "initial_weight": 0.5,
      "final_weight": 0.6
    },
    "8317.97": {
      "votes": {},
      "initial_weight": 0.5,
      "final_weight": 0.5
    },
    "8317.98": {
      "votes": {},
      "initial_weight": 0.5,
      "final_weight": 0.5
    },
    "8317.6": {
      "votes": {},
      "initial_weight": 0.5,
      "final_weight": 0.4
    },
    "8317.60": {
      "votes": {},
      "initial_weight": 0.5,
      "final_weight": 0.25
    },
    "8317.92": {
      "votes": {},
      "initial_weight": 0.5,
      "final_weight": 0.5
    },
    "8317.95": {
      "votes": {},
      "initial_weight": 0.5,
      "final_weight": 0.5
    },
    "8317.102": {
      "votes": {},
      "initial_weight": 0.5,
      "final_weight": 0.5
    },
    "8317.99": {
      "votes": {},
      "initial_weight": 0.5,
      "final_weight": 0.5
    },
    "8317.100": {
      "votes": {
        "0": 1
      },
      "initial_weight": 0.0,
      "final_weight": 0.0
    },
    "8317.111": {
      "votes": {},
      "initial_weight": 0.5,
      "final_weight": 0.5
    },
    "8317.112": {
      "votes": {},
      "initial_weight": 0.5,
      "final_weight": 0.5
    },
    "8317.21": {
      "votes": {},
      "initial_weight": 0.5,
      "final_weight": 0.5
    },
    "8317.67": {
      "votes": {},
      "initial_weight": 0.5,
      "final_weight": 0.5
    },
    "8317.35": {
      "votes": {},
      "initial_weight": 0.5,
      "final_weight": 0.5023668639053255
    },
    "8317.79": {
      "votes": {},
      "initial_weight": 0.5,
      "final_weight": 0.5
    },
    "8317.80": {
      "votes": {},
      "initial_weight": 0.5,
      "final_weight": 0.5
    },
    "8317.22": {
      "votes": {},
      "initial_weight": 0.5,
      "final_weight": 0.4
    },
    "8317.11": {
      "votes": {},
      "initial_weight": 0.5,
      "final_weight": 0.43103448275862066
    },
    "8317.2": {
      "votes": {},
      "initial_weight": 0.5,
      "final_weight": 0.4
    },
    "8317.64": {
      "votes": {},
      "initial_weight": 0.5,
      "final_weight": 0.4
    },
    "8317.101": {
      "votes": {},
      "initial_weight": 0.5,
      "final_weight": 0.5
    },
    "8317.108": {
      "votes": {},
      "initial_weight": 0.5,
      "final_weight": 0.5
    },
    "8317.106": {
      "votes": {},
      "initial_weight": 0.5,
      "final_weight": 0.5
    },
    "8317.85": {
      "votes": {},
      "initial_weight": 0.5,
      "final_weight": 0.5
    },
    "8317.31": {
      "votes": {},
      "initial_weight": 0.5,
      "final_weight": 0.5
    },
    "8317.36": {
      "votes": {},
      "initial_weight": 0.5,
      "final_weight": 0.5
    },
    "8317.93": {
      "votes": {},
      "initial_weight": 0.5,
      "final_weight": 0.5
    },
    "8317.94": {
      "votes": {},
      "initial_weight": 0.5,
      "final_weight": 0.5
    },
    "8317.54": {
      "votes": {},
      "initial_weight": 0.5,
      "final_weight": 0.43103448275862066
    },
    "8317.81": {
      "votes": {},
      "initial_weight": 0.5,
      "final_weight": 0.5
    },
    "8317.49": {
      "votes": {},
      "initial_weight": 0.5,
      "final_weight": 0.5
    },
    "8317.24": {
      "votes": {},
      "initial_weight": 0.5,
      "final_weight": 0.4
    },
    "8317.25": {
      "votes": {},
      "initial_weight": 0.5,
      "final_weight": 0.5
    },
    "8317.84": {
      "votes": {},
      "initial_weight": 0.5,
      "final_weight": 0.5
    },
    "8317.30": {
      "votes": {},
      "initial_weight": 0.5,
      "final_weight": 0.5
    },
    "8317.34": {
      "votes": {},
      "initial_weight": 0.5,
      "final_weight": 0.5
    },
    "8317.62": {
      "votes": {},
      "initial_weight": 0.5,
      "final_weight": 0.5
    },
    "8317.45": {
      "votes": {},
      "initial_weight": 0.5,
      "final_weight": 0.5
    },
    "8317.89": {
      "votes": {},
      "initial_weight": 0.5,
      "final_weight": 0.5
    },
    "8317.77": {
      "votes": {},
      "initial_weight": 0.5,
      "final_weight": 0.5
    },
    "8317.63": {
      "votes": {},
      "initial_weight": 0.5,
      "final_weight": 0.4
    },
    "8317.32": {
      "votes": {},
      "initial_weight": 0.5,
      "final_weight": 0.5
    },
    "8317.78": {
      "votes": {},
      "initial_weight": 0.5,
      "final_weight": 0.5
    }
  },