{
  "nodes": {
    "8742.0": {
      "votes": {},
      "initial_weight": 0.5,
      "final_weight": 0.5
    },
    "8742.1": {
      "votes": {
        "3": 1,
        "0": 1,
        "4": 1
      },
      "initial_weight": 0.5833333333333334,
      "final_weight": 0.9522988911047867
    },
    "8742.9": {
      "votes": {
        "1": 1,
        "3": 1,
        "4": 1
      },
      "initial_weight": 0.6666666666666666,
      "final_weight": 0.8528735632183908
    },
    "8742.10": {
      "votes": {
        "3": 1,
        "1": 1,
        "4": 2
      },
      "initial_weight": 0.75,
      "final_weight": 0.9024390243902439
    },
    "8742.11": {
      "votes": {
        "1": 2,
        "3": 1,
        "4": 1
      },
      "initial_weight": 0.5625,
      "final_weight": 0.6853932584269663
    },
    "8742.16": {
      "votes": {
        "4": 1,
        "0": 1,
        "1": 1
      },
      "initial_weight": 0.4166666666666667,
      "final_weight": 0.1282051282051282
    },
    "8742.17": {
      "votes": {
        "1": 1,
        "0": 1,
        "4": 1
      },
      "initial_weight": 0.4166666666666667,
      "final_weight": 0.17287952458130743
    },
    "8742.34": {
      "votes": {
        "3": 1,
        "0": 1,
        "4": 1
      },
      "initial_weight": 0.5833333333333334,
      "final_weight": 0.956172388604821
    },
    "8742.43": {
      "votes": {
        "0": 1,
        "1": 1,
        "3": 2
      },
      "initial_weight": 0.4375,
      "final_weight": 0.43316831683168316
    },
    "8742.47": {
      "votes": {
        "4": 1,
        "2": 2
      },
      "initial_weight": 0.6666666666666666,
      "final_weight": 0.8262443438914027
    },
    "8742.64": {
      "votes": {},
      "initial_weight": 0.5,
      "final_weight": 0.4
    },
    "8742.66": {
      "votes": {
        "4": 1
      },
      "initial_weight": 1.0,
      "final_weight": 0.3076923076923077
    },
    "8742.5": {
      "votes": {
        "4": 1,
        "3": 1
      },
      "initial_weight": 0.875,
      "final_weight": 0.875
    },
    "8742.65": {
      "votes": {
        "1": 1,
        "3": 1
      },
      "initial_weight": 0.5,
      "final_weight": 0.25
    },
    "8742.125": {
      "votes": {},
      "initial_weight": 0.5,
      "final_weight": 0.5
    },
    "8742.14": {
      "votes": {
        "4": 2
      },
      "initial_weight": 1.0,
      "final_weight": 1.0
    },
    "8742.2": {
      "votes": {
        "4": 2
      },
      "initial_weight": 1.0,
      "final_weight": 1.0
    },
    "8742.63": {
      "votes": {
        "3": 1
      },
      "initial_weight": 0.75,
      "final_weight": 0.75
    },
    "8742.112": {
      "votes": {},
      "initial_weight": 0.5,
      "final_weight": 0.5
    },
    "8742.121": {
      "votes": {},
      "initial_weight": 0.5,
      "final_weight": 0.5
    },
    "8742.123": {
      "votes": {},
      "initial_weight": 0.5,
      "final_weight": 0.5
    },
    "8742.15": {
      "votes": {
        "4": 1,
        "2": 1
      },
      "initial_weight": 0.75,
      "final_weight": 0.75
    },
    "8742.4": {
      "votes": {
        "3": 1,
        "4": 1
      },
      "initial_weight": 0.875,
      "final_weight": 0.875
    },
    "8742.131": {
      "votes": {},
      "initial_weight": 0.5,
      "final_weight": 0.5
    },
    "8742.30": {
      "votes": {
        "4": 3
      },
      "initial_weight": 1.0,
      "final_weight": 1.0
    },
    "8742.44": {
      "votes": {
        "4": 3
      },
      "initial_weight": 1.0,
      "final_weight": 1.0
    },
    "8742.54": {
      "votes": {},
      "initial_weight": 0.5,
      "final_weight": 0.5
    },
    "8742.8": {
      "votes": {
        "3": 1,
        "0": 1
      },
      "initial_weight": 0.375,
      "final_weight": 0.375
    },
    "8742.22": {
      "votes": {
        "0": 2
      },
      "initial_weight": 0.0,
      "final_weight": 0.0
    },
    "8742.23": {
      "votes": {
        "2": 1,
        "1": 1
      },
      "initial_weight": 0.375,
      "final_weight": 0.1875
    },
    "8742.31": {
      "votes": {
        "4": 2
      },
      "initial_weight": 1.0,
      "final_weight": 1.0
    },
    "8742.13": {
      "votes": {
        "4": 4
      },
      "initial_weight": 1.0,
      "final_weight": 1.0
    },
    "8742.3": {
      "votes": {
        "4": 1,
        "3": 1,
        "0": 1
      },
      "initial_weight": 0.5833333333333334,
      "final_weight": 0.5833333333333334
    },
    "8742.7": {
      "votes": {
        "3": 1,
        "4": 2
      },
      "initial_weight": 0.9166666666666666,
      "final_weight": 0.9166666666666666
    },
    "8742.12": {
      "votes": {
        "4": 2,
        "3": 1
      },
      "initial_weight": 0.9166666666666666,
      "final_weight": 0.9166666666666666
    },
    "8742.55": {
      "votes": {},
      "initial_weight": 0.5,
      "final_weight": 0.5
    },
    "8742.45": {
      "votes": {},
      "initial_weight": 0.5,
      "final_weight": 0.5
    },
    "8742.46": {
      "votes": {},
      "initial_weight": 0.5,
      "final_weight": 0.4
    },
    "8742.48": {
      "votes": {
        "1": 1,
        "2": 1,
        "4": 1
      },
      "initial_weight": 0.5833333333333334,
      "final_weight": 0.5833333333333334
    },
    "8742.57": {
      "votes": {
        "0": 1,
        "1": 1
      },
      "initial_weight": 0.125,
      "final_weight": 0.125
    },
    "8742.129": {
      "votes": {},
      "initial_weight": 0.5,
      "final_weight": 0.5
    },
    "8742.114": {
      "votes": {},
      "initial_weight": 0.5,
      "final_weight": 0.5
    },
    "8742.107": {
      "votes": {},
      "initial_weight": 0.5,
      "final_weight": 0.5
    },
    "8742.117": {
      "votes": {},
      "initial_weight": 0.5,
      "final_weight": 0.5
    },
    "8742.119": {
      "votes": {},
      "initial_weight": 0.5,
      "final_weight": 0.5
    },
    "8742.127": {
      "votes": {},
      "initial_weight": 0.5,
      "final_weight": 0.5
    },
    "8742.139": {
      "votes": {},
      "initial_weight": 0.5,
      "final_weight": 0.5
    },
    "8742.62": {
      "votes": {},
      "initial_weight": 0.5,
      "final_weight": 0.5
    },
    "8742.137": {
      "votes": {},
      "initial_weight": 0.5,
      "final_weight": 0.5
    },
    "8742.109": {
      "votes": {},
      "initial_weight": 0.5,
      "final_weight": 0.5
    },
    "8742.59": {
      "votes": {},
      "initial_weight": 0.5,
      "final_weight": 0.5
    },
    "8742.60": {
      "votes": {},
      "initial_weight": 0.5,
      "final_weight": 0.5
    }
  },
  "edges": {
    "8742.1": {
      "successor_id": "8742.0",
      "relation": 0.0
    },
    "8742.9": {
      "successor_id": "8742.1",
      "relation": 1.0
    },
    "8742.10": {
      "successor_id": "8742.1",
      "relation": 1.0
    },
    "8742.11": {
      "successor_id": "8742.1",
      "relation": 1.0
    },
    "8742.16": {
      "successor_id": "8742.1",
      "relation": -1.0
    },
    "8742.17": {
      "successor_id": "8742.1",
      "relation": -1.0
    },
    "8742.34": {
      "successor_id": "8742.1",
      "relation": 1.0
    },
    "8742.43": {
      "successor_id": "8742.1",
      "relation": -1.0
    },
    "8742.47": {
      "successor_id": "8742.1",
      "relation": 1.0
    },
    "8742.64": {
      "successor_id": "8742.1",
      "relation": -1.0
    },
    "8742.66": {
      "successor_id": "8742.1",
      "relation": -1.0
    },
    "8742.5": {
      "successor_id": "8742.9",
      "relation": 1.0
    },
    "8742.65": {
      "successor_id": "8742.9",
      "relation": -1.0
    },
    "8742.125": {
      "successor_id": "8742.9",
      "relation": 1.0
    },
    "8742.14": {
      "successor_id": "8742.10",
      "relation": 1.0
    },
    "8742.2": {
      "successor_id": "8742.10",
      "relation": 1.0
    },
    "8742.63": {
      "successor_id": "8742.10",
      "relation": 1.0
    },