{
  "nodes": {
    "9754.0": {
      "votes": {},
      "initial_weight": 0.5,
      "final_weight": 0.5
    },
    "9754.1": {
      "votes": {
        "4": 3,
        "0": 1,
        "1": 1
      },
      "initial_weight": 0.65,
      "final_weight": 0.6476412831080857
    },
    "9754.5": {
      "votes": {
        "1": 1,
        "2": 1,
        "0": 1
      },
      "initial_weight": 0.25,
      "final_weight": 0.20827938430582005
    },
    "9754.9": {
      "votes": {
        "0": 1,
        "3": 2
      },
      "initial_weight": 0.5,
      "final_weight": 0.5113437253429082
    },
    "9754.122": {
      "votes": {
        "3": 1
      },
      "initial_weight": 0.75,
      "final_weight": 0.9176392768742251
    },
    "9754.164": {
      "votes": {
        "2": 1
      },
      "initial_weight": 0.5,
      "final_weight": 0.3161630371496438
    },
    "9754.171": {
      "votes": {
        "2": 1
      },
      "initial_weight": 0.5,
      "final_weight": 0.4910870519493897
    },
    "9754.232": {
      "votes": {},
      "initial_weight": 0.5,
      "final_weight": 0.5
    },
    "9754.31": {
      "votes": {
        "1": 1,
        "3": 1
      },
      "initial_weight": 0.5,
      "final_weight": 0.4
    },
    "9754.67": {
      "votes": {
        "3": 1
      },
      "initial_weight": 0.75,
      "final_weight": 0.8475609756097561
    },
    "9754.174": {
      "votes": {},
      "initial_weight": 0.5,
      "final_weight": 0.5
    },
    "9754.177": {
      "votes": {},
      "initial_weight": 0.5,
      "final_weight": 0.5
    },
    "9754.71": {
      "votes": {},
      "initial_weight": 0.5,
      "final_weight": 0.3676470588235294
    },
    "9754.10": {
      "votes": {},
      "initial_weight": 0.5,
      "final_weight": 0.504950495049505
    },
    "9754.128": {
      "votes": {
        "2": 1
      },
      "initial_weight": 0.5,
      "final_weight": 0.21528525296017226
    },
    "9754.2": {
      "votes": {},
      "initial_weight": 0.5,
      "final_weight": 0.504950495049505
    },
    "9754.27": {
      "votes": {},
      "initial_weight": 0.5,
      "final_weight": 0.75
    },
    "9754.3": {
      "votes": {
        "3": 1
      },
      "initial_weight": 0.75,
      "final_weight": 0.7628056237227205
    },
    "9754.12": {
      "votes": {},
      "initial_weight": 0.5,
      "final_weight": 0.5138784522722281
    },
    "9754.14": {
      "votes": {},
      "initial_weight": 0.5,
      "final_weight": 0.6
    },
    "9754.88": {
      "votes": {},
      "initial_weight": 0.5,
      "final_weight": 0.5
    },
    "9754.6": {
      "votes": {},
      "initial_weight": 0.5,
      "final_weight": 0.7625369110283733
    },
    "9754.102": {
      "votes": {},
      "initial_weight": 0.5,
      "final_weight": 0.5
    },
    "9754.7": {
      "votes": {},
      "initial_weight": 0.5,
      "final_weight": 0.4976331360946746
    },
    "9754.195": {
      "votes": {},
      "initial_weight": 0.5,
      "final_weight": 0.6323529411764706
    },
    "9754.197": {
      "votes": {},
      "initial_weight": 0.5,
      "final_weight": 0.5
    },
    "9754.199": {
      "votes": {},
      "initial_weight": 0.5,
      "final_weight": 0.5
    },
    "9754.201": {
      "votes": {},
      "initial_weight": 0.5,
      "final_weight": 0.5
    },
    "9754.69": {
      "votes": {
        "3": 1
      },
      "initial_weight": 0.75,
      "final_weight": 0.8
    },
    "9754.22": {
      "votes": {},
      "initial_weight": 0.5,
      "final_weight": 0.5
    },
    "9754.203": {
      "votes": {},
      "initial_weight": 0.5,
      "final_weight": 0.5
    },
    "9754.180": {
      "votes": {},
      "initial_weight": 0.5,
      "final_weight": 0.5
    },
    "9754.182": {
      "votes": {},
      "initial_weight": 0.5,
      "final_weight": 0.5
    },
    "9754.150": {
      "votes": {},
      "initial_weight": 0.5,
      "final_weight": 0.5
    },
    "9754.205": {
      "votes": {},
      "initial_weight": 0.5,
      "final_weight": 0.5
    },
    "9754.74": {
      "votes": {},
      "initial_weight": 0.5,
      "final_weight": 0.5
    },
    "9754.189": {
      "votes": {},
      "initial_weight": 0.5,
      "final_weight": 0.6
    },
    "9754.225": {
      "votes": {},
      "initial_weight": 0.5,
      "final_weight": 0.5
    },
    "9754.20": {
      "votes": {},
      "initial_weight": 0.5,
      "final_weight": 0.6
    },
    "9754.227": {
      "votes": {},
      "initial_weight": 0.5,
      "final_weight": 0.5
    },
    "9754.142": {
      "votes": {
        "4": 1
      },
      "initial_weight": 1.0,
      "final_weight": 1.0
    },
    "9754.144": {
      "votes": {
        "3": 1
      },
      "initial_weight": 0.75,
      "final_weight": 0.75
    },
    "9754.223": {
      "votes": {},
      "initial_weight": 0.5,
      "final_weight": 0.6
    },
    "9754.16": {
      "votes": {
        "2": 1
      },
      "initial_weight": 0.5,
      "final_weight": 0.4
    },
    "9754.86": {
      "votes": {},
      "initial_weight": 0.5,
      "final_weight": 0.5
    },
    "9754.28": {
      "votes": {
        "3": 1,
        "4": 1
      },
      "initial_weight": 0.875,
      "final_weight": 0.875
    },
    "9754.29": {
      "votes": {
        "2": 1,
        "3": 1
      },
      "initial_weight": 0.625,
      "final_weight": 0.625
    },
    "9754.185": {
      "votes": {},
      "initial_weight": 0.5,
      "final_weight": 0.5
    },
    "9754.98": {
      "votes": {
        "2": 1
      },
      "initial_weight": 0.5,
      "final_weight": 0.6323529411764706
    },
    "9754.106": {
      "votes": {},
      "initial_weight": 0.5,
      "final_weight": 0.4
    },
    "9754.15": {
      "votes": {
        "0": 1,
        "4": 1
      },
      "initial_weight": 0.5,
      "final_weight": 0.5
    },
    "9754.26": {
      "votes": {
        "2": 1
      },
      "initial_weight": 0.5,
      "final_weight": 0.6
    },
    "9754.90": {
      "votes": {},
      "initial_weight": 0.5,
      "final_weight": 0.5689655172413793
    },
    "9754.94": {
      "votes": {},
      "initial_weight": 0.5,
      "final_weight": 0.5
    },
    "9754.84": {
      "votes": {
        "4": 1
      },
      "initial_weight": 1.0,
      "final_weight": 1.0
    },
    "9754.152": {
      "votes": {},
      "initial_weight": 0.5,
      "final_weight": 0.5
    },
    "9754.146": {
      "votes": {},
      "initial_weight": 0.5,
      "final_weight": 0.5
    },
    "9754.148": {
      "votes": {},
      "initial_weight": 0.5,
      "final_weight": 0.5
    },
    "9754.100": {
      "votes": {
        "3": 1
      },
      "initial_weight": 0.75,
      "final_weight": 0.75
    },
    "9754.110": {
      "votes": {
        "1": 1
      },
      "initial_weight": 0.25,
      "final_weight": 0.25
    },
    "9754.124": {
      "votes": {
        "3": 1
      },
      "initial_weight": 0.75,
      "final_weight": 0.5514705882352942
    },
    "9754.207": {
      "votes": {},
      "initial_weight": 0.5,
      "final_weight": 0.5
    },
    "9754.209": {
      "votes": {},
      "initial_weight": 0.5,
      "final_weight": 0.5
    },
    "9754.11": {
      "votes": {
        "2": 1
      },
      "initial_weight": 0.5,
      "final_weight": 0.5
    },
    "9754.213": {
      "votes": {},
      "initial_weight": 0.5,
      "final_weight": 0.43103448275862066
    },
    "9754.219": {
      "votes": {},
      "initial_weight": 0.5,
      "final_weight": 0.6
    },
    "9754.158": {
      "votes": {},
      "initial_weight": 0.5,
      "final_weight": 0.5
    },
    "9754.80": {
      "votes": {},
      "initial_weight": 0.5,
      "final_weight": 0.5
    },
    "9754.82": {
      "votes": {},
      "initial_weight": 0.5,
      "final_weight": 0.5
    },
    "9754.191": {
      "votes": {},
      "initial_weight": 0.5,
      "final_weight": 0.5
    },
    "9754.108": {
      "votes": {},
      "initial_weight": 0.5,
      "final_weight": 0.5
    },