{
  "nodes": {
    "10082.25": {
      "votes": {
        "1": 1,
        "0": 1,
        "4": 1
      },
      "initial_weight": 0.4166666666666667,
      "final_weight": 0.4166666666666667
    }
  },
  "edges": {}
}