{
  "nodes": {
    "10402.48": {
      "votes": {
        "2": 1,
        "4": 1,
        "0": 1,
        "1": 1
      },
      "initial_weight": 0.4375,
      "final_weight": 0.13461538461538464
    },
    "10402.19": {
      "votes": {
        "4": 5,
        "3": 1
      },
      "initial_weight": 0.9583333333333334,
      "final_weight": 0.9583333333333334
    },
    "10402.46": {
      "votes": {
        "3": 2
      },
      "initial_weight": 0.75,
      "final_weight": 0.75
    },
    "10402.11": {
      "votes": {
        "3": 1,
        "1": 3,
        "0": 1,
        "2": 1
      },
      "initial_weight": 0.3333333333333333,
      "final_weight": 0.3333333333333333
    },
    "10402.104": {
      "votes": {},
      "initial_weight": 0.5,
      "final_weight": 0.5
    },
    "10402.54": {
      "votes": {},
      "initial_weight": 0.5,
      "final_weight": 0.5
    },
    "10402.20": {
      "votes": {
        "3": 1
      },
      "initial_weight": 0.75,
      "final_weight": 0.75
    },
    "10402.25": {
      "votes": {
        "4": 5,
        "3": 1
      },
      "initial_weight": 0.9583333333333334,
      "final_weight": 0.9583333333333334
    },
    "10402.9": {
      "votes": {
        "2": 1,
        "3": 1,
        "0": 2,
        "1": 2
      },
      "initial_weight": 0.2916666666666667,
      "final_weight": 0.20192307692307693
    },
    "10402.23": {
      "votes": {
        "4": 6,
        "0": 1
      },
      "initial_weight": 0.8571428571428571,
      "final_weight": 0.8571428571428571
    },
    "10402.14": {
      "votes": {
        "0": 1,
        "3": 1,
        "1": 1
      },
      "initial_weight": 0.3333333333333333,
      "final_weight": 0.3333333333333333
    },
    "10402.30": {
      "votes": {
        "4": 3,
        "2": 1,
        "3": 1
      },
      "initial_weight": 0.85,
      "final_weight": 0.85
    },
    "10402.40": {
      "votes": {
        "2": 1,
        "4": 1,
        "0": 1
      },
      "initial_weight": 0.5,
      "final_weight": 0.5
    },
    "10402.36": {
      "votes": {
        "0": 5,
        "1": 1
      },
      "initial_weight": 0.041666666666666664,
      "final_weight": 0.041666666666666664
    },
    "10402.6": {
      "votes": {
        "4": 6
      },
      "initial_weight": 1.0,
      "final_weight": 1.0
    },
    "10402.1": {
      "votes": {
        "4": 4,
        "0": 13,
        "1": 2,
        "2": 1
      },
      "initial_weight": 0.25,
      "final_weight": 0.00969621377702487
    },
    "10402.12": {
      "votes": {
        "0": 3,
        "2": 3
      },
      "initial_weight": 0.25,
      "final_weight": 0.2055943701475893
    },
    "10402.106": {
      "votes": {},
      "initial_weight": 0.5,
      "final_weight": 0.5
    },
    "10402.32": {
      "votes": {
        "0": 1,
        "4": 3
      },
      "initial_weight": 0.75,
      "final_weight": 0.75
    },
    "10402.119": {
      "votes": {},
      "initial_weight": 0.5,
      "final_weight": 0.7629128378151855
    },
    "10402.111": {
      "votes": {},
      "initial_weight": 0.5,
      "final_weight": 0.5
    },
    "10402.22": {
      "votes": {
        "4": 4,
        "-2": 1,
        "3": 1
      },
      "initial_weight": 0.95,
      "final_weight": 0.95
    },
    "10402.31": {
      "votes": {},
      "initial_weight": 0.5,
      "final_weight": 0.6799999999999999
    },
    "10402.109": {
      "votes": {},
      "initial_weight": 0.5,
      "final_weight": 0.5
    },
    "10402.115": {
      "votes": {},
      "initial_weight": 0.5,
      "final_weight": 0.75
    },
    "10402.33": {
      "votes": {},
      "initial_weight": 0.5,
      "final_weight": 0.37305699481865284
    },
    "10402.55": {
      "votes": {
        "4": 1
      },
      "initial_weight": 1.0,
      "final_weight": 1.0
    },
    "10402.51": {
      "votes": {
        "4": 1
      },
      "initial_weight": 1.0,
      "final_weight": 1.0
    },
    "10402.29": {
      "votes": {
        "4": 5,
        "3": 1
      },
      "initial_weight": 0.9583333333333334,
      "final_weight": 0.9758103531688438
    },
    "10402.21": {
      "votes": {
        "4": 7,
        "0": 1
      },
      "initial_weight": 0.875,
      "final_weight": 0.875
    },
    "10402.24": {
      "votes": {
        "-2": 1,
        "4": 4,
        "2": 1
      },
      "initial_weight": 0.9,
      "final_weight": 0.8839811115147113
    },
    "10402.13": {
      "votes": {
        "0": 1,
        "4": 5
      },
      "initial_weight": 0.8333333333333334,
      "final_weight": 0.8333333333333334
    },
    "10402.43": {
      "votes": {},
      "initial_weight": 0.5,
      "final_weight": 0.5
    },
    "10402.4": {
      "votes": {
        "0": 5,
        "2": 1
      },
      "initial_weight": 0.08333333333333333,
      "final_weight": 0.0043073123806515595
    },
    "10402.37": {
      "votes": {
        "1": 2,
        "2": 2,
        "4": 2
      },
      "initial_weight": 0.5833333333333334,
      "final_weight": 0.5833333333333334
    }
  },
  "edges": {
    "10402.4": {
      "successor_id": "10402.1",
      "relation": 1.0
    },
    "10402.6": {
      "successor_id": "10402.1",
      "relation": -1.0
    },
    "10402.12": {
      "successor_id": "10402.1",
      "relation": 1.0
    },
    "10402.23": {
      "successor_id": "10402.1",
      "relation": -1.0
    },
    "10402.24": {
      "successor_id": "10402.1",
      "relation": -1.0
    },
    "10402.29": {
      "successor_id": "10402.1",
      "relation": -1.0
    },
    "10402.36": {
      "successor_id": "10402.1",
      "relation": 1.0
    },
    "10402.115": {
      "successor_id": "10402.1",
      "relation": -1.0
    },
    "10402.119": {
      "successor_id": "10402.1",
      "relation": -1.0
    },
    "10402.19": {
      "successor_id": "10402.4",
      "relation": -1.0
    },
    "10402.20": {
      "successor_id": "10402.4",
      "relation": -1.0
    },
    "10402.21": {
      "successor_id": "10402.4",
      "relation": -1.0
    },
    "10402.22": {
      "successor_id": "10402.4",
      "relation": -1.0
    },
    "10402.46": {
      "successor_id": "10402.4",
      "relation": -1.0
    },
    "10402.13": {
      "successor_id": "10402.6",
      "relation": 1.0
    },
    "10402.25": {
      "successor_id": "10402.6",
      "relation": 1.0
    },
    "10402.9": {
      "successor_id": "10402.12",
      "relation": 1.0
    },
    "10402.11": {
      "successor_id": "10402.12",
      "relation": 1.0
    },
    "10402.40": {
      "successor_id": "10402.12",
      "relation": -1.0
    },
    "10402.104": {
      "successor_id": "10402.12",
      "relation": -1.0
    },
    "10402.48": {
      "successor_id": "10402.24",
      "relation": -1.0
    },
    "10402.30": {
      "successor_id": "10402.29",
      "relation": 1.0
    },
    "10402.43": {
      "successor_id": "10402.115",
      "relation": 1.0
    },
    "10402.106": {
      "successor_id": "10402.115",
      "relation": 1.0
    },
    "10402.33": {
      "successor_id": "10402.119",
      "relation": 1.0
    },
    "10402.31": {
      "successor_id": "10402.119",
      "relation": 1.0
    },
    "10402.14": {
      "successor_id": "10402.9",
      "relation": 1.0
    },
    "10402.51": {
      "successor_id": "10402.9",
      "relation": -1.0
    },
    "10402.54": {
      "successor_id": "10402.48",
      "relation": -1.0
    },
    "10402.55": {
      "successor_id": "10402.48",
      "relation": -1.0
    },
    "10402.109": {
      "successor_id": "10402.106",
      "relation": 1.0
    },
    "10402.111": {
      "successor_id": "10402.106",
      "relation": -1.0
    },
    "10402.37": {
      "successor_id": "10402.33",
      "relation": -1.0
    },
    "10402.32": {
      "successor_id": "10402.31",
      "relation": 1.0
    }
  }
}