{
  "nodes": {
    "1203.853": {
      "votes": {
        "3": 1,
        "2": 2,
        "4": 2
      },
      "initial_weight": 0.75,
      "final_weight": 0.8
    },
    "1203.1222": {
      "votes": {
        "2": 1
      },
      "initial_weight": 0.5,
      "final_weight": 0.5
    },
    "1203.1331": {
      "votes": {},
      "initial_weight": 0.5,
      "final_weight": 0.6323529411764706
    },
    "1203.1039": {
      "votes": {
        "1": 1,
        "2": 1
      },
      "initial_weight": 0.375,
      "final_weight": 0.375
    },
    "1203.1234": {
      "votes": {
        "2": 1
      },
      "initial_weight": 0.5,
      "final_weight": 0.5
    },
    "1203.1287": {
      "votes": {
        "1": 1,
        "3": 1
      },
      "initial_weight": 0.5,
      "final_weight": 0.32
    },
    "1203.498": {
      "votes": {
        "2": 4,
        "1": 3,
        "0": 2,
        "3": 1
      },
      "initial_weight": 0.35,
      "final_weight": 0.08932210899424009
    },
    "1203.1152": {
      "votes": {
        "4": 4,
        "2": 1,
        "3": 1
      },
      "initial_weight": 0.875,
      "final_weight": 0.875
    },
    "1203.939": {
      "votes": {
        "0": 1,
        "2": 2
      },
      "initial_weight": 0.3333333333333333,
      "final_weight": 0.3333333333333333
    },
    "1203.1387": {
      "votes": {
        "4": 3
      },
      "initial_weight": 1.0,
      "final_weight": 1.0
    },
    "1203.638": {
      "votes": {
        "3": 1,
        "2": 1
      },
      "initial_weight": 0.625,
      "final_weight": 0.625
    },
    "1203.1380": {
      "votes": {},
      "initial_weight": 0.5,
      "final_weight": 0.5
    },
    "1203.1185": {
      "votes": {
        "2": 1
      },
      "initial_weight": 0.5,
      "final_weight": 0.7793103448275862
    },
    "1203.1607": {
      "votes": {},
      "initial_weight": 0.5,
      "final_weight": 0.5
    },
    "1203.1386": {
      "votes": {},
      "initial_weight": 0.5,
      "final_weight": 0.5
    },
    "1203.307": {
      "votes": {
        "4": 2,
        "1": 1,
        "3": 4
      },
      "initial_weight": 0.75,
      "final_weight": 0.6134236335067349
    },
    "1203.1635": {
      "votes": {},
      "initial_weight": 0.5,
      "final_weight": 0.5
    },
    "1203.309": {
      "votes": {
        "3": 5,
        "2": 5,
        "4": 3
      },
      "initial_weight": 0.7115384615384616,
      "final_weight": 0.3117742676162083
    },
    "1203.878": {
      "votes": {
        "3": 2,
        "4": 1,
        "0": 1,
        "2": 1
      },
      "initial_weight": 0.6,
      "final_weight": 0.6
    },
    "1203.610": {
      "votes": {
        "2": 3,
        "1": 2,
        "3": 1
      },
      "initial_weight": 0.4583333333333333,
      "final_weight": 0.47185387415496616
    },
    "1203.298": {
      "votes": {
        "4": 7,
        "0": 1,
        "1": 3,
        "2": 5,
        "3": 10
      },
      "initial_weight": 0.6826923076923077,
      "final_weight": 0.9736280938616544
    },
    "1203.852": {
      "votes": {
        "0": 1,
        "2": 5,
        "1": 1,
        "3": 2,
        "4": 3
      },
      "initial_weight": 0.6041666666666666,
      "final_weight": 0.6246048472075869
    },
    "1203.1440": {
      "votes": {},
      "initial_weight": 0.5,
      "final_weight": 0.5
    },
    "1203.1186": {
      "votes": {
        "2": 1,
        "3": 1
      },
      "initial_weight": 0.625,
      "final_weight": 0.625
    },
    "1203.1586": {
      "votes": {},
      "initial_weight": 0.5,
      "final_weight": 0.5
    },
    "1203.938": {
      "votes": {},
      "initial_weight": 0.5,
      "final_weight": 0.4
    },
    "1203.1345": {
      "votes": {
        "3": 1
      },
      "initial_weight": 0.75,
      "final_weight": 0.75
    },
    "1203.66": {
      "votes": {
        "3": 2,
        "4": 1,
        "2": 1
      },
      "initial_weight": 0.75,
      "final_weight": 0.875
    },
    "1203.917": {
      "votes": {
        "4": 3,
        "3": 2,
        "2": 1
      },
      "initial_weight": 0.8333333333333334,
      "final_weight": 0.8333333333333334
    },
    "1203.1293": {
      "votes": {
        "3": 1
      },
      "initial_weight": 0.75,
      "final_weight": 0.75
    },
    "1203.382": {
      "votes": {
        "3": 2,
        "1": 2,
        "0": 1
      },
      "initial_weight": 0.4,
      "final_weight": 0.1983402775386523
    },
    "1203.1482": {
      "votes": {},
      "initial_weight": 0.5,
      "final_weight": 0.6
    },
    "1203.400": {
      "votes": {
        "2": 4
      },
      "initial_weight": 0.5,
      "final_weight": 0.5
    },
    "1203.505": {
      "votes": {
        "1": 1,
        "3": 1,
        "4": 1,
        "2": 3
      },
      "initial_weight": 0.5833333333333334,
      "final_weight": 0.5833333333333334
    },
    "1203.1344": {
      "votes": {
        "1": 1
      },
      "initial_weight": 0.25,
      "final_weight": 0.16
    }
  },
  "edges": {
    "1203.938": {
      "successor_id": "1203.852",
      "relation": 1.0
    },
    "1203.1331": {
      "successor_id": "1203.309",
      "relation": -1.0
    },
    "1203.307": {
      "successor_id": "1203.298",
      "relation": 1.0
    },
    "1203.309": {
      "successor_id": "1203.298",
      "relation": 1.0
    },
    "1203.382": {
      "successor_id": "1203.298",
      "relation": -1.0
    },
    "1203.498": {
      "successor_id": "1203.298",
      "relation": -1.0
    },
    "1203.852": {
      "successor_id": "1203.298",
      "relation": 1.0
    },
    "1203.878": {
      "successor_id": "1203.298",
      "relation": 1.0
    },
    "1203.1185": {
      "successor_id": "1203.298",
      "relation": 1.0
    },
    "1203.1287": {
      "successor_id": "1203.298",
      "relation": -1.0
    },
    "1203.1293": {
      "successor_id": "1203.1287",
      "relation": -1.0
    },
    "1203.1380": {
      "successor_id": "1203.298",
      "relation": 1.0
    },
    "1203.1586": {
      "successor_id": "1203.298",
      "relation": 1.0
    },
    "1203.66": {
      "successor_id": "1203.498",
      "relation": -1.0
    },
    "1203.1607": {
      "successor_id": "1203.938",
      "relation": -1.0
    },
    "1203.1482": {
      "successor_id": "1203.1331",
      "relation": 1.0
    },
    "1203.610": {
      "successor_id": "1203.307",
      "relation": -1.0
    },
    "1203.400": {
      "successor_id": "1203.309",
      "relation": -1.0
    },
    "1203.505": {
      "successor_id": "1203.382",
      "relation": -1.0
    },
    "1203.853": {
      "successor_id": "1203.382",
      "relation": -1.0
    },
    "1203.1152": {
      "successor_id": "1203.382",
      "relation": 1.0
    },
    "1203.1635": {
      "successor_id": "1203.382",
      "relation": -1.0
    },
    "1203.917": {
      "successor_id": "1203.498",
      "relation": -1.0
    },
    "1203.939": {
      "successor_id": "1203.852",
      "relation": 1.0
    },
    "1203.1386": {
      "successor_id": "1203.852",
      "relation": 1.0
    },
    "1203.1387": {
      "successor_id": "1203.852",
      "relation": -1.0
    },
    "1203.1186": {
      "successor_id": "1203.1185",
      "relation": 1.0
    },
    "1203.1222": {
      "successor_id": "1203.1185",
      "relation": 1.0
    },
    "1203.1039": {
      "successor_id": "1203.66",
      "relation": 1.0
    },
    "1203.638": {
      "successor_id": "1203.66",
      "relation": 1.0
    },
    "1203.1440": {
      "successor_id": "1203.1482",
      "relation": 1.0
    },
    "1203.1344": {
      "successor_id": "1203.610",
      "relation": 1.0
    },
    "1203.1234": {
      "successor_id": "1203.853",
      "relation": 1.0
    },
    "1203.1345": {
      "successor_id": "1203.1344",
      "relation": -1.0
    }
  }
}