{
  "nodes": {
    "1203.581": {
      "votes": {},
      "initial_weight": 0.5,
      "final_weight": 0.5
    },
    "1203.965": {
      "votes": {
        "2": 1,
        "3": 1
      },
      "initial_weight": 0.625,
      "final_weight": 0.625
    },
    "1203.21": {
      "votes": {
        "2": 4,
        "0": 1
      },
      "initial_weight": 0.4,
      "final_weight": 0.47479744792448475
    },
    "1203.1070": {
      "votes": {
        "4": 1,
        "3": 2,
        "2": 3
      },
      "initial_weight": 0.6666666666666666,
      "final_weight": 0.7333333333333333
    },
    "1203.50": {
      "votes": {
        "1": 2,
        "2": 5
      },
      "initial_weight": 0.42857142857142855,
      "final_weight": 0.14222757286552273
    },
    "1203.918": {
      "votes": {
        "3": 2,
        "2": 1
      },
      "initial_weight": 0.6666666666666666,
      "final_weight": 0.6666666666666666
    },
    "1203.907": {
      "votes": {
        "3": 1
      },
      "initial_weight": 0.75,
      "final_weight": 0.75
    },
    "1203.471": {
      "votes": {
        "2": 1
      },
      "initial_weight": 0.5,
      "final_weight": 0.4
    },
    "1203.1536": {
      "votes": {},
      "initial_weight": 0.5,
      "final_weight": 0.5
    },
    "1203.856": {
      "votes": {
        "4": 4,
        "2": 2,
        "3": 1
      },
      "initial_weight": 0.8214285714285714,
      "final_weight": 0.8667653589933383
    },
    "1203.497": {
      "votes": {
        "3": 3,
        "1": 1,
        "2": 1
      },
      "initial_weight": 0.6,
      "final_weight": 0.5944452394843738
    },
    "1203.286": {
      "votes": {
        "0": 1,
        "4": 2,
        "3": 4,
        "2": 3
      },
      "initial_weight": 0.65,
      "final_weight": 0.3053211009174312
    },
    "1203.3": {
      "votes": {
        "3": 5,
        "1": 6,
        "4": 2,
        "0": 2,
        "2": 2
      },
      "initial_weight": 0.4852941176470588,
      "final_weight": 0.865521838869179
    },
    "1203.1088": {
      "votes": {
        "0": 1,
        "3": 1
      },
      "initial_weight": 0.375,
      "final_weight": 0.7352941176470588
    },
    "1203.858": {
      "votes": {
        "3": 1,
        "2": 2
      },
      "initial_weight": 0.5833333333333334,
      "final_weight": 0.5833333333333334
    },
    "1203.1595": {
      "votes": {},
      "initial_weight": 0.5,
      "final_weight": 0.5
    },
    "1203.1092": {
      "votes": {
        "2": 1,
        "3": 1,
        "1": 1
      },
      "initial_weight": 0.5,
      "final_weight": 0.5
    },
    "1203.163": {
      "votes": {
        "4": 1,
        "3": 2,
        "2": 1,
        "1": 3
      },
      "initial_weight": 0.5357142857142857,
      "final_weight": 0.5357142857142857
    },
    "1203.289": {
      "votes": {
        "2": 1,
        "1": 1,
        "3": 2
      },
      "initial_weight": 0.5625,
      "final_weight": 0.5625
    },
    "1203.1541": {
      "votes": {},
      "initial_weight": 0.5,
      "final_weight": 0.5
    },
    "1203.287": {
      "votes": {},
      "initial_weight": 0.5,
      "final_weight": 0.6799999999999999
    },
    "1203.936": {
      "votes": {
        "4": 1,
        "3": 1,
        "1": 1,
        "2": 1
      },
      "initial_weight": 0.625,
      "final_weight": 0.7
    },
    "1203.460": {
      "votes": {
        "2": 2,
        "3": 1
      },
      "initial_weight": 0.5833333333333334,
      "final_weight": 0.5833333333333334
    },
    "1203.1129": {
      "votes": {
        "2": 4,
        "3": 1
      },
      "initial_weight": 0.55,
      "final_weight": 0.44000000000000006
    },
    "1203.919": {
      "votes": {
        "1": 1,
        "3": 1,
        "2": 1
      },
      "initial_weight": 0.5,
      "final_weight": 0.5
    },
    "1203.1018": {
      "votes": {
        "0": 1,
        "3": 3,
        "2": 2,
        "1": 1
      },
      "initial_weight": 0.5,
      "final_weight": 0.43103448275862066
    },
    "1203.676": {
      "votes": {},
      "initial_weight": 0.5,
      "final_weight": 0.5
    },
    "1203.972": {
      "votes": {
        "4": 1,
        "2": 3,
        "3": 1
      },
      "initial_weight": 0.65,
      "final_weight": 0.65
    },
    "1203.97": {
      "votes": {
        "2": 3,
        "1": 2,
        "3": 2
      },
      "initial_weight": 0.5,
      "final_weight": 0.5
    },
    "1203.355": {
      "votes": {},
      "initial_weight": 0.5,
      "final_weight": 0.5
    },
    "1203.285": {
      "votes": {},
      "initial_weight": 0.5,
      "final_weight": 0.41890080428954424
    },
    "1203.157": {
      "votes": {
        "4": 5,
        "2": 2,
        "3": 3
      },
      "initial_weight": 0.825,
      "final_weight": 0.825
    },
    "1203.857": {
      "votes": {
        "3": 1,
        "2": 2
      },
      "initial_weight": 0.5833333333333334,
      "final_weight": 0.5833333333333334
    },
    "1203.1348": {
      "votes": {
        "3": 1
      },
      "initial_weight": 0.75,
      "final_weight": 0.8
    },
    "1203.1069": {
      "votes": {
        "4": 1
      },
      "initial_weight": 1.0,
      "final_weight": 1.0
    },
    "1203.696": {
      "votes": {
        "4": 2,
        "2": 1
      },
      "initial_weight": 0.8333333333333334,
      "final_weight": 0.6666666666666667
    },
    "1203.1019": {
      "votes": {
        "3": 2,
        "2": 2,
        "1": 1,
        "4": 2
      },
      "initial_weight": 0.6785714285714286,
      "final_weight": 0.8514249448678815
    },
    "1203.1149": {
      "votes": {
        "2": 1
      },
      "initial_weight": 0.5,
      "final_weight": 0.5
    }
  },
  "edges": {
    "1203.286": {
      "successor_id": "1203.3",
      "relation": -1.0
    },
    "1203.471": {
      "successor_id": "1203.1018",
      "relation": -1.0
    },
    "1203.497": {
      "successor_id": "1203.1019",
      "relation": -1.0
    },
    "1203.696": {
      "successor_id": "1203.3",
      "relation": -1.0
    },
    "1203.856": {
      "successor_id": "1203.3",
      "relation": 1.0
    },
    "1203.936": {
      "successor_id": "1203.3",
      "relation": 1.0
    },
    "1203.1019": {
      "successor_id": "1203.3",
      "relation": 1.0
    },
    "1203.1088": {
      "successor_id": "1203.3",
      "relation": 1.0
    },
    "1203.1069": {
      "successor_id": "1203.3",
      "relation": -1.0
    },
    "1203.1595": {
      "successor_id": "1203.3",
      "relation": 1.0
    },
    "1203.289": {
      "successor_id": "1203.286",
      "relation": -1.0
    },
    "1203.919": {
      "successor_id": "1203.286",
      "relation": -1.0
    },
    "1203.676": {
      "successor_id": "1203.471",
      "relation": -1.0
    },
    "1203.972": {
      "successor_id": "1203.497",
      "relation": 1.0
    },
    "1203.1070": {
      "successor_id": "1203.497",
      "relation": 1.0
    },
    "1203.1129": {
      "successor_id": "1203.285",
      "relation": -1.0
    },
    "1203.1348": {
      "successor_id": "1203.497",
      "relation": -1.0
    },
    "1203.287": {
      "successor_id": "1203.497",
      "relation": -1.0
    },
    "1203.285": {
      "successor_id": "1203.50",
      "relation": -1.0
    },
    "1203.1092": {
      "successor_id": "1203.696",
      "relation": -1.0
    },
    "1203.857": {
      "successor_id": "1203.856",
      "relation": 1.0
    },
    "1203.1149": {
      "successor_id": "1203.936",
      "relation": 1.0
    },
    "1203.965": {
      "successor_id": "1203.1019",
      "relation": 1.0
    },
    "1203.1018": {
      "successor_id": "1203.1019",
      "relation": 1.0
    },
    "1203.50": {
      "successor_id": "1203.1019",
      "relation": 1.0
    },
    "1203.21": {
      "successor_id": "1203.1019",
      "relation": 1.0
    },
    "1203.460": {
      "successor_id": "1203.1088",
      "relation": 1.0
    },
    "1203.858": {
      "successor_id": "1203.1088",
      "relation": 1.0
    },