{
  "nodes": {
    "1203.1270": {
      "votes": {
        "2": 1,
        "3": 2
      },
      "initial_weight": 0.6666666666666666,
      "final_weight": 0.6666666666666666
    },
    "1203.582": {
      "votes": {
        "3": 2,
        "2": 1
      },
      "initial_weight": 0.6666666666666666,
      "final_weight": 0.6666666666666666
    },
    "1203.235": {
      "votes": {
        "3": 2,
        "4": 2,
        "2": 1
      },
      "initial_weight": 0.8,
      "final_weight": 0.36927621861152143
    },
    "1203.248": {
      "votes": {},
      "initial_weight": 0.5,
      "final_weight": 0.5
    },
    "1203.739": {
      "votes": {
        "2": 1,
        "1": 1
      },
      "initial_weight": 0.375,
      "final_weight": 0.25961538461538464
    },
    "1203.1190": {
      "votes": {},
      "initial_weight": 0.5,
      "final_weight": 0.5
    },
    "1203.405": {
      "votes": {
        "2": 1
      },
      "initial_weight": 0.5,
      "final_weight": 0.6
    },
    "1203.224": {
      "votes": {
        "0": 3,
        "1": 3,
        "2": 5,
        "3": 2
      },
      "initial_weight": 0.36538461538461536,
      "final_weight": 0.451428408958861
    },
    "1203.39": {
      "votes": {
        "2": 2,
        "0": 1,
        "1": 2
      },
      "initial_weight": 0.3,
      "final_weight": 0.10097390136846715
    },
    "1203.429": {
      "votes": {
        "0": 2,
        "3": 4
      },
      "initial_weight": 0.5,
      "final_weight": 0.5
    },
    "1203.240": {
      "votes": {
        "3": 2
      },
      "initial_weight": 0.75,
      "final_weight": 0.48
    },
    "1203.436": {
      "votes": {
        "2": 1,
        "0": 1
      },
      "initial_weight": 0.25,
      "final_weight": 0.25
    },
    "1203.167": {
      "votes": {
        "3": 3,
        "1": 4,
        "2": 2,
        "0": 3
      },
      "initial_weight": 0.3541666666666667,
      "final_weight": 0.15647311199104433
    },
    "1203.401": {
      "votes": {
        "3": 2,
        "4": 1,
        "2": 3
      },
      "initial_weight": 0.6666666666666666,
      "final_weight": 0.8333333333333333
    },
    "1203.406": {
      "votes": {
        "2": 1
      },
      "initial_weight": 0.5,
      "final_weight": 0.5
    },
    "1203.462": {
      "votes": {
        "2": 1,
        "4": 3
      },
      "initial_weight": 0.875,
      "final_weight": 0.875
    },
    "1203.228": {
      "votes": {
        "2": 4,
        "4": 2,
        "1": 2
      },
      "initial_weight": 0.5625,
      "final_weight": 0.46918348699741935
    },
    "1203.1268": {
      "votes": {
        "2": 1
      },
      "initial_weight": 0.5,
      "final_weight": 0.5
    },
    "1203.247": {
      "votes": {
        "2": 2
      },
      "initial_weight": 0.5,
      "final_weight": 0.46842789086184494
    },
    "1203.425": {
      "votes": {},
      "initial_weight": 0.5,
      "final_weight": 0.48962046627147865
    },
    "1203.166": {
      "votes": {
        "2": 3,
        "3": 2
      },
      "initial_weight": 0.6,
      "final_weight": 0.6
    },
    "1203.743": {
      "votes": {
        "3": 3,
        "2": 1
      },
      "initial_weight": 0.6875,
      "final_weight": 0.75
    },
    "1203.408": {
      "votes": {
        "3": 2,
        "2": 1
      },
      "initial_weight": 0.6666666666666666,
      "final_weight": 0.47940074906367036
    },
    "1203.1095": {
      "votes": {
        "2": 1,
        "3": 1
      },
      "initial_weight": 0.625,
      "final_weight": 0.625
    },
    "1203.241": {
      "votes": {
        "2": 2,
        "3": 1,
        "1": 1
      },
      "initial_weight": 0.5,
      "final_weight": 0.5899705783095569
    },
    "1203.983": {
      "votes": {},
      "initial_weight": 0.5,
      "final_weight": 0.4999461384425491
    },
    "1203.152": {
      "votes": {
        "1": 1,
        "4": 2
      },
      "initial_weight": 0.75,
      "final_weight": 0.75
    },
    "1203.245": {
      "votes": {
        "4": 1,
        "2": 1
      },
      "initial_weight": 0.75,
      "final_weight": 0.75
    },
    "1203.1096": {
      "votes": {
        "2": 1
      },
      "initial_weight": 0.5,
      "final_weight": 0.5
    },
    "1203.142": {
      "votes": {
        "4": 3,
        "2": 1,
        "3": 1
      },
      "initial_weight": 0.85,
      "final_weight": 0.904
    },
    "1203.956": {
      "votes": {
        "3": 2,
        "2": 2
      },
      "initial_weight": 0.625,
      "final_weight": 0.625
    },
    "1203.515": {
      "votes": {
        "0": 1,
        "3": 2,
        "2": 1
      },
      "initial_weight": 0.5,
      "final_weight": 0.5
    }
  },
  "edges": {
    "1203.167": {
      "successor_id": "1203.224",
      "relation": -1.0
    },
    "1203.228": {
      "successor_id": "1203.224",
      "relation": 1.0
    },
    "1203.401": {
      "successor_id": "1203.224",
      "relation": 1.0
    },
    "1203.429": {
      "successor_id": "1203.224",
      "relation": 1.0
    },
    "1203.515": {
      "successor_id": "1203.224",
      "relation": -1.0
    },
    "1203.739": {
      "successor_id": "1203.247",
      "relation": -1.0
    },
    "1203.743": {
      "successor_id": "1203.224",
      "relation": -1.0
    },
    "1203.983": {
      "successor_id": "1203.39",
      "relation": -1.0
    },
    "1203.39": {
      "successor_id": "1203.167",
      "relation": 1.0
    },
    "1203.166": {
      "successor_id": "1203.167",
      "relation": -1.0
    },
    "1203.956": {
      "successor_id": "1203.167",
      "relation": -1.0
    },
    "1203.235": {
      "successor_id": "1203.228",
      "relation": -1.0
    },
    "1203.241": {
      "successor_id": "1203.228",
      "relation": 1.0
    },
    "1203.582": {
      "successor_id": "1203.228",
      "relation": -1.0
    },
    "1203.1268": {
      "successor_id": "1203.401",
      "relation": 1.0
    },
    "1203.1190": {
      "successor_id": "1203.401",
      "relation": 1.0
    },
    "1203.1270": {
      "successor_id": "1203.739",
      "relation": -1.0
    },
    "1203.248": {
      "successor_id": "1203.743",
      "relation": 1.0
    },
    "1203.1096": {
      "successor_id": "1203.983",
      "relation": -1.0
    },
    "1203.425": {
      "successor_id": "1203.983",
      "relation": 1.0
    },
    "1203.142": {
      "successor_id": "1203.39",
      "relation": -1.0
    },
    "1203.240": {
      "successor_id": "1203.235",
      "relation": -1.0
    },
    "1203.405": {
      "successor_id": "1203.235",
      "relation": -1.0
    },
    "1203.247": {
      "successor_id": "1203.241",
      "relation": 1.0
    },
    "1203.408": {
      "successor_id": "1203.425",
      "relation": 1.0
    },
    "1203.1095": {
      "successor_id": "1203.425",
      "relation": -1.0
    },
    "1203.152": {
      "successor_id": "1203.142",
      "relation": 1.0
    },
    "1203.245": {
      "successor_id": "1203.240",
      "relation": -1.0
    },
    "1203.406": {
      "successor_id": "1203.405",
      "relation": 1.0
    },
    "1203.436": {
      "successor_id": "1203.408",
      "relation": 1.0
    },
    "1203.462": {
      "successor_id": "1203.408",
      "relation": -1.0
    }
  }
}