{
  "nodes": {
    "1257.1031": {
      "votes": {},
      "initial_weight": 0.5,
      "final_weight": 0.5
    },
    "1257.765": {
      "votes": {
        "1": 1,
        "4": 3,
        "0": 2
      },
      "initial_weight": 0.5416666666666666,
      "final_weight": 0.6333333333333333
    }
  },
  "edges": {
    "1257.1031": {
      "successor_id": "1257.765",
      "relation": 1.0
    }
  }
}