{
  "nodes": {
    "1257.767": {
      "votes": {
        "4": 3,
        "3": 1,
        "1": 3
      },
      "initial_weight": 0.6428571428571429,
      "final_weight": 0.9471682163989856
    },
    "1257.867": {
      "votes": {},
      "initial_weight": 0.5,
      "final_weight": 0.5
    },
    "1257.2161": {
      "votes": {},
      "initial_weight": 0.5,
      "final_weight": 0.4
    },
    "1257.2165": {
      "votes": {},
      "initial_weight": 0.5,
      "final_weight": 0.5
    },
    "1257.866": {
      "votes": {},
      "initial_weight": 0.5,
      "final_weight": 0.5
    },
    "1257.2167": {
      "votes": {},
      "initial_weight": 0.5,
      "final_weight": 0.5
    },
    "1257.2163": {
      "votes": {},
      "initial_weight": 0.5,
      "final_weight": 0.5
    },
    "1257.876": {
      "votes": {},
      "initial_weight": 0.5,
      "final_weight": 0.5
    },
    "1257.868": {
      "votes": {},
      "initial_weight": 0.5,
      "final_weight": 0.5
    }
  },
  "edges": {
    "1257.866": {
      "successor_id": "1257.767",
      "relation": 1.0
    },
    "1257.867": {
      "successor_id": "1257.767",
      "relation": 1.0
    },
    "1257.868": {
      "successor_id": "1257.767",
      "relation": 1.0
    },
    "1257.876": {
      "successor_id": "1257.767",
      "relation": 1.0
    },
    "1257.2161": {
      "successor_id": "1257.767",
      "relation": 1.0
    },
    "1257.2163": {
      "successor_id": "1257.767",
      "relation": 1.0
    },
    "1257.2165": {
      "successor_id": "1257.767",
      "relation": -1.0
    },
    "1257.2167": {
      "successor_id": "1257.2161",
      "relation": -1.0
    }
  }
}