{
  "nodes": {
    "1257.694": {
      "votes": {
        "4": 1,
        "3": 1,
        "1": 1
      },
      "initial_weight": 0.6666666666666666,
      "final_weight": 0.6666666666666666
    }
  },
  "edges": {}
}