{
  "nodes": {
    "1257.34": {
      "votes": {
        "0": 1,
        "4": 2
      },
      "initial_weight": 0.6666666666666666,
      "final_weight": 0.6666666666666666
    },
    "1257.38": {
      "votes": {
        "2": 1,
        "1": 2,
        "3": 2
      },
      "initial_weight": 0.5,
      "final_weight": 0.5
    },
    "1257.39": {
      "votes": {
        "2": 2
      },
      "initial_weight": 0.5,
      "final_weight": 0.5
    },
    "1257.19": {
      "votes": {
        "4": 1,
        "3": 1
      },
      "initial_weight": 0.875,
      "final_weight": 0.875
    },
    "1257.6": {
      "votes": {
        "4": 3,
        "3": 3,
        "2": 5
      },
      "initial_weight": 0.7045454545454546,
      "final_weight": 0.9689811443908871
    },
    "1257.23": {
      "votes": {
        "2": 1
      },
      "initial_weight": 0.5,
      "final_weight": 0.5
    },
    "1257.46": {
      "votes": {
        "2": 1
      },
      "initial_weight": 0.5,
      "final_weight": 0.5
    },
    "1257.77": {
      "votes": {
        "2": 2
      },
      "initial_weight": 0.5,
      "final_weight": 0.5
    },
    "1257.12": {
      "votes": {
        "2": 1
      },
      "initial_weight": 0.5,
      "final_weight": 0.9447599647844775
    },
    "1257.520": {
      "votes": {
        "3": 1
      },
      "initial_weight": 0.75,
      "final_weight": 0.75
    },
    "1257.650": {
      "votes": {
        "2": 1,
        "4": 1
      },
      "initial_weight": 0.75,
      "final_weight": 0.75
    },
    "1257.28": {
      "votes": {
        "2": 2,
        "1": 1
      },
      "initial_weight": 0.4166666666666667,
      "final_weight": 0.4166666666666667
    },
    "1257.33": {
      "votes": {
        "1": 1,
        "3": 3
      },
      "initial_weight": 0.625,
      "final_weight": 0.7
    },
    "1257.35": {
      "votes": {
        "1": 1,
        "2": 1,
        "3": 1
      },
      "initial_weight": 0.5,
      "final_weight": 0.5
    },
    "1257.40": {
      "votes": {
        "3": 1,
        "0": 1,
        "2": 2
      },
      "initial_weight": 0.4375,
      "final_weight": 0.4375
    },
    "1257.29": {
      "votes": {
        "1": 3,
        "2": 1,
        "0": 2
      },
      "initial_weight": 0.20833333333333334,
      "final_weight": 0.20833333333333334
    },
    "1257.21": {
      "votes": {
        "2": 1
      },
      "initial_weight": 0.5,
      "final_weight": 0.6
    },
    "1257.31": {
      "votes": {
        "1": 2,
        "0": 1,
        "2": 2
      },
      "initial_weight": 0.3,
      "final_weight": 0.3
    },
    "1257.36": {
      "votes": {
        "3": 2,
        "1": 1,
        "0": 1,
        "2": 2
      },
      "initial_weight": 0.4583333333333333,
      "final_weight": 0.4583333333333333
    }
  },
  "edges": {
    "1257.12": {
      "successor_id": "1257.6",
      "relation": 1.0
    },
    "1257.19": {
      "successor_id": "1257.6",
      "relation": 1.0
    },
    "1257.21": {
      "successor_id": "1257.6",
      "relation": 1.0
    },
    "1257.23": {
      "successor_id": "1257.6",
      "relation": 1.0
    },
    "1257.520": {
      "successor_id": "1257.6",
      "relation": -1.0
    },
    "1257.650": {
      "successor_id": "1257.6",
      "relation": 1.0
    },
    "1257.28": {
      "successor_id": "1257.12",
      "relation": -1.0
    },
    "1257.29": {
      "successor_id": "1257.12",
      "relation": -1.0
    },
    "1257.31": {
      "successor_id": "1257.12",
      "relation": -1.0
    },
    "1257.33": {
      "successor_id": "1257.12",
      "relation": 1.0
    },
    "1257.34": {
      "successor_id": "1257.12",
      "relation": 1.0
    },
    "1257.35": {
      "successor_id": "1257.12",
      "relation": 1.0
    },
    "1257.36": {
      "successor_id": "1257.12",
      "relation": 1.0
    },
    "1257.38": {
      "successor_id": "1257.12",
      "relation": 1.0
    },
    "1257.39": {
      "successor_id": "1257.12",
      "relation": 1.0
    },
    "1257.40": {
      "successor_id": "1257.12",
      "relation": 1.0
    },
    "1257.77": {
      "successor_id": "1257.21",
      "relation": 1.0
    },
    "1257.46": {
      "successor_id": "1257.33",
      "relation": 1.0
    }
  }
}