{
  "nodes": {
    "1257.472": {
      "votes": {
        "4": 4,
        "2": 1,
        "1": 1
      },
      "initial_weight": 0.7916666666666666,
      "final_weight": 0.7916666666666666
    }
  },
  "edges": {}
}