{
  "nodes": {
    "1257.501": {
      "votes": {
        "2": 1
      },
      "initial_weight": 0.5,
      "final_weight": 0.5
    },
    "1257.499": {
      "votes": {
        "3": 1
      },
      "initial_weight": 0.75,
      "final_weight": 0.75
    },
    "1257.500": {
      "votes": {
        "2": 1
      },
      "initial_weight": 0.5,
      "final_weight": 0.5
    },
    "1257.498": {
      "votes": {
        "1": 1,
        "3": 1,
        "4": 5,
        "2": 2
      },
      "initial_weight": 0.7777777777777778,
      "final_weight": 0.8577777777777778
    },
    "1257.727": {
      "votes": {},
      "initial_weight": 0.5,
      "final_weight": 0.5
    },
    "1257.793": {
      "votes": {},
      "initial_weight": 0.5,
      "final_weight": 0.5
    },
    "1257.689": {
      "votes": {},
      "initial_weight": 0.5,
      "final_weight": 0.5
    },
    "1257.726": {
      "votes": {},
      "initial_weight": 0.5,
      "final_weight": 0.5
    }
  },
  "edges": {
    "1257.499": {
      "successor_id": "1257.498",
      "relation": 1.0
    },
    "1257.500": {
      "successor_id": "1257.498",
      "relation": 1.0
    },
    "1257.501": {
      "successor_id": "1257.498",
      "relation": 1.0
    },
    "1257.689": {
      "successor_id": "1257.498",
      "relation": -1.0
    },
    "1257.793": {
      "successor_id": "1257.498",
      "relation": -1.0
    },
    "1257.726": {
      "successor_id": "1257.689",
      "relation": 1.0
    },
    "1257.727": {
      "successor_id": "1257.689",
      "relation": -1.0
    }
  }
}