{
  "nodes": {
    "1260.276": {
      "votes": {
        "0": 1,
        "4": 2
      },
      "initial_weight": 0.6666666666666666,
      "final_weight": 0.6666666666666666
    },
    "1260.28": {
      "votes": {
        "1": 1,
        "4": 1,
        "2": 1
      },
      "initial_weight": 0.5833333333333334,
      "final_weight": 0.4666666666666667
    },
    "1260.2": {
      "votes": {
        "1": 2,
        "2": 2,
        "0": 2,
        "3": 2,
        "4": 7
      },
      "initial_weight": 0.6666666666666666,
      "final_weight": 0.27730517966624524
    },
    "1260.729": {
      "votes": {},
      "initial_weight": 0.5,
      "final_weight": 0.5
    },
    "1260.21": {
      "votes": {
        "2": 1,
        "4": 1
      },
      "initial_weight": 0.75,
      "final_weight": 0.75
    },
    "1260.639": {
      "votes": {
        "4": 1
      },
      "initial_weight": 1.0,
      "final_weight": 1.0
    },
    "1260.44": {
      "votes": {
        "3": 1,
        "4": 2,
        "2": 2
      },
      "initial_weight": 0.75,
      "final_weight": 0.805026656511805
    },
    "1260.727": {
      "votes": {
        "0": 1
      },
      "initial_weight": 0.0,
      "final_weight": 0.5
    },
    "1260.165": {
      "votes": {
        "1": 1,
        "3": 2
      },
      "initial_weight": 0.5833333333333334,
      "final_weight": 0.5833333333333334
    },
    "1260.24": {
      "votes": {
        "2": 1,
        "3": 1,
        "4": 1
      },
      "initial_weight": 0.75,
      "final_weight": 0.9230769230769231
    },
    "1260.30": {
      "votes": {
        "2": 2,
        "4": 1
      },
      "initial_weight": 0.6666666666666666,
      "final_weight": 0.6666666666666666
    },
    "1260.22": {
      "votes": {
        "2": 1,
        "3": 1
      },
      "initial_weight": 0.625,
      "final_weight": 0.625
    },
    "1260.731": {
      "votes": {},
      "initial_weight": 0.5,
      "final_weight": 0.5
    },
    "1260.20": {
      "votes": {
        "3": 1,
        "0": 1
      },
      "initial_weight": 0.375,
      "final_weight": 0.375
    },
    "1260.262": {
      "votes": {},
      "initial_weight": 0.5,
      "final_weight": 0.7573031267885255
    },
    "1260.6": {
      "votes": {},
      "initial_weight": 0.5,
      "final_weight": 0.8461538461538461
    },
    "1260.33": {
      "votes": {
        "4": 1,
        "2": 1
      },
      "initial_weight": 0.75,
      "final_weight": 0.75
    },
    "1260.164": {
      "votes": {},
      "initial_weight": 0.5,
      "final_weight": 0.45443069931835395
    },
    "1260.45": {
      "votes": {
        "1": 1,
        "2": 1,
        "0": 2
      },
      "initial_weight": 0.1875,
      "final_weight": 0.09375
    },
    "1260.97": {
      "votes": {
        "2": 1,
        "4": 1
      },
      "initial_weight": 0.75,
      "final_weight": 0.375
    },
    "1260.771": {
      "votes": {},
      "initial_weight": 0.5,
      "final_weight": 0.5
    },
    "1260.29": {
      "votes": {
        "3": 1,
        "1": 1
      },
      "initial_weight": 0.5,
      "final_weight": 0.5
    },
    "1260.769": {
      "votes": {},
      "initial_weight": 0.5,
      "final_weight": 0.5
    },
    "1260.46": {
      "votes": {
        "4": 1,
        "3": 2,
        "2": 1
      },
      "initial_weight": 0.75,
      "final_weight": 0.75
    },
    "1260.26": {
      "votes": {
        "4": 1,
        "2": 1
      },
      "initial_weight": 0.75,
      "final_weight": 0.75
    },
    "1260.765": {
      "votes": {},
      "initial_weight": 0.5,
      "final_weight": 0.6
    },
    "1260.32": {
      "votes": {
        "3": 1,
        "0": 1,
        "4": 1
      },
      "initial_weight": 0.5833333333333334,
      "final_weight": 0.5833333333333334
    },
    "1260.213": {
      "votes": {
        "3": 2,
        "4": 1
      },
      "initial_weight": 0.8333333333333334,
      "final_weight": 0.8333333333333334
    },
    "1260.15": {
      "votes": {
        "0": 1
      },
      "initial_weight": 0.0,
      "final_weight": 0.0
    },
    "1260.163": {
      "votes": {
        "2": 1,
        "1": 3
      },
      "initial_weight": 0.3125,
      "final_weight": 0.3125
    },
    "1260.16": {
      "votes": {
        "1": 2,
        "4": 2,
        "3": 1
      },
      "initial_weight": 0.65,
      "final_weight": 0.9741762101905433
    },
    "1260.274": {
      "votes": {
        "4": 4,
        "0": 1
      },
      "initial_weight": 0.8,
      "final_weight": 0.33882352941176475
    },
    "1260.31": {
      "votes": {
        "1": 1,
        "3": 1,
        "2": 2
      },
      "initial_weight": 0.5,
      "final_weight": 0.8200000000000001
    },
    "1260.212": {
      "votes": {
        "0": 2,
        "3": 1,
        "1": 1
      },
      "initial_weight": 0.25,
      "final_weight": 0.5752212389380531
    },
    "1260.118": {
      "votes": {
        "4": 1,
        "3": 1,
        "1": 1,
        "2": 1,
        "0": 1
      },
      "initial_weight": 0.5,
      "final_weight": 0.25
    },
    "1260.199": {
      "votes": {
        "4": 1,
        "0": 2,
        "2": 2
      },
      "initial_weight": 0.4,
      "final_weight": 0.4
    },
    "1260.23": {
      "votes": {
        "4": 1,
        "3": 2
      },
      "initial_weight": 0.8333333333333334,
      "final_weight": 0.8333333333333334
    },
    "1260.282": {
      "votes": {
        "1": 1
      },
      "initial_weight": 0.25,
      "final_weight": 0.25
    },
    "1260.260": {
      "votes": {},
      "initial_weight": 0.5,
      "final_weight": 0.5
    },
    "1260.25": {
      "votes": {
        "4": 1,
        "2": 1
      },
      "initial_weight": 0.75,
      "final_weight": 0.75
    },
    "1260.773": {
      "votes": {},
      "initial_weight": 0.5,
      "final_weight": 0.5
    },
    "1260.12": {
      "votes": {},
      "initial_weight": 0.5,
      "final_weight": 0.5616438356164384
    },
    "1260.767": {
      "votes": {},
      "initial_weight": 0.5,
      "final_weight": 0.5
    },
    "1260.13": {
      "votes": {},
      "initial_weight": 0.5,
      "final_weight": 0.5
    },
    "1260.279": {
      "votes": {
        "4": 1,
        "3": 1
      },
      "initial_weight": 0.875,
      "final_weight": 0.9
    },
    "1260.4": {
      "votes": {
        "4": 1
      },
      "initial_weight": 1.0,
      "final_weight": 0.9411764705882353
    },
    "1260.646": {
      "votes": {
        "4": 1,
        "0": 1
      },
      "initial_weight": 0.5,
      "final_weight": 0.8922342257664138
    },
    "1260.27": {
      "votes": {
        "4": 1,
        "3": 1,
        "1": 1
      },
      "initial_weight": 0.6666666666666666,
      "final_weight": 0.6666666666666666
    },
    "1260.214": {
      "votes": {
        "3": 1,
        "4": 1
      },
      "initial_weight": 0.875,
      "final_weight": 0.875
    },
    "1260.246": {
      "votes": {
        "0": 1,
        "2": 1,
        "3": 1,
        "4": 1
      },
      "initial_weight": 0.5625,
      "final_weight": 0.5625
    },
    "1260.7": {
      "votes": {
        "4": 3,
        "0": 1,
        "2": 1
      },
      "initial_weight": 0.7,
      "final_weight": 0.9205882352941177
    },
    "1260.749": {
      "votes": {},
      "initial_weight": 0.5,
      "final_weight": 0.5
    },
    "1260.206": {
      "votes": {
        "4": 1
      },
      "initial_weight": 1.0,
      "final_weight": 1.0
    },
    "1260.128": {
      "votes": {
        "1": 1,
        "0": 1,
        "4": 1,
        "3": 1
      },
      "initial_weight": 0.5,
      "final_weight": 0.5
    },
    "1260.637": {
      "votes": {},
      "initial_weight": 0.5,
      "final_weight": 0.5
    },
    "1260.41": {
      "votes": {
        "2": 2
      },
      "initial_weight": 0.5,
      "final_weight": 0.5
    }
  },
  "edges": {
    "1260.7": {
      "successor_id": "1260.2",
      "relation": -1.0
    },
    "1260.16": {
      "successor_id": "1260.2",