{
  "nodes": {
    "1260.42": {
      "votes": {
        "2": 1,
        "4": 2
      },
      "initial_weight": 0.8333333333333334,
      "final_weight": 0.9016765782490587
    },
    "1260.145": {
      "votes": {
        "2": 1,
        "1": 1
      },
      "initial_weight": 0.375,
      "final_weight": 0.375
    },
    "1260.169": {
      "votes": {
        "2": 1,
        "3": 1
      },
      "initial_weight": 0.625,
      "final_weight": 0.8772280829392507
    },
    "1260.126": {
      "votes": {
        "2": 2
      },
      "initial_weight": 0.5,
      "final_weight": 0.35071065327943673
    },
    "1260.119": {
      "votes": {
        "3": 2,
        "2": 1,
        "4": 1
      },
      "initial_weight": 0.75,
      "final_weight": 0.75
    },
    "1260.49": {
      "votes": {
        "4": 1,
        "2": 1,
        "3": 1
      },
      "initial_weight": 0.75,
      "final_weight": 0.75
    },
    "1260.95": {
      "votes": {
        "3": 1,
        "2": 1,
        "4": 2
      },
      "initial_weight": 0.8125,
      "final_weight": 0.8125
    },
    "1260.148": {
      "votes": {
        "4": 1,
        "2": 1
      },
      "initial_weight": 0.75,
      "final_weight": 0.75
    },
    "1260.623": {
      "votes": {},
      "initial_weight": 0.5,
      "final_weight": 0.5
    },
    "1260.52": {
      "votes": {
        "4": 1,
        "3": 2
      },
      "initial_weight": 0.8333333333333334,
      "final_weight": 0.8333333333333334
    },
    "1260.150": {
      "votes": {
        "2": 1,
        "1": 1,
        "3": 1
      },
      "initial_weight": 0.5,
      "final_weight": 0.5
    },
    "1260.34": {
      "votes": {
        "3": 2
      },
      "initial_weight": 0.75,
      "final_weight": 0.30742164554662255
    },
    "1260.136": {
      "votes": {
        "2": 1,
        "4": 1
      },
      "initial_weight": 0.75,
      "final_weight": 0.75
    },
    "1260.149": {
      "votes": {
        "1": 2
      },
      "initial_weight": 0.25,
      "final_weight": 0.25
    },
    "1260.278": {
      "votes": {},
      "initial_weight": 0.5,
      "final_weight": 0.5
    },
    "1260.301": {
      "votes": {
        "3": 1
      },
      "initial_weight": 0.75,
      "final_weight": 0.6
    },
    "1260.157": {
      "votes": {
        "4": 2,
        "2": 1,
        "3": 1
      },
      "initial_weight": 0.8125,
      "final_weight": 0.8125
    },
    "1260.53": {
      "votes": {
        "3": 1,
        "2": 1,
        "0": 1
      },
      "initial_weight": 0.4166666666666667,
      "final_weight": 0.4166666666666667
    },
    "1260.47": {
      "votes": {},
      "initial_weight": 0.5,
      "final_weight": 0.8337182448036952
    },
    "1260.129": {
      "votes": {},
      "initial_weight": 0.5,
      "final_weight": 0.5
    },
    "1260.153": {
      "votes": {
        "3": 1,
        "1": 1
      },
      "initial_weight": 0.5,
      "final_weight": 0.6799999999999999
    },
    "1260.94": {
      "votes": {
        "4": 1,
        "2": 1
      },
      "initial_weight": 0.75,
      "final_weight": 0.9778631821675634
    },
    "1260.147": {
      "votes": {
        "2": 1
      },
      "initial_weight": 0.5,
      "final_weight": 0.5
    },
    "1260.142": {
      "votes": {
        "0": 1,
        "2": 1,
        "3": 1
      },
      "initial_weight": 0.4166666666666667,
      "final_weight": 0.4166666666666667
    },
    "1260.219": {
      "votes": {
        "3": 1
      },
      "initial_weight": 0.75,
      "final_weight": 0.75
    },
    "1260.146": {
      "votes": {
        "2": 1,
        "3": 1
      },
      "initial_weight": 0.625,
      "final_weight": 0.625
    },
    "1260.277": {
      "votes": {},
      "initial_weight": 0.5,
      "final_weight": 0.6
    },
    "1260.43": {
      "votes": {
        "2": 2
      },
      "initial_weight": 0.5,
      "final_weight": 0.4
    },
    "1260.160": {
      "votes": {
        "4": 1,
        "2": 1
      },
      "initial_weight": 0.75,
      "final_weight": 0.9024390243902439
    },
    "1260.51": {
      "votes": {
        "3": 2,
        "2": 1
      },
      "initial_weight": 0.6666666666666666,
      "final_weight": 0.6666666666666666
    },
    "1260.1": {
      "votes": {
        "0": 3,
        "4": 6,
        "3": 7
      },
      "initial_weight": 0.703125,
      "final_weight": 0.883216515367839
    },
    "1260.96": {
      "votes": {
        "3": 2,
        "4": 1
      },
      "initial_weight": 0.8333333333333334,
      "final_weight": 0.8333333333333334
    },
    "1260.35": {
      "votes": {},
      "initial_weight": 0.5,
      "final_weight": 0.5
    },
    "1260.125": {
      "votes": {},
      "initial_weight": 0.5,
      "final_weight": 0.2831858407079646
    }
  },
  "edges": {
    "1260.34": {
      "successor_id": "1260.1",
      "relation": 1.0
    },
    "1260.42": {
      "successor_id": "1260.1",
      "relation": 1.0
    },
    "1260.43": {
      "successor_id": "1260.1",
      "relation": 1.0
    },
    "1260.94": {
      "successor_id": "1260.1",
      "relation": 1.0
    },
    "1260.126": {
      "successor_id": "1260.1",
      "relation": -1.0
    },
    "1260.136": {
      "successor_id": "1260.1",
      "relation": -1.0
    },
    "1260.142": {
      "successor_id": "1260.1",
      "relation": -1.0
    },
    "1260.146": {
      "successor_id": "1260.1",
      "relation": -1.0
    },
    "1260.153": {
      "successor_id": "1260.1",
      "relation": -1.0
    },
    "1260.169": {
      "successor_id": "1260.1",
      "relation": 1.0
    },
    "1260.301": {
      "successor_id": "1260.1",
      "relation": 1.0
    },
    "1260.53": {
      "successor_id": "1260.34",
      "relation": -1.0
    },
    "1260.35": {
      "successor_id": "1260.34",
      "relation": -1.0
    },
    "1260.125": {
      "successor_id": "1260.34",
      "relation": -1.0
    },
    "1260.47": {
      "successor_id": "1260.42",
      "relation": 1.0
    },
    "1260.278": {
      "successor_id": "1260.43",
      "relation": -1.0
    },
    "1260.95": {
      "successor_id": "1260.94",
      "relation": 1.0
    },
    "1260.96": {
      "successor_id": "1260.94",
      "relation": 1.0
    },
    "1260.119": {
      "successor_id": "1260.94",
      "relation": 1.0
    },
    "1260.157": {
      "successor_id": "1260.94",
      "relation": 1.0
    },
    "1260.149": {
      "successor_id": "1260.126",
      "relation": 1.0
    },
    "1260.160": {
      "successor_id": "1260.126",
      "relation": -1.0
    },
    "1260.219": {
      "successor_id": "1260.153",
      "relation": 1.0
    },
    "1260.52": {
      "successor_id": "1260.169",
      "relation": 1.0
    },
    "1260.277": {
      "successor_id": "1260.169",
      "relation": 1.0
    },
    "1260.129": {
      "successor_id": "1260.301",
      "relation": -1.0
    },
    "1260.145": {
      "successor_id": "1260.125",
      "relation": -1.0
    },
    "1260.150": {
      "successor_id": "1260.125",
      "relation": -1.0
    },
    "1260.49": {
      "successor_id": "1260.47",
      "relation": 1.0
    },
    "1260.51": {
      "successor_id": "1260.47",
      "relation": 1.0
    },
    "1260.148": {
      "successor_id": "1260.160",
      "relation": 1.0
    },
    "1260.147": {
      "successor_id": "1260.160",
      "relation": 1.0
    },
    "1260.623": {
      "successor_id": "1260.277",
      "relation": 1.0
    }
  }
}