{
  "nodes": {
    "1260.669": {
      "votes": {
        "2": 1,
        "1": 1
      },
      "initial_weight": 0.375,
      "final_weight": 0.35294117647058826
    },
    "1260.761": {
      "votes": {
        "1": 1
      },
      "initial_weight": 0.25,
      "final_weight": 0.25
    },
    "1260.270": {
      "votes": {
        "2": 1,
        "3": 2,
        "4": 5,
        "0": 1,
        "1": 1
      },
      "initial_weight": 0.725,
      "final_weight": 0.9592344436251723
    },
    "1260.298": {
      "votes": {
        "4": 2
      },
      "initial_weight": 1.0,
      "final_weight": 1.0
    },
    "1260.721": {
      "votes": {
        "4": 1
      },
      "initial_weight": 1.0,
      "final_weight": 1.0
    },
    "1260.337": {
      "votes": {
        "3": 1,
        "2": 1,
        "4": 1
      },
      "initial_weight": 0.75,
      "final_weight": 0.75
    }
  },
  "edges": {
    "1260.298": {
      "successor_id": "1260.270",
      "relation": 1.0
    },
    "1260.337": {
      "successor_id": "1260.270",
      "relation": 1.0
    },
    "1260.669": {
      "successor_id": "1260.270",
      "relation": -1.0
    },
    "1260.721": {
      "successor_id": "1260.270",
      "relation": 1.0
    },
    "1260.761": {
      "successor_id": "1260.669",
      "relation": -1.0
    }
  }
}