{
  "nodes": {
    "1260.693": {
      "votes": {
        "4": 2
      },
      "initial_weight": 1.0,
      "final_weight": 1.0
    },
    "1260.691": {
      "votes": {
        "0": 2,
        "1": 1
      },
      "initial_weight": 0.08333333333333333,
      "final_weight": 0.041666666666666664
    }
  },
  "edges": {
    "1260.693": {
      "successor_id": "1260.691",
      "relation": -1.0
    }
  }
}