{
  "nodes": {
    "13517.80": {
      "votes": {
        "4": 1
      },
      "initial_weight": 1.0,
      "final_weight": 0.5
    },
    "13517.96": {
      "votes": {
        "4": 1
      },
      "initial_weight": 1.0,
      "final_weight": 1.0
    },
    "13517.34": {
      "votes": {
        "3": 2,
        "1": 1,
        "2": 1
      },
      "initial_weight": 0.5625,
      "final_weight": 0.3185840707964602
    },
    "13517.87": {
      "votes": {
        "4": 1
      },
      "initial_weight": 1.0,
      "final_weight": 1.0
    },
    "13517.33": {
      "votes": {
        "4": 1,
        "3": 1,
        "2": 1,
        "1": 1
      },
      "initial_weight": 0.625,
      "final_weight": 0.625
    },
    "13517.93": {
      "votes": {},
      "initial_weight": 0.5,
      "final_weight": 0.5
    },
    "13517.86": {
      "votes": {
        "4": 1,
        "3": 1
      },
      "initial_weight": 0.875,
      "final_weight": 0.875
    },
    "13517.2": {
      "votes": {
        "1": 2,
        "0": 1,
        "2": 2
      },
      "initial_weight": 0.3,
      "final_weight": 0.511502614542029
    },
    "13517.52": {
      "votes": {
        "4": 1
      },
      "initial_weight": 1.0,
      "final_weight": 1.0
    },
    "13517.15": {
      "votes": {
        "2": 1,
        "1": 1
      },
      "initial_weight": 0.375,
      "final_weight": 0.023414634146341484
    },
    "13517.94": {
      "votes": {},
      "initial_weight": 0.5,
      "final_weight": 0.5
    },
    "13517.14": {
      "votes": {
        "4": 1
      },
      "initial_weight": 1.0,
      "final_weight": 1.0
    },
    "13517.53": {
      "votes": {
        "3": 2
      },
      "initial_weight": 0.75,
      "final_weight": 0.75
    }
  },
  "edges": {
    "13517.14": {
      "successor_id": "13517.2",
      "relation": 1.0
    },
    "13517.15": {
      "successor_id": "13517.2",
      "relation": -1.0
    },
    "13517.34": {
      "successor_id": "13517.2",
      "relation": -1.0
    },
    "13517.80": {
      "successor_id": "13517.2",
      "relation": -1.0
    },
    "13517.94": {
      "successor_id": "13517.2",
      "relation": 1.0
    },
    "13517.33": {
      "successor_id": "13517.15",
      "relation": -1.0
    },
    "13517.52": {
      "successor_id": "13517.15",
      "relation": -1.0
    },
    "13517.53": {
      "successor_id": "13517.15",
      "relation": -1.0
    },
    "13517.87": {
      "successor_id": "13517.15",
      "relation": -1.0
    },
    "13517.93": {
      "successor_id": "13517.15",
      "relation": -1.0
    },
    "13517.86": {
      "successor_id": "13517.34",
      "relation": -1.0
    },
    "13517.96": {
      "successor_id": "13517.80",
      "relation": -1.0
    }
  }
}