{
  "nodes": {
    "14121.178": {
      "votes": {
        "0": 1,
        "3": 1
      },
      "initial_weight": 0.375,
      "final_weight": 0.375
    },
    "14121.26": {
      "votes": {
        "4": 3,
        "0": 1,
        "1": 1,
        "3": 2
      },
      "initial_weight": 0.6785714285714286,
      "final_weight": 0.6785714285714286
    },
    "14121.47": {
      "votes": {
        "2": 1,
        "0": 1,
        "4": 2
      },
      "initial_weight": 0.625,
      "final_weight": 0.625
    },
    "14121.1": {
      "votes": {
        "0": 1,
        "4": 1
      },
      "initial_weight": 0.5,
      "final_weight": 0.7793103448275862
    },
    "14121.181": {
      "votes": {
        "2": 1,
        "4": 4,
        "0": 1
      },
      "initial_weight": 0.75,
      "final_weight": 0.7872908559945619
    },
    "14121.8": {
      "votes": {
        "3": 3,
        "0": 2,
        "4": 1
      },
      "initial_weight": 0.5416666666666666,
      "final_weight": 0.5098039215686274
    },
    "14121.86": {
      "votes": {
        "1": 1
      },
      "initial_weight": 0.25,
      "final_weight": 0.25
    },
    "14121.71": {
      "votes": {
        "4": 2,
        "3": 1,
        "2": 1,
        "0": 1
      },
      "initial_weight": 0.65,
      "final_weight": 0.5698630136986301
    },
    "14121.114": {
      "votes": {
        "0": 1,
        "3": 1
      },
      "initial_weight": 0.375,
      "final_weight": 0.375
    },
    "14121.67": {
      "votes": {
        "4": 2,
        "0": 1
      },
      "initial_weight": 0.6666666666666666,
      "final_weight": 0.6666666666666666
    },
    "14121.122": {
      "votes": {
        "0": 1
      },
      "initial_weight": 0.0,
      "final_weight": 0.0
    },
    "14121.95": {
      "votes": {
        "0": 1
      },
      "initial_weight": 0.0,
      "final_weight": 0.0
    },
    "14121.167": {
      "votes": {},
      "initial_weight": 0.5,
      "final_weight": 0.5
    },
    "14121.2": {
      "votes": {
        "4": 1,
        "0": 1
      },
      "initial_weight": 0.5,
      "final_weight": 0.2643946062196416
    },
    "14121.53": {
      "votes": {
        "4": 2
      },
      "initial_weight": 1.0,
      "final_weight": 1.0
    },
    "14121.191": {
      "votes": {
        "4": 1
      },
      "initial_weight": 1.0,
      "final_weight": 1.0
    },
    "14121.9": {
      "votes": {
        "4": 4,
        "0": 1,
        "3": 1
      },
      "initial_weight": 0.7916666666666666,
      "final_weight": 0.8958333333333333
    }
  },
  "edges": {
    "14121.178": {
      "successor_id": "14121.181",
      "relation": 1.0
    },
    "14121.1": {
      "successor_id": "14121.181",
      "relation": 1.0
    },
    "14121.2": {
      "successor_id": "14121.181",
      "relation": 1.0
    },
    "14121.191": {
      "successor_id": "14121.181",
      "relation": -1.0
    },
    "14121.47": {
      "successor_id": "14121.1",
      "relation": 1.0
    },
    "14121.95": {
      "successor_id": "14121.1",
      "relation": 1.0
    },
    "14121.167": {
      "successor_id": "14121.1",
      "relation": 1.0
    },
    "14121.8": {
      "successor_id": "14121.2",
      "relation": 1.0
    },
    "14121.9": {
      "successor_id": "14121.2",
      "relation": -1.0
    },
    "14121.26": {
      "successor_id": "14121.2",
      "relation": 1.0
    },
    "14121.67": {
      "successor_id": "14121.2",
      "relation": -1.0
    },
    "14121.71": {
      "successor_id": "14121.2",
      "relation": -1.0
    },
    "14121.86": {
      "successor_id": "14121.8",
      "relation": -1.0
    },
    "14121.53": {
      "successor_id": "14121.9",
      "relation": 1.0
    },
    "14121.114": {
      "successor_id": "14121.71",
      "relation": -1.0
    },
    "14121.122": {
      "successor_id": "14121.71",
      "relation": -1.0
    }
  }
}