{
  "nodes": {
    "15787.15": {
      "votes": {
        "0": 1
      },
      "initial_weight": 0.0,
      "final_weight": 0.0
    },
    "15787.10": {
      "votes": {
        "2": 1
      },
      "initial_weight": 0.5,
      "final_weight": 0.4
    },
    "15787.28": {
      "votes": {
        "3": 1,
        "4": 2
      },
      "initial_weight": 0.9166666666666666,
      "final_weight": 0.9166666666666666
    },
    "15787.31": {
      "votes": {
        "3": 1
      },
      "initial_weight": 0.75,
      "final_weight": 0.8
    },
    "15787.5": {
      "votes": {
        "3": 1,
        "0": 1,
        "4": 2
      },
      "initial_weight": 0.6875,
      "final_weight": 0.6873581685168593
    },
    "15787.34": {
      "votes": {},
      "initial_weight": 0.5,
      "final_weight": 0.5
    },
    "15787.53": {
      "votes": {
        "3": 1
      },
      "initial_weight": 0.75,
      "final_weight": 0.8
    },
    "15787.20": {
      "votes": {
        "1": 1,
        "0": 1
      },
      "initial_weight": 0.125,
      "final_weight": 0.1
    },
    "15787.1": {
      "votes": {
        "4": 3,
        "1": 1,
        "3": 1
      },
      "initial_weight": 0.8,
      "final_weight": 0.8307341205246928
    },
    "15787.7": {
      "votes": {
        "4": 1,
        "3": 1
      },
      "initial_weight": 0.875,
      "final_weight": 0.9
    },
    "15787.14": {
      "votes": {
        "0": 1,
        "1": 1
      },
      "initial_weight": 0.125,
      "final_weight": 0.125
    },
    "15787.8": {
      "votes": {},
      "initial_weight": 0.5,
      "final_weight": 0.13235294117647062
    },
    "15787.32": {
      "votes": {
        "3": 1
      },
      "initial_weight": 0.75,
      "final_weight": 0.8
    },
    "15787.45": {
      "votes": {},
      "initial_weight": 0.5,
      "final_weight": 0.5
    },
    "15787.3": {
      "votes": {
        "2": 1,
        "1": 2,
        "3": 1
      },
      "initial_weight": 0.4375,
      "final_weight": 0.09688581314878891
    },
    "15787.43": {
      "votes": {},
      "initial_weight": 0.5,
      "final_weight": 0.5
    },
    "15787.60": {
      "votes": {},
      "initial_weight": 0.5,
      "final_weight": 0.5
    },
    "15787.25": {
      "votes": {
        "4": 3
      },
      "initial_weight": 1.0,
      "final_weight": 1.0
    },
    "15787.29": {
      "votes": {
        "1": 1,
        "3": 2
      },
      "initial_weight": 0.5833333333333334,
      "final_weight": 0.5833333333333334
    },
    "15787.6": {
      "votes": {
        "4": 1,
        "3": 2
      },
      "initial_weight": 0.8333333333333334,
      "final_weight": 0.8612981976764649
    },
    "15787.49": {
      "votes": {},
      "initial_weight": 0.5,
      "final_weight": 0.5
    },
    "15787.62": {
      "votes": {},
      "initial_weight": 0.5,
      "final_weight": 0.5
    },
    "15787.52": {
      "votes": {},
      "initial_weight": 0.5,
      "final_weight": 0.5
    },
    "15787.35": {
      "votes": {},
      "initial_weight": 0.5,
      "final_weight": 0.5
    },
    "15787.54": {
      "votes": {
        "4": 1
      },
      "initial_weight": 1.0,
      "final_weight": 1.0
    },
    "15787.27": {
      "votes": {
        "4": 1,
        "3": 1
      },
      "initial_weight": 0.875,
      "final_weight": 0.492110169809668
    },
    "15787.23": {
      "votes": {},
      "initial_weight": 0.5,
      "final_weight": 0.5
    },
    "15787.44": {
      "votes": {},
      "initial_weight": 0.5,
      "final_weight": 0.75
    },
    "15787.26": {
      "votes": {
        "2": 1
      },
      "initial_weight": 0.5,
      "final_weight": 0.30487804878048774
    },
    "15787.48": {
      "votes": {
        "3": 1
      },
      "initial_weight": 0.75,
      "final_weight": 0.75
    },
    "15787.9": {
      "votes": {},
      "initial_weight": 0.5,
      "final_weight": 0.2262443438914027
    },
    "15787.13": {
      "votes": {
        "2": 1,
        "3": 1,
        "1": 1
      },
      "initial_weight": 0.5,
      "final_weight": 0.5
    },
    "15787.51": {
      "votes": {},
      "initial_weight": 0.5,
      "final_weight": 0.8820754716981132
    },
    "15787.50": {
      "votes": {
        "4": 1
      },
      "initial_weight": 1.0,
      "final_weight": 1.0
    },
    "15787.19": {
      "votes": {
        "2": 2,
        "4": 1
      },
      "initial_weight": 0.6666666666666666,
      "final_weight": 0.6666666666666666
    },
    "15787.129": {
      "votes": {},
      "initial_weight": 0.5,
      "final_weight": 0.5
    },
    "15787.57": {
      "votes": {},
      "initial_weight": 0.5,
      "final_weight": 0.5
    },
    "15787.24": {
      "votes": {
        "4": 2
      },
      "initial_weight": 1.0,
      "final_weight": 1.0
    },
    "15787.46": {
      "votes": {},
      "initial_weight": 0.5,
      "final_weight": 0.5
    },
    "15787.21": {
      "votes": {
        "3": 1
      },
      "initial_weight": 0.75,
      "final_weight": 0.6832740213523132
    },
    "15787.59": {
      "votes": {},
      "initial_weight": 0.5,
      "final_weight": 0.5
    },
    "15787.17": {
      "votes": {},
      "initial_weight": 0.5,
      "final_weight": 0.5
    },
    "15787.2": {
      "votes": {
        "1": 1,
        "3": 1,
        "4": 3
      },
      "initial_weight": 0.8,
      "final_weight": 0.795083790563256
    },
    "15787.33": {
      "votes": {},
      "initial_weight": 0.5,
      "final_weight": 0.5
    },
    "15787.30": {
      "votes": {},
      "initial_weight": 0.5,
      "final_weight": 0.4
    },
    "15787.47": {
      "votes": {
        "2": 1
      },
      "initial_weight": 0.5,
      "final_weight": 0.75
    },
    "15787.22": {
      "votes": {},
      "initial_weight": 0.5,
      "final_weight": 0.5
    },
    "15787.12": {
      "votes": {
        "3": 1,
        "1": 1
      },
      "initial_weight": 0.5,
      "final_weight": 0.5
    },
    "15787.16": {
      "votes": {
        "3": 1
      },
      "initial_weight": 0.75,
      "final_weight": 0.75
    },
    "15787.18": {
      "votes": {
        "3": 1,
        "1": 1,
        "4": 2
      },
      "initial_weight": 0.75,
      "final_weight": 0.4143646408839779
    },
    "15787.11": {
      "votes": {},
      "initial_weight": 0.5,
      "final_weight": 0.4
    },
    "15787.36": {
      "votes": {
        "4": 1,
        "1": 1
      },
      "initial_weight": 0.625,
      "final_weight": 0.3125
    },
    "15787.55": {
      "votes": {},
      "initial_weight": 0.5,
      "final_weight": 0.5
    },
    "15787.131": {
      "votes": {},
      "initial_weight": 0.5,
      "final_weight": 0.5
    },
    "15787.39": {
      "votes": {},
      "initial_weight": 0.5,
      "final_weight": 0.5
    },
    "15787.40": {
      "votes": {
        "4": 1
      },
      "initial_weight": 1.0,
      "final_weight": 1.0
    },
    "15787.4": {
      "votes": {
        "2": 1,
        "1": 1,
        "3": 1
      },
      "initial_weight": 0.5,
      "final_weight": 0.4260355029585799
    },
    "15787.58": {
      "votes": {
        "3": 1
      },
      "initial_weight": 0.75,
      "final_weight": 0.75
    }
  },
  "edges": {
    "15787.2": {
      "successor_id": "15787.1",
      "relation": 1.0
    },
    "15787.3": {
      "successor_id": "15787.1",
      "relation": 1.0
    },
    "15787.4": {
      "successor_id": "15787.1",
      "relation": -1.0
    },
    "15787.5": {
      "successor_id": "15787.1",
      "relation": -1.0
    },
    "15787.6": {
      "successor_id": "15787.1",
      "relation": -1.0
    },
    "15787.7": {
      "successor_id": "15787.1",
      "relation": 1.0
    },
    "15787.21": {
      "successor_id": "15787.1",
      "relation": -1.0
    },
    "15787.27": {
      "successor_id": "15787.1",
      "relation": 1.0
    },
    "15787.31": {
      "successor_id": "15787.1",
      "relation": 1.0
    },
    "15787.47": {
      "successor_id": "15787.1",