{
  "nodes": {
    "1622.34": {
      "votes": {},
      "initial_weight": 0.5,
      "final_weight": 0.5
    },
    "1622.32": {
      "votes": {
        "0": 2,
        "1": 1
      },
      "initial_weight": 0.08333333333333333,
      "final_weight": 0.5416666666666666
    },
    "1622.33": {
      "votes": {},
      "initial_weight": 0.5,
      "final_weight": 0.5
    }
  },
  "edges": {
    "1622.33": {
      "successor_id": "1622.32",
      "relation": 1.0
    },
    "1622.34": {
      "successor_id": "1622.32",
      "relation": 1.0
    }
  }
}