{
  "nodes": {
    "16989.95": {
      "votes": {},
      "initial_weight": 0.5,
      "final_weight": 0.5
    },
    "16989.21": {
      "votes": {
        "2": 1
      },
      "initial_weight": 0.5,
      "final_weight": 0.4
    },
    "16989.101": {
      "votes": {},
      "initial_weight": 0.5,
      "final_weight": 0.6298936839476355
    },
    "16989.22": {
      "votes": {},
      "initial_weight": 0.5,
      "final_weight": 0.5
    },
    "16989.32": {
      "votes": {
        "4": 3
      },
      "initial_weight": 1.0,
      "final_weight": 1.0
    },
    "16989.53": {
      "votes": {
        "3": 1
      },
      "initial_weight": 0.75,
      "final_weight": 0.75
    },
    "16989.16": {
      "votes": {
        "4": 1,
        "0": 1
      },
      "initial_weight": 0.5,
      "final_weight": 0.5
    },
    "16989.3": {
      "votes": {
        "4": 3,
        "3": 3,
        "1": 1,
        "0": 6
      },
      "initial_weight": 0.4230769230769231,
      "final_weight": 0.14989439258704101
    },
    "16989.47": {
      "votes": {},
      "initial_weight": 0.5,
      "final_weight": 0.5
    },
    "16989.87": {
      "votes": {
        "3": 1,
        "4": 5
      },
      "initial_weight": 0.9583333333333334,
      "final_weight": 0.9488448844884488
    },
    "16989.88": {
      "votes": {},
      "initial_weight": 0.5,
      "final_weight": 0.4
    },
    "16989.202": {
      "votes": {},
      "initial_weight": 0.5,
      "final_weight": 0.5
    },
    "16989.8": {
      "votes": {
        "4": 5,
        "1": 1,
        "2": 1,
        "0": 1
      },
      "initial_weight": 0.71875,
      "final_weight": 0.8936910011163716
    },
    "16989.34": {
      "votes": {},
      "initial_weight": 0.5,
      "final_weight": 0.5
    },
    "16989.224": {
      "votes": {},
      "initial_weight": 0.5,
      "final_weight": 0.4
    },
    "16989.39": {
      "votes": {
        "0": 1
      },
      "initial_weight": 0.0,
      "final_weight": 0.0
    },
    "16989.60": {
      "votes": {},
      "initial_weight": 0.5,
      "final_weight": 0.5
    },
    "16989.226": {
      "votes": {},
      "initial_weight": 0.5,
      "final_weight": 0.5
    },
    "16989.61": {
      "votes": {
        "4": 2
      },
      "initial_weight": 1.0,
      "final_weight": 1.0
    },
    "16989.51": {
      "votes": {
        "4": 7,
        "2": 1
      },
      "initial_weight": 0.9375,
      "final_weight": 0.8823529411764706
    },
    "16989.58": {
      "votes": {
        "4": 3,
        "0": 4,
        "2": 2
      },
      "initial_weight": 0.4444444444444444,
      "final_weight": 0.4444444444444444
    },
    "16989.15": {
      "votes": {
        "4": 4
      },
      "initial_weight": 1.0,
      "final_weight": 1.0
    },
    "16989.30": {
      "votes": {
        "2": 1,
        "0": 1,
        "4": 5,
        "3": 3
      },
      "initial_weight": 0.775,
      "final_weight": 0.2384615384615385
    },
    "16989.57": {
      "votes": {
        "4": 1,
        "3": 1
      },
      "initial_weight": 0.875,
      "final_weight": 0.875
    },
    "16989.7": {
      "votes": {
        "4": 12,
        "2": 2
      },
      "initial_weight": 0.9285714285714286,
      "final_weight": 0.9642857142857143
    },
    "16989.238": {
      "votes": {
        "4": 1
      },
      "initial_weight": 1.0,
      "final_weight": 1.0
    },
    "16989.200": {
      "votes": {},
      "initial_weight": 0.5,
      "final_weight": 0.5
    },
    "16989.2": {
      "votes": {},
      "initial_weight": 0.5,
      "final_weight": 0.09242144177449169
    },
    "16989.43": {
      "votes": {
        "4": 1,
        "0": 1
      },
      "initial_weight": 0.5,
      "final_weight": 0.6
    },
    "16989.234": {
      "votes": {},
      "initial_weight": 0.5,
      "final_weight": 0.5
    },
    "16989.31": {
      "votes": {
        "4": 3
      },
      "initial_weight": 1.0,
      "final_weight": 1.0
    },
    "16989.6": {
      "votes": {
        "4": 4,
        "1": 1,
        "2": 2,
        "3": 2
      },
      "initial_weight": 0.75,
      "final_weight": 0.9135135135135135
    },
    "16989.14": {
      "votes": {},
      "initial_weight": 0.5,
      "final_weight": 0.6
    },
    "16989.1": {
      "votes": {
        "0": 3,
        "4": 4,
        "1": 2,
        "3": 2
      },
      "initial_weight": 0.5454545454545454,
      "final_weight": 0.25413906192141744
    },
    "16989.73": {
      "votes": {},
      "initial_weight": 0.5,
      "final_weight": 0.5
    },
    "16989.4": {
      "votes": {
        "4": 5,
        "0": 1,
        "3": 2,
        "2": 1,
        "1": 1
      },
      "initial_weight": 0.725,
      "final_weight": 0.29713114754098363
    },
    "16989.92": {
      "votes": {
        "0": 1,
        "4": 2
      },
      "initial_weight": 0.6666666666666666,
      "final_weight": 0.6600660066006601
    },
    "16989.5": {
      "votes": {
        "3": 1,
        "2": 2,
        "4": 7
      },
      "initial_weight": 0.875,
      "final_weight": 0.6057692307692308
    },
    "16989.24": {
      "votes": {
        "0": 3,
        "1": 1
      },
      "initial_weight": 0.0625,
      "final_weight": 0.05
    },
    "16989.232": {
      "votes": {
        "4": 1
      },
      "initial_weight": 1.0,
      "final_weight": 1.0
    },
    "16989.54": {
      "votes": {
        "4": 1
      },
      "initial_weight": 1.0,
      "final_weight": 1.0
    },
    "16989.26": {
      "votes": {
        "4": 5
      },
      "initial_weight": 1.0,
      "final_weight": 1.0
    },
    "16989.13": {
      "votes": {
        "2": 1,
        "3": 1
      },
      "initial_weight": 0.625,
      "final_weight": 0.2828054298642534
    },
    "16989.20": {
      "votes": {
        "3": 1,
        "0": 1
      },
      "initial_weight": 0.375,
      "final_weight": 0.3
    },
    "16989.25": {
      "votes": {
        "3": 1,
        "0": 2,
        "4": 3
      },
      "initial_weight": 0.625,
      "final_weight": 0.7
    },
    "16989.80": {
      "votes": {},
      "initial_weight": 0.5,
      "final_weight": 0.5
    },
    "16989.27": {
      "votes": {
        "0": 1,
        "4": 2
      },
      "initial_weight": 0.6666666666666666,
      "final_weight": 0.6666666666666666
    },
    "16989.37": {
      "votes": {},
      "initial_weight": 0.5,
      "final_weight": 0.5
    },
    "16989.94": {
      "votes": {},
      "initial_weight": 0.5,
      "final_weight": 0.5
    },
    "16989.29": {
      "votes": {
        "4": 1
      },
      "initial_weight": 1.0,
      "final_weight": 1.0
    },
    "16989.46": {
      "votes": {},
      "initial_weight": 0.5,
      "final_weight": 0.5
    },
    "16989.42": {
      "votes": {
        "4": 2
      },
      "initial_weight": 1.0,
      "final_weight": 1.0
    },
    "16989.194": {
      "votes": {},
      "initial_weight": 0.5,
      "final_weight": 0.5
    },
    "16989.216": {
      "votes": {},
      "initial_weight": 0.5,
      "final_weight": 0.4
    },
    "16989.196": {
      "votes": {},
      "initial_weight": 0.5,
      "final_weight": 0.5
    },
    "16989.45": {
      "votes": {},
      "initial_weight": 0.5,
      "final_weight": 0.5
    },
    "16989.66": {
      "votes": {
        "2": 1
      },
      "initial_weight": 0.5,
      "final_weight": 0.5
    },
    "16989.9": {
      "votes": {
        "3": 6,
        "1": 1,
        "4": 2,
        "0": 1
      },
      "initial_weight": 0.675,
      "final_weight": 0.675
    },
    "16989.206": {
      "votes": {},
      "initial_weight": 0.5,
      "final_weight": 0.5
    },
    "16989.19": {
      "votes": {
        "4": 1,
        "1": 2
      },
      "initial_weight": 0.5,
      "final_weight": 0.5
    },
    "16989.192": {
      "votes": {},
      "initial_weight": 0.5,
      "final_weight": 0.6
    },
    "16989.33": {
      "votes": {
        "0": 6,
        "1": 1,
        "4": 1
      },
      "initial_weight": 0.15625,