{
  "nodes": {
    "17835.24": {
      "votes": {
        "2": 2,
        "3": 2,
        "4": 2,
        "0": 2
      },
      "initial_weight": 0.5625,
      "final_weight": 0.18222084293996188
    },
    "17835.49": {
      "votes": {
        "0": 2,
        "4": 3
      },
      "initial_weight": 0.6,
      "final_weight": 0.6
    },
    "17835.72": {
      "votes": {
        "4": 1
      },
      "initial_weight": 1.0,
      "final_weight": 1.0
    },
    "17835.3": {
      "votes": {
        "1": 1,
        "0": 1,
        "4": 4
      },
      "initial_weight": 0.7083333333333334,
      "final_weight": 0.7394904557366373
    },
    "17835.7": {
      "votes": {
        "0": 3,
        "4": 1,
        "3": 1
      },
      "initial_weight": 0.35,
      "final_weight": 0.07
    },
    "17835.41": {
      "votes": {
        "0": 1
      },
      "initial_weight": 0.0,
      "final_weight": 0.0
    },
    "17835.37": {
      "votes": {
        "0": 1,
        "4": 1
      },
      "initial_weight": 0.5,
      "final_weight": 0.44461538461538463
    },
    "17835.75": {
      "votes": {
        "0": 1
      },
      "initial_weight": 0.0,
      "final_weight": 0.0
    },
    "17835.5": {
      "votes": {
        "0": 2,
        "4": 1
      },
      "initial_weight": 0.3333333333333333,
      "final_weight": 0.3333333333333333
    },
    "17835.32": {
      "votes": {
        "0": 1
      },
      "initial_weight": 0.0,
      "final_weight": 0.0
    },
    "17835.42": {
      "votes": {
        "0": 1
      },
      "initial_weight": 0.0,
      "final_weight": 0.0
    },
    "17835.38": {
      "votes": {
        "0": 2
      },
      "initial_weight": 0.0,
      "final_weight": 0.0
    },
    "17835.4": {
      "votes": {
        "4": 1
      },
      "initial_weight": 1.0,
      "final_weight": 0.9
    },
    "17835.43": {
      "votes": {
        "0": 1,
        "3": 1
      },
      "initial_weight": 0.375,
      "final_weight": 0.35294117647058826
    },
    "17835.51": {
      "votes": {
        "4": 1
      },
      "initial_weight": 1.0,
      "final_weight": 1.0
    },
    "17835.1": {
      "votes": {
        "1": 2,
        "4": 1,
        "0": 8
      },
      "initial_weight": 0.13636363636363635,
      "final_weight": 0.31724966042928643
    },
    "17835.44": {
      "votes": {
        "0": 1
      },
      "initial_weight": 0.0,
      "final_weight": 0.0
    },
    "17835.26": {
      "votes": {
        "4": 1,
        "0": 1
      },
      "initial_weight": 0.5,
      "final_weight": 0.25
    },
    "17835.40": {
      "votes": {
        "0": 1,
        "4": 1
      },
      "initial_weight": 0.5,
      "final_weight": 0.25
    },
    "17835.33": {
      "votes": {
        "4": 1,
        "0": 1
      },
      "initial_weight": 0.5,
      "final_weight": 0.5
    },
    "17835.6": {
      "votes": {
        "0": 1
      },
      "initial_weight": 0.0,
      "final_weight": 0.0
    },
    "17835.8": {
      "votes": {
        "0": 2,
        "4": 1
      },
      "initial_weight": 0.3333333333333333,
      "final_weight": 0.26666666666666666
    },
    "17835.47": {
      "votes": {
        "4": 1
      },
      "initial_weight": 1.0,
      "final_weight": 1.0
    },
    "17835.55": {
      "votes": {
        "4": 1
      },
      "initial_weight": 1.0,
      "final_weight": 1.0
    },
    "17835.35": {
      "votes": {
        "0": 1
      },
      "initial_weight": 0.0,
      "final_weight": 0.0
    },
    "17835.45": {
      "votes": {
        "4": 1
      },
      "initial_weight": 1.0,
      "final_weight": 1.0
    },
    "17835.9": {
      "votes": {
        "0": 2,
        "4": 1
      },
      "initial_weight": 0.3333333333333333,
      "final_weight": 0.37254901960784315
    },
    "17835.17": {
      "votes": {
        "4": 1,
        "0": 2
      },
      "initial_weight": 0.3333333333333333,
      "final_weight": 0.16666666666666666
    },
    "17835.56": {
      "votes": {
        "1": 1
      },
      "initial_weight": 0.25,
      "final_weight": 0.25
    },
    "17835.48": {
      "votes": {
        "4": 1
      },
      "initial_weight": 1.0,
      "final_weight": 1.0
    },
    "17835.27": {
      "votes": {
        "0": 1
      },
      "initial_weight": 0.0,
      "final_weight": 0.0
    },
    "17835.10": {
      "votes": {},
      "initial_weight": 0.5,
      "final_weight": 0.5
    },
    "17835.20": {
      "votes": {
        "4": 1,
        "0": 1
      },
      "initial_weight": 0.5,
      "final_weight": 0.5
    },
    "17835.31": {
      "votes": {
        "4": 2
      },
      "initial_weight": 1.0,
      "final_weight": 1.0
    },
    "17835.34": {
      "votes": {
        "0": 1
      },
      "initial_weight": 0.0,
      "final_weight": 0.0
    },
    "17835.2": {
      "votes": {
        "0": 2,
        "4": 1
      },
      "initial_weight": 0.3333333333333333,
      "final_weight": 0.3333333333333333
    },
    "17835.12": {
      "votes": {
        "0": 2
      },
      "initial_weight": 0.0,
      "final_weight": 0.0
    },
    "17835.16": {
      "votes": {
        "0": 2
      },
      "initial_weight": 0.0,
      "final_weight": 0.0
    },
    "17835.64": {
      "votes": {
        "4": 2,
        "0": 1
      },
      "initial_weight": 0.6666666666666666,
      "final_weight": 0.6666666666666666
    },
    "17835.50": {
      "votes": {
        "4": 1
      },
      "initial_weight": 1.0,
      "final_weight": 1.0
    },
    "17835.13": {
      "votes": {
        "0": 2,
        "3": 2
      },
      "initial_weight": 0.375,
      "final_weight": 0.1875
    },
    "17835.19": {
      "votes": {
        "0": 2
      },
      "initial_weight": 0.0,
      "final_weight": 0.0
    },
    "17835.63": {
      "votes": {
        "4": 2
      },
      "initial_weight": 1.0,
      "final_weight": 1.0
    },
    "17835.14": {
      "votes": {
        "4": 1,
        "0": 2
      },
      "initial_weight": 0.3333333333333333,
      "final_weight": 0.16666666666666666
    },
    "17835.29": {
      "votes": {
        "0": 1
      },
      "initial_weight": 0.0,
      "final_weight": 0.0
    },
    "17835.18": {
      "votes": {
        "0": 2
      },
      "initial_weight": 0.0,
      "final_weight": 0.0
    },
    "17835.46": {
      "votes": {
        "4": 1
      },
      "initial_weight": 1.0,
      "final_weight": 1.0
    },
    "17835.28": {
      "votes": {
        "0": 1
      },
      "initial_weight": 0.0,
      "final_weight": 0.0
    },
    "17835.30": {
      "votes": {
        "0": 1,
        "4": 2
      },
      "initial_weight": 0.6666666666666666,
      "final_weight": 0.5333333333333333
    },
    "17835.11": {
      "votes": {
        "4": 1,
        "0": 1
      },
      "initial_weight": 0.5,
      "final_weight": 0.5
    },
    "17835.15": {
      "votes": {
        "0": 2
      },
      "initial_weight": 0.0,
      "final_weight": 0.0
    }
  },
  "edges": {
    "17835.2": {
      "successor_id": "17835.1",
      "relation": 1.0
    },
    "17835.3": {
      "successor_id": "17835.1",
      "relation": 1.0
    },
    "17835.4": {
      "successor_id": "17835.15",
      "relation": -1.0
    },
    "17835.5": {
      "successor_id": "17835.1",
      "relation": 1.0
    },
    "17835.6": {
      "successor_id": "17835.15",
      "relation": 1.0
    },
    "17835.7": {
      "successor_id": "17835.1",
      "relation": -1.0
    },
    "17835.8": {
      "successor_id": "17835.1",
      "relation": -1.0
    },
    "17835.9": {
      "successor_id": "17835.1",
      "relation": -1.0
    },
    "17835.24": {
      "successor_id": "17835.1",
      "relation": -1.0
    },
    "17835.12": {
      "successor_id": "17835.2",
      "relation": -1.0
    },
    "17835.15": {
      "successor_id": "17835.2",
      "relation": -1.0
    },
    "17835.16": {
      "successor_id": "17835.2",
      "relation": -1.0
    },
    "17835.13": {
      "successor_id": "17835.3",
      "relation": -1.0
    },