{
  "nodes": {
    "18085.112": {
      "votes": {
        "4": 3
      },
      "initial_weight": 1.0,
      "final_weight": 1.0
    },
    "18085.12": {
      "votes": {
        "0": 4
      },
      "initial_weight": 0.0,
      "final_weight": 0.0
    },
    "18085.160": {
      "votes": {
        "4": 1
      },
      "initial_weight": 1.0,
      "final_weight": 1.0
    },
    "18085.9": {
      "votes": {
        "2": 2,
        "1": 1,
        "0": 1,
        "4": 9,
        "3": 2
      },
      "initial_weight": 0.7833333333333333,
      "final_weight": 0.9872549019607844
    },
    "18085.7": {
      "votes": {
        "4": 2,
        "0": 6,
        "1": 2,
        "2": 4
      },
      "initial_weight": 0.32142857142857145,
      "final_weight": 0.043208877903595455
    },
    "18085.56": {
      "votes": {
        "2": 1,
        "4": 3
      },
      "initial_weight": 0.875,
      "final_weight": 0.56
    },
    "18085.11": {
      "votes": {},
      "initial_weight": 0.5,
      "final_weight": 0.5
    },
    "18085.51": {
      "votes": {},
      "initial_weight": 0.5,
      "final_weight": 0.5
    },
    "18085.172": {
      "votes": {},
      "initial_weight": 0.5,
      "final_weight": 0.5
    },
    "18085.47": {
      "votes": {},
      "initial_weight": 0.5,
      "final_weight": 0.5
    },
    "18085.92": {
      "votes": {
        "1": 1
      },
      "initial_weight": 0.25,
      "final_weight": 0.4
    },
    "18085.164": {
      "votes": {
        "4": 2
      },
      "initial_weight": 1.0,
      "final_weight": 1.0
    },
    "18085.49": {
      "votes": {},
      "initial_weight": 0.5,
      "final_weight": 0.4
    },
    "18085.14": {
      "votes": {
        "0": 1
      },
      "initial_weight": 0.0,
      "final_weight": 0.0
    },
    "18085.297": {
      "votes": {},
      "initial_weight": 0.5,
      "final_weight": 0.5
    },
    "18085.113": {
      "votes": {
        "4": 2
      },
      "initial_weight": 1.0,
      "final_weight": 1.0
    },
    "18085.50": {
      "votes": {},
      "initial_weight": 0.5,
      "final_weight": 0.5
    },
    "18085.64": {
      "votes": {
        "3": 3,
        "4": 1
      },
      "initial_weight": 0.8125,
      "final_weight": 0.65
    },
    "18085.91": {
      "votes": {
        "1": 1,
        "0": 2
      },
      "initial_weight": 0.08333333333333333,
      "final_weight": 0.08333333333333333
    },
    "18085.115": {
      "votes": {
        "4": 1,
        "3": 1
      },
      "initial_weight": 0.875,
      "final_weight": 0.875
    },
    "18085.59": {
      "votes": {
        "4": 4
      },
      "initial_weight": 1.0,
      "final_weight": 1.0
    },
    "18085.157": {
      "votes": {
        "0": 1
      },
      "initial_weight": 0.0,
      "final_weight": 0.0
    },
    "18085.89": {
      "votes": {
        "4": 5
      },
      "initial_weight": 1.0,
      "final_weight": 1.0
    },
    "18085.114": {
      "votes": {
        "3": 2,
        "4": 1
      },
      "initial_weight": 0.8333333333333334,
      "final_weight": 0.8333333333333334
    },
    "18085.10": {
      "votes": {},
      "initial_weight": 0.5,
      "final_weight": 0.25
    },
    "18085.118": {
      "votes": {
        "4": 4
      },
      "initial_weight": 1.0,
      "final_weight": 1.0
    },
    "18085.90": {
      "votes": {
        "0": 1
      },
      "initial_weight": 0.0,
      "final_weight": 0.0
    },
    "18085.93": {
      "votes": {
        "3": 2,
        "1": 2,
        "4": 2,
        "0": 9,
        "2": 1
      },
      "initial_weight": 0.28125,
      "final_weight": 0.029060954455026378
    },
    "18085.57": {
      "votes": {
        "2": 1
      },
      "initial_weight": 0.5,
      "final_weight": 0.5
    },
    "18085.1": {
      "votes": {
        "0": 13,
        "4": 2,
        "3": 2,
        "2": 2,
        "1": 3
      },
      "initial_weight": 0.23863636363636365,
      "final_weight": 0.018266386571610588
    },
    "18085.71": {
      "votes": {
        "1": 1,
        "2": 1,
        "4": 5
      },
      "initial_weight": 0.8214285714285714,
      "final_weight": 0.6571428571428571
    },
    "18085.74": {
      "votes": {
        "4": 3
      },
      "initial_weight": 1.0,
      "final_weight": 1.0
    },
    "18085.122": {
      "votes": {
        "4": 1,
        "1": 1,
        "3": 1
      },
      "initial_weight": 0.6666666666666666,
      "final_weight": 0.6666666666666666
    },
    "18085.161": {
      "votes": {
        "4": 1,
        "0": 2,
        "1": 1
      },
      "initial_weight": 0.3125,
      "final_weight": 0.3125
    },
    "18085.166": {
      "votes": {
        "4": 2
      },
      "initial_weight": 1.0,
      "final_weight": 1.0
    },
    "18085.153": {
      "votes": {},
      "initial_weight": 0.5,
      "final_weight": 0.5
    },
    "18085.8": {
      "votes": {
        "3": 2,
        "4": 12,
        "0": 1,
        "2": 1
      },
      "initial_weight": 0.875,
      "final_weight": 0.9434389140271493
    },
    "18085.111": {
      "votes": {
        "4": 3
      },
      "initial_weight": 1.0,
      "final_weight": 1.0
    },
    "18085.117": {
      "votes": {},
      "initial_weight": 0.5,
      "final_weight": 0.5
    },
    "18085.104": {
      "votes": {},
      "initial_weight": 0.5,
      "final_weight": 0.5
    },
    "18085.15": {
      "votes": {},
      "initial_weight": 0.5,
      "final_weight": 0.5
    },
    "18085.32": {
      "votes": {
        "4": 2
      },
      "initial_weight": 1.0,
      "final_weight": 1.0
    },
    "18085.67": {
      "votes": {},
      "initial_weight": 0.5,
      "final_weight": 0.5
    },
    "18085.86": {
      "votes": {
        "0": 1
      },
      "initial_weight": 0.0,
      "final_weight": 0.0
    },
    "18085.3": {
      "votes": {
        "1": 1
      },
      "initial_weight": 0.25,
      "final_weight": 0.16
    },
    "18085.120": {
      "votes": {
        "2": 1,
        "3": 1,
        "4": 12
      },
      "initial_weight": 0.9464285714285714,
      "final_weight": 0.9821840976575388
    },
    "18085.121": {
      "votes": {
        "4": 3
      },
      "initial_weight": 1.0,
      "final_weight": 1.0
    },
    "18085.18": {
      "votes": {
        "4": 1,
        "0": 6,
        "1": 2,
        "2": 3,
        "3": 2
      },
      "initial_weight": 0.32142857142857145,
      "final_weight": 0.06550127234199876
    },
    "18085.288": {
      "votes": {},
      "initial_weight": 0.5,
      "final_weight": 0.5
    },
    "18085.85": {
      "votes": {},
      "initial_weight": 0.5,
      "final_weight": 0.5
    },
    "18085.299": {
      "votes": {},
      "initial_weight": 0.5,
      "final_weight": 0.5
    },
    "18085.293": {
      "votes": {},
      "initial_weight": 0.5,
      "final_weight": 0.5
    },
    "18085.5": {
      "votes": {
        "3": 2,
        "1": 1,
        "2": 2,
        "0": 6
      },
      "initial_weight": 0.25,
      "final_weight": 0.10502280977234565
    },
    "18085.55": {
      "votes": {},
      "initial_weight": 0.5,
      "final_weight": 0.5
    },
    "18085.44": {
      "votes": {
        "2": 1,
        "3": 2,
        "4": 1
      },
      "initial_weight": 0.75,
      "final_weight": 0.25337837837837845
    },
    "18085.154": {
      "votes": {
        "4": 3
      },
      "initial_weight": 1.0,
      "final_weight": 1.0
    },
    "18085.151": {
      "votes": {
        "4": 1,
        "0": 1,
        "2": 1,
        "1": 1
      },
      "initial_weight": 0.4375,
      "final_weight": 0.4375
    },
    "18085.110": {
      "votes": {},
      "initial_weight": 0.5,
      "final_weight": 0.5
    },
    "18085.16": {
      "votes": {
        "4": 5
      },
      "initial_weight": 1.0,
      "final_weight": 1.0
    },
    "18085.101": {
      "votes": {
        "0": 4,
        "4": 1
      },
      "initial_weight": 0.2,
      "final_weight": 0.2
    },