{
  "nodes": {
    "18595.112": {
      "votes": {
        "4": 1
      },
      "initial_weight": 1.0,
      "final_weight": 1.0
    },
    "18595.130": {
      "votes": {},
      "initial_weight": 0.5,
      "final_weight": 0.5
    },
    "18595.358": {
      "votes": {
        "2": 1
      },
      "initial_weight": 0.5,
      "final_weight": 0.8373951475531571
    },
    "18595.158": {
      "votes": {},
      "initial_weight": 0.5,
      "final_weight": 0.5
    },
    "18595.127": {
      "votes": {},
      "initial_weight": 0.5,
      "final_weight": 0.6323529411764706
    },
    "18595.157": {
      "votes": {},
      "initial_weight": 0.5,
      "final_weight": 0.5
    },
    "18595.128": {
      "votes": {},
      "initial_weight": 0.5,
      "final_weight": 0.6
    },
    "18595.106": {
      "votes": {},
      "initial_weight": 0.5,
      "final_weight": 0.44046485044770434
    },
    "18595.329": {
      "votes": {},
      "initial_weight": 0.5,
      "final_weight": 0.5
    },
    "18595.133": {
      "votes": {},
      "initial_weight": 0.5,
      "final_weight": 0.5
    },
    "18595.132": {
      "votes": {},
      "initial_weight": 0.5,
      "final_weight": 0.5
    },
    "18595.176": {
      "votes": {},
      "initial_weight": 0.5,
      "final_weight": 0.5
    }
  },
  "edges": {
    "18595.176": {
      "successor_id": "18595.132",
      "relation": -1.0
    },
    "18595.106": {
      "successor_id": "18595.358",
      "relation": 1.0
    },
    "18595.329": {
      "successor_id": "18595.358",
      "relation": 1.0
    },
    "18595.132": {
      "successor_id": "18595.358",
      "relation": 1.0
    },
    "18595.112": {
      "successor_id": "18595.106",
      "relation": -1.0
    },
    "18595.127": {
      "successor_id": "18595.106",
      "relation": 1.0
    },
    "18595.133": {
      "successor_id": "18595.132",
      "relation": -1.0
    },
    "18595.157": {
      "successor_id": "18595.132",
      "relation": 1.0
    },
    "18595.158": {
      "successor_id": "18595.132",
      "relation": 1.0
    },
    "18595.128": {
      "successor_id": "18595.127",
      "relation": 1.0
    },
    "18595.130": {
      "successor_id": "18595.128",
      "relation": 1.0
    }
  }
}