{
  "nodes": {
    "2027.1506": {
      "votes": {
        "2": 6,
        "3": 7,
        "4": 2
      },
      "initial_weight": 0.6833333333333333,
      "final_weight": 0.8570376440638409
    },
    "2027.2372": {
      "votes": {
        "2": 2
      },
      "initial_weight": 0.5,
      "final_weight": 0.5
    },
    "2027.820": {
      "votes": {
        "2": 2
      },
      "initial_weight": 0.5,
      "final_weight": 0.5
    },
    "2027.4402": {
      "votes": {
        "2": 2
      },
      "initial_weight": 0.5,
      "final_weight": 0.5
    },
    "2027.3870": {
      "votes": {
        "2": 2
      },
      "initial_weight": 0.5,
      "final_weight": 0.5
    },
    "2027.4413": {
      "votes": {
        "2": 2
      },
      "initial_weight": 0.5,
      "final_weight": 0.5
    },
    "2027.4136": {
      "votes": {
        "2": 2
      },
      "initial_weight": 0.5,
      "final_weight": 0.5
    },
    "2027.1499": {
      "votes": {
        "0": 1,
        "2": 4,
        "1": 1,
        "3": 9
      },
      "initial_weight": 0.6,
      "final_weight": 0.6
    },
    "2027.1580": {
      "votes": {
        "2": 11,
        "3": 1
      },
      "initial_weight": 0.5208333333333334,
      "final_weight": 0.6377717037615516
    },
    "2027.4017": {
      "votes": {
        "2": 2
      },
      "initial_weight": 0.5,
      "final_weight": 0.75
    },
    "2027.4470": {
      "votes": {
        "2": 2
      },
      "initial_weight": 0.5,
      "final_weight": 0.5
    },
    "2027.4276": {
      "votes": {
        "2": 2
      },
      "initial_weight": 0.5,
      "final_weight": 0.5
    },
    "2027.1908": {
      "votes": {
        "2": 2
      },
      "initial_weight": 0.5,
      "final_weight": 0.5
    },
    "2027.2249": {
      "votes": {
        "0": 1,
        "2": 2
      },
      "initial_weight": 0.3333333333333333,
      "final_weight": 0.3333333333333333
    },
    "2027.4455": {
      "votes": {
        "2": 2
      },
      "initial_weight": 0.5,
      "final_weight": 0.5
    },
    "2027.1684": {
      "votes": {
        "2": 6,
        "1": 2,
        "4": 4,
        "3": 6
      },
      "initial_weight": 0.6666666666666666,
      "final_weight": 0.6803717744894215
    },
    "2027.1507": {
      "votes": {
        "2": 2
      },
      "initial_weight": 0.5,
      "final_weight": 0.5
    },
    "2027.384": {
      "votes": {
        "3": 7,
        "2": 6,
        "0": 1,
        "1": 1,
        "4": 1
      },
      "initial_weight": 0.59375,
      "final_weight": 0.59375
    },
    "2027.1500": {
      "votes": {
        "3": 7,
        "2": 7,
        "1": 1
      },
      "initial_weight": 0.6,
      "final_weight": 0.6
    },
    "2027.1697": {
      "votes": {
        "2": 8,
        "1": 3
      },
      "initial_weight": 0.4318181818181818,
      "final_weight": 0.4318181818181818
    },
    "2027.88": {
      "votes": {
        "1": 3,
        "0": 1,
        "2": 8
      },
      "initial_weight": 0.3958333333333333,
      "final_weight": 0.38297611348030125
    },
    "2027.4134": {
      "votes": {
        "2": 2
      },
      "initial_weight": 0.5,
      "final_weight": 0.5
    },
    "2027.4400": {
      "votes": {
        "2": 2
      },
      "initial_weight": 0.5,
      "final_weight": 0.4
    },
    "2027.2364": {
      "votes": {
        "4": 1,
        "2": 1,
        "1": 1
      },
      "initial_weight": 0.5833333333333334,
      "final_weight": 0.7916666666666667
    },
    "2027.2373": {
      "votes": {
        "2": 2
      },
      "initial_weight": 0.5,
      "final_weight": 0.5
    },
    "2027.3868": {
      "votes": {
        "2": 2
      },
      "initial_weight": 0.5,
      "final_weight": 0.5
    },
    "2027.1700": {
      "votes": {
        "3": 8,
        "2": 4
      },
      "initial_weight": 0.6666666666666666,
      "final_weight": 0.7333333333333333
    },
    "2027.1581": {
      "votes": {
        "2": 6,
        "1": 1,
        "3": 4
      },
      "initial_weight": 0.5681818181818182,
      "final_weight": 0.5681818181818182
    },
    "2027.821": {
      "votes": {
        "2": 6,
        "3": 3
      },
      "initial_weight": 0.5833333333333334,
      "final_weight": 0.5833333333333334
    },
    "2027.2297": {
      "votes": {
        "4": 1,
        "2": 2
      },
      "initial_weight": 0.6666666666666666,
      "final_weight": 0.7333333333333333
    },
    "2027.1926": {
      "votes": {
        "3": 3,
        "2": 6
      },
      "initial_weight": 0.5833333333333334,
      "final_weight": 0.5833333333333334
    },
    "2027.4446": {
      "votes": {
        "2": 2
      },
      "initial_weight": 0.5,
      "final_weight": 0.5
    },
    "2027.1582": {
      "votes": {
        "2": 9,
        "3": 2
      },
      "initial_weight": 0.5454545454545454,
      "final_weight": 0.5454545454545454
    },
    "2027.4466": {
      "votes": {
        "2": 2
      },
      "initial_weight": 0.5,
      "final_weight": 0.5
    },
    "2027.1699": {
      "votes": {
        "2": 4,
        "3": 7
      },
      "initial_weight": 0.6590909090909091,
      "final_weight": 0.6590909090909091
    },
    "2027.4568": {
      "votes": {
        "2": 2
      },
      "initial_weight": 0.5,
      "final_weight": 0.5
    },
    "2027.1042": {
      "votes": {
        "2": 1,
        "3": 2,
        "0": 21,
        "1": 5
      },
      "initial_weight": 0.11206896551724138,
      "final_weight": 0.5582443637036231
    },
    "2027.1928": {
      "votes": {
        "3": 3,
        "2": 6
      },
      "initial_weight": 0.5833333333333334,
      "final_weight": 0.5833333333333334
    },
    "2027.1501": {
      "votes": {
        "0": 1,
        "2": 11,
        "1": 3,
        "4": 1
      },
      "initial_weight": 0.453125,
      "final_weight": 0.5860492010092515
    },
    "2027.4259": {
      "votes": {
        "2": 2
      },
      "initial_weight": 0.5,
      "final_weight": 0.49911328562098795
    },
    "2027.1698": {
      "votes": {
        "3": 8,
        "2": 4
      },
      "initial_weight": 0.6666666666666666,
      "final_weight": 0.8689530685920578
    },
    "2027.1482": {
      "votes": {
        "2": 2
      },
      "initial_weight": 0.5,
      "final_weight": 0.5058767604194737
    },
    "2027.4468": {
      "votes": {
        "2": 2
      },
      "initial_weight": 0.5,
      "final_weight": 0.5
    },
    "2027.2220": {
      "votes": {
        "2": 2
      },
      "initial_weight": 0.5,
      "final_weight": 0.5
    },
    "2027.4442": {
      "votes": {
        "2": 2
      },
      "initial_weight": 0.5,
      "final_weight": 0.5
    },
    "2027.4274": {
      "votes": {
        "2": 2
      },
      "initial_weight": 0.5,
      "final_weight": 0.47058823529411764
    },
    "2027.84": {
      "votes": {
        "2": 2
      },
      "initial_weight": 0.5,
      "final_weight": 0.42843874662564
    },
    "2027.1929": {
      "votes": {
        "2": 8,
        "3": 1
      },
      "initial_weight": 0.5277777777777778,
      "final_weight": 0.5277777777777778
    }
  },
  "edges": {
    "2027.1482": {
      "successor_id": "2027.1042",
      "relation": 1.0
    },
    "2027.4259": {
      "successor_id": "2027.1042",
      "relation": 1.0
    },
    "2027.384": {
      "successor_id": "2027.1482",
      "relation": 1.0
    },
    "2027.1499": {
      "successor_id": "2027.1482",
      "relation": 1.0
    },
    "2027.1500": {
      "successor_id": "2027.1482",
      "relation": 1.0
    },
    "2027.1501": {
      "successor_id": "2027.1482",
      "relation": 1.0
    },
    "2027.1506": {
      "successor_id": "2027.1482",
      "relation": -1.0
    },
    "2027.1684": {
      "successor_id": "2027.1482",
      "relation": -1.0
    },
    "2027.2297": {
      "successor_id": "2027.1482",
      "relation": -1.0
    },
    "2027.4274": {
      "successor_id": "2027.4259",
      "relation": -1.0
    },