{
  "nodes": {
    "2027.3990": {
      "votes": {
        "2": 2
      },
      "initial_weight": 0.5,
      "final_weight": 0.5
    },
    "2027.4570": {
      "votes": {
        "2": 2
      },
      "initial_weight": 0.5,
      "final_weight": 0.5
    },
    "2027.4172": {
      "votes": {
        "2": 2
      },
      "initial_weight": 0.5,
      "final_weight": 0.5
    },
    "2027.1942": {
      "votes": {
        "1": 3,
        "3": 3,
        "2": 6
      },
      "initial_weight": 0.5,
      "final_weight": 0.5707842188515351
    },
    "2027.4212": {
      "votes": {
        "2": 2
      },
      "initial_weight": 0.5,
      "final_weight": 0.5
    },
    "2027.4178": {
      "votes": {
        "2": 2
      },
      "initial_weight": 0.5,
      "final_weight": 0.5
    },
    "2027.1954": {
      "votes": {
        "1": 3,
        "2": 9
      },
      "initial_weight": 0.4375,
      "final_weight": 0.579918375034294
    },
    "2027.4159": {
      "votes": {
        "2": 2
      },
      "initial_weight": 0.5,
      "final_weight": 0.5
    },
    "2027.1910": {
      "votes": {
        "3": 1,
        "2": 9
      },
      "initial_weight": 0.525,
      "final_weight": 0.525
    },
    "2027.3727": {
      "votes": {
        "2": 2
      },
      "initial_weight": 0.5,
      "final_weight": 0.5
    },
    "2027.4249": {
      "votes": {
        "2": 2
      },
      "initial_weight": 0.5,
      "final_weight": 0.6
    },
    "2027.3988": {
      "votes": {
        "2": 2
      },
      "initial_weight": 0.5,
      "final_weight": 0.5715328921144214
    },
    "2027.4152": {
      "votes": {
        "2": 2
      },
      "initial_weight": 0.5,
      "final_weight": 0.6
    },
    "2027.2090": {
      "votes": {
        "2": 6,
        "3": 3
      },
      "initial_weight": 0.5833333333333334,
      "final_weight": 0.5833333333333334
    },
    "2027.4166": {
      "votes": {
        "2": 2
      },
      "initial_weight": 0.5,
      "final_weight": 0.5
    },
    "2027.1921": {
      "votes": {
        "1": 6,
        "2": 5
      },
      "initial_weight": 0.36363636363636365,
      "final_weight": 0.35515376543708127
    },
    "2027.3688": {
      "votes": {
        "2": 1,
        "3": 1
      },
      "initial_weight": 0.625,
      "final_weight": 0.7
    },
    "2027.1951": {
      "votes": {
        "2": 8,
        "3": 2
      },
      "initial_weight": 0.55,
      "final_weight": 0.55
    },
    "2027.1882": {
      "votes": {
        "3": 3,
        "2": 9
      },
      "initial_weight": 0.5625,
      "final_weight": 0.45
    },
    "2027.4156": {
      "votes": {
        "2": 2
      },
      "initial_weight": 0.5,
      "final_weight": 0.5
    },
    "2027.3725": {
      "votes": {
        "2": 2
      },
      "initial_weight": 0.5,
      "final_weight": 0.7737556561085973
    },
    "2027.1950": {
      "votes": {
        "3": 1,
        "2": 9
      },
      "initial_weight": 0.525,
      "final_weight": 0.6660808435852373
    },
    "2027.1962": {
      "votes": {
        "2": 2
      },
      "initial_weight": 0.5,
      "final_weight": 0.5
    },
    "2027.4024": {
      "votes": {
        "2": 2
      },
      "initial_weight": 0.5,
      "final_weight": 0.6323529411764706
    },
    "2027.1953": {
      "votes": {
        "2": 6,
        "1": 1,
        "3": 3
      },
      "initial_weight": 0.55,
      "final_weight": 0.55
    },
    "2027.1961": {
      "votes": {
        "3": 3,
        "2": 7
      },
      "initial_weight": 0.575,
      "final_weight": 0.575
    },
    "2027.3731": {
      "votes": {
        "2": 2
      },
      "initial_weight": 0.5,
      "final_weight": 0.5
    },
    "2027.3692": {
      "votes": {
        "2": 2
      },
      "initial_weight": 0.5,
      "final_weight": 0.6323529411764706
    },
    "2027.1943": {
      "votes": {
        "1": 1,
        "3": 1,
        "2": 8
      },
      "initial_weight": 0.5,
      "final_weight": 0.5060975609756098
    },
    "2027.4572": {
      "votes": {
        "2": 2
      },
      "initial_weight": 0.5,
      "final_weight": 0.5
    },
    "2027.4244": {
      "votes": {
        "2": 2
      },
      "initial_weight": 0.5,
      "final_weight": 0.5
    },
    "2027.3603": {
      "votes": {
        "2": 2
      },
      "initial_weight": 0.5,
      "final_weight": 0.5
    },
    "2027.4154": {
      "votes": {
        "2": 2
      },
      "initial_weight": 0.5,
      "final_weight": 0.5
    },
    "2027.1952": {
      "votes": {
        "3": 2,
        "2": 8
      },
      "initial_weight": 0.55,
      "final_weight": 0.55
    },
    "2027.4124": {
      "votes": {
        "2": 2
      },
      "initial_weight": 0.5,
      "final_weight": 0.5
    },
    "2027.4146": {
      "votes": {
        "2": 2
      },
      "initial_weight": 0.5,
      "final_weight": 0.5
    },
    "2027.1959": {
      "votes": {
        "3": 6,
        "4": 1,
        "2": 4
      },
      "initial_weight": 0.6818181818181818,
      "final_weight": 0.6818181818181818
    },
    "2027.3599": {
      "votes": {
        "2": 2
      },
      "initial_weight": 0.5,
      "final_weight": 0.5
    },
    "2027.4026": {
      "votes": {
        "2": 2
      },
      "initial_weight": 0.5,
      "final_weight": 0.6
    },
    "2027.1913": {
      "votes": {
        "1": 4,
        "0": 3,
        "2": 5
      },
      "initial_weight": 0.2916666666666667,
      "final_weight": 0.45086533216838276
    },
    "2027.3986": {
      "votes": {
        "2": 2
      },
      "initial_weight": 0.5,
      "final_weight": 0.5
    },
    "2027.746": {
      "votes": {
        "3": 5,
        "2": 7
      },
      "initial_weight": 0.6041666666666666,
      "final_weight": 0.6041712827974898
    },
    "2027.2267": {
      "votes": {
        "2": 2
      },
      "initial_weight": 0.5,
      "final_weight": 0.5
    },
    "2027.3696": {
      "votes": {
        "2": 2
      },
      "initial_weight": 0.5,
      "final_weight": 0.6
    },
    "2027.4126": {
      "votes": {
        "2": 2
      },
      "initial_weight": 0.5,
      "final_weight": 0.5
    },
    "2027.3729": {
      "votes": {
        "2": 2
      },
      "initial_weight": 0.5,
      "final_weight": 0.6
    },
    "2027.3694": {
      "votes": {
        "2": 2
      },
      "initial_weight": 0.5,
      "final_weight": 0.5
    },
    "2027.1960": {
      "votes": {
        "3": 3,
        "1": 2,
        "4": 1,
        "2": 5
      },
      "initial_weight": 0.5681818181818182,
      "final_weight": 0.4270037149323199
    },
    "2027.1881": {
      "votes": {
        "1": 3,
        "2": 8,
        "3": 3
      },
      "initial_weight": 0.5,
      "final_weight": 0.32812225972044806
    },
    "2027.1405": {
      "votes": {
        "2": 10,
        "3": 2,
        "1": 1
      },
      "initial_weight": 0.5192307692307693,
      "final_weight": 0.4725811127326392
    },
    "2027.3601": {
      "votes": {
        "2": 2
      },
      "initial_weight": 0.5,
      "final_weight": 0.5
    },
    "2027.4251": {
      "votes": {
        "2": 2
      },
      "initial_weight": 0.5,
      "final_weight": 0.5
    },
    "2027.4168": {
      "votes": {
        "2": 2
      },
      "initial_weight": 0.5,
      "final_weight": 0.5
    },
    "2027.4246": {
      "votes": {
        "2": 2
      },
      "initial_weight": 0.5,
      "final_weight": 0.5
    },
    "2027.1822": {
      "votes": {
        "2": 8,
        "1": 1,
        "3": 4
      },
      "initial_weight": 0.5576923076923077,
      "final_weight": 0.5576923076923077
    },
    "2027.2089": {
      "votes": {
        "1": 1,
        "3": 2,
        "2": 6
      },
      "initial_weight": 0.5277777777777778,
      "final_weight": 0.5277777777777778
    },
    "2027.3897": {
      "votes": {
        "2": 2
      },
      "initial_weight": 0.5,
      "final_weight": 0.5
    },
    "2027.4141": {
      "votes": {
        "2": 2
      },