{
  "nodes": {
    "21692.61": {
      "votes": {
        "4": 1,
        "0": 1,
        "2": 2
      },
      "initial_weight": 0.5,
      "final_weight": 0.6404494382022472
    },
    "21692.229": {
      "votes": {},
      "initial_weight": 0.5,
      "final_weight": 0.5
    },
    "21692.196": {
      "votes": {},
      "initial_weight": 0.5,
      "final_weight": 0.4
    },
    "21692.23": {
      "votes": {
        "3": 1,
        "2": 1
      },
      "initial_weight": 0.625,
      "final_weight": 0.5882352941176471
    },
    "21692.7": {
      "votes": {
        "2": 1,
        "0": 2,
        "4": 3
      },
      "initial_weight": 0.5833333333333334,
      "final_weight": 0.5660615840694115
    },
    "21692.11": {
      "votes": {
        "4": 9,
        "3": 1,
        "1": 2,
        "2": 1,
        "0": 2
      },
      "initial_weight": 0.7166666666666667,
      "final_weight": 0.733180687742148
    },
    "21692.85": {
      "votes": {
        "1": 1,
        "4": 1,
        "0": 2
      },
      "initial_weight": 0.3125,
      "final_weight": 0.3125
    },
    "21692.75": {
      "votes": {
        "1": 1,
        "0": 1
      },
      "initial_weight": 0.125,
      "final_weight": 0.125
    },
    "21692.146": {
      "votes": {},
      "initial_weight": 0.5,
      "final_weight": 0.5
    },
    "21692.206": {
      "votes": {},
      "initial_weight": 0.5,
      "final_weight": 0.5
    },
    "21692.142": {
      "votes": {},
      "initial_weight": 0.5,
      "final_weight": 0.04999999999999999
    },
    "21692.292": {
      "votes": {},
      "initial_weight": 0.5,
      "final_weight": 0.5
    },
    "21692.270": {
      "votes": {
        "3": 1
      },
      "initial_weight": 0.75,
      "final_weight": 0.75
    },
    "21692.272": {
      "votes": {},
      "initial_weight": 0.5,
      "final_weight": 0.4
    },
    "21692.218": {
      "votes": {},
      "initial_weight": 0.5,
      "final_weight": 0.5
    },
    "21692.5": {
      "votes": {},
      "initial_weight": 0.5,
      "final_weight": 0.1553862209628784
    },
    "21692.83": {
      "votes": {
        "2": 1
      },
      "initial_weight": 0.5,
      "final_weight": 0.5
    },
    "21692.3": {
      "votes": {
        "4": 6,
        "0": 3,
        "3": 2,
        "1": 1
      },
      "initial_weight": 0.6458333333333334,
      "final_weight": 0.6594551282051282
    },
    "21692.274": {
      "votes": {},
      "initial_weight": 0.5,
      "final_weight": 0.5
    },
    "21692.186": {
      "votes": {
        "4": 1,
        "0": 1
      },
      "initial_weight": 0.5,
      "final_weight": 0.6
    },
    "21692.77": {
      "votes": {
        "4": 1,
        "0": 1,
        "1": 1
      },
      "initial_weight": 0.4166666666666667,
      "final_weight": 0.5333333333333333
    },
    "21692.280": {
      "votes": {},
      "initial_weight": 0.5,
      "final_weight": 0.4
    },
    "21692.138": {
      "votes": {
        "3": 2,
        "4": 2
      },
      "initial_weight": 0.875,
      "final_weight": 0.875
    },
    "21692.13": {
      "votes": {
        "1": 1
      },
      "initial_weight": 0.25,
      "final_weight": 0.25
    },
    "21692.112": {
      "votes": {},
      "initial_weight": 0.5,
      "final_weight": 0.4
    },
    "21692.284": {
      "votes": {},
      "initial_weight": 0.5,
      "final_weight": 0.5
    },
    "21692.22": {
      "votes": {
        "1": 1
      },
      "initial_weight": 0.25,
      "final_weight": 0.25
    },
    "21692.71": {
      "votes": {
        "1": 1,
        "0": 1
      },
      "initial_weight": 0.125,
      "final_weight": 0.125
    },
    "21692.27": {
      "votes": {
        "1": 1,
        "0": 1
      },
      "initial_weight": 0.125,
      "final_weight": 0.125
    },
    "21692.290": {
      "votes": {},
      "initial_weight": 0.5,
      "final_weight": 0.5
    },
    "21692.202": {
      "votes": {},
      "initial_weight": 0.5,
      "final_weight": 0.5
    },
    "21692.278": {
      "votes": {},
      "initial_weight": 0.5,
      "final_weight": 0.5
    },
    "21692.17": {
      "votes": {
        "2": 1,
        "0": 1,
        "4": 1
      },
      "initial_weight": 0.5,
      "final_weight": 0.17467723997872442
    },
    "21692.20": {
      "votes": {
        "3": 1
      },
      "initial_weight": 0.75,
      "final_weight": 0.6
    },
    "21692.132": {
      "votes": {
        "2": 1,
        "0": 1,
        "4": 1
      },
      "initial_weight": 0.5,
      "final_weight": 0.43103448275862066
    },
    "21692.288": {
      "votes": {},
      "initial_weight": 0.5,
      "final_weight": 0.5
    },
    "21692.14": {
      "votes": {
        "1": 1,
        "0": 1,
        "4": 1,
        "3": 1
      },
      "initial_weight": 0.5,
      "final_weight": 0.4
    },
    "21692.148": {
      "votes": {},
      "initial_weight": 0.5,
      "final_weight": 0.5
    },
    "21692.276": {
      "votes": {},
      "initial_weight": 0.5,
      "final_weight": 0.5
    },
    "21692.118": {
      "votes": {},
      "initial_weight": 0.5,
      "final_weight": 0.5294117647058824
    },
    "21692.21": {
      "votes": {
        "3": 1
      },
      "initial_weight": 0.75,
      "final_weight": 0.7647058823529411
    },
    "21692.9": {
      "votes": {},
      "initial_weight": 0.5,
      "final_weight": 0.5
    },
    "21692.79": {
      "votes": {
        "2": 1
      },
      "initial_weight": 0.5,
      "final_weight": 0.5
    },
    "21692.63": {
      "votes": {
        "1": 1,
        "4": 1
      },
      "initial_weight": 0.625,
      "final_weight": 0.625
    },
    "21692.194": {
      "votes": {},
      "initial_weight": 0.5,
      "final_weight": 0.5
    },
    "21692.95": {
      "votes": {
        "3": 2,
        "4": 1
      },
      "initial_weight": 0.8333333333333334,
      "final_weight": 0.8333333333333334
    },
    "21692.304": {
      "votes": {},
      "initial_weight": 0.5,
      "final_weight": 0.5
    },
    "21692.263": {
      "votes": {
        "0": 1,
        "3": 1,
        "2": 1
      },
      "initial_weight": 0.4166666666666667,
      "final_weight": 0.43041912716174124
    },
    "21692.69": {
      "votes": {
        "0": 1,
        "3": 1
      },
      "initial_weight": 0.375,
      "final_weight": 0.375
    },
    "21692.212": {
      "votes": {
        "4": 1
      },
      "initial_weight": 1.0,
      "final_weight": 1.0
    },
    "21692.158": {
      "votes": {},
      "initial_weight": 0.5,
      "final_weight": 0.5
    },
    "21692.1": {
      "votes": {
        "0": 9,
        "2": 2,
        "1": 2,
        "3": 1,
        "4": 2
      },
      "initial_weight": 0.265625,
      "final_weight": 0.4195425803322387
    },
    "21692.12": {
      "votes": {
        "3": 2,
        "1": 1
      },
      "initial_weight": 0.5833333333333334,
      "final_weight": 0.5833333333333334
    },
    "21692.25": {
      "votes": {
        "1": 1
      },
      "initial_weight": 0.25,
      "final_weight": 0.25
    },
    "21692.150": {
      "votes": {
        "4": 1
      },
      "initial_weight": 1.0,
      "final_weight": 1.0
    },
    "21692.6": {
      "votes": {
        "1": 1
      },
      "initial_weight": 0.25,
      "final_weight": 0.125
    },
    "21692.81": {
      "votes": {
        "2": 1,
        "4": 1,
        "0": 1
      },
      "initial_weight": 0.5,
      "final_weight": 0.6
    },
    "21692.65": {
      "votes": {
        "0": 2,
        "4": 1
      },
      "initial_weight": 0.3333333333333333,
      "final_weight": 0.4666666666666667
    },
    "21692.144": {
      "votes": {
        "4": 1
      },
      "initial_weight": 1.0,
      "final_weight": 1.0
    },
    "21692.67": {
      "votes": {
        "2": 1,
        "4": 2
      },
      "initial_weight": 0.8333333333333334,
      "final_weight": 0.6666666666666667
    },
    "21692.310": {
      "votes": {},
      "initial_weight": 0.5,
      "final_weight": 0.5
    },