{
  "nodes": {
    "24431.2097": {
      "votes": {
        "4": 1
      },
      "initial_weight": 1.0,
      "final_weight": 1.0
    },
    "24431.2076": {
      "votes": {
        "0": 14,
        "1": 1
      },
      "initial_weight": 0.016666666666666666,
      "final_weight": 0.5083333333333333
    }
  },
  "edges": {
    "24431.2097": {
      "successor_id": "24431.2076",
      "relation": 1.0
    }
  }
}