{
  "nodes": {
    "24431.5106": {
      "votes": {
        "4": 1,
        "0": 1,
        "1": 1,
        "2": 1
      },
      "initial_weight": 0.4375,
      "final_weight": 0.4375
    },
    "24431.1695": {
      "votes": {
        "0": 1,
        "2": 3,
        "1": 1,
        "3": 1,
        "4": 1
      },
      "initial_weight": 0.5,
      "final_weight": 0.5
    },
    "24431.5297": {
      "votes": {},
      "initial_weight": 0.5,
      "final_weight": 0.5
    },
    "24431.4620": {
      "votes": {},
      "initial_weight": 0.5,
      "final_weight": 0.5
    },
    "24431.4634": {
      "votes": {
        "0": 5,
        "1": 2
      },
      "initial_weight": 0.07142857142857142,
      "final_weight": 0.5357142857142857
    },
    "24431.5630": {
      "votes": {},
      "initial_weight": 0.5,
      "final_weight": 0.5
    },
    "24431.1778": {
      "votes": {
        "0": 1,
        "4": 5
      },
      "initial_weight": 0.8333333333333334,
      "final_weight": 0.8333333333333334
    },
    "24431.1665": {
      "votes": {
        "4": 6,
        "0": 55,
        "1": 15,
        "2": 5,
        "3": 4
      },
      "initial_weight": 0.17941176470588235,
      "final_weight": 0.2946338200399769
    },
    "24431.1717": {
      "votes": {},
      "initial_weight": 0.5,
      "final_weight": 0.5
    },
    "24431.1777": {
      "votes": {
        "3": 2,
        "4": 4,
        "0": 1
      },
      "initial_weight": 0.7857142857142857,
      "final_weight": 0.7857142857142857
    },
    "24431.5157": {
      "votes": {
        "1": 2,
        "2": 1,
        "3": 1,
        "4": 1
      },
      "initial_weight": 0.55,
      "final_weight": 0.55
    }
  },
  "edges": {
    "24431.1695": {
      "successor_id": "24431.1665",
      "relation": 1.0
    },
    "24431.1777": {
      "successor_id": "24431.1665",
      "relation": -1.0
    },
    "24431.1778": {
      "successor_id": "24431.1665",
      "relation": -1.0
    },
    "24431.4634": {
      "successor_id": "24431.1665",
      "relation": 1.0
    },
    "24431.5106": {
      "successor_id": "24431.1665",
      "relation": 1.0
    },
    "24431.5157": {
      "successor_id": "24431.1665",
      "relation": 1.0
    },
    "24431.5297": {
      "successor_id": "24431.1665",
      "relation": 1.0
    },
    "24431.5630": {
      "successor_id": "24431.1665",
      "relation": -1.0
    },
    "24431.4620": {
      "successor_id": "24431.4634",
      "relation": 1.0
    },
    "24431.1717": {
      "successor_id": "24431.4634",
      "relation": 1.0
    }
  }
}