{
  "nodes": {
    "24431.2492": {
      "votes": {
        "2": 1,
        "3": 1,
        "4": 3,
        "1": 1
      },
      "initial_weight": 0.75,
      "final_weight": 0.75
    },
    "24431.2135": {
      "votes": {
        "4": 1,
        "3": 1
      },
      "initial_weight": 0.875,
      "final_weight": 0.875
    },
    "24431.2348": {
      "votes": {
        "2": 2,
        "4": 1,
        "3": 2
      },
      "initial_weight": 0.7,
      "final_weight": 0.7
    },
    "24431.2349": {
      "votes": {
        "4": 1,
        "1": 1
      },
      "initial_weight": 0.625,
      "final_weight": 0.625
    },
    "24431.1920": {
      "votes": {
        "4": 7
      },
      "initial_weight": 1.0,
      "final_weight": 0.5663716814159292
    },
    "24431.1647": {
      "votes": {
        "0": 53,
        "2": 9,
        "1": 9,
        "3": 4,
        "4": 10
      },
      "initial_weight": 0.2323529411764706,
      "final_weight": 0.7613621321821646
    },
    "24431.4820": {
      "votes": {
        "4": 1
      },
      "initial_weight": 1.0,
      "final_weight": 1.0
    },
    "24431.2151": {
      "votes": {
        "2": 1,
        "4": 5
      },
      "initial_weight": 0.9166666666666666,
      "final_weight": 0.9166666666666666
    },
    "24431.1723": {
      "votes": {
        "0": 3,
        "1": 4,
        "3": 2,
        "4": 8
      },
      "initial_weight": 0.6176470588235294,
      "final_weight": 0.44415069398545937
    }
  },
  "edges": {
    "24431.1723": {
      "successor_id": "24431.1647",
      "relation": -1.0
    },
    "24431.1920": {
      "successor_id": "24431.1647",
      "relation": 1.0
    },
    "24431.2151": {
      "successor_id": "24431.1647",
      "relation": 1.0
    },
    "24431.2348": {
      "successor_id": "24431.1647",
      "relation": 1.0
    },
    "24431.2492": {
      "successor_id": "24431.1647",
      "relation": 1.0
    },
    "24431.4820": {
      "successor_id": "24431.1647",
      "relation": -1.0
    },
    "24431.2349": {
      "successor_id": "24431.1723",
      "relation": -1.0
    },
    "24431.2135": {
      "successor_id": "24431.1920",
      "relation": -1.0
    }
  }
}