{
  "nodes": {
    "24431.1917": {
      "votes": {
        "0": 1
      },
      "initial_weight": 0.0,
      "final_weight": 0.0
    },
    "24431.1875": {
      "votes": {
        "0": 18,
        "2": 3,
        "4": 2
      },
      "initial_weight": 0.15217391304347827,
      "final_weight": 0.7180439803193092
    },
    "24431.1918": {
      "votes": {
        "0": 1,
        "4": 1,
        "3": 1
      },
      "initial_weight": 0.5833333333333334,
      "final_weight": 0.5833333333333334
    },
    "24431.1916": {
      "votes": {
        "4": 2
      },
      "initial_weight": 1.0,
      "final_weight": 1.0
    },
    "24431.2075": {
      "votes": {
        "4": 1
      },
      "initial_weight": 1.0,
      "final_weight": 1.0
    }
  },
  "edges": {
    "24431.1916": {
      "successor_id": "24431.1875",
      "relation": 1.0
    },
    "24431.1918": {
      "successor_id": "24431.1875",
      "relation": -1.0
    },
    "24431.2075": {
      "successor_id": "24431.1875",
      "relation": 1.0
    },
    "24431.1917": {
      "successor_id": "24431.1916",
      "relation": 1.0
    }
  }
}