{
  "nodes": {
    "24431.5034": {
      "votes": {
        "0": 2
      },
      "initial_weight": 0.0,
      "final_weight": 0.0
    },
    "24431.5032": {
      "votes": {
        "0": 7,
        "1": 1
      },
      "initial_weight": 0.03125,
      "final_weight": 0.03125
    }
  },
  "edges": {
    "24431.5034": {
      "successor_id": "24431.5032",
      "relation": 1.0
    }
  }
}