{
  "nodes": {
    "24431.1935": {
      "votes": {},
      "initial_weight": 0.5,
      "final_weight": 0.5
    },
    "24431.1926": {
      "votes": {
        "0": 17,
        "4": 1
      },
      "initial_weight": 0.05555555555555555,
      "final_weight": 0.3699568311876851
    },
    "24431.1936": {
      "votes": {},
      "initial_weight": 0.5,
      "final_weight": 0.5
    },
    "24431.1939": {
      "votes": {},
      "initial_weight": 0.5,
      "final_weight": 0.5
    },
    "24431.1938": {
      "votes": {
        "3": 1,
        "-2": 1,
        "0": 1,
        "1": 1
      },
      "initial_weight": 0.3333333333333333,
      "final_weight": 0.4666666666666667
    },
    "24431.1940": {
      "votes": {
        "-2": 1,
        "4": 1,
        "0": 2
      },
      "initial_weight": 0.3333333333333333,
      "final_weight": 0.3333333333333333
    },
    "24431.1933": {
      "votes": {
        "4": 3,
        "0": 1,
        "-2": 1
      },
      "initial_weight": 0.75,
      "final_weight": 0.9230769230769231
    },
    "24431.1932": {
      "votes": {
        "1": 1,
        "2": 1,
        "-2": 1,
        "4": 1
      },
      "initial_weight": 0.5833333333333334,
      "final_weight": 0.5833333333333334
    },
    "24431.1934": {
      "votes": {},
      "initial_weight": 0.5,
      "final_weight": 0.5
    }
  },
  "edges": {
    "24431.1932": {
      "successor_id": "24431.1926",
      "relation": 1.0
    },
    "24431.1933": {
      "successor_id": "24431.1926",
      "relation": 1.0
    },
    "24431.1938": {
      "successor_id": "24431.1926",
      "relation": -1.0
    },
    "24431.1940": {
      "successor_id": "24431.1926",
      "relation": -1.0
    },
    "24431.1934": {
      "successor_id": "24431.1933",
      "relation": 1.0
    },
    "24431.1935": {
      "successor_id": "24431.1933",
      "relation": 1.0
    },
    "24431.1936": {
      "successor_id": "24431.1933",
      "relation": 1.0
    },
    "24431.1939": {
      "successor_id": "24431.1938",
      "relation": 1.0
    }
  }
}