{
  "nodes": {
    "24907.147": {
      "votes": {
        "2": 1
      },
      "initial_weight": 0.5,
      "final_weight": 0.5
    },
    "24907.421": {
      "votes": {},
      "initial_weight": 0.5,
      "final_weight": 0.75
    },
    "24907.57": {
      "votes": {
        "4": 2,
        "0": 1
      },
      "initial_weight": 0.6666666666666666,
      "final_weight": 0.6666666666666666
    },
    "24907.423": {
      "votes": {},
      "initial_weight": 0.5,
      "final_weight": 0.5
    },
    "24907.313": {
      "votes": {},
      "initial_weight": 0.5,
      "final_weight": 0.6
    },
    "24907.224": {
      "votes": {
        "0": 1
      },
      "initial_weight": 0.0,
      "final_weight": 0.0
    },
    "24907.456": {
      "votes": {},
      "initial_weight": 0.5,
      "final_weight": 0.5
    },
    "24907.54": {
      "votes": {
        "4": 5,
        "0": 2
      },
      "initial_weight": 0.7142857142857143,
      "final_weight": 0.8263854717508059
    },
    "24907.305": {
      "votes": {},
      "initial_weight": 0.5,
      "final_weight": 0.49504950495049505
    },
    "24907.210": {
      "votes": {
        "3": 1
      },
      "initial_weight": 0.75,
      "final_weight": 0.7647058823529411
    },
    "24907.427": {
      "votes": {},
      "initial_weight": 0.5,
      "final_weight": 0.5
    },
    "24907.145": {
      "votes": {
        "4": 1,
        "0": 1
      },
      "initial_weight": 0.5,
      "final_weight": 0.4015825525549169
    },
    "24907.403": {
      "votes": {
        "0": 1
      },
      "initial_weight": 0.0,
      "final_weight": 0.0
    },
    "24907.311": {
      "votes": {},
      "initial_weight": 0.5,
      "final_weight": 0.5
    },
    "24907.431": {
      "votes": {
        "0": 1
      },
      "initial_weight": 0.0,
      "final_weight": 0.0
    },
    "24907.425": {
      "votes": {},
      "initial_weight": 0.5,
      "final_weight": 0.5
    },
    "24907.319": {
      "votes": {},
      "initial_weight": 0.5,
      "final_weight": 0.5
    },
    "24907.139": {
      "votes": {
        "0": 1
      },
      "initial_weight": 0.0,
      "final_weight": 0.0
    },
    "24907.272": {
      "votes": {
        "1": 1
      },
      "initial_weight": 0.25,
      "final_weight": 0.4
    },
    "24907.252": {
      "votes": {
        "1": 1
      },
      "initial_weight": 0.25,
      "final_weight": 0.25
    },
    "24907.56": {
      "votes": {
        "4": 1,
        "0": 1
      },
      "initial_weight": 0.5,
      "final_weight": 0.5
    },
    "24907.274": {
      "votes": {},
      "initial_weight": 0.5,
      "final_weight": 0.5
    }
  },
  "edges": {
    "24907.56": {
      "successor_id": "24907.54",
      "relation": 1.0
    },
    "24907.57": {
      "successor_id": "24907.54",
      "relation": 1.0
    },
    "24907.139": {
      "successor_id": "24907.54",
      "relation": -1.0
    },
    "24907.145": {
      "successor_id": "24907.54",
      "relation": 1.0
    },
    "24907.210": {
      "successor_id": "24907.54",
      "relation": -1.0
    },
    "24907.403": {
      "successor_id": "24907.54",
      "relation": -1.0
    },
    "24907.147": {
      "successor_id": "24907.139",
      "relation": -1.0
    },
    "24907.272": {
      "successor_id": "24907.139",
      "relation": -1.0
    },
    "24907.456": {
      "successor_id": "24907.139",
      "relation": -1.0
    },
    "24907.305": {
      "successor_id": "24907.145",
      "relation": -1.0
    },
    "24907.224": {
      "successor_id": "24907.210",
      "relation": -1.0
    },
    "24907.252": {
      "successor_id": "24907.210",
      "relation": 1.0
    },
    "24907.431": {
      "successor_id": "24907.210",
      "relation": -1.0
    },
    "24907.421": {
      "successor_id": "24907.403",
      "relation": -1.0
    },
    "24907.427": {
      "successor_id": "24907.403",
      "relation": 1.0
    },
    "24907.274": {
      "successor_id": "24907.272",
      "relation": 1.0
    },
    "24907.311": {
      "successor_id": "24907.305",
      "relation": 1.0
    },
    "24907.313": {
      "successor_id": "24907.305",
      "relation": -1.0
    },
    "24907.423": {
      "successor_id": "24907.421",
      "relation": 1.0
    },
    "24907.425": {
      "successor_id": "24907.421",
      "relation": 1.0
    },
    "24907.319": {
      "successor_id": "24907.313",
      "relation": 1.0
    }
  }
}