{
  "nodes": {
    "2590.15": {
      "votes": {
        "4": 2,
        "3": 1,
        "0": 1
      },
      "initial_weight": 0.6875,
      "final_weight": 0.6875
    },
    "2590.35": {
      "votes": {},
      "initial_weight": 0.5,
      "final_weight": 0.5
    },
    "2590.26": {
      "votes": {},
      "initial_weight": 0.5,
      "final_weight": 0.5
    },
    "2590.7": {
      "votes": {
        "4": 2,
        "2": 1
      },
      "initial_weight": 0.8333333333333334,
      "final_weight": 0.8333333333333334
    },
    "2590.39": {
      "votes": {},
      "initial_weight": 0.5,
      "final_weight": 0.5
    },
    "2590.2": {
      "votes": {
        "0": 10,
        "4": 2,
        "1": 1
      },
      "initial_weight": 0.17307692307692307,
      "final_weight": 0.009931306658855471
    },
    "2590.3": {
      "votes": {
        "0": 2,
        "4": 3,
        "1": 1
      },
      "initial_weight": 0.5416666666666666,
      "final_weight": 0.14994049890467104
    },
    "2590.4": {
      "votes": {
        "3": 1,
        "2": 2,
        "4": 1
      },
      "initial_weight": 0.6875,
      "final_weight": 0.8155737704918034
    },
    "2590.85": {
      "votes": {},
      "initial_weight": 0.5,
      "final_weight": 0.5
    },
    "2590.13": {
      "votes": {
        "0": 2,
        "4": 2
      },
      "initial_weight": 0.5,
      "final_weight": 0.75
    },
    "2590.25": {
      "votes": {
        "4": 1,
        "3": 1
      },
      "initial_weight": 0.875,
      "final_weight": 0.8663366336633663
    },
    "2590.5": {
      "votes": {
        "2": 1,
        "4": 12,
        "0": 2
      },
      "initial_weight": 0.8333333333333334,
      "final_weight": 0.8666666666666667
    },
    "2590.16": {
      "votes": {},
      "initial_weight": 0.5,
      "final_weight": 0.5
    },
    "2590.14": {
      "votes": {},
      "initial_weight": 0.5,
      "final_weight": 0.4
    },
    "2590.40": {
      "votes": {},
      "initial_weight": 0.5,
      "final_weight": 0.5
    },
    "2590.8": {
      "votes": {
        "1": 1,
        "3": 2,
        "4": 2,
        "0": 2
      },
      "initial_weight": 0.5357142857142857,
      "final_weight": 0.12283894449499544
    },
    "2590.27": {
      "votes": {},
      "initial_weight": 0.5,
      "final_weight": 0.5
    },
    "2590.36": {
      "votes": {},
      "initial_weight": 0.5,
      "final_weight": 0.5
    },
    "2590.45": {
      "votes": {
        "3": 1
      },
      "initial_weight": 0.75,
      "final_weight": 0.75
    },
    "2590.32": {
      "votes": {
        "3": 1
      },
      "initial_weight": 0.75,
      "final_weight": 0.8
    },
    "2590.9": {
      "votes": {
        "4": 2,
        "2": 1
      },
      "initial_weight": 0.8333333333333334,
      "final_weight": 0.8333333333333334
    },
    "2590.19": {
      "votes": {
        "0": 1,
        "4": 2,
        "1": 1,
        "3": 1
      },
      "initial_weight": 0.6,
      "final_weight": 0.6
    },
    "2590.20": {
      "votes": {
        "4": 4
      },
      "initial_weight": 1.0,
      "final_weight": 1.0
    },
    "2590.37": {
      "votes": {
        "3": 1
      },
      "initial_weight": 0.75,
      "final_weight": 0.75
    },
    "2590.1": {
      "votes": {
        "0": 2,
        "4": 6
      },
      "initial_weight": 0.75,
      "final_weight": 0.9582639635904671
    }
  },
  "edges": {
    "2590.2": {
      "successor_id": "2590.1",
      "relation": -1.0
    },
    "2590.3": {
      "successor_id": "2590.1",
      "relation": 1.0
    },
    "2590.5": {
      "successor_id": "2590.1",
      "relation": 1.0
    },
    "2590.8": {
      "successor_id": "2590.1",
      "relation": -1.0
    },
    "2590.13": {
      "successor_id": "2590.1",
      "relation": 1.0
    },
    "2590.19": {
      "successor_id": "2590.1",
      "relation": 1.0
    },
    "2590.4": {
      "successor_id": "2590.2",
      "relation": -1.0
    },
    "2590.15": {
      "successor_id": "2590.2",
      "relation": -1.0
    },
    "2590.20": {
      "successor_id": "2590.2",
      "relation": -1.0
    },
    "2590.32": {
      "successor_id": "2590.2",
      "relation": -1.0
    },
    "2590.37": {
      "successor_id": "2590.2",
      "relation": -1.0
    },
    "2590.25": {
      "successor_id": "2590.3",
      "relation": -1.0
    },
    "2590.45": {
      "successor_id": "2590.3",
      "relation": -1.0
    },
    "2590.40": {
      "successor_id": "2590.5",
      "relation": 1.0
    },
    "2590.9": {
      "successor_id": "2590.8",
      "relation": -1.0
    },
    "2590.36": {
      "successor_id": "2590.8",
      "relation": -1.0
    },
    "2590.39": {
      "successor_id": "2590.8",
      "relation": -1.0
    },
    "2590.35": {
      "successor_id": "2590.13",
      "relation": 1.0
    },
    "2590.85": {
      "successor_id": "2590.13",
      "relation": 1.0
    },
    "2590.7": {
      "successor_id": "2590.4",
      "relation": 1.0
    },
    "2590.16": {
      "successor_id": "2590.32",
      "relation": 1.0
    },
    "2590.27": {
      "successor_id": "2590.25",
      "relation": -1.0
    },
    "2590.14": {
      "successor_id": "2590.25",
      "relation": 1.0
    },
    "2590.26": {
      "successor_id": "2590.14",
      "relation": -1.0
    }
  }
}