{
  "nodes": {
    "28404.294": {
      "votes": {
        "2": 1
      },
      "initial_weight": 0.5,
      "final_weight": 0.9310344827586207
    },
    "28404.422": {
      "votes": {
        "3": 1
      },
      "initial_weight": 0.75,
      "final_weight": 0.75
    },
    "28404.252": {
      "votes": {
        "2": 1
      },
      "initial_weight": 0.5,
      "final_weight": 0.25
    },
    "28404.721": {
      "votes": {},
      "initial_weight": 0.5,
      "final_weight": 0.5
    },
    "28404.246": {
      "votes": {
        "3": 1
      },
      "initial_weight": 0.75,
      "final_weight": 0.75
    },
    "28404.198": {
      "votes": {
        "2": 1
      },
      "initial_weight": 0.5,
      "final_weight": 0.47058823529411764
    },
    "28404.287": {
      "votes": {
        "2": 1
      },
      "initial_weight": 0.5,
      "final_weight": 0.5
    },
    "28404.245": {
      "votes": {
        "3": 1
      },
      "initial_weight": 0.75,
      "final_weight": 0.75
    },
    "28404.355": {
      "votes": {
        "3": 1
      },
      "initial_weight": 0.75,
      "final_weight": 0.875
    },
    "28404.56": {
      "votes": {
        "2": 1
      },
      "initial_weight": 0.5,
      "final_weight": 0.8048780487804879
    },
    "28404.417": {
      "votes": {
        "1": 1
      },
      "initial_weight": 0.25,
      "final_weight": 0.37629937629937626
    },
    "28404.350": {
      "votes": {
        "3": 1
      },
      "initial_weight": 0.75,
      "final_weight": 0.68033381712627
    },
    "28404.205": {
      "votes": {
        "3": 1
      },
      "initial_weight": 0.75,
      "final_weight": 0.75
    },
    "28404.375": {
      "votes": {
        "2": 1
      },
      "initial_weight": 0.5,
      "final_weight": 0.5
    },
    "28404.295": {
      "votes": {
        "3": 1
      },
      "initial_weight": 0.75,
      "final_weight": 0.75
    },
    "28404.199": {
      "votes": {
        "1": 1
      },
      "initial_weight": 0.25,
      "final_weight": 0.25
    },
    "28404.213": {
      "votes": {
        "3": 1
      },
      "initial_weight": 0.75,
      "final_weight": 0.75
    },
    "28404.59": {
      "votes": {
        "1": 1
      },
      "initial_weight": 0.25,
      "final_weight": 0.25
    },
    "28404.214": {
      "votes": {
        "3": 1
      },
      "initial_weight": 0.75,
      "final_weight": 0.75
    },
    "28404.253": {
      "votes": {
        "4": 1
      },
      "initial_weight": 1.0,
      "final_weight": 1.0
    },
    "28404.2": {
      "votes": {
        "4": 1
      },
      "initial_weight": 1.0,
      "final_weight": 1.0
    },
    "28404.356": {
      "votes": {
        "2": 1
      },
      "initial_weight": 0.5,
      "final_weight": 0.5
    },
    "28404.352": {
      "votes": {
        "3": 1
      },
      "initial_weight": 0.75,
      "final_weight": 0.75
    },
    "28404.357": {
      "votes": {},
      "initial_weight": 0.5,
      "final_weight": 0.5
    },
    "28404.286": {
      "votes": {
        "1": 1
      },
      "initial_weight": 0.25,
      "final_weight": 0.4
    },
    "28404.374": {
      "votes": {
        "2": 1
      },
      "initial_weight": 0.5,
      "final_weight": 0.4
    },
    "28404.390": {
      "votes": {
        "3": 1
      },
      "initial_weight": 0.75,
      "final_weight": 0.75
    },
    "28404.288": {
      "votes": {
        "3": 1
      },
      "initial_weight": 0.75,
      "final_weight": 0.75
    },
    "28404.349": {
      "votes": {
        "3": 1
      },
      "initial_weight": 0.75,
      "final_weight": 0.6
    },
    "28404.419": {
      "votes": {
        "1": 1
      },
      "initial_weight": 0.25,
      "final_weight": 0.2
    },
    "28404.416": {
      "votes": {
        "2": 1
      },
      "initial_weight": 0.5,
      "final_weight": 0.5
    },
    "28404.201": {
      "votes": {
        "1": 1
      },
      "initial_weight": 0.25,
      "final_weight": 0.0708596695105014
    },
    "28404.296": {
      "votes": {
        "3": 1
      },
      "initial_weight": 0.75,
      "final_weight": 0.75
    },
    "28404.423": {
      "votes": {
        "4": 1
      },
      "initial_weight": 1.0,
      "final_weight": 1.0
    },
    "28404.251": {
      "votes": {
        "4": 1,
        "3": 1
      },
      "initial_weight": 0.875,
      "final_weight": 0.875
    },
    "28404.404": {
      "votes": {
        "4": 1
      },
      "initial_weight": 1.0,
      "final_weight": 1.0
    },
    "28404.354": {
      "votes": {
        "3": 1
      },
      "initial_weight": 0.75,
      "final_weight": 0.75
    },
    "28404.353": {
      "votes": {},
      "initial_weight": 0.5,
      "final_weight": 0.5
    },
    "28404.57": {
      "votes": {
        "3": 1
      },
      "initial_weight": 0.75,
      "final_weight": 0.75
    },
    "28404.204": {
      "votes": {
        "3": 1
      },
      "initial_weight": 0.75,
      "final_weight": 0.84
    },
    "28404.243": {
      "votes": {
        "1": 1
      },
      "initial_weight": 0.25,
      "final_weight": 0.16
    },
    "28404.351": {
      "votes": {},
      "initial_weight": 0.5,
      "final_weight": 0.32
    },
    "28404.218": {
      "votes": {
        "2": 1
      },
      "initial_weight": 0.5,
      "final_weight": 0.0863493886040142
    },
    "28404.145": {
      "votes": {
        "3": 1
      },
      "initial_weight": 0.75,
      "final_weight": 0.7647058823529411
    },
    "28404.745": {
      "votes": {},
      "initial_weight": 0.5,
      "final_weight": 0.5
    },
    "28404.200": {
      "votes": {
        "3": 1
      },
      "initial_weight": 0.75,
      "final_weight": 0.75
    },
    "28404.206": {
      "votes": {
        "3": 1
      },
      "initial_weight": 0.75,
      "final_weight": 0.75
    },
    "28404.751": {
      "votes": {},
      "initial_weight": 0.5,
      "final_weight": 0.5
    },
    "28404.244": {
      "votes": {
        "3": 1
      },
      "initial_weight": 0.75,
      "final_weight": 0.75
    },
    "28404.418": {
      "votes": {
        "1": 1
      },
      "initial_weight": 0.25,
      "final_weight": 0.25
    },
    "28404.207": {
      "votes": {
        "3": 1
      },
      "initial_weight": 0.75,
      "final_weight": 0.75
    },
    "28404.741": {
      "votes": {},
      "initial_weight": 0.5,
      "final_weight": 0.5
    },
    "28404.208": {
      "votes": {
        "3": 1
      },
      "initial_weight": 0.75,
      "final_weight": 0.9230769230769231
    },
    "28404.373": {
      "votes": {
        "1": 1
      },
      "initial_weight": 0.25,
      "final_weight": 0.04446420631391729
    },
    "28404.403": {
      "votes": {
        "3": 1
      },
      "initial_weight": 0.75,
      "final_weight": 0.75
    },
    "28404.144": {
      "votes": {
        "1": 1
      },
      "initial_weight": 0.25,
      "final_weight": 0.25
    }
  },
  "edges": {
    "28404.56": {
      "successor_id": "28404.2",
      "relation": -1.0
    },
    "28404.198": {
      "successor_id": "28404.2",
      "relation": 1.0
    },
    "28404.201": {
      "successor_id": "28404.2",
      "relation": -1.0
    },
    "28404.218": {
      "successor_id": "28404.2",
      "relation": -1.0
    },
    "28404.243": {
      "successor_id": "28404.2",
      "relation": 1.0
    },
    "28404.251": {
      "successor_id": "28404.2",
      "relation": 1.0
    },
    "28404.252": {
      "successor_id": "28404.2",
      "relation": 1.0
    },
    "28404.286": {
      "successor_id": "28404.2",
      "relation": -1.0
    },
    "28404.294": {
      "successor_id": "28404.2",
      "relation": 1.0
    },
    "28404.355": {
      "successor_id": "28404.2",
      "relation": -1.0
    },
    "28404.373": {
      "successor_id": "28404.2",
      "relation": -1.0
    },
    "28404.417": {
      "successor_id": "28404.2",
      "relation": -1.0
    },
    "28404.721": {
      "successor_id": "28404.2",
      "relation": 1.0
    },