{
  "nodes": {
    "30015.17": {
      "votes": {
        "4": 1,
        "2": 1
      },
      "initial_weight": 0.75,
      "final_weight": 0.12371134020618557
    },
    "30015.23": {
      "votes": {
        "0": 1,
        "4": 1,
        "3": 1
      },
      "initial_weight": 0.5833333333333334,
      "final_weight": 0.4666666666666667
    },
    "30015.127": {
      "votes": {
        "4": 1
      },
      "initial_weight": 1.0,
      "final_weight": 1.0
    },
    "30015.155": {
      "votes": {
        "3": 1
      },
      "initial_weight": 0.75,
      "final_weight": 0.75
    },
    "30015.275": {
      "votes": {},
      "initial_weight": 0.5,
      "final_weight": 0.5
    },
    "30015.291": {
      "votes": {},
      "initial_weight": 0.5,
      "final_weight": 0.5
    },
    "30015.6": {
      "votes": {
        "4": 2,
        "0": 1,
        "3": 2
      },
      "initial_weight": 0.7,
      "final_weight": 0.6609839105909276
    },
    "30015.285": {
      "votes": {},
      "initial_weight": 0.5,
      "final_weight": 0.5
    },
    "30015.184": {
      "votes": {},
      "initial_weight": 0.5,
      "final_weight": 0.4
    },
    "30015.267": {
      "votes": {},
      "initial_weight": 0.5,
      "final_weight": 0.5
    }
  },
  "edges": {
    "30015.17": {
      "successor_id": "30015.6",
      "relation": 1.0
    },
    "30015.23": {
      "successor_id": "30015.6",
      "relation": -1.0
    },
    "30015.184": {
      "successor_id": "30015.6",
      "relation": -1.0
    },
    "30015.285": {
      "successor_id": "30015.6",
      "relation": 1.0
    },
    "30015.127": {
      "successor_id": "30015.17",
      "relation": -1.0
    },
    "30015.155": {
      "successor_id": "30015.17",
      "relation": -1.0
    },
    "30015.291": {
      "successor_id": "30015.17",
      "relation": -1.0
    },
    "30015.275": {
      "successor_id": "30015.23",
      "relation": -1.0
    },
    "30015.267": {
      "successor_id": "30015.184",
      "relation": -1.0
    }
  }
}