{
  "nodes": {
    "30015.108": {
      "votes": {
        "2": 1
      },
      "initial_weight": 0.5,
      "final_weight": 0.4
    },
    "30015.98": {
      "votes": {
        "4": 1,
        "3": 1
      },
      "initial_weight": 0.875,
      "final_weight": 0.875
    },
    "30015.273": {
      "votes": {
        "3": 1
      },
      "initial_weight": 0.75,
      "final_weight": 0.75
    },
    "30015.12": {
      "votes": {
        "1": 1,
        "3": 1
      },
      "initial_weight": 0.5,
      "final_weight": 0.32
    },
    "30015.51": {
      "votes": {
        "3": 1
      },
      "initial_weight": 0.75,
      "final_weight": 0.75
    },
    "30015.289": {
      "votes": {},
      "initial_weight": 0.5,
      "final_weight": 0.5
    },
    "30015.100": {
      "votes": {
        "0": 1,
        "3": 1
      },
      "initial_weight": 0.375,
      "final_weight": 0.375
    },
    "30015.208": {
      "votes": {
        "3": 1
      },
      "initial_weight": 0.75,
      "final_weight": 0.75
    },
    "30015.4": {
      "votes": {
        "1": 2,
        "4": 1,
        "0": 2
      },
      "initial_weight": 0.3,
      "final_weight": 0.07678309092712834
    },
    "30015.13": {
      "votes": {
        "3": 1,
        "2": 1,
        "4": 1
      },
      "initial_weight": 0.75,
      "final_weight": 0.9000249937515621
    }
  },
  "edges": {
    "30015.12": {
      "successor_id": "30015.4",
      "relation": 1.0
    },
    "30015.13": {
      "successor_id": "30015.4",
      "relation": -1.0
    },
    "30015.100": {
      "successor_id": "30015.4",
      "relation": -1.0
    },
    "30015.273": {
      "successor_id": "30015.4",
      "relation": -1.0
    },
    "30015.51": {
      "successor_id": "30015.12",
      "relation": -1.0
    },
    "30015.98": {
      "successor_id": "30015.13",
      "relation": 1.0
    },
    "30015.108": {
      "successor_id": "30015.13",
      "relation": -1.0
    },
    "30015.208": {
      "successor_id": "30015.13",
      "relation": 1.0
    },
    "30015.289": {
      "successor_id": "30015.108",
      "relation": -1.0
    }
  }
}