{
  "nodes": {
    "30028.42": {
      "votes": {},
      "initial_weight": 0.5,
      "final_weight": 0.15384615384615385
    },
    "30028.30": {
      "votes": {},
      "initial_weight": 0.5,
      "final_weight": 0.5
    },
    "30028.121": {
      "votes": {},
      "initial_weight": 0.5,
      "final_weight": 0.5
    },
    "30028.131": {
      "votes": {},
      "initial_weight": 0.5,
      "final_weight": 0.5
    },
    "30028.17": {
      "votes": {
        "3": 1
      },
      "initial_weight": 0.75,
      "final_weight": 0.6
    },
    "30028.52": {
      "votes": {},
      "initial_weight": 0.5,
      "final_weight": 0.5
    },
    "30028.51": {
      "votes": {
        "1": 1
      },
      "initial_weight": 0.25,
      "final_weight": 0.4
    },
    "30028.50": {
      "votes": {
        "4": 1
      },
      "initial_weight": 1.0,
      "final_weight": 1.0
    },
    "30028.53": {
      "votes": {
        "3": 1
      },
      "initial_weight": 0.75,
      "final_weight": 0.75
    },
    "30028.41": {
      "votes": {},
      "initial_weight": 0.5,
      "final_weight": 0.5
    },
    "30028.9": {
      "votes": {
        "3": 1
      },
      "initial_weight": 0.75,
      "final_weight": 0.75
    },
    "30028.1": {
      "votes": {
        "4": 4,
        "1": 1,
        "3": 1
      },
      "initial_weight": 0.8333333333333334,
      "final_weight": 0.8333714238176129
    },
    "30028.40": {
      "votes": {
        "2": 1
      },
      "initial_weight": 0.5,
      "final_weight": 0.43103448275862066
    }
  },
  "edges": {
    "30028.9": {
      "successor_id": "30028.1",
      "relation": 1.0
    },
    "30028.17": {
      "successor_id": "30028.1",
      "relation": 1.0
    },
    "30028.30": {
      "successor_id": "30028.1",
      "relation": -1.0
    },
    "30028.40": {
      "successor_id": "30028.1",
      "relation": -1.0
    },
    "30028.41": {
      "successor_id": "30028.1",
      "relation": 1.0
    },
    "30028.42": {
      "successor_id": "30028.1",
      "relation": -1.0
    },
    "30028.53": {
      "successor_id": "30028.1",
      "relation": -1.0
    },
    "30028.121": {
      "successor_id": "30028.17",
      "relation": -1.0
    },
    "30028.51": {
      "successor_id": "30028.40",
      "relation": -1.0
    },
    "30028.50": {
      "successor_id": "30028.42",
      "relation": -1.0
    },
    "30028.131": {
      "successor_id": "30028.42",
      "relation": -1.0
    },
    "30028.52": {
      "successor_id": "30028.51",
      "relation": 1.0
    }
  }
}