{
  "nodes": {
    "31434.52": {
      "votes": {
        "0": 1,
        "1": 2
      },
      "initial_weight": 0.16666666666666666,
      "final_weight": 0.2156862745098039
    },
    "31434.62": {
      "votes": {
        "2": 1
      },
      "initial_weight": 0.5,
      "final_weight": 0.5
    },
    "31434.56": {
      "votes": {
        "4": 1
      },
      "initial_weight": 1.0,
      "final_weight": 1.0
    },
    "31434.60": {
      "votes": {
        "3": 1
      },
      "initial_weight": 0.75,
      "final_weight": 0.75
    },
    "31434.54": {
      "votes": {
        "3": 1
      },
      "initial_weight": 0.75,
      "final_weight": 0.75
    },
    "31434.66": {
      "votes": {
        "1": 1
      },
      "initial_weight": 0.25,
      "final_weight": 0.25
    }
  },
  "edges": {
    "31434.54": {
      "successor_id": "31434.52",
      "relation": 1.0
    },
    "31434.56": {
      "successor_id": "31434.52",
      "relation": 1.0
    },
    "31434.60": {
      "successor_id": "31434.52",
      "relation": -1.0
    },
    "31434.62": {
      "successor_id": "31434.52",
      "relation": -1.0
    },
    "31434.66": {
      "successor_id": "31434.52",
      "relation": -1.0
    }
  }
}