{
  "nodes": {
    "31434.23": {
      "votes": {
        "4": 1
      },
      "initial_weight": 1.0,
      "final_weight": 1.0
    },
    "31434.3": {
      "votes": {
        "0": 1,
        "4": 1,
        "1": 1
      },
      "initial_weight": 0.4166666666666667,
      "final_weight": 0.06434410196223778
    },
    "31434.25": {
      "votes": {
        "3": 1,
        "4": 1
      },
      "initial_weight": 0.875,
      "final_weight": 0.875
    },
    "31434.19": {
      "votes": {
        "4": 1,
        "3": 1
      },
      "initial_weight": 0.875,
      "final_weight": 0.875
    },
    "31434.21": {
      "votes": {
        "2": 1
      },
      "initial_weight": 0.5,
      "final_weight": 0.5
    },
    "31434.17": {
      "votes": {
        "3": 1
      },
      "initial_weight": 0.75,
      "final_weight": 0.84
    },
    "31434.74": {
      "votes": {
        "3": 1
      },
      "initial_weight": 0.75,
      "final_weight": 0.75
    }
  },
  "edges": {
    "31434.17": {
      "successor_id": "31434.3",
      "relation": -1.0
    },
    "31434.19": {
      "successor_id": "31434.3",
      "relation": -1.0
    },
    "31434.21": {
      "successor_id": "31434.3",
      "relation": -1.0
    },
    "31434.23": {
      "successor_id": "31434.3",
      "relation": -1.0
    },
    "31434.25": {
      "successor_id": "31434.3",
      "relation": 1.0
    },
    "31434.74": {
      "successor_id": "31434.17",
      "relation": 1.0
    }
  }
}