{
  "nodes": {
    "37608.23": {
      "votes": {
        "2": 2
      },
      "initial_weight": 0.5,
      "final_weight": 0.36764705882352944
    },
    "37608.125": {
      "votes": {},
      "initial_weight": 0.5,
      "final_weight": 0.5
    },
    "37608.203": {
      "votes": {},
      "initial_weight": 0.5,
      "final_weight": 0.5
    },
    "37608.59": {
      "votes": {
        "1": 2
      },
      "initial_weight": 0.25,
      "final_weight": 0.125
    },
    "37608.15": {
      "votes": {
        "3": 1,
        "0": 1,
        "2": 1
      },
      "initial_weight": 0.4166666666666667,
      "final_weight": 0.41949918174277584
    },
    "37608.171": {
      "votes": {
        "2": 1
      },
      "initial_weight": 0.5,
      "final_weight": 0.5
    },
    "37608.19": {
      "votes": {
        "2": 1,
        "3": 1
      },
      "initial_weight": 0.625,
      "final_weight": 0.3125
    },
    "37608.157": {
      "votes": {
        "3": 1
      },
      "initial_weight": 0.75,
      "final_weight": 0.75
    },
    "37608.37": {
      "votes": {},
      "initial_weight": 0.5,
      "final_weight": 0.5
    },
    "37608.67": {
      "votes": {
        "3": 1,
        "2": 1
      },
      "initial_weight": 0.625,
      "final_weight": 0.5
    },
    "37608.27": {
      "votes": {
        "3": 2
      },
      "initial_weight": 0.75,
      "final_weight": 0.75
    },
    "37608.35": {
      "votes": {
        "2": 1
      },
      "initial_weight": 0.5,
      "final_weight": 0.6
    }
  },
  "edges": {
    "37608.19": {
      "successor_id": "37608.15",
      "relation": 1.0
    },
    "37608.23": {
      "successor_id": "37608.15",
      "relation": -1.0
    },
    "37608.59": {
      "successor_id": "37608.15",
      "relation": 1.0
    },
    "37608.27": {
      "successor_id": "37608.19",
      "relation": -1.0
    },
    "37608.157": {
      "successor_id": "37608.19",
      "relation": -1.0
    },
    "37608.203": {
      "successor_id": "37608.19",
      "relation": 1.0
    },
    "37608.35": {
      "successor_id": "37608.23",
      "relation": -1.0
    },
    "37608.67": {
      "successor_id": "37608.59",
      "relation": -1.0
    },
    "37608.171": {
      "successor_id": "37608.59",
      "relation": -1.0
    },
    "37608.37": {
      "successor_id": "37608.35",
      "relation": 1.0
    },
    "37608.125": {
      "successor_id": "37608.67",
      "relation": -1.0
    }
  }
}