{
  "nodes": {
    "38099.61": {
      "votes": {
        "4": 1
      },
      "initial_weight": 1.0,
      "final_weight": 1.0
    },
    "38099.263": {
      "votes": {
        "0": 1
      },
      "initial_weight": 0.0,
      "final_weight": 0.0
    },
    "38099.189": {
      "votes": {},
      "initial_weight": 0.5,
      "final_weight": 0.4
    },
    "38099.226": {
      "votes": {},
      "initial_weight": 0.5,
      "final_weight": 0.5
    },
    "38099.191": {
      "votes": {},
      "initial_weight": 0.5,
      "final_weight": 0.5
    },
    "38099.220": {
      "votes": {},
      "initial_weight": 0.5,
      "final_weight": 0.4
    },
    "38099.92": {
      "votes": {},
      "initial_weight": 0.5,
      "final_weight": 0.5
    },
    "38099.390": {
      "votes": {},
      "initial_weight": 0.5,
      "final_weight": 0.5
    },
    "38099.388": {
      "votes": {},
      "initial_weight": 0.5,
      "final_weight": 0.5
    },
    "38099.183": {
      "votes": {
        "1": 1
      },
      "initial_weight": 0.25,
      "final_weight": 0.2293577981651376
    },
    "38099.102": {
      "votes": {},
      "initial_weight": 0.5,
      "final_weight": 0.5
    },
    "38099.204": {
      "votes": {},
      "initial_weight": 0.5,
      "final_weight": 0.5
    },
    "38099.90": {
      "votes": {
        "0": 1
      },
      "initial_weight": 0.0,
      "final_weight": 0.2
    },
    "38099.155": {
      "votes": {
        "4": 4,
        "1": 1,
        "0": 2
      },
      "initial_weight": 0.6071428571428571,
      "final_weight": 0.8169585941631232
    }
  },
  "edges": {
    "38099.61": {
      "successor_id": "38099.155",
      "relation": 1.0
    },
    "38099.183": {
      "successor_id": "38099.155",
      "relation": -1.0
    },
    "38099.90": {
      "successor_id": "38099.155",
      "relation": -1.0
    },
    "38099.263": {
      "successor_id": "38099.155",
      "relation": -1.0
    },
    "38099.388": {
      "successor_id": "38099.155",
      "relation": 1.0
    },
    "38099.189": {
      "successor_id": "38099.183",
      "relation": -1.0
    },
    "38099.191": {
      "successor_id": "38099.183",
      "relation": 1.0
    },
    "38099.220": {
      "successor_id": "38099.183",
      "relation": -1.0
    },
    "38099.92": {
      "successor_id": "38099.90",
      "relation": 1.0
    },
    "38099.102": {
      "successor_id": "38099.90",
      "relation": 1.0
    },
    "38099.390": {
      "successor_id": "38099.90",
      "relation": -1.0
    },
    "38099.204": {
      "successor_id": "38099.189",
      "relation": -1.0
    },
    "38099.226": {
      "successor_id": "38099.220",
      "relation": -1.0
    }
  }
}