{
  "nodes": {
    "43764.166": {
      "votes": {},
      "initial_weight": 0.5,
      "final_weight": 0.48338584563319514
    },
    "43764.174": {
      "votes": {},
      "initial_weight": 0.5,
      "final_weight": 0.4538279932546374
    },
    "43764.182": {
      "votes": {},
      "initial_weight": 0.5,
      "final_weight": 0.43103448275862066
    },
    "43764.176": {
      "votes": {},
      "initial_weight": 0.5,
      "final_weight": 0.75
    },
    "43764.178": {
      "votes": {},
      "initial_weight": 0.5,
      "final_weight": 0.5
    },
    "43764.170": {
      "votes": {},
      "initial_weight": 0.5,
      "final_weight": 0.5
    },
    "43764.184": {
      "votes": {},
      "initial_weight": 0.5,
      "final_weight": 0.4
    },
    "43764.168": {
      "votes": {},
      "initial_weight": 0.5,
      "final_weight": 0.6
    },
    "43764.7": {
      "votes": {},
      "initial_weight": 0.5,
      "final_weight": 0.40529743994283207
    },
    "43764.172": {
      "votes": {},
      "initial_weight": 0.5,
      "final_weight": 0.4146075021091856
    },
    "43764.180": {
      "votes": {},
      "initial_weight": 0.5,
      "final_weight": 0.5
    },
    "43764.186": {
      "votes": {},
      "initial_weight": 0.5,
      "final_weight": 0.5
    }
  },
  "edges": {
    "43764.166": {
      "successor_id": "43764.7",
      "relation": -1.0
    },
    "43764.168": {
      "successor_id": "43764.166",
      "relation": -1.0
    },
    "43764.172": {
      "successor_id": "43764.166",
      "relation": 1.0
    },
    "43764.170": {
      "successor_id": "43764.168",
      "relation": 1.0
    },
    "43764.174": {
      "successor_id": "43764.172",
      "relation": -1.0
    },
    "43764.176": {
      "successor_id": "43764.174",
      "relation": -1.0
    },
    "43764.182": {
      "successor_id": "43764.174",
      "relation": 1.0
    },
    "43764.178": {
      "successor_id": "43764.176",
      "relation": 1.0
    },
    "43764.180": {
      "successor_id": "43764.176",
      "relation": 1.0
    },
    "43764.184": {
      "successor_id": "43764.182",
      "relation": -1.0
    },
    "43764.186": {
      "successor_id": "43764.184",
      "relation": -1.0
    }
  }
}