{
  "nodes": {
    "45697.341": {
      "votes": {},
      "initial_weight": 0.5,
      "final_weight": 0.4
    },
    "45697.21": {
      "votes": {},
      "initial_weight": 0.5,
      "final_weight": 0.5783404361995488
    },
    "45697.339": {
      "votes": {},
      "initial_weight": 0.5,
      "final_weight": 0.43103448275862066
    },
    "45697.43": {
      "votes": {},
      "initial_weight": 0.5,
      "final_weight": 0.5
    },
    "45697.335": {
      "votes": {},
      "initial_weight": 0.5,
      "final_weight": 0.5
    },
    "45697.331": {
      "votes": {},
      "initial_weight": 0.5,
      "final_weight": 0.5
    },
    "45697.337": {
      "votes": {},
      "initial_weight": 0.5,
      "final_weight": 0.5
    },
    "45697.343": {
      "votes": {},
      "initial_weight": 0.5,
      "final_weight": 0.5
    }
  },
  "edges": {
    "45697.43": {
      "successor_id": "45697.21",
      "relation": 1.0
    },
    "45697.331": {
      "successor_id": "45697.21",
      "relation": -1.0
    },
    "45697.335": {
      "successor_id": "45697.21",
      "relation": 1.0
    },
    "45697.337": {
      "successor_id": "45697.21",
      "relation": -1.0
    },
    "45697.339": {
      "successor_id": "45697.21",
      "relation": 1.0
    },
    "45697.341": {
      "successor_id": "45697.339",
      "relation": -1.0
    },
    "45697.343": {
      "successor_id": "45697.341",
      "relation": -1.0
    }
  }
}