{
  "nodes": {
    "46395.128": {
      "votes": {},
      "initial_weight": 0.5,
      "final_weight": 0.4
    },
    "46395.132": {
      "votes": {},
      "initial_weight": 0.5,
      "final_weight": 0.5
    },
    "46395.27": {
      "votes": {
        "0": 2
      },
      "initial_weight": 0.0,
      "final_weight": 0.04767995349006215
    },
    "46395.100": {
      "votes": {},
      "initial_weight": 0.5,
      "final_weight": 0.5
    },
    "46395.31": {
      "votes": {},
      "initial_weight": 0.5,
      "final_weight": 0.5
    },
    "46395.98": {
      "votes": {},
      "initial_weight": 0.5,
      "final_weight": 0.5
    },
    "46395.126": {
      "votes": {},
      "initial_weight": 0.5,
      "final_weight": 0.5
    },
    "46395.124": {
      "votes": {},
      "initial_weight": 0.5,
      "final_weight": 0.7237569060773481
    }
  },
  "edges": {
    "46395.31": {
      "successor_id": "46395.27",
      "relation": 1.0
    },
    "46395.98": {
      "successor_id": "46395.27",
      "relation": -1.0
    },
    "46395.100": {
      "successor_id": "46395.27",
      "relation": -1.0
    },
    "46395.124": {
      "successor_id": "46395.27",
      "relation": 1.0
    },
    "46395.126": {
      "successor_id": "46395.124",
      "relation": 1.0
    },
    "46395.128": {
      "successor_id": "46395.124",
      "relation": 1.0
    },
    "46395.132": {
      "successor_id": "46395.128",
      "relation": -1.0
    }
  }
}