{
  "nodes": {
    "4650.3018": {
      "votes": {
        "2": 2,
        "3": 1
      },
      "initial_weight": 0.5833333333333334,
      "final_weight": 0.5833333333333334
    }
  },
  "edges": {}
}