{
  "nodes": {
    "4650.881": {
      "votes": {
        "2": 2,
        "3": 4
      },
      "initial_weight": 0.6666666666666666,
      "final_weight": 0.6666666666666666
    },
    "4650.1102": {
      "votes": {
        "0": 1,
        "1": 1
      },
      "initial_weight": 0.125,
      "final_weight": 0.125
    },
    "4650.590": {
      "votes": {
        "2": 2,
        "1": 1,
        "0": 2,
        "4": 1,
        "3": 1
      },
      "initial_weight": 0.42857142857142855,
      "final_weight": 0.15308988315791422
    },
    "4650.589": {
      "votes": {
        "1": 1,
        "3": 1,
        "4": 2,
        "0": 1,
        "2": 3
      },
      "initial_weight": 0.5625,
      "final_weight": 0.5625
    },
    "4650.820": {
      "votes": {
        "3": 1,
        "2": 1,
        "4": 1
      },
      "initial_weight": 0.75,
      "final_weight": 0.4247787610619469
    },
    "4650.923": {
      "votes": {
        "4": 1,
        "3": 1,
        "2": 1,
        "0": 1
      },
      "initial_weight": 0.5625,
      "final_weight": 0.33196721311475413
    },
    "4650.588": {
      "votes": {
        "1": 4,
        "2": 2
      },
      "initial_weight": 0.3333333333333333,
      "final_weight": 0.3288890786729534
    },
    "4650.924": {
      "votes": {
        "4": 1,
        "1": 1,
        "3": 2
      },
      "initial_weight": 0.6875,
      "final_weight": 0.6418568464730291
    },
    "4650.958": {
      "votes": {
        "2": 2,
        "0": 1
      },
      "initial_weight": 0.3333333333333333,
      "final_weight": 0.3333333333333333
    },
    "4650.1101": {
      "votes": {
        "2": 1
      },
      "initial_weight": 0.5,
      "final_weight": 0.5
    },
    "4650.925": {
      "votes": {
        "4": 1,
        "3": 1
      },
      "initial_weight": 0.875,
      "final_weight": 0.875
    },
    "4650.959": {
      "votes": {
        "2": 2,
        "0": 1
      },
      "initial_weight": 0.3333333333333333,
      "final_weight": 0.26666666666666666
    },
    "4650.579": {
      "votes": {
        "4": 3,
        "3": 2,
        "1": 1,
        "2": 3,
        "0": 2
      },
      "initial_weight": 0.5681818181818182,
      "final_weight": 0.8179466144239269
    },
    "4650.960": {
      "votes": {
        "1": 1,
        "3": 1
      },
      "initial_weight": 0.5,
      "final_weight": 0.5
    },
    "4650.1104": {
      "votes": {
        "4": 2,
        "3": 1
      },
      "initial_weight": 0.9166666666666666,
      "final_weight": 0.9166666666666666
    },
    "4650.850": {
      "votes": {
        "2": 1,
        "0": 2,
        "1": 2
      },
      "initial_weight": 0.2,
      "final_weight": 0.1162451232086229
    },
    "4650.580": {
      "votes": {
        "4": 4,
        "1": 1,
        "2": 1,
        "3": 2
      },
      "initial_weight": 0.78125,
      "final_weight": 0.78125
    },
    "4650.810": {
      "votes": {
        "4": 1,
        "1": 6
      },
      "initial_weight": 0.35714285714285715,
      "final_weight": 0.35714285714285715
    }
  },
  "edges": {
    "4650.580": {
      "successor_id": "4650.579",
      "relation": 1.0
    },
    "4650.588": {
      "successor_id": "4650.579",
      "relation": -1.0
    },
    "4650.589": {
      "successor_id": "4650.579",
      "relation": 1.0
    },
    "4650.590": {
      "successor_id": "4650.579",
      "relation": -1.0
    },
    "4650.810": {
      "successor_id": "4650.579",
      "relation": -1.0
    },
    "4650.881": {
      "successor_id": "4650.579",
      "relation": 1.0
    },
    "4650.850": {
      "successor_id": "4650.588",
      "relation": -1.0
    },
    "4650.820": {
      "successor_id": "4650.590",
      "relation": -1.0
    },
    "4650.1104": {
      "successor_id": "4650.590",
      "relation": -1.0
    },
    "4650.923": {
      "successor_id": "4650.850",
      "relation": -1.0
    },
    "4650.924": {
      "successor_id": "4650.850",
      "relation": -1.0
    },
    "4650.960": {
      "successor_id": "4650.959",
      "relation": -1.0
    },
    "4650.1102": {
      "successor_id": "4650.850",
      "relation": 1.0
    },
    "4650.925": {
      "successor_id": "4650.820",
      "relation": -1.0
    },
    "4650.958": {
      "successor_id": "4650.923",
      "relation": -1.0
    },
    "4650.1101": {
      "successor_id": "4650.923",
      "relation": -1.0
    },
    "4650.959": {
      "successor_id": "4650.924",
      "relation": -1.0
    }
  }
}