{
  "nodes": {
    "4650.379": {
      "votes": {
        "2": 2,
        "3": 4,
        "-2": 1,
        "4": 1,
        "0": 2,
        "1": 1
      },
      "initial_weight": 0.525,
      "final_weight": 0.525
    },
    "4650.386": {
      "votes": {
        "4": 2,
        "1": 1,
        "2": 3,
        "0": 2
      },
      "initial_weight": 0.46875,
      "final_weight": 0.46875
    },
    "4650.255": {
      "votes": {
        "1": 6,
        "0": 1,
        "2": 3
      },
      "initial_weight": 0.3,
      "final_weight": 0.3
    },
    "4650.587": {
      "votes": {
        "4": 4
      },
      "initial_weight": 1.0,
      "final_weight": 1.0
    },
    "4650.294": {
      "votes": {
        "3": 1,
        "1": 1
      },
      "initial_weight": 0.5,
      "final_weight": 0.5
    },
    "4650.264": {
      "votes": {
        "2": 2,
        "4": 1,
        "0": 2,
        "1": 2
      },
      "initial_weight": 0.35714285714285715,
      "final_weight": 0.35714285714285715
    },
    "4650.558": {
      "votes": {
        "0": 5,
        "2": 1,
        "1": 1,
        "3": 1,
        "4": 1
      },
      "initial_weight": 0.2777777777777778,
      "final_weight": 0.1639344262295082
    },
    "4650.528": {
      "votes": {
        "2": 3,
        "3": 1,
        "1": 2
      },
      "initial_weight": 0.4583333333333333,
      "final_weight": 0.4583333333333333
    },
    "4650.263": {
      "votes": {
        "1": 2,
        "2": 4
      },
      "initial_weight": 0.4166666666666667,
      "final_weight": 0.4166666666666667
    },
    "4650.2852": {
      "votes": {
        "1": 1
      },
      "initial_weight": 0.25,
      "final_weight": 0.2
    },
    "4650.266": {
      "votes": {
        "1": 2
      },
      "initial_weight": 0.25,
      "final_weight": 0.25
    },
    "4650.44": {
      "votes": {
        "4": 2,
        "1": 2,
        "2": 3,
        "0": 1
      },
      "initial_weight": 0.5,
      "final_weight": 0.25
    },
    "4650.3": {
      "votes": {
        "4": 2,
        "0": 23,
        "3": 1
      },
      "initial_weight": 0.10576923076923077,
      "final_weight": 0.005890192369464475
    },
    "4650.2948": {
      "votes": {
        "4": 1,
        "3": 1
      },
      "initial_weight": 0.875,
      "final_weight": 0.875
    },
    "4650.182": {
      "votes": {
        "4": 1
      },
      "initial_weight": 1.0,
      "final_weight": 1.0
    },
    "4650.2813": {
      "votes": {
        "3": 1
      },
      "initial_weight": 0.75,
      "final_weight": 0.75
    },
    "4650.27": {
      "votes": {
        "4": 1,
        "0": 1,
        "1": 1,
        "2": 3
      },
      "initial_weight": 0.4583333333333333,
      "final_weight": 0.4583333333333333
    },
    "4650.433": {
      "votes": {
        "1": 1,
        "3": 1
      },
      "initial_weight": 0.5,
      "final_weight": 0.5
    },
    "4650.584": {
      "votes": {
        "0": 2,
        "4": 2,
        "3": 2
      },
      "initial_weight": 0.5833333333333334,
      "final_weight": 0.5833333333333334
    },
    "4650.2844": {
      "votes": {
        "2": 1,
        "1": 2
      },
      "initial_weight": 0.3333333333333333,
      "final_weight": 0.3333333333333333
    },
    "4650.621": {
      "votes": {
        "4": 1,
        "1": 2,
        "2": 2,
        "3": 2
      },
      "initial_weight": 0.5714285714285714,
      "final_weight": 0.5714285714285714
    },
    "4650.297": {
      "votes": {
        "1": 5,
        "3": 1,
        "0": 2
      },
      "initial_weight": 0.25,
      "final_weight": 0.25
    },
    "4650.295": {
      "votes": {
        "2": 2,
        "1": 1,
        "0": 1,
        "4": 6,
        "3": 3
      },
      "initial_weight": 0.7307692307692307,
      "final_weight": 0.7307692307692307
    },
    "4650.10": {
      "votes": {
        "4": 11,
        "0": 1,
        "3": 1
      },
      "initial_weight": 0.9038461538461539,
      "final_weight": 0.9771609833465503
    },
    "4650.2954": {
      "votes": {
        "3": 1,
        "2": 1
      },
      "initial_weight": 0.625,
      "final_weight": 0.625
    },
    "4650.265": {
      "votes": {
        "3": 2,
        "4": 2,
        "0": 1,
        "2": 2
      },
      "initial_weight": 0.6428571428571429,
      "final_weight": 0.6428571428571429
    },
    "4650.2846": {
      "votes": {
        "1": 1
      },
      "initial_weight": 0.25,
      "final_weight": 0.25
    },
    "4650.3026": {
      "votes": {},
      "initial_weight": 0.5,
      "final_weight": 0.5
    },
    "4650.105": {
      "votes": {
        "1": 3,
        "4": 1,
        "0": 5,
        "2": 1
      },
      "initial_weight": 0.225,
      "final_weight": 0.015263918189234255
    },
    "4650.3030": {
      "votes": {
        "3": 1
      },
      "initial_weight": 0.75,
      "final_weight": 0.75
    },
    "4650.3032": {
      "votes": {
        "4": 1
      },
      "initial_weight": 1.0,
      "final_weight": 1.0
    },
    "4650.293": {
      "votes": {
        "4": 3,
        "3": 4,
        "2": 2
      },
      "initial_weight": 0.7777777777777778,
      "final_weight": 0.8222222222222222
    },
    "4650.20": {
      "votes": {
        "2": 1,
        "3": 3,
        "4": 2
      },
      "initial_weight": 0.7916666666666666,
      "final_weight": 0.7450980392156863
    },
    "4650.3002": {
      "votes": {
        "0": 2
      },
      "initial_weight": 0.0,
      "final_weight": 0.0
    },
    "4650.261": {
      "votes": {
        "1": 1,
        "0": 1,
        "2": 7
      },
      "initial_weight": 0.4166666666666667,
      "final_weight": 0.4166666666666667
    },
    "4650.267": {
      "votes": {
        "2": 2,
        "0": 1,
        "1": 2
      },
      "initial_weight": 0.3,
      "final_weight": 0.3
    },
    "4650.340": {
      "votes": {
        "4": 4,
        "3": 3,
        "1": 2,
        "2": 1
      },
      "initial_weight": 0.725,
      "final_weight": 0.725
    },
    "4650.2854": {
      "votes": {
        "4": 2
      },
      "initial_weight": 1.0,
      "final_weight": 0.9846153846153847
    },
    "4650.2867": {
      "votes": {
        "2": 1
      },
      "initial_weight": 0.5,
      "final_weight": 0.5
    },
    "4650.47": {
      "votes": {
        "1": 5,
        "4": 1,
        "0": 1
      },
      "initial_weight": 0.32142857142857145,
      "final_weight": 0.32142857142857145
    },
    "4650.2850": {
      "votes": {
        "3": 1
      },
      "initial_weight": 0.75,
      "final_weight": 0.75
    },
    "4650.586": {
      "votes": {
        "4": 3,
        "3": 2
      },
      "initial_weight": 0.9,
      "final_weight": 0.9
    },
    "4650.24": {
      "votes": {
        "1": 4,
        "0": 4,
        "-2": 1,
        "4": 1
      },
      "initial_weight": 0.2222222222222222,
      "final_weight": 0.1098373249717355
    },
    "4650.257": {
      "votes": {
        "1": 4,
        "2": 4,
        "0": 1,
        "4": 1
      },
      "initial_weight": 0.4,
      "final_weight": 0.4
    },
    "4650.158": {
      "votes": {
        "-2": 1,
        "4": 3,
        "3": 2,
        "1": 2,
        "2": 1,
        "0": 1
      },
      "initial_weight": 0.6111111111111112,
      "final_weight": 0.4296035930482328
    },
    "4650.256": {
      "votes": {
        "0": 3,
        "2": 1,
        "1": 2,
        "3": 1
      },
      "initial_weight": 0.25,
      "final_weight": 0.25
    },
    "4650.2848": {
      "votes": {
        "2": 1
      },
      "initial_weight": 0.5,
      "final_weight": 0.6161228406909789
    },
    "4650.346": {
      "votes": {
        "4": 2,
        "3": 3,
        "1": 2
      },
      "initial_weight": 0.6785714285714286,
      "final_weight": 0.6785714285714286
    },
    "4650.2952": {
      "votes": {
        "3": 2,
        "4": 1
      },
      "initial_weight": 0.8333333333333334,
      "final_weight": 0.8333333333333334
    },