{
  "nodes": {
    "47313.1623": {
      "votes": {},
      "initial_weight": 0.5,
      "final_weight": 0.5
    },
    "47313.216": {
      "votes": {
        "1": 1,
        "3": 1,
        "0": 1
      },
      "initial_weight": 0.3333333333333333,
      "final_weight": 0.4666666666666667
    }
  },
  "edges": {
    "47313.1623": {
      "successor_id": "47313.216",
      "relation": 1.0
    }
  }
}