{
  "nodes": {
    "48191.342": {
      "votes": {
        "2": 1
      },
      "initial_weight": 0.5,
      "final_weight": 0.5
    },
    "48191.113": {
      "votes": {
        "3": 1,
        "1": 1
      },
      "initial_weight": 0.5,
      "final_weight": 0.5
    },
    "48191.354": {
      "votes": {
        "3": 1
      },
      "initial_weight": 0.75,
      "final_weight": 0.75
    },
    "48191.83": {
      "votes": {},
      "initial_weight": 0.5,
      "final_weight": 0.25
    },
    "48191.336": {
      "votes": {},
      "initial_weight": 0.5,
      "final_weight": 0.8461538461538461
    },
    "48191.489": {
      "votes": {
        "1": 1
      },
      "initial_weight": 0.25,
      "final_weight": 0.8582927197791048
    },
    "48191.111": {
      "votes": {
        "4": 2
      },
      "initial_weight": 1.0,
      "final_weight": 1.0
    },
    "48191.338": {
      "votes": {
        "3": 1
      },
      "initial_weight": 0.75,
      "final_weight": 0.75
    },
    "48191.352": {
      "votes": {
        "3": 1
      },
      "initial_weight": 0.75,
      "final_weight": 0.75
    },
    "48191.340": {
      "votes": {
        "1": 1
      },
      "initial_weight": 0.25,
      "final_weight": 0.25
    },
    "48191.302": {
      "votes": {},
      "initial_weight": 0.5,
      "final_weight": 0.9757053053539433
    },
    "48191.334": {
      "votes": {
        "4": 1
      },
      "initial_weight": 1.0,
      "final_weight": 1.0
    },
    "48191.350": {
      "votes": {
        "4": 2
      },
      "initial_weight": 1.0,
      "final_weight": 1.0
    },
    "48191.332": {
      "votes": {
        "2": 1
      },
      "initial_weight": 0.5,
      "final_weight": 0.5
    },
    "48191.328": {
      "votes": {
        "4": 1,
        "3": 1
      },
      "initial_weight": 0.875,
      "final_weight": 0.875
    },
    "48191.330": {
      "votes": {
        "3": 1
      },
      "initial_weight": 0.75,
      "final_weight": 0.8
    }
  },
  "edges": {
    "48191.83": {
      "successor_id": "48191.489",
      "relation": 1.0
    },
    "48191.302": {
      "successor_id": "48191.489",
      "relation": 1.0
    },
    "48191.336": {
      "successor_id": "48191.489",
      "relation": 1.0
    },
    "48191.111": {
      "successor_id": "48191.83",
      "relation": -1.0
    },
    "48191.328": {
      "successor_id": "48191.302",
      "relation": 1.0
    },
    "48191.330": {
      "successor_id": "48191.302",
      "relation": 1.0
    },
    "48191.334": {
      "successor_id": "48191.302",
      "relation": 1.0
    },
    "48191.350": {
      "successor_id": "48191.302",
      "relation": 1.0
    },
    "48191.352": {
      "successor_id": "48191.302",
      "relation": 1.0
    },
    "48191.338": {
      "successor_id": "48191.336",
      "relation": 1.0
    },
    "48191.340": {
      "successor_id": "48191.336",
      "relation": 1.0
    },
    "48191.342": {
      "successor_id": "48191.336",
      "relation": 1.0
    },
    "48191.113": {
      "successor_id": "48191.111",
      "relation": 1.0
    },
    "48191.332": {
      "successor_id": "48191.330",
      "relation": 1.0
    },
    "48191.354": {
      "successor_id": "48191.350",
      "relation": 1.0
    }
  }
}