{
  "nodes": {
    "48725.67": {
      "votes": {
        "4": 1
      },
      "initial_weight": 1.0,
      "final_weight": 1.0
    },
    "48725.152": {
      "votes": {},
      "initial_weight": 0.5,
      "final_weight": 0.5
    },
    "48725.37": {
      "votes": {
        "2": 1
      },
      "initial_weight": 0.5,
      "final_weight": 0.5
    },
    "48725.31": {
      "votes": {
        "0": 1,
        "2": 1,
        "3": 1
      },
      "initial_weight": 0.4166666666666667,
      "final_weight": 0.7083333333333333
    }
  },
  "edges": {
    "48725.37": {
      "successor_id": "48725.31",
      "relation": 1.0
    },
    "48725.67": {
      "successor_id": "48725.31",
      "relation": 1.0
    },
    "48725.152": {
      "successor_id": "48725.31",
      "relation": -1.0
    }
  }
}