{
  "nodes": {
    "50011.153": {
      "votes": {
        "4": 1,
        "0": 2
      },
      "initial_weight": 0.3333333333333333,
      "final_weight": 0.3333333333333333
    }
  },
  "edges": {}
}