{
  "nodes": {
    "50378.151": {
      "votes": {},
      "initial_weight": 0.5,
      "final_weight": 0.504950495049505
    },
    "50378.199": {
      "votes": {},
      "initial_weight": 0.5,
      "final_weight": 0.5
    },
    "50378.205": {
      "votes": {},
      "initial_weight": 0.5,
      "final_weight": 0.5
    },
    "50378.203": {
      "votes": {},
      "initial_weight": 0.5,
      "final_weight": 0.5
    },
    "50378.13": {
      "votes": {},
      "initial_weight": 0.5,
      "final_weight": 0.318477676391548
    },
    "50378.209": {
      "votes": {},
      "initial_weight": 0.5,
      "final_weight": 0.5
    },
    "50378.251": {
      "votes": {},
      "initial_weight": 0.5,
      "final_weight": 0.5
    },
    "50378.213": {
      "votes": {},
      "initial_weight": 0.5,
      "final_weight": 0.4
    },
    "50378.147": {
      "votes": {},
      "initial_weight": 0.5,
      "final_weight": 0.5
    },
    "50378.211": {
      "votes": {},
      "initial_weight": 0.5,
      "final_weight": 0.5
    },
    "50378.149": {
      "votes": {},
      "initial_weight": 0.5,
      "final_weight": 0.49504950495049505
    },
    "50378.197": {
      "votes": {},
      "initial_weight": 0.5,
      "final_weight": 0.75
    },
    "50378.145": {
      "votes": {},
      "initial_weight": 0.5,
      "final_weight": 0.4999877465996814
    },
    "50378.207": {
      "votes": {},
      "initial_weight": 0.5,
      "final_weight": 0.6
    },
    "50378.201": {
      "votes": {},
      "initial_weight": 0.5,
      "final_weight": 0.5
    },
    "50378.393": {
      "votes": {},
      "initial_weight": 0.5,
      "final_weight": 0.5
    }
  },
  "edges": {
    "50378.145": {
      "successor_id": "50378.13",
      "relation": 1.0
    },
    "50378.151": {
      "successor_id": "50378.13",
      "relation": -1.0
    },
    "50378.197": {
      "successor_id": "50378.13",
      "relation": -1.0
    },
    "50378.147": {
      "successor_id": "50378.145",
      "relation": -1.0
    },
    "50378.149": {
      "successor_id": "50378.145",
      "relation": 1.0
    },
    "50378.251": {
      "successor_id": "50378.213",
      "relation": -1.0
    },
    "50378.207": {
      "successor_id": "50378.151",
      "relation": 1.0
    },
    "50378.209": {
      "successor_id": "50378.151",
      "relation": -1.0
    },
    "50378.199": {
      "successor_id": "50378.197",
      "relation": 1.0
    },
    "50378.201": {
      "successor_id": "50378.197",
      "relation": 1.0
    },
    "50378.203": {
      "successor_id": "50378.197",
      "relation": 1.0
    },
    "50378.205": {
      "successor_id": "50378.197",
      "relation": -1.0
    },
    "50378.211": {
      "successor_id": "50378.149",
      "relation": -1.0
    },
    "50378.213": {
      "successor_id": "50378.149",
      "relation": 1.0
    },
    "50378.393": {
      "successor_id": "50378.207",
      "relation": 1.0
    }
  }
}