{
  "nodes": {
    "51562.385": {
      "votes": {},
      "initial_weight": 0.5,
      "final_weight": 0.5
    },
    "51562.596": {
      "votes": {},
      "initial_weight": 0.5,
      "final_weight": 0.4
    },
    "51562.598": {
      "votes": {},
      "initial_weight": 0.5,
      "final_weight": 0.5
    },
    "51562.594": {
      "votes": {},
      "initial_weight": 0.5,
      "final_weight": 0.43103448275862066
    },
    "51562.415": {
      "votes": {},
      "initial_weight": 0.5,
      "final_weight": 0.43103448275862066
    },
    "51562.222": {
      "votes": {},
      "initial_weight": 0.5,
      "final_weight": 0.37822037691519644
    },
    "51562.457": {
      "votes": {},
      "initial_weight": 0.5,
      "final_weight": 0.5
    },
    "51562.61": {
      "votes": {},
      "initial_weight": 0.5,
      "final_weight": 0.5059932682417937
    },
    "51562.504": {
      "votes": {},
      "initial_weight": 0.5,
      "final_weight": 0.4093484419263456
    },
    "51562.582": {
      "votes": {},
      "initial_weight": 0.5,
      "final_weight": 0.5
    },
    "51562.497": {
      "votes": {},
      "initial_weight": 0.5,
      "final_weight": 0.5
    },
    "51562.465": {
      "votes": {},
      "initial_weight": 0.5,
      "final_weight": 0.5
    },
    "51562.508": {
      "votes": {},
      "initial_weight": 0.5,
      "final_weight": 0.47058823529411764
    },
    "51562.451": {
      "votes": {},
      "initial_weight": 0.5,
      "final_weight": 0.5
    },
    "51562.443": {
      "votes": {},
      "initial_weight": 0.5,
      "final_weight": 0.16743334222394807
    },
    "51562.404": {
      "votes": {},
      "initial_weight": 0.5,
      "final_weight": 0.30972557058105193
    },
    "51562.495": {
      "votes": {},
      "initial_weight": 0.5,
      "final_weight": 0.6
    },
    "51562.572": {
      "votes": {},
      "initial_weight": 0.5,
      "final_weight": 0.5
    },
    "51562.461": {
      "votes": {},
      "initial_weight": 0.5,
      "final_weight": 0.5
    },
    "51562.463": {
      "votes": {},
      "initial_weight": 0.5,
      "final_weight": 0.5
    },
    "51562.485": {
      "votes": {},
      "initial_weight": 0.5,
      "final_weight": 0.3972409362881312
    },
    "51562.397": {
      "votes": {},
      "initial_weight": 0.5,
      "final_weight": 0.25
    },
    "51562.399": {
      "votes": {},
      "initial_weight": 0.5,
      "final_weight": 0.5
    },
    "51562.548": {
      "votes": {},
      "initial_weight": 0.5,
      "final_weight": 0.4
    },
    "51562.423": {
      "votes": {},
      "initial_weight": 0.5,
      "final_weight": 0.4
    },
    "51562.578": {
      "votes": {},
      "initial_weight": 0.5,
      "final_weight": 0.4216595638004513
    },
    "51562.387": {
      "votes": {},
      "initial_weight": 0.5,
      "final_weight": 0.20019371022295007
    },
    "51562.576": {
      "votes": {},
      "initial_weight": 0.5,
      "final_weight": 0.5
    },
    "51562.447": {
      "votes": {},
      "initial_weight": 0.5,
      "final_weight": 0.5
    },
    "51562.568": {
      "votes": {},
      "initial_weight": 0.5,
      "final_weight": 0.25
    },
    "51562.427": {
      "votes": {},
      "initial_weight": 0.5,
      "final_weight": 0.5
    },
    "51562.381": {
      "votes": {},
      "initial_weight": 0.5,
      "final_weight": 0.4
    },
    "51562.614": {
      "votes": {},
      "initial_weight": 0.5,
      "final_weight": 0.5
    },
    "51562.77": {
      "votes": {},
      "initial_weight": 0.5,
      "final_weight": 0.5
    },
    "51562.75": {
      "votes": {},
      "initial_weight": 0.5,
      "final_weight": 0.5
    },
    "51562.383": {
      "votes": {},
      "initial_weight": 0.5,
      "final_weight": 0.47058823529411764
    },
    "51562.425": {
      "votes": {},
      "initial_weight": 0.5,
      "final_weight": 0.5
    },
    "51562.453": {
      "votes": {},
      "initial_weight": 0.5,
      "final_weight": 0.9075785582255083
    },
    "51562.489": {
      "votes": {},
      "initial_weight": 0.5,
      "final_weight": 0.5
    },
    "51562.584": {
      "votes": {},
      "initial_weight": 0.5,
      "final_weight": 0.5
    },
    "51562.63": {
      "votes": {},
      "initial_weight": 0.5,
      "final_weight": 0.5
    },
    "51562.493": {
      "votes": {},
      "initial_weight": 0.5,
      "final_weight": 0.36764705882352944
    },
    "51562.643": {
      "votes": {},
      "initial_weight": 0.5,
      "final_weight": 0.6
    },
    "51562.487": {
      "votes": {},
      "initial_weight": 0.5,
      "final_weight": 0.5086078639744952
    },
    "51562.417": {
      "votes": {},
      "initial_weight": 0.5,
      "final_weight": 0.5
    },
    "51562.421": {
      "votes": {},
      "initial_weight": 0.5,
      "final_weight": 0.5
    },
    "51562.510": {
      "votes": {},
      "initial_weight": 0.5,
      "final_weight": 0.5
    },
    "51562.715": {
      "votes": {},
      "initial_weight": 0.5,
      "final_weight": 0.5
    },
    "51562.220": {
      "votes": {},
      "initial_weight": 0.5,
      "final_weight": 0.4997629364607016
    },
    "51562.441": {
      "votes": {},
      "initial_weight": 0.5,
      "final_weight": 0.4
    },
    "51562.459": {
      "votes": {},
      "initial_weight": 0.5,
      "final_weight": 0.6
    },
    "51562.92": {
      "votes": {},
      "initial_weight": 0.5,
      "final_weight": 0.48073339689589534
    },
    "51562.429": {
      "votes": {},
      "initial_weight": 0.5,
      "final_weight": 0.5
    },
    "51562.580": {
      "votes": {},
      "initial_weight": 0.5,
      "final_weight": 0.25
    },
    "51562.41": {
      "votes": {},
      "initial_weight": 0.5,
      "final_weight": 0.4967220885223978
    },
    "51562.389": {
      "votes": {},
      "initial_weight": 0.5,
      "final_weight": 0.7486400903713156
    },
    "51562.570": {
      "votes": {},
      "initial_weight": 0.5,
      "final_weight": 0.4245214498823317
    },
    "51562.657": {
      "votes": {},
      "initial_weight": 0.5,
      "final_weight": 0.4
    },
    "51562.391": {
      "votes": {},
      "initial_weight": 0.5,
      "final_weight": 0.7237569060773481
    },
    "51562.491": {
      "votes": {},
      "initial_weight": 0.5,
      "final_weight": 0.4
    },
    "51562.713": {
      "votes": {},
      "initial_weight": 0.5,
      "final_weight": 0.5
    },
    "51562.574": {
      "votes": {},
      "initial_weight": 0.5,
      "final_weight": 0.5
    },
    "51562.592": {
      "votes": {},
      "initial_weight": 0.5,
      "final_weight": 0.5
    },
    "51562.393": {
      "votes": {},
      "initial_weight": 0.5,
      "final_weight": 0.5
    },
    "51562.780": {
      "votes": {},
      "initial_weight": 0.5,
      "final_weight": 0.5
    },
    "51562.395": {
      "votes": {},
      "initial_weight": 0.5,
      "final_weight": 0.4
    },
    "51562.645": {
      "votes": {},
      "initial_weight": 0.5,
      "final_weight": 0.5
    },
    "51562.732": {
      "votes": {},
      "initial_weight": 0.5,
      "final_weight": 0.5
    }
  },
  "edges": {
    "51562.41": {
      "successor_id": "51562.389",
      "relation": 1.0
    },
    "51562.404": {
      "successor_id": "51562.389",
      "relation": -1.0
    },
    "51562.451": {
      "successor_id": "51562.389",
      "relation": 1.0
    },
    "51562.453": {
      "successor_id": "51562.389",
      "relation": 1.0
    },
    "51562.643": {
      "successor_id": "51562.389",
      "relation": -1.0
    },
    "51562.61": {
      "successor_id": "51562.41",
      "relation": -1.0
    },
    "51562.75": {
      "successor_id": "51562.459",
      "relation": 1.0
    },
    "51562.77": {
      "successor_id": "51562.41",
      "relation": 1.0
    },
    "51562.220": {
      "successor_id": "51562.41",
      "relation": -1.0
    },
    "51562.570": {
      "successor_id": "51562.41",
      "relation": 1.0
    },