{
  "nodes": {
    "5589.744": {
      "votes": {},
      "initial_weight": 0.5,
      "final_weight": 0.5
    },
    "5589.53": {
      "votes": {
        "0": 1,
        "2": 1,
        "1": 1,
        "4": 1
      },
      "initial_weight": 0.4375,
      "final_weight": 0.4375
    },
    "5589.752": {
      "votes": {},
      "initial_weight": 0.5,
      "final_weight": 0.5
    },
    "5589.351": {
      "votes": {
        "2": 2,
        "4": 1,
        "0": 1
      },
      "initial_weight": 0.5,
      "final_weight": 0.12576638893255776
    },
    "5589.51": {
      "votes": {
        "4": 1,
        "1": 1,
        "2": 1
      },
      "initial_weight": 0.5833333333333334,
      "final_weight": 0.5833333333333334
    },
    "5589.362": {
      "votes": {
        "2": 2,
        "3": 2
      },
      "initial_weight": 0.625,
      "final_weight": 0.625
    },
    "5589.361": {
      "votes": {
        "2": 1,
        "3": 1,
        "1": 1
      },
      "initial_weight": 0.5,
      "final_weight": 0.5
    },
    "5589.52": {
      "votes": {
        "4": 2
      },
      "initial_weight": 1.0,
      "final_weight": 1.0
    },
    "5589.50": {
      "votes": {
        "0": 1,
        "2": 1,
        "4": 1
      },
      "initial_weight": 0.5,
      "final_weight": 0.7549664107512288
    },
    "5589.368": {
      "votes": {},
      "initial_weight": 0.5,
      "final_weight": 0.5
    },
    "5589.746": {
      "votes": {},
      "initial_weight": 0.5,
      "final_weight": 0.5
    },
    "5589.366": {
      "votes": {
        "1": 1,
        "3": 1
      },
      "initial_weight": 0.5,
      "final_weight": 0.6
    },
    "5589.360": {
      "votes": {},
      "initial_weight": 0.5,
      "final_weight": 0.5
    }
  },
  "edges": {
    "5589.51": {
      "successor_id": "5589.50",
      "relation": 1.0
    },
    "5589.52": {
      "successor_id": "5589.50",
      "relation": 1.0
    },
    "5589.53": {
      "successor_id": "5589.50",
      "relation": -1.0
    },
    "5589.351": {
      "successor_id": "5589.50",
      "relation": -1.0
    },
    "5589.744": {
      "successor_id": "5589.52",
      "relation": 1.0
    },
    "5589.746": {
      "successor_id": "5589.52",
      "relation": 1.0
    },
    "5589.360": {
      "successor_id": "5589.53",
      "relation": -1.0
    },
    "5589.752": {
      "successor_id": "5589.53",
      "relation": 1.0
    },
    "5589.361": {
      "successor_id": "5589.351",
      "relation": -1.0
    },
    "5589.362": {
      "successor_id": "5589.351",
      "relation": -1.0
    },
    "5589.366": {
      "successor_id": "5589.351",
      "relation": -1.0
    },
    "5589.368": {
      "successor_id": "5589.366",
      "relation": 1.0
    }
  }
}