{
  "nodes": {
    "5589.216": {
      "votes": {
        "3": 1,
        "4": 1
      },
      "initial_weight": 0.875,
      "final_weight": 0.9
    },
    "5589.308": {
      "votes": {
        "4": 1,
        "3": 1
      },
      "initial_weight": 0.875,
      "final_weight": 0.875
    },
    "5589.814": {
      "votes": {},
      "initial_weight": 0.5,
      "final_weight": 0.5
    },
    "5589.307": {
      "votes": {
        "4": 1,
        "3": 1
      },
      "initial_weight": 0.875,
      "final_weight": 0.9292035398230089
    },
    "5589.25": {
      "votes": {
        "2": 2,
        "4": 1
      },
      "initial_weight": 0.6666666666666666,
      "final_weight": 0.9233008654946817
    }
  },
  "edges": {
    "5589.216": {
      "successor_id": "5589.25",
      "relation": 1.0
    },
    "5589.307": {
      "successor_id": "5589.25",
      "relation": 1.0
    },
    "5589.814": {
      "successor_id": "5589.216",
      "relation": 1.0
    },
    "5589.308": {
      "successor_id": "5589.307",
      "relation": 1.0
    }
  }
}