{
  "nodes": {
    "64803.52": {
      "votes": {
        "4": 3,
        "3": 1,
        "1": 1,
        "2": 2
      },
      "initial_weight": 0.7142857142857143,
      "final_weight": 0.20367751060820383
    },
    "64803.82": {
      "votes": {
        "0": 1,
        "1": 1,
        "3": 1
      },
      "initial_weight": 0.3333333333333333,
      "final_weight": 0.3333333333333333
    },
    "64803.60": {
      "votes": {
        "1": 1,
        "2": 1,
        "4": 1
      },
      "initial_weight": 0.5833333333333334,
      "final_weight": 0.5833333333333334
    },
    "64803.70": {
      "votes": {
        "4": 1,
        "2": 2
      },
      "initial_weight": 0.6666666666666666,
      "final_weight": 0.6666666666666666
    },
    "64803.58": {
      "votes": {
        "1": 1,
        "3": 1
      },
      "initial_weight": 0.5,
      "final_weight": 0.5
    },
    "64803.80": {
      "votes": {
        "1": 1,
        "4": 1,
        "3": 1
      },
      "initial_weight": 0.6666666666666666,
      "final_weight": 0.6666666666666666
    }
  },
  "edges": {
    "64803.58": {
      "successor_id": "64803.52",
      "relation": -1.0
    },
    "64803.60": {
      "successor_id": "64803.52",
      "relation": 1.0
    },
    "64803.70": {
      "successor_id": "64803.52",
      "relation": -1.0
    },
    "64803.80": {
      "successor_id": "64803.52",
      "relation": -1.0
    },
    "64803.82": {
      "successor_id": "64803.52",
      "relation": -1.0
    }
  }
}