{
  "nodes": {
    "64803.49": {
      "votes": {
        "0": 1,
        "4": 1,
        "1": 1
      },
      "initial_weight": 0.4166666666666667,
      "final_weight": 0.2459016393442623
    },
    "64803.84": {
      "votes": {
        "4": 2,
        "2": 1
      },
      "initial_weight": 0.8333333333333334,
      "final_weight": 0.8333333333333334
    },
    "64803.13": {
      "votes": {
        "0": 2,
        "1": 1,
        "2": 1,
        "3": 1
      },
      "initial_weight": 0.3,
      "final_weight": 0.24078622753683754
    },
    "64803.27": {
      "votes": {
        "4": 1,
        "1": 2
      },
      "initial_weight": 0.5,
      "final_weight": 0.5
    },
    "64803.29": {
      "votes": {
        "1": 1,
        "4": 2
      },
      "initial_weight": 0.75,
      "final_weight": 0.75
    }
  },
  "edges": {
    "64803.27": {
      "successor_id": "64803.13",
      "relation": 1.0
    },
    "64803.29": {
      "successor_id": "64803.13",
      "relation": -1.0
    },
    "64803.49": {
      "successor_id": "64803.13",
      "relation": -1.0
    },
    "64803.84": {
      "successor_id": "64803.49",
      "relation": -1.0
    }
  }
}