{
  "nodes": {
    "64803.37": {
      "votes": {
        "2": 2
      },
      "initial_weight": 0.5,
      "final_weight": 0.2606334841628959
    },
    "64803.7": {
      "votes": {
        "4": 2,
        "0": 2,
        "2": 1,
        "3": 1
      },
      "initial_weight": 0.5416666666666666,
      "final_weight": 0.6346993117704083
    },
    "64803.220": {
      "votes": {},
      "initial_weight": 0.5,
      "final_weight": 0.5
    },
    "64803.39": {
      "votes": {
        "2": 1,
        "1": 1,
        "4": 1
      },
      "initial_weight": 0.5833333333333334,
      "final_weight": 0.5833333333333334
    },
    "64803.158": {
      "votes": {
        "2": 1,
        "3": 2
      },
      "initial_weight": 0.6666666666666666,
      "final_weight": 0.6666666666666666
    },
    "64803.41": {
      "votes": {
        "2": 1
      },
      "initial_weight": 0.5,
      "final_weight": 0.5
    },
    "64803.126": {
      "votes": {
        "0": 1,
        "3": 1
      },
      "initial_weight": 0.375,
      "final_weight": 0.375
    },
    "64803.124": {
      "votes": {
        "3": 1,
        "2": 1,
        "0": 1
      },
      "initial_weight": 0.4166666666666667,
      "final_weight": 0.4166666666666667
    },
    "64803.19": {
      "votes": {
        "4": 1,
        "3": 1,
        "1": 1
      },
      "initial_weight": 0.6666666666666666,
      "final_weight": 0.6666666666666666
    },
    "64803.74": {
      "votes": {
        "4": 1,
        "1": 1,
        "3": 1
      },
      "initial_weight": 0.6666666666666666,
      "final_weight": 0.5680473372781065
    }
  },
  "edges": {
    "64803.19": {
      "successor_id": "64803.7",
      "relation": 1.0
    },
    "64803.37": {
      "successor_id": "64803.7",
      "relation": -1.0
    },
    "64803.74": {
      "successor_id": "64803.7",
      "relation": -1.0
    },
    "64803.158": {
      "successor_id": "64803.7",
      "relation": 1.0
    },
    "64803.39": {
      "successor_id": "64803.37",
      "relation": -1.0
    },
    "64803.126": {
      "successor_id": "64803.37",
      "relation": -1.0
    },
    "64803.124": {
      "successor_id": "64803.74",
      "relation": -1.0
    },
    "64803.41": {
      "successor_id": "64803.39",
      "relation": -1.0
    },
    "64803.220": {
      "successor_id": "64803.39",
      "relation": 1.0
    }
  }
}