{
  "nodes": {
    "64803.130": {
      "votes": {
        "4": 1,
        "3": 1
      },
      "initial_weight": 0.875,
      "final_weight": 0.875
    },
    "64803.174": {
      "votes": {
        "2": 2
      },
      "initial_weight": 0.5,
      "final_weight": 0.5
    },
    "64803.114": {
      "votes": {
        "3": 1,
        "0": 1,
        "4": 1
      },
      "initial_weight": 0.5833333333333334,
      "final_weight": 0.525
    },
    "64803.178": {
      "votes": {
        "0": 1,
        "3": 1,
        "1": 1
      },
      "initial_weight": 0.3333333333333333,
      "final_weight": 0.3333333333333333
    },
    "64803.128": {
      "votes": {
        "0": 1,
        "2": 1,
        "3": 1
      },
      "initial_weight": 0.4166666666666667,
      "final_weight": 0.33333333333333337
    },
    "64803.106": {
      "votes": {
        "4": 1,
        "1": 1,
        "0": 2
      },
      "initial_weight": 0.3125,
      "final_weight": 0.2348221062909296
    },
    "64803.112": {
      "votes": {
        "4": 1,
        "1": 2
      },
      "initial_weight": 0.5,
      "final_weight": 0.2831858407079646
    }
  },
  "edges": {
    "64803.112": {
      "successor_id": "64803.106",
      "relation": 1.0
    },
    "64803.114": {
      "successor_id": "64803.106",
      "relation": -1.0
    },
    "64803.128": {
      "successor_id": "64803.106",
      "relation": -1.0
    },
    "64803.130": {
      "successor_id": "64803.112",
      "relation": -1.0
    },
    "64803.178": {
      "successor_id": "64803.114",
      "relation": -1.0
    },
    "64803.174": {
      "successor_id": "64803.128",
      "relation": -1.0
    }
  }
}