{
  "nodes": {
    "9131.144": {
      "votes": {
        "1": 1,
        "2": 1,
        "4": 1
      },
      "initial_weight": 0.5833333333333334,
      "final_weight": 0.5833333333333334
    },
    "9131.16": {
      "votes": {
        "0": 7,
        "4": 1,
        "3": 1,
        "2": 1,
        "1": 3
      },
      "initial_weight": 0.23076923076923078,
      "final_weight": 0.025438986534728508
    },
    "9131.142": {
      "votes": {
        "4": 4,
        "3": 2,
        "2": 1
      },
      "initial_weight": 0.8571428571428571,
      "final_weight": 0.8934122871946706
    },
    "9131.179": {
      "votes": {
        "3": 2,
        "4": 2,
        "2": 1
      },
      "initial_weight": 0.8,
      "final_weight": 0.8
    },
    "9131.516": {
      "votes": {
        "4": 5
      },
      "initial_weight": 1.0,
      "final_weight": 1.0
    },
    "9131.640": {
      "votes": {
        "4": 1
      },
      "initial_weight": 1.0,
      "final_weight": 1.0
    },
    "9131.141": {
      "votes": {
        "1": 1,
        "4": 1,
        "0": 2,
        "2": 3
      },
      "initial_weight": 0.39285714285714285,
      "final_weight": 0.05880850406610316
    },
    "9131.186": {
      "votes": {
        "4": 4,
        "2": 1
      },
      "initial_weight": 0.9,
      "final_weight": 0.9
    },
    "9131.469": {
      "votes": {
        "4": 1
      },
      "initial_weight": 1.0,
      "final_weight": 1.0
    },
    "9131.135": {
      "votes": {
        "3": 2,
        "1": 1,
        "4": 1
      },
      "initial_weight": 0.6875,
      "final_weight": 0.6875
    },
    "9131.525": {
      "votes": {
        "1": 1,
        "4": 1,
        "0": 1
      },
      "initial_weight": 0.4166666666666667,
      "final_weight": 0.4166666666666667
    },
    "9131.21": {
      "votes": {
        "1": 2,
        "2": 1,
        "0": 3
      },
      "initial_weight": 0.16666666666666666,
      "final_weight": 0.15946578960482383
    },
    "9131.576": {
      "votes": {
        "0": 1
      },
      "initial_weight": 0.0,
      "final_weight": 0.0
    },
    "9131.178": {
      "votes": {
        "4": 4,
        "3": 1,
        "1": 1
      },
      "initial_weight": 0.8333333333333334,
      "final_weight": 0.8333333333333334
    },
    "9131.20": {
      "votes": {
        "4": 9
      },
      "initial_weight": 1.0,
      "final_weight": 0.3325635103926097
    },
    "9131.484": {
      "votes": {
        "3": 1,
        "4": 1,
        "0": 1
      },
      "initial_weight": 0.5833333333333334,
      "final_weight": 0.5833333333333334
    }
  },
  "edges": {
    "9131.20": {
      "successor_id": "9131.16",
      "relation": -1.0
    },
    "9131.21": {
      "successor_id": "9131.16",
      "relation": 1.0
    },
    "9131.141": {
      "successor_id": "9131.16",
      "relation": 1.0
    },
    "9131.142": {
      "successor_id": "9131.16",
      "relation": -1.0
    },
    "9131.178": {
      "successor_id": "9131.16",
      "relation": -1.0
    },
    "9131.516": {
      "successor_id": "9131.16",
      "relation": -1.0
    },
    "9131.576": {
      "successor_id": "9131.16",
      "relation": 1.0
    },
    "9131.525": {
      "successor_id": "9131.20",
      "relation": -1.0
    },
    "9131.640": {
      "successor_id": "9131.20",
      "relation": -1.0
    },
    "9131.135": {
      "successor_id": "9131.21",
      "relation": 1.0
    },
    "9131.186": {
      "successor_id": "9131.21",
      "relation": -1.0
    },
    "9131.179": {
      "successor_id": "9131.141",
      "relation": -1.0
    },
    "9131.469": {
      "successor_id": "9131.141",
      "relation": -1.0
    },
    "9131.484": {
      "successor_id": "9131.141",
      "relation": -1.0
    },
    "9131.144": {
      "successor_id": "9131.142",
      "relation": 1.0
    }
  }
}