{
  "nodes": {
    "9131.172": {
      "votes": {
        "4": 4
      },
      "initial_weight": 1.0,
      "final_weight": 1.0
    },
    "9131.434": {
      "votes": {
        "4": 1
      },
      "initial_weight": 1.0,
      "final_weight": 1.0
    },
    "9131.436": {
      "votes": {},
      "initial_weight": 0.5,
      "final_weight": 0.5
    },
    "9131.629": {
      "votes": {},
      "initial_weight": 0.5,
      "final_weight": 0.5
    },
    "9131.403": {
      "votes": {
        "3": 2,
        "4": 1,
        "2": 1
      },
      "initial_weight": 0.75,
      "final_weight": 0.75
    },
    "9131.1": {
      "votes": {
        "4": 6,
        "0": 5,
        "2": 7,
        "3": 2
      },
      "initial_weight": 0.55,
      "final_weight": 0.8037012752230585
    },
    "9131.68": {
      "votes": {
        "3": 2,
        "4": 1,
        "2": 1
      },
      "initial_weight": 0.75,
      "final_weight": 0.75
    },
    "9131.519": {
      "votes": {
        "3": 2,
        "2": 1,
        "0": 2,
        "1": 1
      },
      "initial_weight": 0.375,
      "final_weight": 0.375
    },
    "9131.230": {
      "votes": {
        "4": 3
      },
      "initial_weight": 1.0,
      "final_weight": 1.0
    },
    "9131.462": {
      "votes": {
        "4": 1,
        "3": 1
      },
      "initial_weight": 0.875,
      "final_weight": 0.875
    },
    "9131.110": {
      "votes": {
        "1": 2,
        "4": 1
      },
      "initial_weight": 0.5,
      "final_weight": 0.5
    },
    "9131.269": {
      "votes": {
        "3": 1,
        "4": 1
      },
      "initial_weight": 0.875,
      "final_weight": 0.875
    },
    "9131.163": {
      "votes": {
        "4": 2,
        "0": 2,
        "1": 2,
        "3": 3
      },
      "initial_weight": 0.5277777777777778,
      "final_weight": 0.2915899324739104
    },
    "9131.166": {
      "votes": {
        "3": 2,
        "1": 2,
        "4": 4,
        "0": 2
      },
      "initial_weight": 0.6,
      "final_weight": 0.125297995604981
    },
    "9131.439": {
      "votes": {
        "0": 1,
        "4": 1,
        "1": 1,
        "2": 1,
        "3": 1
      },
      "initial_weight": 0.5,
      "final_weight": 0.5
    },
    "9131.105": {
      "votes": {
        "2": 1,
        "1": 2
      },
      "initial_weight": 0.3333333333333333,
      "final_weight": 0.1887905604719764
    },
    "9131.63": {
      "votes": {
        "2": 2,
        "0": 2,
        "4": 1
      },
      "initial_weight": 0.4,
      "final_weight": 0.2
    },
    "9131.136": {
      "votes": {
        "0": 1,
        "2": 2,
        "1": 1,
        "4": 1
      },
      "initial_weight": 0.45,
      "final_weight": 0.36
    },
    "9131.587": {
      "votes": {
        "0": 1
      },
      "initial_weight": 0.0,
      "final_weight": 0.0
    },
    "9131.106": {
      "votes": {
        "-2": 1,
        "2": 1,
        "1": 2,
        "3": 1,
        "4": 1
      },
      "initial_weight": 0.55,
      "final_weight": 0.31150442477876106
    },
    "9131.167": {
      "votes": {
        "3": 1,
        "2": 2,
        "4": 4
      },
      "initial_weight": 0.8214285714285714,
      "final_weight": 0.8214285714285714
    },
    "9131.435": {
      "votes": {},
      "initial_weight": 0.5,
      "final_weight": 0.5
    },
    "9131.267": {
      "votes": {
        "1": 1,
        "3": 1,
        "4": 4
      },
      "initial_weight": 0.8333333333333334,
      "final_weight": 0.8333333333333334
    },
    "9131.438": {
      "votes": {
        "3": 4,
        "4": 5,
        "0": 1,
        "2": 1
      },
      "initial_weight": 0.7727272727272727,
      "final_weight": 0.7727272727272727
    },
    "9131.171": {
      "votes": {
        "4": 5,
        "3": 1,
        "1": 1,
        "2": 1,
        "0": 2
      },
      "initial_weight": 0.65,
      "final_weight": 0.65
    },
    "9131.51": {
      "votes": {
        "4": 5,
        "1": 1,
        "2": 1,
        "0": 2
      },
      "initial_weight": 0.6388888888888888,
      "final_weight": 0.3281545956973778
    },
    "9131.287": {
      "votes": {},
      "initial_weight": 0.5,
      "final_weight": 0.5
    },
    "9131.120": {
      "votes": {
        "4": 1
      },
      "initial_weight": 1.0,
      "final_weight": 1.0
    },
    "9131.362": {
      "votes": {
        "3": 2,
        "4": 1
      },
      "initial_weight": 0.8333333333333334,
      "final_weight": 0.8333333333333334
    },
    "9131.102": {
      "votes": {
        "3": 2,
        "4": 3
      },
      "initial_weight": 0.9,
      "final_weight": 0.9
    },
    "9131.69": {
      "votes": {
        "1": 1,
        "3": 2,
        "2": 2
      },
      "initial_weight": 0.55,
      "final_weight": 0.64
    },
    "9131.119": {
      "votes": {
        "4": 3
      },
      "initial_weight": 1.0,
      "final_weight": 1.0
    },
    "9131.109": {
      "votes": {
        "3": 2,
        "2": 3,
        "0": 1,
        "1": 1
      },
      "initial_weight": 0.4642857142857143,
      "final_weight": 0.2629582806573957
    },
    "9131.495": {
      "votes": {},
      "initial_weight": 0.5,
      "final_weight": 0.5
    },
    "9131.250": {
      "votes": {
        "4": 1,
        "3": 1
      },
      "initial_weight": 0.875,
      "final_weight": 0.875
    },
    "9131.149": {
      "votes": {
        "1": 1,
        "2": 1,
        "0": 3,
        "4": 5
      },
      "initial_weight": 0.575,
      "final_weight": 0.8125941779940334
    },
    "9131.65": {
      "votes": {
        "3": 1,
        "4": 4
      },
      "initial_weight": 0.95,
      "final_weight": 0.95
    },
    "9131.103": {
      "votes": {
        "4": 2,
        "1": 1,
        "2": 1,
        "3": 2
      },
      "initial_weight": 0.7083333333333334,
      "final_weight": 0.7083333333333334
    },
    "9131.396": {
      "votes": {
        "3": 1,
        "4": 1
      },
      "initial_weight": 0.875,
      "final_weight": 0.875
    },
    "9131.169": {
      "votes": {
        "4": 4,
        "2": 1
      },
      "initial_weight": 0.9,
      "final_weight": 0.9
    },
    "9131.397": {
      "votes": {
        "1": 1,
        "3": 1
      },
      "initial_weight": 0.5,
      "final_weight": 0.5
    },
    "9131.494": {
      "votes": {
        "3": 1,
        "1": 1
      },
      "initial_weight": 0.5,
      "final_weight": 0.5
    },
    "9131.510": {
      "votes": {},
      "initial_weight": 0.5,
      "final_weight": 0.5
    },
    "9131.170": {
      "votes": {
        "4": 3,
        "1": 2
      },
      "initial_weight": 0.7,
      "final_weight": 0.07554806070826303
    },
    "9131.274": {
      "votes": {},
      "initial_weight": 0.5,
      "final_weight": 0.5
    },
    "9131.361": {
      "votes": {
        "3": 3,
        "4": 4
      },
      "initial_weight": 0.8928571428571429,
      "final_weight": 0.44642857142857145
    },
    "9131.66": {
      "votes": {
        "2": 1,
        "4": 4
      },
      "initial_weight": 0.9,
      "final_weight": 0.9
    },
    "9131.28": {
      "votes": {
        "0": 2,
        "4": 1,
        "2": 2,
        "1": 1
      },
      "initial_weight": 0.375,
      "final_weight": 0.6311475409836066
    },
    "9131.398": {
      "votes": {
        "1": 1,
        "3": 1
      },
      "initial_weight": 0.5,
      "final_weight": 0.5
    },
    "9131.62": {
      "votes": {
        "4": 8,
        "0": 2,
        "1": 2
      },
      "initial_weight": 0.7083333333333334,
      "final_weight": 0.9528608974943137
    },
    "9131.121": {
      "votes": {
        "4": 1,
        "3": 1
      },
      "initial_weight": 0.875,
      "final_weight": 0.875
    },
    "9131.555": {
      "votes": {
        "3": 1,
        "0": 2,
        "4": 1
      },
      "initial_weight": 0.4375,
      "final_weight": 0.4375
    },
    "9131.67": {
      "votes": {
        "0": 1,
        "2": 1,
        "3": 2,
        "4": 6
      },
      "initial_weight": 0.8,