{
  "nodes": {
    "946.139": {
      "votes": {},
      "initial_weight": 0.5,
      "final_weight": 0.6
    },
    "946.11": {
      "votes": {},
      "initial_weight": 0.5,
      "final_weight": 0.5020014379652139
    },
    "946.12": {
      "votes": {
        "3": 6,
        "4": 5
      },
      "initial_weight": 0.8636363636363636,
      "final_weight": 0.8637396238320908
    },
    "946.881": {
      "votes": {},
      "initial_weight": 0.5,
      "final_weight": 0.5
    },
    "946.882": {
      "votes": {},
      "initial_weight": 0.5,
      "final_weight": 0.5
    },
    "946.201": {
      "votes": {},
      "initial_weight": 0.5,
      "final_weight": 0.5969292688380413
    },
    "946.14": {
      "votes": {
        "2": 3,
        "1": 3,
        "3": 3
      },
      "initial_weight": 0.5,
      "final_weight": 0.75
    },
    "946.140": {
      "votes": {
        "4": 2,
        "1": 1,
        "2": 2,
        "3": 4
      },
      "initial_weight": 0.6944444444444444,
      "final_weight": 0.5331627212625293
    },
    "946.889": {
      "votes": {},
      "initial_weight": 0.5,
      "final_weight": 0.5
    },
    "946.593": {
      "votes": {},
      "initial_weight": 0.5,
      "final_weight": 0.5
    },
    "946.924": {
      "votes": {},
      "initial_weight": 0.5,
      "final_weight": 0.4
    },
    "946.335": {
      "votes": {
        "3": 1
      },
      "initial_weight": 0.75,
      "final_weight": 0.75
    },
    "946.438": {
      "votes": {
        "0": 4,
        "2": 1
      },
      "initial_weight": 0.1,
      "final_weight": 0.1
    },
    "946.200": {
      "votes": {
        "0": 1,
        "2": 1,
        "3": 3,
        "4": 1
      },
      "initial_weight": 0.625,
      "final_weight": 0.625
    },
    "946.59": {
      "votes": {
        "4": 1,
        "2": 3,
        "3": 2
      },
      "initial_weight": 0.6666666666666666,
      "final_weight": 0.66996699669967
    },
    "946.144": {
      "votes": {},
      "initial_weight": 0.5,
      "final_weight": 0.2831858407079646
    },
    "946.983": {
      "votes": {},
      "initial_weight": 0.5,
      "final_weight": 0.5
    },
    "946.202": {
      "votes": {
        "3": 1,
        "0": 1
      },
      "initial_weight": 0.375,
      "final_weight": 0.11538461538461542
    },
    "946.895": {
      "votes": {},
      "initial_weight": 0.5,
      "final_weight": 0.5
    },
    "946.899": {
      "votes": {},
      "initial_weight": 0.5,
      "final_weight": 0.5
    },
    "946.293": {
      "votes": {
        "2": 2,
        "3": 1
      },
      "initial_weight": 0.5833333333333334,
      "final_weight": 0.5833333333333334
    },
    "946.332": {
      "votes": {},
      "initial_weight": 0.5,
      "final_weight": 0.4
    },
    "946.339": {
      "votes": {
        "2": 1,
        "4": 1
      },
      "initial_weight": 0.75,
      "final_weight": 0.7647058823529411
    },
    "946.74": {
      "votes": {},
      "initial_weight": 0.5,
      "final_weight": 0.4555160142348754
    },
    "946.460": {
      "votes": {},
      "initial_weight": 0.5,
      "final_weight": 0.5
    },
    "946.286": {
      "votes": {},
      "initial_weight": 0.5,
      "final_weight": 0.5
    },
    "946.331": {
      "votes": {
        "2": 1,
        "3": 2
      },
      "initial_weight": 0.6666666666666666,
      "final_weight": 0.5953324526640247
    },
    "946.301": {
      "votes": {
        "3": 1,
        "0": 1
      },
      "initial_weight": 0.375,
      "final_weight": 0.375
    },
    "946.925": {
      "votes": {},
      "initial_weight": 0.5,
      "final_weight": 0.5
    },
    "946.228": {
      "votes": {
        "2": 2,
        "3": 1,
        "0": 1,
        "1": 2
      },
      "initial_weight": 0.375,
      "final_weight": 0.375
    },
    "946.289": {
      "votes": {
        "3": 1
      },
      "initial_weight": 0.75,
      "final_weight": 0.75
    },
    "946.58": {
      "votes": {
        "0": 6,
        "1": 2,
        "3": 6,
        "4": 7
      },
      "initial_weight": 0.5714285714285714,
      "final_weight": 0.9113718620367118
    },
    "946.984": {
      "votes": {},
      "initial_weight": 0.5,
      "final_weight": 0.5
    },
    "946.988": {
      "votes": {},
      "initial_weight": 0.5,
      "final_weight": 0.5
    },
    "946.227": {
      "votes": {},
      "initial_weight": 0.5,
      "final_weight": 0.44543429844098
    },
    "946.594": {
      "votes": {},
      "initial_weight": 0.5,
      "final_weight": 0.5
    },
    "946.461": {
      "votes": {},
      "initial_weight": 0.5,
      "final_weight": 0.5
    },
    "946.448": {
      "votes": {},
      "initial_weight": 0.5,
      "final_weight": 0.5
    },
    "946.337": {
      "votes": {
        "2": 1,
        "3": 1
      },
      "initial_weight": 0.625,
      "final_weight": 0.625
    },
    "946.404": {
      "votes": {
        "4": 1
      },
      "initial_weight": 1.0,
      "final_weight": 1.0
    },
    "946.300": {
      "votes": {
        "3": 1,
        "4": 1
      },
      "initial_weight": 0.875,
      "final_weight": 0.875
    },
    "946.462": {
      "votes": {
        "4": 1
      },
      "initial_weight": 1.0,
      "final_weight": 1.0
    },
    "946.338": {
      "votes": {},
      "initial_weight": 0.5,
      "final_weight": 0.3155021834061135
    },
    "946.185": {
      "votes": {
        "2": 1,
        "1": 3
      },
      "initial_weight": 0.3125,
      "final_weight": 0.3125
    },
    "946.926": {
      "votes": {},
      "initial_weight": 0.5,
      "final_weight": 0.5
    },
    "946.15": {
      "votes": {
        "2": 3,
        "4": 4
      },
      "initial_weight": 0.7857142857142857,
      "final_weight": 0.7857142857142857
    },
    "946.330": {
      "votes": {},
      "initial_weight": 0.5,
      "final_weight": 0.8620871227331337
    },
    "946.913": {
      "votes": {},
      "initial_weight": 0.5,
      "final_weight": 0.6
    },
    "946.66": {
      "votes": {
        "0": 2,
        "2": 2,
        "1": 1
      },
      "initial_weight": 0.25,
      "final_weight": 0.03532957191157715
    },
    "946.146": {
      "votes": {
        "4": 2,
        "1": 1,
        "3": 3
      },
      "initial_weight": 0.75,
      "final_weight": 0.8134715025906736
    },
    "946.595": {
      "votes": {},
      "initial_weight": 0.5,
      "final_weight": 0.5
    },
    "946.297": {
      "votes": {
        "2": 1,
        "4": 2,
        "3": 2
      },
      "initial_weight": 0.8,
      "final_weight": 0.8400000000000001
    },
    "946.141": {
      "votes": {
        "2": 2,
        "1": 2,
        "3": 1
      },
      "initial_weight": 0.45,
      "final_weight": 0.45
    },
    "946.890": {
      "votes": {},
      "initial_weight": 0.5,
      "final_weight": 0.5
    },
    "946.679": {
      "votes": {},
      "initial_weight": 0.5,
      "final_weight": 0.8461538461538461
    },
    "946.769": {
      "votes": {},
      "initial_weight": 0.5,
      "final_weight": 0.541524615622071
    }
  },
  "edges": {
    "946.59": {
      "successor_id": "946.58",
      "relation": 1.0
    },
    "946.66": {
      "successor_id": "946.58",
      "relation": -1.0
    },
    "946.140": {
      "successor_id": "946.58",
      "relation": -1.0
    },
    "946.146": {
      "successor_id": "946.58",
      "relation": 1.0
    },
    "946.11": {
      "successor_id": "946.58",
      "relation": 1.0
    },
    "946.769": {
      "successor_id": "946.58",
      "relation": 1.0
    },
    "946.139": {
      "successor_id": "946.59",
      "relation": 1.0
    },
    "946.286": {
      "successor_id": "946.59",
      "relation": -1.0
    },
    "946.200": {
      "successor_id": "946.66",
      "relation": -1.0
    },
    "946.297": {
      "successor_id": "946.66",
      "relation": -1.0
    },
    "946.462": {
      "successor_id": "946.66",
      "relation": -1.0
    },
    "946.913": {
      "successor_id": "946.769",