{
  "nodes": {
    "946.919": {
      "votes": {},
      "initial_weight": 0.5,
      "final_weight": 0.5
    },
    "946.255": {
      "votes": {},
      "initial_weight": 0.5,
      "final_weight": 0.6799999999999999
    },
    "946.596": {
      "votes": {
        "4": 1
      },
      "initial_weight": 1.0,
      "final_weight": 1.0
    },
    "946.254": {
      "votes": {},
      "initial_weight": 0.5,
      "final_weight": 0.6323529411764706
    },
    "946.936": {
      "votes": {},
      "initial_weight": 0.5,
      "final_weight": 0.6
    },
    "946.783": {
      "votes": {},
      "initial_weight": 0.5,
      "final_weight": 0.9475437267044252
    },
    "946.112": {
      "votes": {
        "0": 1,
        "4": 2,
        "2": 3,
        "1": 1
      },
      "initial_weight": 0.5357142857142857,
      "final_weight": 0.4923392473367077
    },
    "946.51": {
      "votes": {},
      "initial_weight": 0.5,
      "final_weight": 0.5
    },
    "946.114": {
      "votes": {},
      "initial_weight": 0.5,
      "final_weight": 0.5
    },
    "946.149": {
      "votes": {
        "2": 1,
        "3": 1
      },
      "initial_weight": 0.625,
      "final_weight": 0.625
    },
    "946.177": {
      "votes": {},
      "initial_weight": 0.5,
      "final_weight": 0.2758505419800851
    },
    "946.166": {
      "votes": {
        "3": 1
      },
      "initial_weight": 0.75,
      "final_weight": 0.7334963325183375
    },
    "946.921": {
      "votes": {},
      "initial_weight": 0.5,
      "final_weight": 0.5
    },
    "946.601": {
      "votes": {},
      "initial_weight": 0.5,
      "final_weight": 0.6323529411764706
    },
    "946.253": {
      "votes": {},
      "initial_weight": 0.5,
      "final_weight": 0.32
    },
    "946.441": {
      "votes": {
        "3": 1
      },
      "initial_weight": 0.75,
      "final_weight": 0.5357639425305114
    },
    "946.259": {
      "votes": {},
      "initial_weight": 0.5,
      "final_weight": 0.6
    },
    "946.449": {
      "votes": {
        "1": 1,
        "4": 2
      },
      "initial_weight": 0.75,
      "final_weight": 0.75
    },
    "946.251": {
      "votes": {
        "4": 1,
        "2": 2
      },
      "initial_weight": 0.6666666666666666,
      "final_weight": 0.6666666666666666
    },
    "946.443": {
      "votes": {
        "2": 1
      },
      "initial_weight": 0.5,
      "final_weight": 0.5
    },
    "946.49": {
      "votes": {},
      "initial_weight": 0.5,
      "final_weight": 0.5
    },
    "946.944": {
      "votes": {},
      "initial_weight": 0.5,
      "final_weight": 0.5
    },
    "946.530": {
      "votes": {
        "3": 1,
        "1": 1
      },
      "initial_weight": 0.5,
      "final_weight": 0.25
    },
    "946.446": {
      "votes": {},
      "initial_weight": 0.5,
      "final_weight": 0.1951219512195122
    },
    "946.263": {
      "votes": {
        "3": 1
      },
      "initial_weight": 0.75,
      "final_weight": 0.75
    },
    "946.168": {
      "votes": {
        "2": 2,
        "3": 1,
        "4": 1
      },
      "initial_weight": 0.6875,
      "final_weight": 0.7968162728689643
    },
    "946.287": {
      "votes": {},
      "initial_weight": 0.5,
      "final_weight": 0.5
    },
    "946.960": {
      "votes": {},
      "initial_weight": 0.5,
      "final_weight": 0.5
    },
    "946.976": {
      "votes": {},
      "initial_weight": 0.5,
      "final_weight": 0.5
    },
    "946.447": {
      "votes": {},
      "initial_weight": 0.5,
      "final_weight": 0.6323529411764706
    },
    "946.432": {
      "votes": {},
      "initial_weight": 0.5,
      "final_weight": 0.920915681428326
    },
    "946.604": {
      "votes": {
        "4": 1
      },
      "initial_weight": 1.0,
      "final_weight": 0.8
    },
    "946.235": {
      "votes": {
        "2": 2
      },
      "initial_weight": 0.5,
      "final_weight": 0.6404494382022472
    },
    "946.873": {
      "votes": {},
      "initial_weight": 0.5,
      "final_weight": 0.5
    },
    "946.871": {
      "votes": {},
      "initial_weight": 0.5,
      "final_weight": 0.5
    },
    "946.274": {
      "votes": {
        "4": 1,
        "2": 1,
        "3": 1
      },
      "initial_weight": 0.75,
      "final_weight": 0.8
    },
    "946.36": {
      "votes": {},
      "initial_weight": 0.5,
      "final_weight": 0.4
    },
    "946.270": {
      "votes": {
        "4": 1,
        "2": 2
      },
      "initial_weight": 0.6666666666666666,
      "final_weight": 0.6666666666666666
    },
    "946.269": {
      "votes": {
        "3": 1,
        "2": 1
      },
      "initial_weight": 0.625,
      "final_weight": 0.625
    },
    "946.489": {
      "votes": {},
      "initial_weight": 0.5,
      "final_weight": 0.5
    },
    "946.67": {
      "votes": {
        "3": 1,
        "4": 3,
        "0": 1
      },
      "initial_weight": 0.75,
      "final_weight": 0.5393258426966292
    },
    "946.945": {
      "votes": {},
      "initial_weight": 0.5,
      "final_weight": 0.5
    },
    "946.588": {
      "votes": {},
      "initial_weight": 0.5,
      "final_weight": 0.5
    },
    "946.236": {
      "votes": {
        "4": 1,
        "2": 2
      },
      "initial_weight": 0.6666666666666666,
      "final_weight": 0.6666666666666666
    },
    "946.5": {
      "votes": {
        "0": 7,
        "4": 1,
        "2": 3,
        "3": 2
      },
      "initial_weight": 0.3076923076923077,
      "final_weight": 0.6640631385360045
    },
    "946.178": {
      "votes": {},
      "initial_weight": 0.5,
      "final_weight": 0.47058823529411764
    },
    "946.787": {
      "votes": {},
      "initial_weight": 0.5,
      "final_weight": 0.6
    },
    "946.584": {
      "votes": {},
      "initial_weight": 0.5,
      "final_weight": 0.5
    },
    "946.273": {
      "votes": {},
      "initial_weight": 0.5,
      "final_weight": 0.5
    },
    "946.258": {
      "votes": {
        "3": 1
      },
      "initial_weight": 0.75,
      "final_weight": 0.75
    },
    "946.52": {
      "votes": {},
      "initial_weight": 0.5,
      "final_weight": 0.5
    },
    "946.602": {
      "votes": {},
      "initial_weight": 0.5,
      "final_weight": 0.6
    },
    "946.977": {
      "votes": {},
      "initial_weight": 0.5,
      "final_weight": 0.5
    },
    "946.167": {
      "votes": {
        "3": 3,
        "4": 1,
        "0": 1
      },
      "initial_weight": 0.65,
      "final_weight": 0.65
    },
    "946.442": {
      "votes": {
        "3": 1
      },
      "initial_weight": 0.75,
      "final_weight": 0.771261396108314
    },
    "946.959": {
      "votes": {},
      "initial_weight": 0.5,
      "final_weight": 0.5
    },
    "946.275": {
      "votes": {
        "4": 1,
        "2": 2
      },
      "initial_weight": 0.6666666666666666,
      "final_weight": 0.6666666666666666
    }
  },
  "edges": {
    "946.112": {
      "successor_id": "946.5",
      "relation": -1.0
    },
    "946.67": {
      "successor_id": "946.5",
      "relation": -1.0
    },
    "946.601": {
      "successor_id": "946.5",
      "relation": -1.0
    },
    "946.178": {
      "successor_id": "946.5",
      "relation": 1.0
    },
    "946.783": {
      "successor_id": "946.5",
      "relation": 1.0
    },
    "946.787": {
      "successor_id": "946.5",
      "relation": 1.0
    },
    "946.36": {
      "successor_id": "946.5",
      "relation": 1.0
    },
    "946.177": {
      "successor_id": "946.5",
      "relation": 1.0
    },
    "946.168": {
      "successor_id": "946.112",
      "relation": -1.0
    },
    "946.921": {
      "successor_id": "946.112",
      "relation": 1.0
    },
    "946.149": {
      "successor_id": "946.67",
      "relation": -1.0
    },
    "946.602": {
      "successor_id": "946.601",
      "relation": 1.0
    },
    "946.530": {
      "successor_id": "946.178",
      "relation": -1.0
    },
    "946.51": {
      "successor_id": "946.783",
      "relation": 1.0
    },